ISO-10303-21;
HEADER;
/* Generated by software containing ST-Developer
 * from STEP Tools, Inc. (www.steptools.com) 
 */

FILE_DESCRIPTION(
/* description */ (''),
/* implementation_level */ '2;1');

FILE_NAME(
/* name */ 'bottom_cheepy_pi.step',
/* time_stamp */ '2026-08-23T13:01:12+07:00',
/* author */ (''),
/* organization */ (''),
/* preprocessor_version */ 'ST-DEVELOPER v20.1',
/* originating_system */ 'Autodesk Translation Framework v15.8.0.0',
/* authorisation */ '');

FILE_SCHEMA (('AUTOMOTIVE_DESIGN { 1 0 10303 214 3 1 1 }'));
ENDSEC;

DATA;
#10=MECHANICAL_DESIGN_GEOMETRIC_PRESENTATION_REPRESENTATION('',(#13),#11147);
#11=SHAPE_REPRESENTATION_RELATIONSHIP('SRR','None',#11154,#12);
#12=ADVANCED_BREP_SHAPE_REPRESENTATION('',(#14),#11146);
#13=STYLED_ITEM('',(#11163),#14);
#14=MANIFOLD_SOLID_BREP('Body1',#6677);
#15=B_SPLINE_CURVE_WITH_KNOTS('',3,(#10152,#10153,#10154,#10155),
 .UNSPECIFIED.,.F.,.F.,(4,4),(0.562892345057889,0.566527059668406),
 .UNSPECIFIED.);
#16=FACE_BOUND('',#886,.T.);
#17=FACE_BOUND('',#887,.T.);
#18=FACE_BOUND('',#888,.T.);
#19=FACE_BOUND('',#889,.T.);
#20=FACE_BOUND('',#890,.T.);
#21=FACE_BOUND('',#891,.T.);
#22=FACE_BOUND('',#892,.T.);
#23=FACE_BOUND('',#893,.T.);
#24=FACE_BOUND('',#894,.T.);
#25=FACE_BOUND('',#897,.T.);
#26=FACE_BOUND('',#898,.T.);
#27=FACE_BOUND('',#899,.T.);
#28=FACE_BOUND('',#900,.T.);
#29=FACE_BOUND('',#901,.T.);
#30=FACE_BOUND('',#902,.T.);
#31=FACE_BOUND('',#903,.T.);
#32=FACE_BOUND('',#904,.T.);
#33=FACE_BOUND('',#906,.T.);
#34=FACE_BOUND('',#907,.T.);
#35=FACE_BOUND('',#908,.T.);
#36=FACE_BOUND('',#909,.T.);
#37=FACE_BOUND('',#910,.T.);
#38=FACE_BOUND('',#911,.T.);
#39=FACE_BOUND('',#912,.T.);
#40=FACE_BOUND('',#913,.T.);
#41=FACE_BOUND('',#914,.T.);
#42=FACE_BOUND('',#915,.T.);
#43=FACE_BOUND('',#916,.T.);
#44=FACE_BOUND('',#917,.T.);
#45=FACE_BOUND('',#918,.T.);
#46=FACE_BOUND('',#919,.T.);
#47=FACE_BOUND('',#920,.T.);
#48=FACE_BOUND('',#921,.T.);
#49=FACE_BOUND('',#922,.T.);
#50=FACE_BOUND('',#923,.T.);
#51=FACE_BOUND('',#924,.T.);
#52=FACE_BOUND('',#925,.T.);
#53=FACE_BOUND('',#926,.T.);
#54=FACE_BOUND('',#1045,.T.);
#55=FACE_BOUND('',#1084,.T.);
#56=FACE_BOUND('',#1089,.T.);
#57=FACE_BOUND('',#1090,.T.);
#58=FACE_BOUND('',#1091,.T.);
#59=FACE_BOUND('',#1092,.T.);
#60=FACE_BOUND('',#1093,.T.);
#61=FACE_BOUND('',#1094,.T.);
#62=FACE_BOUND('',#1095,.T.);
#63=FACE_BOUND('',#1096,.T.);
#64=FACE_BOUND('',#1097,.T.);
#65=FACE_BOUND('',#1098,.T.);
#66=FACE_BOUND('',#1099,.T.);
#67=FACE_BOUND('',#1100,.T.);
#68=FACE_BOUND('',#1101,.T.);
#69=FACE_BOUND('',#1102,.T.);
#70=FACE_BOUND('',#1103,.T.);
#71=FACE_BOUND('',#1104,.T.);
#72=FACE_BOUND('',#1105,.T.);
#73=FACE_BOUND('',#1106,.T.);
#74=FACE_BOUND('',#1135,.T.);
#75=FACE_BOUND('',#1163,.T.);
#76=FACE_BOUND('',#1164,.T.);
#77=FACE_BOUND('',#1165,.T.);
#78=FACE_BOUND('',#1166,.T.);
#79=FACE_BOUND('',#1167,.T.);
#80=FACE_BOUND('',#1168,.T.);
#81=FACE_BOUND('',#1169,.T.);
#82=FACE_BOUND('',#1178,.T.);
#83=FACE_BOUND('',#1179,.T.);
#84=FACE_BOUND('',#1180,.T.);
#85=FACE_BOUND('',#1181,.T.);
#86=FACE_BOUND('',#1182,.T.);
#87=FACE_BOUND('',#1183,.T.);
#88=FACE_BOUND('',#1184,.T.);
#89=FACE_BOUND('',#1185,.T.);
#90=FACE_BOUND('',#1186,.T.);
#91=FACE_BOUND('',#1226,.T.);
#92=FACE_BOUND('',#1227,.T.);
#93=FACE_BOUND('',#1228,.T.);
#94=FACE_BOUND('',#1229,.T.);
#95=FACE_BOUND('',#1230,.T.);
#96=FACE_BOUND('',#1231,.T.);
#97=FACE_BOUND('',#1232,.T.);
#98=FACE_BOUND('',#1233,.T.);
#99=FACE_BOUND('',#1236,.T.);
#100=FACE_BOUND('',#1244,.T.);
#101=FACE_BOUND('',#1249,.T.);
#102=FACE_BOUND('',#1258,.T.);
#103=FACE_BOUND('',#1261,.T.);
#104=FACE_BOUND('',#1263,.T.);
#105=FACE_BOUND('',#1265,.T.);
#106=FACE_BOUND('',#1270,.T.);
#107=FACE_BOUND('',#1271,.T.);
#108=FACE_BOUND('',#1272,.T.);
#109=FACE_BOUND('',#1273,.T.);
#110=FACE_BOUND('',#1274,.T.);
#111=FACE_BOUND('',#1275,.T.);
#112=FACE_BOUND('',#1276,.T.);
#113=FACE_BOUND('',#1281,.T.);
#114=FACE_BOUND('',#1283,.T.);
#115=FACE_BOUND('',#1287,.T.);
#116=FACE_BOUND('',#1289,.T.);
#117=FACE_BOUND('',#1293,.T.);
#118=FACE_BOUND('',#1295,.T.);
#119=FACE_BOUND('',#1309,.T.);
#120=CYLINDRICAL_SURFACE('',#6707,5.49999999999999);
#121=CYLINDRICAL_SURFACE('',#6732,13.1);
#122=CYLINDRICAL_SURFACE('',#6794,1.5);
#123=CYLINDRICAL_SURFACE('',#6797,1.5);
#124=CYLINDRICAL_SURFACE('',#6800,1.5);
#125=CYLINDRICAL_SURFACE('',#6803,1.5);
#126=CYLINDRICAL_SURFACE('',#6806,1.5);
#127=CYLINDRICAL_SURFACE('',#6809,1.5);
#128=CYLINDRICAL_SURFACE('',#6812,1.5);
#129=CYLINDRICAL_SURFACE('',#6815,1.5);
#130=CYLINDRICAL_SURFACE('',#6818,1.5);
#131=CYLINDRICAL_SURFACE('',#6821,1.5);
#132=CYLINDRICAL_SURFACE('',#6824,1.5);
#133=CYLINDRICAL_SURFACE('',#6827,1.5);
#134=CYLINDRICAL_SURFACE('',#6830,1.5);
#135=CYLINDRICAL_SURFACE('',#6833,1.5);
#136=CYLINDRICAL_SURFACE('',#6836,1.5);
#137=CYLINDRICAL_SURFACE('',#6839,1.5);
#138=CYLINDRICAL_SURFACE('',#6842,1.5);
#139=CYLINDRICAL_SURFACE('',#6845,1.5);
#140=CYLINDRICAL_SURFACE('',#6848,1.5);
#141=CYLINDRICAL_SURFACE('',#6851,1.5);
#142=CYLINDRICAL_SURFACE('',#6854,1.5);
#143=CYLINDRICAL_SURFACE('',#6857,1.5);
#144=CYLINDRICAL_SURFACE('',#6860,1.5);
#145=CYLINDRICAL_SURFACE('',#6863,1.5);
#146=CYLINDRICAL_SURFACE('',#6866,1.5);
#147=CYLINDRICAL_SURFACE('',#6869,1.5);
#148=CYLINDRICAL_SURFACE('',#6872,1.5);
#149=CYLINDRICAL_SURFACE('',#6875,1.5);
#150=CYLINDRICAL_SURFACE('',#6878,1.5);
#151=CYLINDRICAL_SURFACE('',#6881,1.5);
#152=CYLINDRICAL_SURFACE('',#6884,1.5);
#153=CYLINDRICAL_SURFACE('',#6887,1.5);
#154=CYLINDRICAL_SURFACE('',#6890,1.5);
#155=CYLINDRICAL_SURFACE('',#6893,1.5);
#156=CYLINDRICAL_SURFACE('',#6896,1.5);
#157=CYLINDRICAL_SURFACE('',#6899,1.5);
#158=CYLINDRICAL_SURFACE('',#6902,1.5);
#159=CYLINDRICAL_SURFACE('',#6905,1.5);
#160=CYLINDRICAL_SURFACE('',#6908,1.5);
#161=CYLINDRICAL_SURFACE('',#6911,1.5);
#162=CYLINDRICAL_SURFACE('',#6914,1.5);
#163=CYLINDRICAL_SURFACE('',#6917,1.5);
#164=CYLINDRICAL_SURFACE('',#6920,1.5);
#165=CYLINDRICAL_SURFACE('',#6923,1.5);
#166=CYLINDRICAL_SURFACE('',#6926,1.5);
#167=CYLINDRICAL_SURFACE('',#6930,1.5);
#168=CYLINDRICAL_SURFACE('',#6934,1.5);
#169=CYLINDRICAL_SURFACE('',#6938,1.5);
#170=CYLINDRICAL_SURFACE('',#6942,1.5);
#171=CYLINDRICAL_SURFACE('',#6946,1.5);
#172=CYLINDRICAL_SURFACE('',#6950,1.5);
#173=CYLINDRICAL_SURFACE('',#6954,1.5);
#174=CYLINDRICAL_SURFACE('',#6958,1.5);
#175=CYLINDRICAL_SURFACE('',#6962,1.5);
#176=CYLINDRICAL_SURFACE('',#6966,1.5);
#177=CYLINDRICAL_SURFACE('',#6970,1.5);
#178=CYLINDRICAL_SURFACE('',#6974,1.5);
#179=CYLINDRICAL_SURFACE('',#6978,1.5);
#180=CYLINDRICAL_SURFACE('',#6981,3.00000000000001);
#181=CYLINDRICAL_SURFACE('',#6987,5.);
#182=CYLINDRICAL_SURFACE('',#6992,1.49999999999999);
#183=CYLINDRICAL_SURFACE('',#6994,5.);
#184=CYLINDRICAL_SURFACE('',#7001,1.5);
#185=CYLINDRICAL_SURFACE('',#7004,1.5);
#186=CYLINDRICAL_SURFACE('',#7007,1.5);
#187=CYLINDRICAL_SURFACE('',#7010,1.5);
#188=CYLINDRICAL_SURFACE('',#7013,1.5);
#189=CYLINDRICAL_SURFACE('',#7016,1.5);
#190=CYLINDRICAL_SURFACE('',#7019,1.5);
#191=CYLINDRICAL_SURFACE('',#7022,1.5);
#192=CYLINDRICAL_SURFACE('',#7025,1.5);
#193=CYLINDRICAL_SURFACE('',#7028,1.5);
#194=CYLINDRICAL_SURFACE('',#7031,1.5);
#195=CYLINDRICAL_SURFACE('',#7034,1.5);
#196=CYLINDRICAL_SURFACE('',#7037,1.5);
#197=CYLINDRICAL_SURFACE('',#7040,1.5);
#198=CYLINDRICAL_SURFACE('',#7044,1.49999999999999);
#199=CYLINDRICAL_SURFACE('',#7047,1.49999999999999);
#200=CYLINDRICAL_SURFACE('',#7053,5.);
#201=CYLINDRICAL_SURFACE('',#7074,3.00000000000002);
#202=CYLINDRICAL_SURFACE('',#7076,2.99999999999999);
#203=CYLINDRICAL_SURFACE('',#7078,1.99999999999999);
#204=CYLINDRICAL_SURFACE('',#7080,1.99999999999999);
#205=CYLINDRICAL_SURFACE('',#7091,5.);
#206=CYLINDRICAL_SURFACE('',#7110,3.);
#207=CYLINDRICAL_SURFACE('',#7113,0.800000000000001);
#208=CYLINDRICAL_SURFACE('',#7116,0.800000000000001);
#209=CYLINDRICAL_SURFACE('',#7119,0.800000000000001);
#210=CYLINDRICAL_SURFACE('',#7122,0.799999999999983);
#211=CYLINDRICAL_SURFACE('',#7126,1.3);
#212=CYLINDRICAL_SURFACE('',#7130,1.3);
#213=CYLINDRICAL_SURFACE('',#7135,1.3);
#214=CYLINDRICAL_SURFACE('',#7139,1.3);
#215=CYLINDRICAL_SURFACE('',#7144,1.3);
#216=CYLINDRICAL_SURFACE('',#7148,1.30000000000002);
#217=CYLINDRICAL_SURFACE('',#7160,1.4);
#218=CYLINDRICAL_SURFACE('',#7162,1.39999999999999);
#219=CYLINDRICAL_SURFACE('',#7185,3.79999999999999);
#220=CYLINDRICAL_SURFACE('',#7199,1.2);
#221=CYLINDRICAL_SURFACE('',#7201,1.19999999999999);
#222=CYLINDRICAL_SURFACE('',#7203,1.2);
#223=CYLINDRICAL_SURFACE('',#7206,1.19999999999999);
#224=CYLINDRICAL_SURFACE('',#7207,5.);
#225=CYLINDRICAL_SURFACE('',#7214,1.59071351281316);
#226=CYLINDRICAL_SURFACE('',#7216,1.59071351281316);
#227=CYLINDRICAL_SURFACE('',#7218,3.5);
#228=CYLINDRICAL_SURFACE('',#7252,3.5);
#229=CYLINDRICAL_SURFACE('',#7263,3.5);
#230=CYLINDRICAL_SURFACE('',#7264,5.);
#231=CYLINDRICAL_SURFACE('',#7265,5.);
#232=CYLINDRICAL_SURFACE('',#7267,5.);
#233=CYLINDRICAL_SURFACE('',#7272,3.79999999999999);
#234=CYLINDRICAL_SURFACE('',#7278,3.5);
#235=CYLINDRICAL_SURFACE('',#7279,3.5);
#236=CYLINDRICAL_SURFACE('',#7286,3.50000000000001);
#237=CYLINDRICAL_SURFACE('',#7287,3.5);
#238=CYLINDRICAL_SURFACE('',#7292,3.);
#239=CYLINDRICAL_SURFACE('',#7293,1.35000000000001);
#240=CYLINDRICAL_SURFACE('',#7294,3.00000000000001);
#241=CYLINDRICAL_SURFACE('',#7295,1.35000000000002);
#242=CYLINDRICAL_SURFACE('',#7296,3.);
#243=CYLINDRICAL_SURFACE('',#7297,1.35);
#244=CYLINDRICAL_SURFACE('',#7298,3.00000000000001);
#245=CYLINDRICAL_SURFACE('',#7299,1.35);
#246=CYLINDRICAL_SURFACE('',#7300,3.00000000000001);
#247=CYLINDRICAL_SURFACE('',#7302,1.35000000000002);
#248=CYLINDRICAL_SURFACE('',#7304,1.35000000000001);
#249=CYLINDRICAL_SURFACE('',#7305,11.4);
#250=CYLINDRICAL_SURFACE('',#7307,11.4);
#251=CYLINDRICAL_SURFACE('',#7308,5.49999999999999);
#252=CYLINDRICAL_SURFACE('',#7309,13.1);
#253=CIRCLE('',#6693,13.1);
#254=CIRCLE('',#6694,11.6);
#255=CIRCLE('',#6697,5.49999999999999);
#256=CIRCLE('',#6698,3.99999999999999);
#257=CIRCLE('',#6701,5.49999999999999);
#258=CIRCLE('',#6702,3.99999999999999);
#259=CIRCLE('',#6705,13.1);
#260=CIRCLE('',#6706,11.6);
#261=CIRCLE('',#6708,5.49999999999999);
#262=CIRCLE('',#6710,1.4);
#263=CIRCLE('',#6711,1.39999999999999);
#264=CIRCLE('',#6712,1.5);
#265=CIRCLE('',#6713,1.5);
#266=CIRCLE('',#6714,1.5);
#267=CIRCLE('',#6715,1.5);
#268=CIRCLE('',#6716,1.5);
#269=CIRCLE('',#6717,1.5);
#270=CIRCLE('',#6718,1.5);
#271=CIRCLE('',#6719,1.5);
#272=CIRCLE('',#6720,1.5);
#273=CIRCLE('',#6721,1.5);
#274=CIRCLE('',#6722,1.5);
#275=CIRCLE('',#6723,1.5);
#276=CIRCLE('',#6724,1.5);
#277=CIRCLE('',#6725,1.5);
#278=CIRCLE('',#6726,1.49999999999999);
#279=CIRCLE('',#6727,1.49999999999999);
#280=CIRCLE('',#6728,0.800000000000001);
#281=CIRCLE('',#6729,0.800000000000001);
#282=CIRCLE('',#6730,0.799999999999983);
#283=CIRCLE('',#6731,0.800000000000001);
#284=CIRCLE('',#6733,13.1);
#285=CIRCLE('',#6735,3.5);
#286=CIRCLE('',#6736,1.59071351281316);
#287=CIRCLE('',#6737,1.59071351281316);
#288=CIRCLE('',#6738,1.5);
#289=CIRCLE('',#6739,1.5);
#290=CIRCLE('',#6740,1.5);
#291=CIRCLE('',#6741,1.5);
#292=CIRCLE('',#6742,1.5);
#293=CIRCLE('',#6743,1.5);
#294=CIRCLE('',#6744,1.5);
#295=CIRCLE('',#6745,1.5);
#296=CIRCLE('',#6746,1.5);
#297=CIRCLE('',#6747,1.5);
#298=CIRCLE('',#6748,1.5);
#299=CIRCLE('',#6749,1.5);
#300=CIRCLE('',#6750,1.5);
#301=CIRCLE('',#6751,1.5);
#302=CIRCLE('',#6752,1.5);
#303=CIRCLE('',#6753,1.5);
#304=CIRCLE('',#6755,1.5);
#305=CIRCLE('',#6756,1.5);
#306=CIRCLE('',#6757,1.5);
#307=CIRCLE('',#6758,1.5);
#308=CIRCLE('',#6759,1.5);
#309=CIRCLE('',#6760,1.5);
#310=CIRCLE('',#6761,1.5);
#311=CIRCLE('',#6762,1.5);
#312=CIRCLE('',#6763,1.5);
#313=CIRCLE('',#6764,1.5);
#314=CIRCLE('',#6765,1.5);
#315=CIRCLE('',#6766,1.5);
#316=CIRCLE('',#6767,1.5);
#317=CIRCLE('',#6768,1.5);
#318=CIRCLE('',#6769,3.5);
#319=CIRCLE('',#6770,3.5);
#320=CIRCLE('',#6771,3.50000000000001);
#321=CIRCLE('',#6772,3.5);
#322=CIRCLE('',#6773,3.5);
#323=CIRCLE('',#6774,3.5);
#324=CIRCLE('',#6775,1.99999999999999);
#325=CIRCLE('',#6776,2.99999999999999);
#326=CIRCLE('',#6777,3.00000000000002);
#327=CIRCLE('',#6778,1.99999999999999);
#328=CIRCLE('',#6779,1.5);
#329=CIRCLE('',#6780,1.5);
#330=CIRCLE('',#6781,1.5);
#331=CIRCLE('',#6782,1.5);
#332=CIRCLE('',#6783,1.5);
#333=CIRCLE('',#6784,1.5);
#334=CIRCLE('',#6785,1.5);
#335=CIRCLE('',#6786,1.5);
#336=CIRCLE('',#6787,1.5);
#337=CIRCLE('',#6788,1.5);
#338=CIRCLE('',#6789,1.5);
#339=CIRCLE('',#6790,1.5);
#340=CIRCLE('',#6791,1.5);
#341=CIRCLE('',#6792,1.5);
#342=CIRCLE('',#6795,1.5);
#343=CIRCLE('',#6798,1.5);
#344=CIRCLE('',#6801,1.5);
#345=CIRCLE('',#6804,1.5);
#346=CIRCLE('',#6807,1.5);
#347=CIRCLE('',#6810,1.5);
#348=CIRCLE('',#6813,1.5);
#349=CIRCLE('',#6816,1.5);
#350=CIRCLE('',#6819,1.5);
#351=CIRCLE('',#6822,1.5);
#352=CIRCLE('',#6825,1.5);
#353=CIRCLE('',#6828,1.5);
#354=CIRCLE('',#6831,1.5);
#355=CIRCLE('',#6834,1.5);
#356=CIRCLE('',#6837,1.5);
#357=CIRCLE('',#6840,1.5);
#358=CIRCLE('',#6843,1.5);
#359=CIRCLE('',#6846,1.5);
#360=CIRCLE('',#6849,1.5);
#361=CIRCLE('',#6852,1.5);
#362=CIRCLE('',#6855,1.5);
#363=CIRCLE('',#6858,1.5);
#364=CIRCLE('',#6861,1.5);
#365=CIRCLE('',#6864,1.5);
#366=CIRCLE('',#6867,1.5);
#367=CIRCLE('',#6870,1.5);
#368=CIRCLE('',#6873,1.5);
#369=CIRCLE('',#6876,1.5);
#370=CIRCLE('',#6879,1.5);
#371=CIRCLE('',#6882,1.5);
#372=CIRCLE('',#6885,1.5);
#373=CIRCLE('',#6888,1.5);
#374=CIRCLE('',#6891,1.5);
#375=CIRCLE('',#6894,1.5);
#376=CIRCLE('',#6897,1.5);
#377=CIRCLE('',#6900,1.5);
#378=CIRCLE('',#6903,1.5);
#379=CIRCLE('',#6906,1.5);
#380=CIRCLE('',#6909,1.5);
#381=CIRCLE('',#6912,1.5);
#382=CIRCLE('',#6915,1.5);
#383=CIRCLE('',#6918,1.5);
#384=CIRCLE('',#6921,1.5);
#385=CIRCLE('',#6924,1.5);
#386=CIRCLE('',#6927,1.5);
#387=CIRCLE('',#6928,1.5);
#388=CIRCLE('',#6931,1.5);
#389=CIRCLE('',#6932,1.5);
#390=CIRCLE('',#6935,1.5);
#391=CIRCLE('',#6936,1.5);
#392=CIRCLE('',#6939,1.5);
#393=CIRCLE('',#6940,1.5);
#394=CIRCLE('',#6943,1.5);
#395=CIRCLE('',#6944,1.5);
#396=CIRCLE('',#6947,1.5);
#397=CIRCLE('',#6948,1.5);
#398=CIRCLE('',#6951,1.5);
#399=CIRCLE('',#6952,1.5);
#400=CIRCLE('',#6955,1.5);
#401=CIRCLE('',#6956,1.5);
#402=CIRCLE('',#6959,1.5);
#403=CIRCLE('',#6960,1.5);
#404=CIRCLE('',#6963,1.5);
#405=CIRCLE('',#6964,1.5);
#406=CIRCLE('',#6967,1.5);
#407=CIRCLE('',#6968,1.5);
#408=CIRCLE('',#6971,1.5);
#409=CIRCLE('',#6972,1.5);
#410=CIRCLE('',#6975,1.5);
#411=CIRCLE('',#6976,1.5);
#412=CIRCLE('',#6979,1.5);
#413=CIRCLE('',#6980,1.5);
#414=CIRCLE('',#6982,3.00000000000001);
#415=CIRCLE('',#6983,3.00000000000001);
#416=CIRCLE('',#6985,3.5);
#417=CIRCLE('',#6988,5.);
#418=CIRCLE('',#6989,5.);
#419=CIRCLE('',#6990,5.);
#420=CIRCLE('',#6991,5.);
#421=CIRCLE('',#6993,1.49999999999999);
#422=CIRCLE('',#6995,5.);
#423=CIRCLE('',#6996,5.);
#424=CIRCLE('',#6997,5.);
#425=CIRCLE('',#6998,5.);
#426=CIRCLE('',#6999,5.);
#427=CIRCLE('',#7002,1.5);
#428=CIRCLE('',#7005,1.5);
#429=CIRCLE('',#7008,1.5);
#430=CIRCLE('',#7011,1.5);
#431=CIRCLE('',#7014,1.5);
#432=CIRCLE('',#7017,1.5);
#433=CIRCLE('',#7020,1.5);
#434=CIRCLE('',#7023,1.5);
#435=CIRCLE('',#7026,1.5);
#436=CIRCLE('',#7029,1.5);
#437=CIRCLE('',#7032,1.5);
#438=CIRCLE('',#7035,1.5);
#439=CIRCLE('',#7038,1.5);
#440=CIRCLE('',#7041,1.5);
#441=CIRCLE('',#7045,1.49999999999999);
#442=CIRCLE('',#7048,1.49999999999999);
#443=CIRCLE('',#7050,3.00000000000001);
#444=CIRCLE('',#7054,5.);
#445=CIRCLE('',#7055,5.);
#446=CIRCLE('',#7057,11.4);
#447=CIRCLE('',#7058,11.4);
#448=CIRCLE('',#7059,3.79999999999999);
#449=CIRCLE('',#7060,5.);
#450=CIRCLE('',#7061,3.5);
#451=CIRCLE('',#7062,5.);
#452=CIRCLE('',#7063,5.);
#453=CIRCLE('',#7064,3.5);
#454=CIRCLE('',#7065,5.);
#455=CIRCLE('',#7066,5.);
#456=CIRCLE('',#7067,5.);
#457=CIRCLE('',#7068,1.99999999999999);
#458=CIRCLE('',#7069,1.99999999999999);
#459=CIRCLE('',#7070,3.00000000000002);
#460=CIRCLE('',#7071,2.99999999999999);
#461=CIRCLE('',#7072,5.);
#462=CIRCLE('',#7092,5.);
#463=CIRCLE('',#7093,5.);
#464=CIRCLE('',#7094,5.);
#465=CIRCLE('',#7104,3.);
#466=CIRCLE('',#7105,3.);
#467=CIRCLE('',#7106,1.35000000000001);
#468=CIRCLE('',#7109,3.);
#469=CIRCLE('',#7111,3.);
#470=CIRCLE('',#7114,0.800000000000001);
#471=CIRCLE('',#7117,0.800000000000001);
#472=CIRCLE('',#7120,0.800000000000001);
#473=CIRCLE('',#7123,0.799999999999983);
#474=CIRCLE('',#7127,1.3);
#475=CIRCLE('',#7128,1.3);
#476=CIRCLE('',#7131,1.3);
#477=CIRCLE('',#7132,1.3);
#478=CIRCLE('',#7136,1.3);
#479=CIRCLE('',#7137,1.3);
#480=CIRCLE('',#7140,1.3);
#481=CIRCLE('',#7141,1.3);
#482=CIRCLE('',#7145,1.3);
#483=CIRCLE('',#7146,1.3);
#484=CIRCLE('',#7149,1.30000000000002);
#485=CIRCLE('',#7150,1.30000000000002);
#486=CIRCLE('',#7153,3.79999999999999);
#487=CIRCLE('',#7155,3.79999999999999);
#488=CIRCLE('',#7156,5.49999999999999);
#489=CIRCLE('',#7161,1.4);
#490=CIRCLE('',#7163,1.39999999999999);
#491=CIRCLE('',#7166,11.4);
#492=CIRCLE('',#7174,1.2);
#493=CIRCLE('',#7175,1.19999999999999);
#494=CIRCLE('',#7176,1.2);
#495=CIRCLE('',#7177,1.19999999999999);
#496=CIRCLE('',#7186,3.79999999999999);
#497=CIRCLE('',#7188,1.19999999999999);
#498=CIRCLE('',#7189,1.2);
#499=CIRCLE('',#7190,1.19999999999999);
#500=CIRCLE('',#7191,1.2);
#501=CIRCLE('',#7193,5.49999999999999);
#502=CIRCLE('',#7208,5.);
#503=CIRCLE('',#7210,11.4);
#504=CIRCLE('',#7211,13.1);
#505=CIRCLE('',#7215,1.59071351281316);
#506=CIRCLE('',#7217,1.59071351281316);
#507=CIRCLE('',#7219,3.5);
#508=CIRCLE('',#7230,3.);
#509=CIRCLE('',#7231,1.35000000000001);
#510=CIRCLE('',#7234,3.);
#511=CIRCLE('',#7235,5.);
#512=CIRCLE('',#7236,5.);
#513=CIRCLE('',#7239,3.00000000000001);
#514=CIRCLE('',#7240,1.35000000000002);
#515=CIRCLE('',#7249,3.5);
#516=CIRCLE('',#7250,3.5);
#517=CIRCLE('',#7251,1.35000000000001);
#518=CIRCLE('',#7254,3.5);
#519=CIRCLE('',#7255,3.5);
#520=CIRCLE('',#7256,1.35000000000002);
#521=CIRCLE('',#7258,3.);
#522=CIRCLE('',#7259,1.35);
#523=CIRCLE('',#7261,3.00000000000001);
#524=CIRCLE('',#7262,1.35);
#525=CIRCLE('',#7268,5.);
#526=CIRCLE('',#7270,3.00000000000001);
#527=CIRCLE('',#7271,3.79999999999999);
#528=CIRCLE('',#7274,1.35000000000002);
#529=CIRCLE('',#7276,3.5);
#530=CIRCLE('',#7277,1.35000000000001);
#531=CIRCLE('',#7281,3.5);
#532=CIRCLE('',#7282,1.35);
#533=CIRCLE('',#7284,3.50000000000001);
#534=CIRCLE('',#7285,1.35);
#535=CIRCLE('',#7289,3.00000000000001);
#536=CIRCLE('',#7291,3.);
#537=CIRCLE('',#7301,3.00000000000001);
#538=CIRCLE('',#7303,1.35000000000002);
#539=CONICAL_SURFACE('',#6692,12.35,0.785398163397448);
#540=CONICAL_SURFACE('',#6696,4.74999999999999,0.78539816339745);
#541=CONICAL_SURFACE('',#6700,4.74999999999999,0.785398163397448);
#542=CONICAL_SURFACE('',#6704,12.35,0.785398163397448);
#543=FACE_OUTER_BOUND('',#876,.T.);
#544=FACE_OUTER_BOUND('',#877,.T.);
#545=FACE_OUTER_BOUND('',#878,.T.);
#546=FACE_OUTER_BOUND('',#879,.T.);
#547=FACE_OUTER_BOUND('',#880,.T.);
#548=FACE_OUTER_BOUND('',#881,.T.);
#549=FACE_OUTER_BOUND('',#882,.T.);
#550=FACE_OUTER_BOUND('',#883,.T.);
#551=FACE_OUTER_BOUND('',#884,.T.);
#552=FACE_OUTER_BOUND('',#885,.T.);
#553=FACE_OUTER_BOUND('',#895,.T.);
#554=FACE_OUTER_BOUND('',#896,.T.);
#555=FACE_OUTER_BOUND('',#905,.T.);
#556=FACE_OUTER_BOUND('',#927,.T.);
#557=FACE_OUTER_BOUND('',#928,.T.);
#558=FACE_OUTER_BOUND('',#929,.T.);
#559=FACE_OUTER_BOUND('',#930,.T.);
#560=FACE_OUTER_BOUND('',#931,.T.);
#561=FACE_OUTER_BOUND('',#932,.T.);
#562=FACE_OUTER_BOUND('',#933,.T.);
#563=FACE_OUTER_BOUND('',#934,.T.);
#564=FACE_OUTER_BOUND('',#935,.T.);
#565=FACE_OUTER_BOUND('',#936,.T.);
#566=FACE_OUTER_BOUND('',#937,.T.);
#567=FACE_OUTER_BOUND('',#938,.T.);
#568=FACE_OUTER_BOUND('',#939,.T.);
#569=FACE_OUTER_BOUND('',#940,.T.);
#570=FACE_OUTER_BOUND('',#941,.T.);
#571=FACE_OUTER_BOUND('',#942,.T.);
#572=FACE_OUTER_BOUND('',#943,.T.);
#573=FACE_OUTER_BOUND('',#944,.T.);
#574=FACE_OUTER_BOUND('',#945,.T.);
#575=FACE_OUTER_BOUND('',#946,.T.);
#576=FACE_OUTER_BOUND('',#947,.T.);
#577=FACE_OUTER_BOUND('',#948,.T.);
#578=FACE_OUTER_BOUND('',#949,.T.);
#579=FACE_OUTER_BOUND('',#950,.T.);
#580=FACE_OUTER_BOUND('',#951,.T.);
#581=FACE_OUTER_BOUND('',#952,.T.);
#582=FACE_OUTER_BOUND('',#953,.T.);
#583=FACE_OUTER_BOUND('',#954,.T.);
#584=FACE_OUTER_BOUND('',#955,.T.);
#585=FACE_OUTER_BOUND('',#956,.T.);
#586=FACE_OUTER_BOUND('',#957,.T.);
#587=FACE_OUTER_BOUND('',#958,.T.);
#588=FACE_OUTER_BOUND('',#959,.T.);
#589=FACE_OUTER_BOUND('',#960,.T.);
#590=FACE_OUTER_BOUND('',#961,.T.);
#591=FACE_OUTER_BOUND('',#962,.T.);
#592=FACE_OUTER_BOUND('',#963,.T.);
#593=FACE_OUTER_BOUND('',#964,.T.);
#594=FACE_OUTER_BOUND('',#965,.T.);
#595=FACE_OUTER_BOUND('',#966,.T.);
#596=FACE_OUTER_BOUND('',#967,.T.);
#597=FACE_OUTER_BOUND('',#968,.T.);
#598=FACE_OUTER_BOUND('',#969,.T.);
#599=FACE_OUTER_BOUND('',#970,.T.);
#600=FACE_OUTER_BOUND('',#971,.T.);
#601=FACE_OUTER_BOUND('',#972,.T.);
#602=FACE_OUTER_BOUND('',#973,.T.);
#603=FACE_OUTER_BOUND('',#974,.T.);
#604=FACE_OUTER_BOUND('',#975,.T.);
#605=FACE_OUTER_BOUND('',#976,.T.);
#606=FACE_OUTER_BOUND('',#977,.T.);
#607=FACE_OUTER_BOUND('',#978,.T.);
#608=FACE_OUTER_BOUND('',#979,.T.);
#609=FACE_OUTER_BOUND('',#980,.T.);
#610=FACE_OUTER_BOUND('',#981,.T.);
#611=FACE_OUTER_BOUND('',#982,.T.);
#612=FACE_OUTER_BOUND('',#983,.T.);
#613=FACE_OUTER_BOUND('',#984,.T.);
#614=FACE_OUTER_BOUND('',#985,.T.);
#615=FACE_OUTER_BOUND('',#986,.T.);
#616=FACE_OUTER_BOUND('',#987,.T.);
#617=FACE_OUTER_BOUND('',#988,.T.);
#618=FACE_OUTER_BOUND('',#989,.T.);
#619=FACE_OUTER_BOUND('',#990,.T.);
#620=FACE_OUTER_BOUND('',#991,.T.);
#621=FACE_OUTER_BOUND('',#992,.T.);
#622=FACE_OUTER_BOUND('',#993,.T.);
#623=FACE_OUTER_BOUND('',#994,.T.);
#624=FACE_OUTER_BOUND('',#995,.T.);
#625=FACE_OUTER_BOUND('',#996,.T.);
#626=FACE_OUTER_BOUND('',#997,.T.);
#627=FACE_OUTER_BOUND('',#998,.T.);
#628=FACE_OUTER_BOUND('',#999,.T.);
#629=FACE_OUTER_BOUND('',#1000,.T.);
#630=FACE_OUTER_BOUND('',#1001,.T.);
#631=FACE_OUTER_BOUND('',#1002,.T.);
#632=FACE_OUTER_BOUND('',#1003,.T.);
#633=FACE_OUTER_BOUND('',#1004,.T.);
#634=FACE_OUTER_BOUND('',#1005,.T.);
#635=FACE_OUTER_BOUND('',#1006,.T.);
#636=FACE_OUTER_BOUND('',#1007,.T.);
#637=FACE_OUTER_BOUND('',#1008,.T.);
#638=FACE_OUTER_BOUND('',#1009,.T.);
#639=FACE_OUTER_BOUND('',#1010,.T.);
#640=FACE_OUTER_BOUND('',#1011,.T.);
#641=FACE_OUTER_BOUND('',#1012,.T.);
#642=FACE_OUTER_BOUND('',#1013,.T.);
#643=FACE_OUTER_BOUND('',#1014,.T.);
#644=FACE_OUTER_BOUND('',#1015,.T.);
#645=FACE_OUTER_BOUND('',#1016,.T.);
#646=FACE_OUTER_BOUND('',#1017,.T.);
#647=FACE_OUTER_BOUND('',#1018,.T.);
#648=FACE_OUTER_BOUND('',#1019,.T.);
#649=FACE_OUTER_BOUND('',#1020,.T.);
#650=FACE_OUTER_BOUND('',#1021,.T.);
#651=FACE_OUTER_BOUND('',#1022,.T.);
#652=FACE_OUTER_BOUND('',#1023,.T.);
#653=FACE_OUTER_BOUND('',#1024,.T.);
#654=FACE_OUTER_BOUND('',#1025,.T.);
#655=FACE_OUTER_BOUND('',#1026,.T.);
#656=FACE_OUTER_BOUND('',#1027,.T.);
#657=FACE_OUTER_BOUND('',#1028,.T.);
#658=FACE_OUTER_BOUND('',#1029,.T.);
#659=FACE_OUTER_BOUND('',#1030,.T.);
#660=FACE_OUTER_BOUND('',#1031,.T.);
#661=FACE_OUTER_BOUND('',#1032,.T.);
#662=FACE_OUTER_BOUND('',#1033,.T.);
#663=FACE_OUTER_BOUND('',#1034,.T.);
#664=FACE_OUTER_BOUND('',#1035,.T.);
#665=FACE_OUTER_BOUND('',#1036,.T.);
#666=FACE_OUTER_BOUND('',#1037,.T.);
#667=FACE_OUTER_BOUND('',#1038,.T.);
#668=FACE_OUTER_BOUND('',#1039,.T.);
#669=FACE_OUTER_BOUND('',#1040,.T.);
#670=FACE_OUTER_BOUND('',#1041,.T.);
#671=FACE_OUTER_BOUND('',#1042,.T.);
#672=FACE_OUTER_BOUND('',#1043,.T.);
#673=FACE_OUTER_BOUND('',#1044,.T.);
#674=FACE_OUTER_BOUND('',#1046,.T.);
#675=FACE_OUTER_BOUND('',#1047,.T.);
#676=FACE_OUTER_BOUND('',#1048,.T.);
#677=FACE_OUTER_BOUND('',#1049,.T.);
#678=FACE_OUTER_BOUND('',#1050,.T.);
#679=FACE_OUTER_BOUND('',#1051,.T.);
#680=FACE_OUTER_BOUND('',#1052,.T.);
#681=FACE_OUTER_BOUND('',#1053,.T.);
#682=FACE_OUTER_BOUND('',#1054,.T.);
#683=FACE_OUTER_BOUND('',#1055,.T.);
#684=FACE_OUTER_BOUND('',#1056,.T.);
#685=FACE_OUTER_BOUND('',#1057,.T.);
#686=FACE_OUTER_BOUND('',#1058,.T.);
#687=FACE_OUTER_BOUND('',#1059,.T.);
#688=FACE_OUTER_BOUND('',#1060,.T.);
#689=FACE_OUTER_BOUND('',#1061,.T.);
#690=FACE_OUTER_BOUND('',#1062,.T.);
#691=FACE_OUTER_BOUND('',#1063,.T.);
#692=FACE_OUTER_BOUND('',#1064,.T.);
#693=FACE_OUTER_BOUND('',#1065,.T.);
#694=FACE_OUTER_BOUND('',#1066,.T.);
#695=FACE_OUTER_BOUND('',#1067,.T.);
#696=FACE_OUTER_BOUND('',#1068,.T.);
#697=FACE_OUTER_BOUND('',#1069,.T.);
#698=FACE_OUTER_BOUND('',#1070,.T.);
#699=FACE_OUTER_BOUND('',#1071,.T.);
#700=FACE_OUTER_BOUND('',#1072,.T.);
#701=FACE_OUTER_BOUND('',#1073,.T.);
#702=FACE_OUTER_BOUND('',#1074,.T.);
#703=FACE_OUTER_BOUND('',#1075,.T.);
#704=FACE_OUTER_BOUND('',#1076,.T.);
#705=FACE_OUTER_BOUND('',#1077,.T.);
#706=FACE_OUTER_BOUND('',#1078,.T.);
#707=FACE_OUTER_BOUND('',#1079,.T.);
#708=FACE_OUTER_BOUND('',#1080,.T.);
#709=FACE_OUTER_BOUND('',#1081,.T.);
#710=FACE_OUTER_BOUND('',#1082,.T.);
#711=FACE_OUTER_BOUND('',#1083,.T.);
#712=FACE_OUTER_BOUND('',#1085,.T.);
#713=FACE_OUTER_BOUND('',#1086,.T.);
#714=FACE_OUTER_BOUND('',#1087,.T.);
#715=FACE_OUTER_BOUND('',#1088,.T.);
#716=FACE_OUTER_BOUND('',#1107,.T.);
#717=FACE_OUTER_BOUND('',#1108,.T.);
#718=FACE_OUTER_BOUND('',#1109,.T.);
#719=FACE_OUTER_BOUND('',#1110,.T.);
#720=FACE_OUTER_BOUND('',#1111,.T.);
#721=FACE_OUTER_BOUND('',#1112,.T.);
#722=FACE_OUTER_BOUND('',#1113,.T.);
#723=FACE_OUTER_BOUND('',#1114,.T.);
#724=FACE_OUTER_BOUND('',#1115,.T.);
#725=FACE_OUTER_BOUND('',#1116,.T.);
#726=FACE_OUTER_BOUND('',#1117,.T.);
#727=FACE_OUTER_BOUND('',#1118,.T.);
#728=FACE_OUTER_BOUND('',#1119,.T.);
#729=FACE_OUTER_BOUND('',#1120,.T.);
#730=FACE_OUTER_BOUND('',#1121,.T.);
#731=FACE_OUTER_BOUND('',#1122,.T.);
#732=FACE_OUTER_BOUND('',#1123,.T.);
#733=FACE_OUTER_BOUND('',#1124,.T.);
#734=FACE_OUTER_BOUND('',#1125,.T.);
#735=FACE_OUTER_BOUND('',#1126,.T.);
#736=FACE_OUTER_BOUND('',#1127,.T.);
#737=FACE_OUTER_BOUND('',#1128,.T.);
#738=FACE_OUTER_BOUND('',#1129,.T.);
#739=FACE_OUTER_BOUND('',#1130,.T.);
#740=FACE_OUTER_BOUND('',#1131,.T.);
#741=FACE_OUTER_BOUND('',#1132,.T.);
#742=FACE_OUTER_BOUND('',#1133,.T.);
#743=FACE_OUTER_BOUND('',#1134,.T.);
#744=FACE_OUTER_BOUND('',#1136,.T.);
#745=FACE_OUTER_BOUND('',#1137,.T.);
#746=FACE_OUTER_BOUND('',#1138,.T.);
#747=FACE_OUTER_BOUND('',#1139,.T.);
#748=FACE_OUTER_BOUND('',#1140,.T.);
#749=FACE_OUTER_BOUND('',#1141,.T.);
#750=FACE_OUTER_BOUND('',#1142,.T.);
#751=FACE_OUTER_BOUND('',#1143,.T.);
#752=FACE_OUTER_BOUND('',#1144,.T.);
#753=FACE_OUTER_BOUND('',#1145,.T.);
#754=FACE_OUTER_BOUND('',#1146,.T.);
#755=FACE_OUTER_BOUND('',#1147,.T.);
#756=FACE_OUTER_BOUND('',#1148,.T.);
#757=FACE_OUTER_BOUND('',#1149,.T.);
#758=FACE_OUTER_BOUND('',#1150,.T.);
#759=FACE_OUTER_BOUND('',#1151,.T.);
#760=FACE_OUTER_BOUND('',#1152,.T.);
#761=FACE_OUTER_BOUND('',#1153,.T.);
#762=FACE_OUTER_BOUND('',#1154,.T.);
#763=FACE_OUTER_BOUND('',#1155,.T.);
#764=FACE_OUTER_BOUND('',#1156,.T.);
#765=FACE_OUTER_BOUND('',#1157,.T.);
#766=FACE_OUTER_BOUND('',#1158,.T.);
#767=FACE_OUTER_BOUND('',#1159,.T.);
#768=FACE_OUTER_BOUND('',#1160,.T.);
#769=FACE_OUTER_BOUND('',#1161,.T.);
#770=FACE_OUTER_BOUND('',#1162,.T.);
#771=FACE_OUTER_BOUND('',#1170,.T.);
#772=FACE_OUTER_BOUND('',#1171,.T.);
#773=FACE_OUTER_BOUND('',#1172,.T.);
#774=FACE_OUTER_BOUND('',#1173,.T.);
#775=FACE_OUTER_BOUND('',#1174,.T.);
#776=FACE_OUTER_BOUND('',#1175,.T.);
#777=FACE_OUTER_BOUND('',#1176,.T.);
#778=FACE_OUTER_BOUND('',#1177,.T.);
#779=FACE_OUTER_BOUND('',#1187,.T.);
#780=FACE_OUTER_BOUND('',#1188,.T.);
#781=FACE_OUTER_BOUND('',#1189,.T.);
#782=FACE_OUTER_BOUND('',#1190,.T.);
#783=FACE_OUTER_BOUND('',#1191,.T.);
#784=FACE_OUTER_BOUND('',#1192,.T.);
#785=FACE_OUTER_BOUND('',#1193,.T.);
#786=FACE_OUTER_BOUND('',#1194,.T.);
#787=FACE_OUTER_BOUND('',#1195,.T.);
#788=FACE_OUTER_BOUND('',#1196,.T.);
#789=FACE_OUTER_BOUND('',#1197,.T.);
#790=FACE_OUTER_BOUND('',#1198,.T.);
#791=FACE_OUTER_BOUND('',#1199,.T.);
#792=FACE_OUTER_BOUND('',#1200,.T.);
#793=FACE_OUTER_BOUND('',#1201,.T.);
#794=FACE_OUTER_BOUND('',#1202,.T.);
#795=FACE_OUTER_BOUND('',#1203,.T.);
#796=FACE_OUTER_BOUND('',#1204,.T.);
#797=FACE_OUTER_BOUND('',#1205,.T.);
#798=FACE_OUTER_BOUND('',#1206,.T.);
#799=FACE_OUTER_BOUND('',#1207,.T.);
#800=FACE_OUTER_BOUND('',#1208,.T.);
#801=FACE_OUTER_BOUND('',#1209,.T.);
#802=FACE_OUTER_BOUND('',#1210,.T.);
#803=FACE_OUTER_BOUND('',#1211,.T.);
#804=FACE_OUTER_BOUND('',#1212,.T.);
#805=FACE_OUTER_BOUND('',#1213,.T.);
#806=FACE_OUTER_BOUND('',#1214,.T.);
#807=FACE_OUTER_BOUND('',#1215,.T.);
#808=FACE_OUTER_BOUND('',#1216,.T.);
#809=FACE_OUTER_BOUND('',#1217,.T.);
#810=FACE_OUTER_BOUND('',#1218,.T.);
#811=FACE_OUTER_BOUND('',#1219,.T.);
#812=FACE_OUTER_BOUND('',#1220,.T.);
#813=FACE_OUTER_BOUND('',#1221,.T.);
#814=FACE_OUTER_BOUND('',#1222,.T.);
#815=FACE_OUTER_BOUND('',#1223,.T.);
#816=FACE_OUTER_BOUND('',#1224,.T.);
#817=FACE_OUTER_BOUND('',#1225,.T.);
#818=FACE_OUTER_BOUND('',#1234,.T.);
#819=FACE_OUTER_BOUND('',#1235,.T.);
#820=FACE_OUTER_BOUND('',#1237,.T.);
#821=FACE_OUTER_BOUND('',#1238,.T.);
#822=FACE_OUTER_BOUND('',#1239,.T.);
#823=FACE_OUTER_BOUND('',#1240,.T.);
#824=FACE_OUTER_BOUND('',#1241,.T.);
#825=FACE_OUTER_BOUND('',#1242,.T.);
#826=FACE_OUTER_BOUND('',#1243,.T.);
#827=FACE_OUTER_BOUND('',#1245,.T.);
#828=FACE_OUTER_BOUND('',#1246,.T.);
#829=FACE_OUTER_BOUND('',#1247,.T.);
#830=FACE_OUTER_BOUND('',#1248,.T.);
#831=FACE_OUTER_BOUND('',#1250,.T.);
#832=FACE_OUTER_BOUND('',#1251,.T.);
#833=FACE_OUTER_BOUND('',#1252,.T.);
#834=FACE_OUTER_BOUND('',#1253,.T.);
#835=FACE_OUTER_BOUND('',#1254,.T.);
#836=FACE_OUTER_BOUND('',#1255,.T.);
#837=FACE_OUTER_BOUND('',#1256,.T.);
#838=FACE_OUTER_BOUND('',#1257,.T.);
#839=FACE_OUTER_BOUND('',#1259,.T.);
#840=FACE_OUTER_BOUND('',#1260,.T.);
#841=FACE_OUTER_BOUND('',#1262,.T.);
#842=FACE_OUTER_BOUND('',#1264,.T.);
#843=FACE_OUTER_BOUND('',#1266,.T.);
#844=FACE_OUTER_BOUND('',#1267,.T.);
#845=FACE_OUTER_BOUND('',#1268,.T.);
#846=FACE_OUTER_BOUND('',#1269,.T.);
#847=FACE_OUTER_BOUND('',#1277,.T.);
#848=FACE_OUTER_BOUND('',#1278,.T.);
#849=FACE_OUTER_BOUND('',#1279,.T.);
#850=FACE_OUTER_BOUND('',#1280,.T.);
#851=FACE_OUTER_BOUND('',#1282,.T.);
#852=FACE_OUTER_BOUND('',#1284,.T.);
#853=FACE_OUTER_BOUND('',#1285,.T.);
#854=FACE_OUTER_BOUND('',#1286,.T.);
#855=FACE_OUTER_BOUND('',#1288,.T.);
#856=FACE_OUTER_BOUND('',#1290,.T.);
#857=FACE_OUTER_BOUND('',#1291,.T.);
#858=FACE_OUTER_BOUND('',#1292,.T.);
#859=FACE_OUTER_BOUND('',#1294,.T.);
#860=FACE_OUTER_BOUND('',#1296,.T.);
#861=FACE_OUTER_BOUND('',#1297,.T.);
#862=FACE_OUTER_BOUND('',#1298,.T.);
#863=FACE_OUTER_BOUND('',#1299,.T.);
#864=FACE_OUTER_BOUND('',#1300,.T.);
#865=FACE_OUTER_BOUND('',#1301,.T.);
#866=FACE_OUTER_BOUND('',#1302,.T.);
#867=FACE_OUTER_BOUND('',#1303,.T.);
#868=FACE_OUTER_BOUND('',#1304,.T.);
#869=FACE_OUTER_BOUND('',#1305,.T.);
#870=FACE_OUTER_BOUND('',#1306,.T.);
#871=FACE_OUTER_BOUND('',#1307,.T.);
#872=FACE_OUTER_BOUND('',#1308,.T.);
#873=FACE_OUTER_BOUND('',#1310,.T.);
#874=FACE_OUTER_BOUND('',#1311,.T.);
#875=FACE_OUTER_BOUND('',#1312,.T.);
#876=EDGE_LOOP('',(#4238,#4239,#4240,#4241));
#877=EDGE_LOOP('',(#4242,#4243,#4244,#4245));
#878=EDGE_LOOP('',(#4246,#4247,#4248,#4249));
#879=EDGE_LOOP('',(#4250,#4251,#4252,#4253));
#880=EDGE_LOOP('',(#4254,#4255,#4256,#4257));
#881=EDGE_LOOP('',(#4258,#4259,#4260,#4261));
#882=EDGE_LOOP('',(#4262,#4263,#4264,#4265));
#883=EDGE_LOOP('',(#4266,#4267,#4268,#4269));
#884=EDGE_LOOP('',(#4270,#4271,#4272,#4273));
#885=EDGE_LOOP('',(#4274,#4275,#4276,#4277,#4278,#4279,#4280,#4281));
#886=EDGE_LOOP('',(#4282,#4283,#4284,#4285));
#887=EDGE_LOOP('',(#4286,#4287,#4288,#4289));
#888=EDGE_LOOP('',(#4290,#4291,#4292,#4293));
#889=EDGE_LOOP('',(#4294,#4295,#4296,#4297));
#890=EDGE_LOOP('',(#4298,#4299,#4300,#4301));
#891=EDGE_LOOP('',(#4302,#4303,#4304,#4305));
#892=EDGE_LOOP('',(#4306,#4307,#4308,#4309));
#893=EDGE_LOOP('',(#4310,#4311,#4312,#4313));
#894=EDGE_LOOP('',(#4314,#4315,#4316,#4317,#4318,#4319,#4320,#4321));
#895=EDGE_LOOP('',(#4322,#4323,#4324,#4325));
#896=EDGE_LOOP('',(#4326,#4327,#4328,#4329,#4330,#4331,#4332,#4333,#4334,
#4335));
#897=EDGE_LOOP('',(#4336,#4337,#4338,#4339));
#898=EDGE_LOOP('',(#4340,#4341,#4342,#4343));
#899=EDGE_LOOP('',(#4344,#4345,#4346,#4347));
#900=EDGE_LOOP('',(#4348,#4349,#4350,#4351));
#901=EDGE_LOOP('',(#4352,#4353,#4354,#4355));
#902=EDGE_LOOP('',(#4356,#4357,#4358,#4359));
#903=EDGE_LOOP('',(#4360,#4361,#4362,#4363));
#904=EDGE_LOOP('',(#4364,#4365,#4366,#4367));
#905=EDGE_LOOP('',(#4368,#4369,#4370,#4371,#4372,#4373,#4374,#4375));
#906=EDGE_LOOP('',(#4376,#4377,#4378,#4379));
#907=EDGE_LOOP('',(#4380,#4381,#4382,#4383));
#908=EDGE_LOOP('',(#4384,#4385,#4386,#4387));
#909=EDGE_LOOP('',(#4388,#4389,#4390,#4391));
#910=EDGE_LOOP('',(#4392,#4393,#4394,#4395));
#911=EDGE_LOOP('',(#4396,#4397,#4398,#4399));
#912=EDGE_LOOP('',(#4400,#4401,#4402,#4403));
#913=EDGE_LOOP('',(#4404));
#914=EDGE_LOOP('',(#4405));
#915=EDGE_LOOP('',(#4406));
#916=EDGE_LOOP('',(#4407));
#917=EDGE_LOOP('',(#4408));
#918=EDGE_LOOP('',(#4409));
#919=EDGE_LOOP('',(#4410,#4411,#4412,#4413,#4414,#4415,#4416,#4417,#4418,
#4419));
#920=EDGE_LOOP('',(#4420,#4421,#4422,#4423));
#921=EDGE_LOOP('',(#4424,#4425,#4426,#4427));
#922=EDGE_LOOP('',(#4428,#4429,#4430,#4431));
#923=EDGE_LOOP('',(#4432,#4433,#4434,#4435));
#924=EDGE_LOOP('',(#4436,#4437,#4438,#4439));
#925=EDGE_LOOP('',(#4440,#4441,#4442,#4443));
#926=EDGE_LOOP('',(#4444,#4445,#4446,#4447));
#927=EDGE_LOOP('',(#4448,#4449,#4450,#4451));
#928=EDGE_LOOP('',(#4452,#4453,#4454,#4455));
#929=EDGE_LOOP('',(#4456,#4457,#4458,#4459));
#930=EDGE_LOOP('',(#4460,#4461,#4462,#4463));
#931=EDGE_LOOP('',(#4464,#4465,#4466,#4467));
#932=EDGE_LOOP('',(#4468,#4469,#4470,#4471));
#933=EDGE_LOOP('',(#4472,#4473,#4474,#4475));
#934=EDGE_LOOP('',(#4476,#4477,#4478,#4479));
#935=EDGE_LOOP('',(#4480,#4481,#4482,#4483));
#936=EDGE_LOOP('',(#4484,#4485,#4486,#4487));
#937=EDGE_LOOP('',(#4488,#4489,#4490,#4491));
#938=EDGE_LOOP('',(#4492,#4493,#4494,#4495));
#939=EDGE_LOOP('',(#4496,#4497,#4498,#4499));
#940=EDGE_LOOP('',(#4500,#4501,#4502,#4503));
#941=EDGE_LOOP('',(#4504,#4505,#4506,#4507));
#942=EDGE_LOOP('',(#4508,#4509,#4510,#4511));
#943=EDGE_LOOP('',(#4512,#4513,#4514,#4515));
#944=EDGE_LOOP('',(#4516,#4517,#4518,#4519));
#945=EDGE_LOOP('',(#4520,#4521,#4522,#4523));
#946=EDGE_LOOP('',(#4524,#4525,#4526,#4527));
#947=EDGE_LOOP('',(#4528,#4529,#4530,#4531));
#948=EDGE_LOOP('',(#4532,#4533,#4534,#4535));
#949=EDGE_LOOP('',(#4536,#4537,#4538,#4539));
#950=EDGE_LOOP('',(#4540,#4541,#4542,#4543));
#951=EDGE_LOOP('',(#4544,#4545,#4546,#4547));
#952=EDGE_LOOP('',(#4548,#4549,#4550,#4551));
#953=EDGE_LOOP('',(#4552,#4553,#4554,#4555));
#954=EDGE_LOOP('',(#4556,#4557,#4558,#4559));
#955=EDGE_LOOP('',(#4560,#4561,#4562,#4563));
#956=EDGE_LOOP('',(#4564,#4565,#4566,#4567));
#957=EDGE_LOOP('',(#4568,#4569,#4570,#4571));
#958=EDGE_LOOP('',(#4572,#4573,#4574,#4575));
#959=EDGE_LOOP('',(#4576,#4577,#4578,#4579));
#960=EDGE_LOOP('',(#4580,#4581,#4582,#4583));
#961=EDGE_LOOP('',(#4584,#4585,#4586,#4587));
#962=EDGE_LOOP('',(#4588,#4589,#4590,#4591));
#963=EDGE_LOOP('',(#4592,#4593,#4594,#4595));
#964=EDGE_LOOP('',(#4596,#4597,#4598,#4599));
#965=EDGE_LOOP('',(#4600,#4601,#4602,#4603));
#966=EDGE_LOOP('',(#4604,#4605,#4606,#4607));
#967=EDGE_LOOP('',(#4608,#4609,#4610,#4611));
#968=EDGE_LOOP('',(#4612,#4613,#4614,#4615));
#969=EDGE_LOOP('',(#4616,#4617,#4618,#4619));
#970=EDGE_LOOP('',(#4620,#4621,#4622,#4623));
#971=EDGE_LOOP('',(#4624,#4625,#4626,#4627));
#972=EDGE_LOOP('',(#4628,#4629,#4630,#4631));
#973=EDGE_LOOP('',(#4632,#4633,#4634,#4635));
#974=EDGE_LOOP('',(#4636,#4637,#4638,#4639));
#975=EDGE_LOOP('',(#4640,#4641,#4642,#4643));
#976=EDGE_LOOP('',(#4644,#4645,#4646,#4647));
#977=EDGE_LOOP('',(#4648,#4649,#4650,#4651));
#978=EDGE_LOOP('',(#4652,#4653,#4654,#4655));
#979=EDGE_LOOP('',(#4656,#4657,#4658,#4659));
#980=EDGE_LOOP('',(#4660,#4661,#4662,#4663));
#981=EDGE_LOOP('',(#4664,#4665,#4666,#4667));
#982=EDGE_LOOP('',(#4668,#4669,#4670,#4671));
#983=EDGE_LOOP('',(#4672,#4673,#4674,#4675));
#984=EDGE_LOOP('',(#4676,#4677,#4678,#4679));
#985=EDGE_LOOP('',(#4680,#4681,#4682,#4683));
#986=EDGE_LOOP('',(#4684,#4685,#4686,#4687));
#987=EDGE_LOOP('',(#4688,#4689,#4690,#4691));
#988=EDGE_LOOP('',(#4692,#4693,#4694,#4695));
#989=EDGE_LOOP('',(#4696,#4697,#4698,#4699));
#990=EDGE_LOOP('',(#4700,#4701,#4702,#4703));
#991=EDGE_LOOP('',(#4704,#4705,#4706,#4707));
#992=EDGE_LOOP('',(#4708,#4709,#4710,#4711));
#993=EDGE_LOOP('',(#4712,#4713,#4714,#4715));
#994=EDGE_LOOP('',(#4716,#4717,#4718,#4719));
#995=EDGE_LOOP('',(#4720,#4721,#4722,#4723));
#996=EDGE_LOOP('',(#4724,#4725,#4726,#4727));
#997=EDGE_LOOP('',(#4728,#4729,#4730,#4731));
#998=EDGE_LOOP('',(#4732,#4733,#4734,#4735));
#999=EDGE_LOOP('',(#4736,#4737,#4738,#4739));
#1000=EDGE_LOOP('',(#4740,#4741,#4742,#4743));
#1001=EDGE_LOOP('',(#4744,#4745,#4746,#4747));
#1002=EDGE_LOOP('',(#4748,#4749,#4750,#4751));
#1003=EDGE_LOOP('',(#4752,#4753,#4754,#4755));
#1004=EDGE_LOOP('',(#4756,#4757,#4758,#4759));
#1005=EDGE_LOOP('',(#4760,#4761,#4762,#4763));
#1006=EDGE_LOOP('',(#4764,#4765,#4766,#4767));
#1007=EDGE_LOOP('',(#4768,#4769,#4770,#4771));
#1008=EDGE_LOOP('',(#4772,#4773,#4774,#4775));
#1009=EDGE_LOOP('',(#4776,#4777,#4778,#4779));
#1010=EDGE_LOOP('',(#4780,#4781,#4782,#4783));
#1011=EDGE_LOOP('',(#4784,#4785,#4786,#4787));
#1012=EDGE_LOOP('',(#4788,#4789,#4790,#4791));
#1013=EDGE_LOOP('',(#4792,#4793,#4794,#4795));
#1014=EDGE_LOOP('',(#4796,#4797,#4798,#4799));
#1015=EDGE_LOOP('',(#4800,#4801,#4802,#4803));
#1016=EDGE_LOOP('',(#4804,#4805,#4806,#4807));
#1017=EDGE_LOOP('',(#4808,#4809,#4810,#4811));
#1018=EDGE_LOOP('',(#4812,#4813,#4814,#4815));
#1019=EDGE_LOOP('',(#4816,#4817,#4818,#4819));
#1020=EDGE_LOOP('',(#4820,#4821,#4822,#4823));
#1021=EDGE_LOOP('',(#4824,#4825,#4826,#4827));
#1022=EDGE_LOOP('',(#4828,#4829,#4830,#4831));
#1023=EDGE_LOOP('',(#4832,#4833,#4834,#4835));
#1024=EDGE_LOOP('',(#4836,#4837,#4838,#4839));
#1025=EDGE_LOOP('',(#4840,#4841,#4842,#4843));
#1026=EDGE_LOOP('',(#4844,#4845,#4846,#4847));
#1027=EDGE_LOOP('',(#4848,#4849,#4850,#4851));
#1028=EDGE_LOOP('',(#4852,#4853,#4854,#4855));
#1029=EDGE_LOOP('',(#4856,#4857,#4858,#4859));
#1030=EDGE_LOOP('',(#4860,#4861,#4862,#4863));
#1031=EDGE_LOOP('',(#4864,#4865,#4866,#4867));
#1032=EDGE_LOOP('',(#4868,#4869,#4870,#4871));
#1033=EDGE_LOOP('',(#4872,#4873,#4874,#4875));
#1034=EDGE_LOOP('',(#4876,#4877,#4878,#4879));
#1035=EDGE_LOOP('',(#4880,#4881,#4882,#4883));
#1036=EDGE_LOOP('',(#4884,#4885,#4886,#4887));
#1037=EDGE_LOOP('',(#4888,#4889,#4890,#4891));
#1038=EDGE_LOOP('',(#4892,#4893,#4894,#4895));
#1039=EDGE_LOOP('',(#4896,#4897,#4898,#4899));
#1040=EDGE_LOOP('',(#4900,#4901,#4902,#4903));
#1041=EDGE_LOOP('',(#4904,#4905,#4906,#4907));
#1042=EDGE_LOOP('',(#4908,#4909,#4910,#4911));
#1043=EDGE_LOOP('',(#4912,#4913,#4914,#4915));
#1044=EDGE_LOOP('',(#4916));
#1045=EDGE_LOOP('',(#4917));
#1046=EDGE_LOOP('',(#4918,#4919,#4920,#4921));
#1047=EDGE_LOOP('',(#4922,#4923,#4924,#4925,#4926,#4927,#4928,#4929));
#1048=EDGE_LOOP('',(#4930,#4931,#4932));
#1049=EDGE_LOOP('',(#4933,#4934,#4935,#4936,#4937,#4938,#4939,#4940,#4941,
#4942,#4943,#4944));
#1050=EDGE_LOOP('',(#4945,#4946,#4947,#4948));
#1051=EDGE_LOOP('',(#4949,#4950,#4951,#4952));
#1052=EDGE_LOOP('',(#4953,#4954,#4955,#4956));
#1053=EDGE_LOOP('',(#4957,#4958,#4959,#4960));
#1054=EDGE_LOOP('',(#4961,#4962,#4963,#4964));
#1055=EDGE_LOOP('',(#4965,#4966,#4967,#4968));
#1056=EDGE_LOOP('',(#4969,#4970,#4971,#4972));
#1057=EDGE_LOOP('',(#4973,#4974,#4975,#4976));
#1058=EDGE_LOOP('',(#4977,#4978,#4979,#4980));
#1059=EDGE_LOOP('',(#4981,#4982,#4983,#4984));
#1060=EDGE_LOOP('',(#4985,#4986,#4987,#4988));
#1061=EDGE_LOOP('',(#4989,#4990,#4991,#4992));
#1062=EDGE_LOOP('',(#4993,#4994,#4995,#4996));
#1063=EDGE_LOOP('',(#4997,#4998,#4999,#5000));
#1064=EDGE_LOOP('',(#5001,#5002,#5003,#5004));
#1065=EDGE_LOOP('',(#5005,#5006,#5007,#5008));
#1066=EDGE_LOOP('',(#5009,#5010,#5011,#5012));
#1067=EDGE_LOOP('',(#5013,#5014,#5015,#5016));
#1068=EDGE_LOOP('',(#5017,#5018,#5019,#5020));
#1069=EDGE_LOOP('',(#5021,#5022,#5023,#5024));
#1070=EDGE_LOOP('',(#5025,#5026,#5027,#5028));
#1071=EDGE_LOOP('',(#5029,#5030,#5031,#5032));
#1072=EDGE_LOOP('',(#5033,#5034,#5035,#5036));
#1073=EDGE_LOOP('',(#5037,#5038,#5039,#5040));
#1074=EDGE_LOOP('',(#5041,#5042,#5043,#5044));
#1075=EDGE_LOOP('',(#5045,#5046,#5047,#5048));
#1076=EDGE_LOOP('',(#5049,#5050,#5051,#5052));
#1077=EDGE_LOOP('',(#5053,#5054,#5055,#5056));
#1078=EDGE_LOOP('',(#5057,#5058,#5059,#5060));
#1079=EDGE_LOOP('',(#5061,#5062,#5063,#5064));
#1080=EDGE_LOOP('',(#5065,#5066,#5067,#5068));
#1081=EDGE_LOOP('',(#5069,#5070,#5071,#5072));
#1082=EDGE_LOOP('',(#5073,#5074,#5075,#5076));
#1083=EDGE_LOOP('',(#5077,#5078,#5079,#5080,#5081,#5082,#5083));
#1084=EDGE_LOOP('',(#5084));
#1085=EDGE_LOOP('',(#5085,#5086,#5087,#5088));
#1086=EDGE_LOOP('',(#5089,#5090,#5091,#5092));
#1087=EDGE_LOOP('',(#5093,#5094,#5095,#5096));
#1088=EDGE_LOOP('',(#5097,#5098,#5099,#5100,#5101,#5102,#5103,#5104,#5105,
#5106,#5107,#5108,#5109,#5110,#5111,#5112,#5113,#5114,#5115,#5116,#5117,
#5118,#5119,#5120,#5121,#5122,#5123,#5124,#5125,#5126,#5127,#5128,#5129,
#5130,#5131,#5132,#5133,#5134,#5135,#5136,#5137,#5138,#5139,#5140,#5141));
#1089=EDGE_LOOP('',(#5142,#5143,#5144,#5145));
#1090=EDGE_LOOP('',(#5146,#5147,#5148,#5149));
#1091=EDGE_LOOP('',(#5150,#5151,#5152,#5153));
#1092=EDGE_LOOP('',(#5154,#5155,#5156,#5157));
#1093=EDGE_LOOP('',(#5158,#5159,#5160,#5161));
#1094=EDGE_LOOP('',(#5162,#5163,#5164,#5165));
#1095=EDGE_LOOP('',(#5166,#5167,#5168,#5169));
#1096=EDGE_LOOP('',(#5170,#5171));
#1097=EDGE_LOOP('',(#5172,#5173,#5174,#5175,#5176,#5177,#5178,#5179,#5180,
#5181));
#1098=EDGE_LOOP('',(#5182,#5183,#5184,#5185,#5186,#5187,#5188,#5189,#5190,
#5191));
#1099=EDGE_LOOP('',(#5192,#5193));
#1100=EDGE_LOOP('',(#5194,#5195,#5196,#5197));
#1101=EDGE_LOOP('',(#5198,#5199,#5200,#5201));
#1102=EDGE_LOOP('',(#5202,#5203,#5204,#5205));
#1103=EDGE_LOOP('',(#5206,#5207,#5208,#5209));
#1104=EDGE_LOOP('',(#5210,#5211,#5212,#5213));
#1105=EDGE_LOOP('',(#5214,#5215,#5216,#5217));
#1106=EDGE_LOOP('',(#5218,#5219,#5220,#5221));
#1107=EDGE_LOOP('',(#5222,#5223,#5224,#5225));
#1108=EDGE_LOOP('',(#5226,#5227,#5228,#5229));
#1109=EDGE_LOOP('',(#5230,#5231,#5232,#5233));
#1110=EDGE_LOOP('',(#5234,#5235,#5236,#5237));
#1111=EDGE_LOOP('',(#5238,#5239,#5240,#5241));
#1112=EDGE_LOOP('',(#5242,#5243,#5244,#5245));
#1113=EDGE_LOOP('',(#5246,#5247,#5248,#5249));
#1114=EDGE_LOOP('',(#5250,#5251,#5252,#5253));
#1115=EDGE_LOOP('',(#5254,#5255,#5256,#5257));
#1116=EDGE_LOOP('',(#5258,#5259,#5260,#5261));
#1117=EDGE_LOOP('',(#5262,#5263,#5264,#5265));
#1118=EDGE_LOOP('',(#5266,#5267,#5268,#5269));
#1119=EDGE_LOOP('',(#5270,#5271,#5272,#5273));
#1120=EDGE_LOOP('',(#5274,#5275,#5276,#5277));
#1121=EDGE_LOOP('',(#5278,#5279,#5280,#5281));
#1122=EDGE_LOOP('',(#5282,#5283,#5284,#5285));
#1123=EDGE_LOOP('',(#5286,#5287,#5288,#5289));
#1124=EDGE_LOOP('',(#5290,#5291,#5292,#5293));
#1125=EDGE_LOOP('',(#5294,#5295,#5296,#5297,#5298,#5299,#5300,#5301,#5302,
#5303,#5304,#5305));
#1126=EDGE_LOOP('',(#5306,#5307,#5308,#5309));
#1127=EDGE_LOOP('',(#5310,#5311,#5312,#5313));
#1128=EDGE_LOOP('',(#5314,#5315,#5316,#5317));
#1129=EDGE_LOOP('',(#5318,#5319,#5320,#5321));
#1130=EDGE_LOOP('',(#5322,#5323,#5324,#5325));
#1131=EDGE_LOOP('',(#5326,#5327,#5328,#5329));
#1132=EDGE_LOOP('',(#5330,#5331,#5332,#5333));
#1133=EDGE_LOOP('',(#5334,#5335,#5336,#5337));
#1134=EDGE_LOOP('',(#5338,#5339,#5340));
#1135=EDGE_LOOP('',(#5341));
#1136=EDGE_LOOP('',(#5342,#5343,#5344,#5345));
#1137=EDGE_LOOP('',(#5346,#5347));
#1138=EDGE_LOOP('',(#5348,#5349,#5350,#5351,#5352,#5353,#5354,#5355));
#1139=EDGE_LOOP('',(#5356,#5357,#5358,#5359));
#1140=EDGE_LOOP('',(#5360,#5361,#5362,#5363));
#1141=EDGE_LOOP('',(#5364,#5365,#5366,#5367));
#1142=EDGE_LOOP('',(#5368,#5369,#5370,#5371));
#1143=EDGE_LOOP('',(#5372,#5373,#5374,#5375));
#1144=EDGE_LOOP('',(#5376,#5377,#5378,#5379));
#1145=EDGE_LOOP('',(#5380,#5381,#5382,#5383));
#1146=EDGE_LOOP('',(#5384,#5385,#5386,#5387));
#1147=EDGE_LOOP('',(#5388,#5389,#5390,#5391));
#1148=EDGE_LOOP('',(#5392,#5393,#5394,#5395));
#1149=EDGE_LOOP('',(#5396,#5397,#5398,#5399));
#1150=EDGE_LOOP('',(#5400,#5401,#5402,#5403));
#1151=EDGE_LOOP('',(#5404,#5405,#5406,#5407));
#1152=EDGE_LOOP('',(#5408,#5409,#5410,#5411));
#1153=EDGE_LOOP('',(#5412,#5413,#5414,#5415));
#1154=EDGE_LOOP('',(#5416,#5417,#5418,#5419));
#1155=EDGE_LOOP('',(#5420,#5421,#5422,#5423));
#1156=EDGE_LOOP('',(#5424,#5425,#5426,#5427));
#1157=EDGE_LOOP('',(#5428,#5429,#5430,#5431));
#1158=EDGE_LOOP('',(#5432,#5433,#5434,#5435));
#1159=EDGE_LOOP('',(#5436,#5437,#5438,#5439));
#1160=EDGE_LOOP('',(#5440,#5441,#5442,#5443));
#1161=EDGE_LOOP('',(#5444,#5445,#5446,#5447));
#1162=EDGE_LOOP('',(#5448,#5449,#5450,#5451,#5452,#5453,#5454,#5455,#5456,
#5457,#5458,#5459,#5460,#5461,#5462,#5463,#5464,#5465,#5466,#5467,#5468,
#5469));
#1163=EDGE_LOOP('',(#5470,#5471,#5472,#5473));
#1164=EDGE_LOOP('',(#5474,#5475,#5476,#5477));
#1165=EDGE_LOOP('',(#5478,#5479,#5480,#5481));
#1166=EDGE_LOOP('',(#5482,#5483,#5484,#5485));
#1167=EDGE_LOOP('',(#5486,#5487,#5488,#5489));
#1168=EDGE_LOOP('',(#5490,#5491,#5492,#5493));
#1169=EDGE_LOOP('',(#5494,#5495,#5496,#5497));
#1170=EDGE_LOOP('',(#5498,#5499,#5500,#5501,#5502,#5503,#5504,#5505));
#1171=EDGE_LOOP('',(#5506,#5507,#5508,#5509,#5510,#5511));
#1172=EDGE_LOOP('',(#5512,#5513,#5514,#5515));
#1173=EDGE_LOOP('',(#5516,#5517,#5518,#5519));
#1174=EDGE_LOOP('',(#5520,#5521,#5522,#5523));
#1175=EDGE_LOOP('',(#5524,#5525,#5526,#5527));
#1176=EDGE_LOOP('',(#5528,#5529,#5530,#5531));
#1177=EDGE_LOOP('',(#5532,#5533,#5534,#5535,#5536,#5537,#5538,#5539,#5540,
#5541,#5542,#5543,#5544,#5545));
#1178=EDGE_LOOP('',(#5546,#5547,#5548,#5549,#5550,#5551,#5552,#5553));
#1179=EDGE_LOOP('',(#5554,#5555,#5556,#5557));
#1180=EDGE_LOOP('',(#5558,#5559,#5560,#5561));
#1181=EDGE_LOOP('',(#5562,#5563,#5564,#5565));
#1182=EDGE_LOOP('',(#5566,#5567,#5568,#5569));
#1183=EDGE_LOOP('',(#5570,#5571,#5572,#5573));
#1184=EDGE_LOOP('',(#5574,#5575,#5576,#5577));
#1185=EDGE_LOOP('',(#5578,#5579,#5580,#5581));
#1186=EDGE_LOOP('',(#5582,#5583,#5584,#5585));
#1187=EDGE_LOOP('',(#5586,#5587,#5588,#5589,#5590,#5591,#5592,#5593));
#1188=EDGE_LOOP('',(#5594,#5595,#5596,#5597,#5598,#5599));
#1189=EDGE_LOOP('',(#5600,#5601,#5602,#5603));
#1190=EDGE_LOOP('',(#5604,#5605,#5606,#5607));
#1191=EDGE_LOOP('',(#5608,#5609,#5610,#5611));
#1192=EDGE_LOOP('',(#5612,#5613,#5614,#5615));
#1193=EDGE_LOOP('',(#5616,#5617,#5618,#5619));
#1194=EDGE_LOOP('',(#5620,#5621,#5622,#5623,#5624,#5625,#5626,#5627,#5628,
#5629,#5630,#5631,#5632,#5633,#5634,#5635));
#1195=EDGE_LOOP('',(#5636,#5637,#5638,#5639));
#1196=EDGE_LOOP('',(#5640,#5641,#5642,#5643,#5644,#5645));
#1197=EDGE_LOOP('',(#5646,#5647,#5648,#5649));
#1198=EDGE_LOOP('',(#5650,#5651,#5652,#5653,#5654,#5655));
#1199=EDGE_LOOP('',(#5656,#5657,#5658,#5659));
#1200=EDGE_LOOP('',(#5660,#5661,#5662,#5663,#5664,#5665));
#1201=EDGE_LOOP('',(#5666,#5667,#5668,#5669));
#1202=EDGE_LOOP('',(#5670,#5671,#5672,#5673,#5674,#5675));
#1203=EDGE_LOOP('',(#5676,#5677,#5678,#5679,#5680,#5681,#5682,#5683,#5684,
#5685,#5686,#5687,#5688,#5689,#5690,#5691,#5692,#5693,#5694,#5695,#5696,
#5697,#5698,#5699,#5700,#5701));
#1204=EDGE_LOOP('',(#5702,#5703,#5704,#5705,#5706,#5707,#5708));
#1205=EDGE_LOOP('',(#5709,#5710,#5711,#5712));
#1206=EDGE_LOOP('',(#5713,#5714,#5715,#5716,#5717,#5718));
#1207=EDGE_LOOP('',(#5719,#5720,#5721,#5722));
#1208=EDGE_LOOP('',(#5723,#5724,#5725,#5726));
#1209=EDGE_LOOP('',(#5727,#5728,#5729,#5730));
#1210=EDGE_LOOP('',(#5731,#5732,#5733,#5734));
#1211=EDGE_LOOP('',(#5735,#5736,#5737,#5738));
#1212=EDGE_LOOP('',(#5739,#5740,#5741,#5742));
#1213=EDGE_LOOP('',(#5743,#5744,#5745,#5746));
#1214=EDGE_LOOP('',(#5747,#5748,#5749,#5750));
#1215=EDGE_LOOP('',(#5751,#5752,#5753,#5754));
#1216=EDGE_LOOP('',(#5755,#5756,#5757,#5758));
#1217=EDGE_LOOP('',(#5759,#5760,#5761,#5762));
#1218=EDGE_LOOP('',(#5763,#5764,#5765,#5766));
#1219=EDGE_LOOP('',(#5767,#5768,#5769,#5770,#5771,#5772,#5773,#5774));
#1220=EDGE_LOOP('',(#5775,#5776,#5777,#5778));
#1221=EDGE_LOOP('',(#5779,#5780,#5781,#5782));
#1222=EDGE_LOOP('',(#5783,#5784,#5785,#5786));
#1223=EDGE_LOOP('',(#5787,#5788,#5789,#5790));
#1224=EDGE_LOOP('',(#5791,#5792,#5793,#5794));
#1225=EDGE_LOOP('',(#5795,#5796,#5797,#5798,#5799,#5800,#5801,#5802,#5803,
#5804));
#1226=EDGE_LOOP('',(#5805,#5806,#5807,#5808));
#1227=EDGE_LOOP('',(#5809,#5810,#5811,#5812));
#1228=EDGE_LOOP('',(#5813,#5814,#5815,#5816));
#1229=EDGE_LOOP('',(#5817,#5818,#5819,#5820));
#1230=EDGE_LOOP('',(#5821,#5822,#5823,#5824));
#1231=EDGE_LOOP('',(#5825,#5826,#5827,#5828));
#1232=EDGE_LOOP('',(#5829,#5830,#5831,#5832));
#1233=EDGE_LOOP('',(#5833,#5834,#5835,#5836));
#1234=EDGE_LOOP('',(#5837,#5838,#5839,#5840));
#1235=EDGE_LOOP('',(#5841,#5842));
#1236=EDGE_LOOP('',(#5843));
#1237=EDGE_LOOP('',(#5844,#5845,#5846,#5847));
#1238=EDGE_LOOP('',(#5848,#5849,#5850,#5851));
#1239=EDGE_LOOP('',(#5852,#5853,#5854,#5855,#5856,#5857,#5858,#5859,#5860,
#5861,#5862,#5863));
#1240=EDGE_LOOP('',(#5864,#5865,#5866,#5867,#5868,#5869,#5870,#5871,#5872,
#5873,#5874,#5875));
#1241=EDGE_LOOP('',(#5876,#5877,#5878,#5879));
#1242=EDGE_LOOP('',(#5880,#5881,#5882,#5883));
#1243=EDGE_LOOP('',(#5884,#5885,#5886,#5887));
#1244=EDGE_LOOP('',(#5888));
#1245=EDGE_LOOP('',(#5889,#5890,#5891,#5892));
#1246=EDGE_LOOP('',(#5893,#5894,#5895,#5896,#5897,#5898,#5899,#5900,#5901,
#5902));
#1247=EDGE_LOOP('',(#5903,#5904,#5905,#5906));
#1248=EDGE_LOOP('',(#5907,#5908,#5909,#5910));
#1249=EDGE_LOOP('',(#5911));
#1250=EDGE_LOOP('',(#5912,#5913,#5914,#5915));
#1251=EDGE_LOOP('',(#5916,#5917,#5918,#5919));
#1252=EDGE_LOOP('',(#5920,#5921,#5922,#5923));
#1253=EDGE_LOOP('',(#5924,#5925,#5926,#5927));
#1254=EDGE_LOOP('',(#5928,#5929,#5930,#5931));
#1255=EDGE_LOOP('',(#5932,#5933,#5934,#5935));
#1256=EDGE_LOOP('',(#5936,#5937,#5938,#5939));
#1257=EDGE_LOOP('',(#5940,#5941,#5942,#5943,#5944));
#1258=EDGE_LOOP('',(#5945));
#1259=EDGE_LOOP('',(#5946,#5947,#5948,#5949,#5950,#5951,#5952,#5953));
#1260=EDGE_LOOP('',(#5954,#5955,#5956,#5957,#5958));
#1261=EDGE_LOOP('',(#5959));
#1262=EDGE_LOOP('',(#5960));
#1263=EDGE_LOOP('',(#5961));
#1264=EDGE_LOOP('',(#5962));
#1265=EDGE_LOOP('',(#5963));
#1266=EDGE_LOOP('',(#5964,#5965,#5966,#5967,#5968,#5969,#5970,#5971));
#1267=EDGE_LOOP('',(#5972,#5973,#5974,#5975));
#1268=EDGE_LOOP('',(#5976,#5977,#5978,#5979));
#1269=EDGE_LOOP('',(#5980,#5981,#5982,#5983,#5984,#5985,#5986,#5987,#5988,
#5989,#5990,#5991,#5992,#5993,#5994,#5995,#5996,#5997,#5998,#5999,#6000,
#6001,#6002,#6003,#6004,#6005,#6006,#6007));
#1270=EDGE_LOOP('',(#6008,#6009,#6010,#6011));
#1271=EDGE_LOOP('',(#6012,#6013,#6014,#6015));
#1272=EDGE_LOOP('',(#6016,#6017,#6018,#6019));
#1273=EDGE_LOOP('',(#6020,#6021,#6022,#6023));
#1274=EDGE_LOOP('',(#6024,#6025,#6026,#6027));
#1275=EDGE_LOOP('',(#6028,#6029,#6030,#6031));
#1276=EDGE_LOOP('',(#6032,#6033,#6034,#6035));
#1277=EDGE_LOOP('',(#6036,#6037,#6038,#6039));
#1278=EDGE_LOOP('',(#6040,#6041,#6042,#6043,#6044,#6045,#6046,#6047,#6048,
#6049));
#1279=EDGE_LOOP('',(#6050,#6051,#6052,#6053));
#1280=EDGE_LOOP('',(#6054));
#1281=EDGE_LOOP('',(#6055));
#1282=EDGE_LOOP('',(#6056));
#1283=EDGE_LOOP('',(#6057));
#1284=EDGE_LOOP('',(#6058,#6059,#6060,#6061));
#1285=EDGE_LOOP('',(#6062,#6063,#6064,#6065));
#1286=EDGE_LOOP('',(#6066));
#1287=EDGE_LOOP('',(#6067));
#1288=EDGE_LOOP('',(#6068));
#1289=EDGE_LOOP('',(#6069));
#1290=EDGE_LOOP('',(#6070,#6071,#6072,#6073));
#1291=EDGE_LOOP('',(#6074,#6075,#6076,#6077));
#1292=EDGE_LOOP('',(#6078,#6079));
#1293=EDGE_LOOP('',(#6080));
#1294=EDGE_LOOP('',(#6081,#6082));
#1295=EDGE_LOOP('',(#6083));
#1296=EDGE_LOOP('',(#6084,#6085,#6086,#6087));
#1297=EDGE_LOOP('',(#6088,#6089,#6090,#6091));
#1298=EDGE_LOOP('',(#6092,#6093,#6094,#6095));
#1299=EDGE_LOOP('',(#6096,#6097,#6098,#6099));
#1300=EDGE_LOOP('',(#6100,#6101,#6102,#6103));
#1301=EDGE_LOOP('',(#6104,#6105,#6106,#6107));
#1302=EDGE_LOOP('',(#6108,#6109,#6110,#6111));
#1303=EDGE_LOOP('',(#6112,#6113,#6114,#6115));
#1304=EDGE_LOOP('',(#6116,#6117,#6118,#6119));
#1305=EDGE_LOOP('',(#6120,#6121,#6122,#6123));
#1306=EDGE_LOOP('',(#6124,#6125,#6126,#6127));
#1307=EDGE_LOOP('',(#6128,#6129,#6130,#6131));
#1308=EDGE_LOOP('',(#6132));
#1309=EDGE_LOOP('',(#6133));
#1310=EDGE_LOOP('',(#6134,#6135,#6136,#6137));
#1311=EDGE_LOOP('',(#6138,#6139,#6140,#6141,#6142,#6143));
#1312=EDGE_LOOP('',(#6144,#6145,#6146,#6147));
#1313=LINE('',#9222,#1981);
#1314=LINE('',#9224,#1982);
#1315=LINE('',#9226,#1983);
#1316=LINE('',#9227,#1984);
#1317=LINE('',#9231,#1985);
#1318=LINE('',#9237,#1986);
#1319=LINE('',#9238,#1987);
#1320=LINE('',#9239,#1988);
#1321=LINE('',#9243,#1989);
#1322=LINE('',#9249,#1990);
#1323=LINE('',#9250,#1991);
#1324=LINE('',#9251,#1992);
#1325=LINE('',#9255,#1993);
#1326=LINE('',#9261,#1994);
#1327=LINE('',#9262,#1995);
#1328=LINE('',#9263,#1996);
#1329=LINE('',#9269,#1997);
#1330=LINE('',#9272,#1998);
#1331=LINE('',#9275,#1999);
#1332=LINE('',#9277,#2000);
#1333=LINE('',#9281,#2001);
#1334=LINE('',#9284,#2002);
#1335=LINE('',#9287,#2003);
#1336=LINE('',#9291,#2004);
#1337=LINE('',#9295,#2005);
#1338=LINE('',#9299,#2006);
#1339=LINE('',#9303,#2007);
#1340=LINE('',#9307,#2008);
#1341=LINE('',#9311,#2009);
#1342=LINE('',#9315,#2010);
#1343=LINE('',#9319,#2011);
#1344=LINE('',#9323,#2012);
#1345=LINE('',#9327,#2013);
#1346=LINE('',#9331,#2014);
#1347=LINE('',#9335,#2015);
#1348=LINE('',#9339,#2016);
#1349=LINE('',#9343,#2017);
#1350=LINE('',#9347,#2018);
#1351=LINE('',#9351,#2019);
#1352=LINE('',#9355,#2020);
#1353=LINE('',#9359,#2021);
#1354=LINE('',#9363,#2022);
#1355=LINE('',#9367,#2023);
#1356=LINE('',#9371,#2024);
#1357=LINE('',#9373,#2025);
#1358=LINE('',#9377,#2026);
#1359=LINE('',#9381,#2027);
#1360=LINE('',#9384,#2028);
#1361=LINE('',#9387,#2029);
#1362=LINE('',#9391,#2030);
#1363=LINE('',#9395,#2031);
#1364=LINE('',#9399,#2032);
#1365=LINE('',#9403,#2033);
#1366=LINE('',#9407,#2034);
#1367=LINE('',#9411,#2035);
#1368=LINE('',#9415,#2036);
#1369=LINE('',#9419,#2037);
#1370=LINE('',#9423,#2038);
#1371=LINE('',#9427,#2039);
#1372=LINE('',#9431,#2040);
#1373=LINE('',#9435,#2041);
#1374=LINE('',#9439,#2042);
#1375=LINE('',#9443,#2043);
#1376=LINE('',#9447,#2044);
#1377=LINE('',#9452,#2045);
#1378=LINE('',#9456,#2046);
#1379=LINE('',#9460,#2047);
#1380=LINE('',#9464,#2048);
#1381=LINE('',#9468,#2049);
#1382=LINE('',#9472,#2050);
#1383=LINE('',#9476,#2051);
#1384=LINE('',#9480,#2052);
#1385=LINE('',#9484,#2053);
#1386=LINE('',#9488,#2054);
#1387=LINE('',#9492,#2055);
#1388=LINE('',#9496,#2056);
#1389=LINE('',#9500,#2057);
#1390=LINE('',#9504,#2058);
#1391=LINE('',#9522,#2059);
#1392=LINE('',#9526,#2060);
#1393=LINE('',#9530,#2061);
#1394=LINE('',#9532,#2062);
#1395=LINE('',#9534,#2063);
#1396=LINE('',#9537,#2064);
#1397=LINE('',#9540,#2065);
#1398=LINE('',#9544,#2066);
#1399=LINE('',#9548,#2067);
#1400=LINE('',#9552,#2068);
#1401=LINE('',#9556,#2069);
#1402=LINE('',#9560,#2070);
#1403=LINE('',#9564,#2071);
#1404=LINE('',#9568,#2072);
#1405=LINE('',#9572,#2073);
#1406=LINE('',#9576,#2074);
#1407=LINE('',#9580,#2075);
#1408=LINE('',#9584,#2076);
#1409=LINE('',#9588,#2077);
#1410=LINE('',#9592,#2078);
#1411=LINE('',#9597,#2079);
#1412=LINE('',#9598,#2080);
#1413=LINE('',#9599,#2081);
#1414=LINE('',#9603,#2082);
#1415=LINE('',#9606,#2083);
#1416=LINE('',#9607,#2084);
#1417=LINE('',#9613,#2085);
#1418=LINE('',#9614,#2086);
#1419=LINE('',#9615,#2087);
#1420=LINE('',#9619,#2088);
#1421=LINE('',#9622,#2089);
#1422=LINE('',#9623,#2090);
#1423=LINE('',#9629,#2091);
#1424=LINE('',#9630,#2092);
#1425=LINE('',#9631,#2093);
#1426=LINE('',#9635,#2094);
#1427=LINE('',#9638,#2095);
#1428=LINE('',#9639,#2096);
#1429=LINE('',#9645,#2097);
#1430=LINE('',#9646,#2098);
#1431=LINE('',#9647,#2099);
#1432=LINE('',#9651,#2100);
#1433=LINE('',#9654,#2101);
#1434=LINE('',#9655,#2102);
#1435=LINE('',#9661,#2103);
#1436=LINE('',#9662,#2104);
#1437=LINE('',#9663,#2105);
#1438=LINE('',#9667,#2106);
#1439=LINE('',#9670,#2107);
#1440=LINE('',#9671,#2108);
#1441=LINE('',#9677,#2109);
#1442=LINE('',#9678,#2110);
#1443=LINE('',#9679,#2111);
#1444=LINE('',#9683,#2112);
#1445=LINE('',#9686,#2113);
#1446=LINE('',#9687,#2114);
#1447=LINE('',#9693,#2115);
#1448=LINE('',#9694,#2116);
#1449=LINE('',#9695,#2117);
#1450=LINE('',#9699,#2118);
#1451=LINE('',#9702,#2119);
#1452=LINE('',#9703,#2120);
#1453=LINE('',#9709,#2121);
#1454=LINE('',#9710,#2122);
#1455=LINE('',#9711,#2123);
#1456=LINE('',#9715,#2124);
#1457=LINE('',#9718,#2125);
#1458=LINE('',#9719,#2126);
#1459=LINE('',#9725,#2127);
#1460=LINE('',#9726,#2128);
#1461=LINE('',#9727,#2129);
#1462=LINE('',#9731,#2130);
#1463=LINE('',#9734,#2131);
#1464=LINE('',#9735,#2132);
#1465=LINE('',#9741,#2133);
#1466=LINE('',#9742,#2134);
#1467=LINE('',#9743,#2135);
#1468=LINE('',#9747,#2136);
#1469=LINE('',#9750,#2137);
#1470=LINE('',#9751,#2138);
#1471=LINE('',#9757,#2139);
#1472=LINE('',#9758,#2140);
#1473=LINE('',#9759,#2141);
#1474=LINE('',#9763,#2142);
#1475=LINE('',#9766,#2143);
#1476=LINE('',#9767,#2144);
#1477=LINE('',#9773,#2145);
#1478=LINE('',#9774,#2146);
#1479=LINE('',#9775,#2147);
#1480=LINE('',#9779,#2148);
#1481=LINE('',#9782,#2149);
#1482=LINE('',#9783,#2150);
#1483=LINE('',#9789,#2151);
#1484=LINE('',#9790,#2152);
#1485=LINE('',#9791,#2153);
#1486=LINE('',#9795,#2154);
#1487=LINE('',#9798,#2155);
#1488=LINE('',#9799,#2156);
#1489=LINE('',#9805,#2157);
#1490=LINE('',#9806,#2158);
#1491=LINE('',#9807,#2159);
#1492=LINE('',#9811,#2160);
#1493=LINE('',#9814,#2161);
#1494=LINE('',#9815,#2162);
#1495=LINE('',#9821,#2163);
#1496=LINE('',#9822,#2164);
#1497=LINE('',#9823,#2165);
#1498=LINE('',#9827,#2166);
#1499=LINE('',#9830,#2167);
#1500=LINE('',#9831,#2168);
#1501=LINE('',#9837,#2169);
#1502=LINE('',#9838,#2170);
#1503=LINE('',#9839,#2171);
#1504=LINE('',#9843,#2172);
#1505=LINE('',#9846,#2173);
#1506=LINE('',#9847,#2174);
#1507=LINE('',#9853,#2175);
#1508=LINE('',#9854,#2176);
#1509=LINE('',#9855,#2177);
#1510=LINE('',#9859,#2178);
#1511=LINE('',#9862,#2179);
#1512=LINE('',#9863,#2180);
#1513=LINE('',#9869,#2181);
#1514=LINE('',#9870,#2182);
#1515=LINE('',#9871,#2183);
#1516=LINE('',#9875,#2184);
#1517=LINE('',#9878,#2185);
#1518=LINE('',#9879,#2186);
#1519=LINE('',#9885,#2187);
#1520=LINE('',#9886,#2188);
#1521=LINE('',#9887,#2189);
#1522=LINE('',#9891,#2190);
#1523=LINE('',#9894,#2191);
#1524=LINE('',#9895,#2192);
#1525=LINE('',#9901,#2193);
#1526=LINE('',#9902,#2194);
#1527=LINE('',#9903,#2195);
#1528=LINE('',#9907,#2196);
#1529=LINE('',#9910,#2197);
#1530=LINE('',#9911,#2198);
#1531=LINE('',#9917,#2199);
#1532=LINE('',#9918,#2200);
#1533=LINE('',#9919,#2201);
#1534=LINE('',#9923,#2202);
#1535=LINE('',#9926,#2203);
#1536=LINE('',#9927,#2204);
#1537=LINE('',#9933,#2205);
#1538=LINE('',#9934,#2206);
#1539=LINE('',#9935,#2207);
#1540=LINE('',#9939,#2208);
#1541=LINE('',#9942,#2209);
#1542=LINE('',#9943,#2210);
#1543=LINE('',#9949,#2211);
#1544=LINE('',#9951,#2212);
#1545=LINE('',#9953,#2213);
#1546=LINE('',#9954,#2214);
#1547=LINE('',#9960,#2215);
#1548=LINE('',#9963,#2216);
#1549=LINE('',#9965,#2217);
#1550=LINE('',#9966,#2218);
#1551=LINE('',#9973,#2219);
#1552=LINE('',#9975,#2220);
#1553=LINE('',#9977,#2221);
#1554=LINE('',#9978,#2222);
#1555=LINE('',#9984,#2223);
#1556=LINE('',#9987,#2224);
#1557=LINE('',#9989,#2225);
#1558=LINE('',#9990,#2226);
#1559=LINE('',#9997,#2227);
#1560=LINE('',#9999,#2228);
#1561=LINE('',#10001,#2229);
#1562=LINE('',#10002,#2230);
#1563=LINE('',#10008,#2231);
#1564=LINE('',#10011,#2232);
#1565=LINE('',#10013,#2233);
#1566=LINE('',#10014,#2234);
#1567=LINE('',#10021,#2235);
#1568=LINE('',#10023,#2236);
#1569=LINE('',#10025,#2237);
#1570=LINE('',#10026,#2238);
#1571=LINE('',#10032,#2239);
#1572=LINE('',#10035,#2240);
#1573=LINE('',#10037,#2241);
#1574=LINE('',#10038,#2242);
#1575=LINE('',#10045,#2243);
#1576=LINE('',#10047,#2244);
#1577=LINE('',#10049,#2245);
#1578=LINE('',#10050,#2246);
#1579=LINE('',#10056,#2247);
#1580=LINE('',#10059,#2248);
#1581=LINE('',#10061,#2249);
#1582=LINE('',#10062,#2250);
#1583=LINE('',#10069,#2251);
#1584=LINE('',#10071,#2252);
#1585=LINE('',#10073,#2253);
#1586=LINE('',#10074,#2254);
#1587=LINE('',#10080,#2255);
#1588=LINE('',#10083,#2256);
#1589=LINE('',#10085,#2257);
#1590=LINE('',#10086,#2258);
#1591=LINE('',#10093,#2259);
#1592=LINE('',#10095,#2260);
#1593=LINE('',#10097,#2261);
#1594=LINE('',#10098,#2262);
#1595=LINE('',#10104,#2263);
#1596=LINE('',#10107,#2264);
#1597=LINE('',#10109,#2265);
#1598=LINE('',#10110,#2266);
#1599=LINE('',#10118,#2267);
#1600=LINE('',#10126,#2268);
#1601=LINE('',#10128,#2269);
#1602=LINE('',#10130,#2270);
#1603=LINE('',#10131,#2271);
#1604=LINE('',#10135,#2272);
#1605=LINE('',#10139,#2273);
#1606=LINE('',#10143,#2274);
#1607=LINE('',#10147,#2275);
#1608=LINE('',#10159,#2276);
#1609=LINE('',#10163,#2277);
#1610=LINE('',#10167,#2278);
#1611=LINE('',#10171,#2279);
#1612=LINE('',#10174,#2280);
#1613=LINE('',#10179,#2281);
#1614=LINE('',#10180,#2282);
#1615=LINE('',#10181,#2283);
#1616=LINE('',#10185,#2284);
#1617=LINE('',#10188,#2285);
#1618=LINE('',#10189,#2286);
#1619=LINE('',#10195,#2287);
#1620=LINE('',#10196,#2288);
#1621=LINE('',#10197,#2289);
#1622=LINE('',#10201,#2290);
#1623=LINE('',#10204,#2291);
#1624=LINE('',#10205,#2292);
#1625=LINE('',#10211,#2293);
#1626=LINE('',#10212,#2294);
#1627=LINE('',#10213,#2295);
#1628=LINE('',#10217,#2296);
#1629=LINE('',#10220,#2297);
#1630=LINE('',#10221,#2298);
#1631=LINE('',#10227,#2299);
#1632=LINE('',#10228,#2300);
#1633=LINE('',#10229,#2301);
#1634=LINE('',#10233,#2302);
#1635=LINE('',#10236,#2303);
#1636=LINE('',#10237,#2304);
#1637=LINE('',#10243,#2305);
#1638=LINE('',#10244,#2306);
#1639=LINE('',#10245,#2307);
#1640=LINE('',#10249,#2308);
#1641=LINE('',#10252,#2309);
#1642=LINE('',#10253,#2310);
#1643=LINE('',#10259,#2311);
#1644=LINE('',#10260,#2312);
#1645=LINE('',#10261,#2313);
#1646=LINE('',#10265,#2314);
#1647=LINE('',#10268,#2315);
#1648=LINE('',#10269,#2316);
#1649=LINE('',#10275,#2317);
#1650=LINE('',#10276,#2318);
#1651=LINE('',#10277,#2319);
#1652=LINE('',#10281,#2320);
#1653=LINE('',#10284,#2321);
#1654=LINE('',#10285,#2322);
#1655=LINE('',#10289,#2323);
#1656=LINE('',#10293,#2324);
#1657=LINE('',#10294,#2325);
#1658=LINE('',#10295,#2326);
#1659=LINE('',#10299,#2327);
#1660=LINE('',#10302,#2328);
#1661=LINE('',#10303,#2329);
#1662=LINE('',#10307,#2330);
#1663=LINE('',#10308,#2331);
#1664=LINE('',#10314,#2332);
#1665=LINE('',#10316,#2333);
#1666=LINE('',#10318,#2334);
#1667=LINE('',#10319,#2335);
#1668=LINE('',#10323,#2336);
#1669=LINE('',#10325,#2337);
#1670=LINE('',#10327,#2338);
#1671=LINE('',#10328,#2339);
#1672=LINE('',#10334,#2340);
#1673=LINE('',#10335,#2341);
#1674=LINE('',#10337,#2342);
#1675=LINE('',#10339,#2343);
#1676=LINE('',#10340,#2344);
#1677=LINE('',#10342,#2345);
#1678=LINE('',#10346,#2346);
#1679=LINE('',#10350,#2347);
#1680=LINE('',#10352,#2348);
#1681=LINE('',#10354,#2349);
#1682=LINE('',#10356,#2350);
#1683=LINE('',#10358,#2351);
#1684=LINE('',#10360,#2352);
#1685=LINE('',#10362,#2353);
#1686=LINE('',#10364,#2354);
#1687=LINE('',#10366,#2355);
#1688=LINE('',#10368,#2356);
#1689=LINE('',#10372,#2357);
#1690=LINE('',#10376,#2358);
#1691=LINE('',#10378,#2359);
#1692=LINE('',#10380,#2360);
#1693=LINE('',#10384,#2361);
#1694=LINE('',#10386,#2362);
#1695=LINE('',#10388,#2363);
#1696=LINE('',#10392,#2364);
#1697=LINE('',#10396,#2365);
#1698=LINE('',#10398,#2366);
#1699=LINE('',#10400,#2367);
#1700=LINE('',#10404,#2368);
#1701=LINE('',#10406,#2369);
#1702=LINE('',#10407,#2370);
#1703=LINE('',#10409,#2371);
#1704=LINE('',#10410,#2372);
#1705=LINE('',#10415,#2373);
#1706=LINE('',#10417,#2374);
#1707=LINE('',#10419,#2375);
#1708=LINE('',#10423,#2376);
#1709=LINE('',#10425,#2377);
#1710=LINE('',#10427,#2378);
#1711=LINE('',#10430,#2379);
#1712=LINE('',#10435,#2380);
#1713=LINE('',#10439,#2381);
#1714=LINE('',#10441,#2382);
#1715=LINE('',#10443,#2383);
#1716=LINE('',#10447,#2384);
#1717=LINE('',#10450,#2385);
#1718=LINE('',#10453,#2386);
#1719=LINE('',#10454,#2387);
#1720=LINE('',#10456,#2388);
#1721=LINE('',#10458,#2389);
#1722=LINE('',#10460,#2390);
#1723=LINE('',#10462,#2391);
#1724=LINE('',#10464,#2392);
#1725=LINE('',#10466,#2393);
#1726=LINE('',#10468,#2394);
#1727=LINE('',#10470,#2395);
#1728=LINE('',#10474,#2396);
#1729=LINE('',#10475,#2397);
#1730=LINE('',#10478,#2398);
#1731=LINE('',#10479,#2399);
#1732=LINE('',#10481,#2400);
#1733=LINE('',#10485,#2401);
#1734=LINE('',#10486,#2402);
#1735=LINE('',#10489,#2403);
#1736=LINE('',#10490,#2404);
#1737=LINE('',#10492,#2405);
#1738=LINE('',#10496,#2406);
#1739=LINE('',#10499,#2407);
#1740=LINE('',#10501,#2408);
#1741=LINE('',#10504,#2409);
#1742=LINE('',#10506,#2410);
#1743=LINE('',#10509,#2411);
#1744=LINE('',#10512,#2412);
#1745=LINE('',#10513,#2413);
#1746=LINE('',#10516,#2414);
#1747=LINE('',#10517,#2415);
#1748=LINE('',#10519,#2416);
#1749=LINE('',#10523,#2417);
#1750=LINE('',#10524,#2418);
#1751=LINE('',#10527,#2419);
#1752=LINE('',#10528,#2420);
#1753=LINE('',#10530,#2421);
#1754=LINE('',#10535,#2422);
#1755=LINE('',#10543,#2423);
#1756=LINE('',#10545,#2424);
#1757=LINE('',#10546,#2425);
#1758=LINE('',#10552,#2426);
#1759=LINE('',#10556,#2427);
#1760=LINE('',#10557,#2428);
#1761=LINE('',#10558,#2429);
#1762=LINE('',#10562,#2430);
#1763=LINE('',#10565,#2431);
#1764=LINE('',#10566,#2432);
#1765=LINE('',#10570,#2433);
#1766=LINE('',#10573,#2434);
#1767=LINE('',#10574,#2435);
#1768=LINE('',#10578,#2436);
#1769=LINE('',#10581,#2437);
#1770=LINE('',#10582,#2438);
#1771=LINE('',#10588,#2439);
#1772=LINE('',#10590,#2440);
#1773=LINE('',#10592,#2441);
#1774=LINE('',#10593,#2442);
#1775=LINE('',#10597,#2443);
#1776=LINE('',#10599,#2444);
#1777=LINE('',#10601,#2445);
#1778=LINE('',#10602,#2446);
#1779=LINE('',#10609,#2447);
#1780=LINE('',#10611,#2448);
#1781=LINE('',#10613,#2449);
#1782=LINE('',#10614,#2450);
#1783=LINE('',#10621,#2451);
#1784=LINE('',#10623,#2452);
#1785=LINE('',#10625,#2453);
#1786=LINE('',#10626,#2454);
#1787=LINE('',#10630,#2455);
#1788=LINE('',#10632,#2456);
#1789=LINE('',#10634,#2457);
#1790=LINE('',#10635,#2458);
#1791=LINE('',#10642,#2459);
#1792=LINE('',#10644,#2460);
#1793=LINE('',#10646,#2461);
#1794=LINE('',#10647,#2462);
#1795=LINE('',#10654,#2463);
#1796=LINE('',#10656,#2464);
#1797=LINE('',#10658,#2465);
#1798=LINE('',#10659,#2466);
#1799=LINE('',#10663,#2467);
#1800=LINE('',#10665,#2468);
#1801=LINE('',#10667,#2469);
#1802=LINE('',#10668,#2470);
#1803=LINE('',#10675,#2471);
#1804=LINE('',#10677,#2472);
#1805=LINE('',#10679,#2473);
#1806=LINE('',#10680,#2474);
#1807=LINE('',#10685,#2475);
#1808=LINE('',#10686,#2476);
#1809=LINE('',#10687,#2477);
#1810=LINE('',#10689,#2478);
#1811=LINE('',#10690,#2479);
#1812=LINE('',#10693,#2480);
#1813=LINE('',#10695,#2481);
#1814=LINE('',#10698,#2482);
#1815=LINE('',#10701,#2483);
#1816=LINE('',#10705,#2484);
#1817=LINE('',#10708,#2485);
#1818=LINE('',#10710,#2486);
#1819=LINE('',#10714,#2487);
#1820=LINE('',#10715,#2488);
#1821=LINE('',#10716,#2489);
#1822=LINE('',#10720,#2490);
#1823=LINE('',#10725,#2491);
#1824=LINE('',#10726,#2492);
#1825=LINE('',#10728,#2493);
#1826=LINE('',#10730,#2494);
#1827=LINE('',#10731,#2495);
#1828=LINE('',#10734,#2496);
#1829=LINE('',#10736,#2497);
#1830=LINE('',#10740,#2498);
#1831=LINE('',#10742,#2499);
#1832=LINE('',#10744,#2500);
#1833=LINE('',#10746,#2501);
#1834=LINE('',#10747,#2502);
#1835=LINE('',#10750,#2503);
#1836=LINE('',#10752,#2504);
#1837=LINE('',#10753,#2505);
#1838=LINE('',#10756,#2506);
#1839=LINE('',#10758,#2507);
#1840=LINE('',#10759,#2508);
#1841=LINE('',#10763,#2509);
#1842=LINE('',#10765,#2510);
#1843=LINE('',#10767,#2511);
#1844=LINE('',#10768,#2512);
#1845=LINE('',#10771,#2513);
#1846=LINE('',#10772,#2514);
#1847=LINE('',#10775,#2515);
#1848=LINE('',#10777,#2516);
#1849=LINE('',#10778,#2517);
#1850=LINE('',#10781,#2518);
#1851=LINE('',#10783,#2519);
#1852=LINE('',#10785,#2520);
#1853=LINE('',#10787,#2521);
#1854=LINE('',#10791,#2522);
#1855=LINE('',#10795,#2523);
#1856=LINE('',#10797,#2524);
#1857=LINE('',#10799,#2525);
#1858=LINE('',#10803,#2526);
#1859=LINE('',#10806,#2527);
#1860=LINE('',#10809,#2528);
#1861=LINE('',#10811,#2529);
#1862=LINE('',#10812,#2530);
#1863=LINE('',#10814,#2531);
#1864=LINE('',#10815,#2532);
#1865=LINE('',#10818,#2533);
#1866=LINE('',#10819,#2534);
#1867=LINE('',#10821,#2535);
#1868=LINE('',#10822,#2536);
#1869=LINE('',#10825,#2537);
#1870=LINE('',#10827,#2538);
#1871=LINE('',#10828,#2539);
#1872=LINE('',#10831,#2540);
#1873=LINE('',#10832,#2541);
#1874=LINE('',#10836,#2542);
#1875=LINE('',#10837,#2543);
#1876=LINE('',#10841,#2544);
#1877=LINE('',#10843,#2545);
#1878=LINE('',#10844,#2546);
#1879=LINE('',#10846,#2547);
#1880=LINE('',#10848,#2548);
#1881=LINE('',#10852,#2549);
#1882=LINE('',#10856,#2550);
#1883=LINE('',#10858,#2551);
#1884=LINE('',#10860,#2552);
#1885=LINE('',#10864,#2553);
#1886=LINE('',#10868,#2554);
#1887=LINE('',#10870,#2555);
#1888=LINE('',#10871,#2556);
#1889=LINE('',#10875,#2557);
#1890=LINE('',#10876,#2558);
#1891=LINE('',#10878,#2559);
#1892=LINE('',#10881,#2560);
#1893=LINE('',#10883,#2561);
#1894=LINE('',#10885,#2562);
#1895=LINE('',#10886,#2563);
#1896=LINE('',#10888,#2564);
#1897=LINE('',#10890,#2565);
#1898=LINE('',#10893,#2566);
#1899=LINE('',#10894,#2567);
#1900=LINE('',#10896,#2568);
#1901=LINE('',#10897,#2569);
#1902=LINE('',#10899,#2570);
#1903=LINE('',#10901,#2571);
#1904=LINE('',#10909,#2572);
#1905=LINE('',#10910,#2573);
#1906=LINE('',#10916,#2574);
#1907=LINE('',#10917,#2575);
#1908=LINE('',#10918,#2576);
#1909=LINE('',#10922,#2577);
#1910=LINE('',#10927,#2578);
#1911=LINE('',#10930,#2579);
#1912=LINE('',#10931,#2580);
#1913=LINE('',#10932,#2581);
#1914=LINE('',#10935,#2582);
#1915=LINE('',#10940,#2583);
#1916=LINE('',#10942,#2584);
#1917=LINE('',#10944,#2585);
#1918=LINE('',#10946,#2586);
#1919=LINE('',#10948,#2587);
#1920=LINE('',#10950,#2588);
#1921=LINE('',#10951,#2589);
#1922=LINE('',#10953,#2590);
#1923=LINE('',#10955,#2591);
#1924=LINE('',#10956,#2592);
#1925=LINE('',#10959,#2593);
#1926=LINE('',#10961,#2594);
#1927=LINE('',#10963,#2595);
#1928=LINE('',#10965,#2596);
#1929=LINE('',#10967,#2597);
#1930=LINE('',#10969,#2598);
#1931=LINE('',#10970,#2599);
#1932=LINE('',#10972,#2600);
#1933=LINE('',#10973,#2601);
#1934=LINE('',#10976,#2602);
#1935=LINE('',#10977,#2603);
#1936=LINE('',#10980,#2604);
#1937=LINE('',#10982,#2605);
#1938=LINE('',#10983,#2606);
#1939=LINE('',#10986,#2607);
#1940=LINE('',#10992,#2608);
#1941=LINE('',#10993,#2609);
#1942=LINE('',#10997,#2610);
#1943=LINE('',#11001,#2611);
#1944=LINE('',#11004,#2612);
#1945=LINE('',#11007,#2613);
#1946=LINE('',#11010,#2614);
#1947=LINE('',#11015,#2615);
#1948=LINE('',#11016,#2616);
#1949=LINE('',#11019,#2617);
#1950=LINE('',#11020,#2618);
#1951=LINE('',#11023,#2619);
#1952=LINE('',#11024,#2620);
#1953=LINE('',#11027,#2621);
#1954=LINE('',#11028,#2622);
#1955=LINE('',#11031,#2623);
#1956=LINE('',#11032,#2624);
#1957=LINE('',#11035,#2625);
#1958=LINE('',#11036,#2626);
#1959=LINE('',#11039,#2627);
#1960=LINE('',#11040,#2628);
#1961=LINE('',#11048,#2629);
#1962=LINE('',#11066,#2630);
#1963=LINE('',#11068,#2631);
#1964=LINE('',#11070,#2632);
#1965=LINE('',#11073,#2633);
#1966=LINE('',#11075,#2634);
#1967=LINE('',#11076,#2635);
#1968=LINE('',#11092,#2636);
#1969=LINE('',#11094,#2637);
#1970=LINE('',#11106,#2638);
#1971=LINE('',#11108,#2639);
#1972=LINE('',#11117,#2640);
#1973=LINE('',#11120,#2641);
#1974=LINE('',#11122,#2642);
#1975=LINE('',#11124,#2643);
#1976=LINE('',#11126,#2644);
#1977=LINE('',#11128,#2645);
#1978=LINE('',#11131,#2646);
#1979=LINE('',#11135,#2647);
#1980=LINE('',#11138,#2648);
#1981=VECTOR('',#7314,10.);
#1982=VECTOR('',#7315,10.);
#1983=VECTOR('',#7316,10.);
#1984=VECTOR('',#7317,10.);
#1985=VECTOR('',#7320,10.);
#1986=VECTOR('',#7327,10.);
#1987=VECTOR('',#7328,10.);
#1988=VECTOR('',#7329,10.);
#1989=VECTOR('',#7332,10.);
#1990=VECTOR('',#7339,10.);
#1991=VECTOR('',#7340,10.);
#1992=VECTOR('',#7341,10.);
#1993=VECTOR('',#7344,10.);
#1994=VECTOR('',#7351,10.);
#1995=VECTOR('',#7352,10.);
#1996=VECTOR('',#7353,10.);
#1997=VECTOR('',#7362,10.);
#1998=VECTOR('',#7365,10.);
#1999=VECTOR('',#7368,10.);
#2000=VECTOR('',#7369,10.);
#2001=VECTOR('',#7372,10.);
#2002=VECTOR('',#7375,10.);
#2003=VECTOR('',#7376,10.);
#2004=VECTOR('',#7379,10.);
#2005=VECTOR('',#7382,10.);
#2006=VECTOR('',#7385,10.);
#2007=VECTOR('',#7388,10.);
#2008=VECTOR('',#7391,10.);
#2009=VECTOR('',#7394,10.);
#2010=VECTOR('',#7397,10.);
#2011=VECTOR('',#7400,10.);
#2012=VECTOR('',#7403,10.);
#2013=VECTOR('',#7406,10.);
#2014=VECTOR('',#7409,10.);
#2015=VECTOR('',#7412,10.);
#2016=VECTOR('',#7415,10.);
#2017=VECTOR('',#7418,10.);
#2018=VECTOR('',#7421,10.);
#2019=VECTOR('',#7424,10.);
#2020=VECTOR('',#7427,10.);
#2021=VECTOR('',#7430,10.);
#2022=VECTOR('',#7433,10.);
#2023=VECTOR('',#7438,10.);
#2024=VECTOR('',#7443,10.);
#2025=VECTOR('',#7444,10.);
#2026=VECTOR('',#7447,10.);
#2027=VECTOR('',#7450,10.);
#2028=VECTOR('',#7453,10.);
#2029=VECTOR('',#7454,10.);
#2030=VECTOR('',#7457,10.);
#2031=VECTOR('',#7460,10.);
#2032=VECTOR('',#7463,10.);
#2033=VECTOR('',#7466,10.);
#2034=VECTOR('',#7469,10.);
#2035=VECTOR('',#7472,10.);
#2036=VECTOR('',#7475,10.);
#2037=VECTOR('',#7478,10.);
#2038=VECTOR('',#7481,10.);
#2039=VECTOR('',#7484,10.);
#2040=VECTOR('',#7487,10.);
#2041=VECTOR('',#7490,10.);
#2042=VECTOR('',#7493,10.);
#2043=VECTOR('',#7496,10.);
#2044=VECTOR('',#7499,10.);
#2045=VECTOR('',#7504,10.);
#2046=VECTOR('',#7507,10.);
#2047=VECTOR('',#7510,10.);
#2048=VECTOR('',#7513,10.);
#2049=VECTOR('',#7516,10.);
#2050=VECTOR('',#7519,10.);
#2051=VECTOR('',#7522,10.);
#2052=VECTOR('',#7525,10.);
#2053=VECTOR('',#7528,10.);
#2054=VECTOR('',#7531,10.);
#2055=VECTOR('',#7534,10.);
#2056=VECTOR('',#7537,10.);
#2057=VECTOR('',#7540,10.);
#2058=VECTOR('',#7543,10.);
#2059=VECTOR('',#7560,10.);
#2060=VECTOR('',#7563,10.);
#2061=VECTOR('',#7566,10.);
#2062=VECTOR('',#7567,10.);
#2063=VECTOR('',#7568,10.);
#2064=VECTOR('',#7571,10.);
#2065=VECTOR('',#7572,10.);
#2066=VECTOR('',#7575,10.);
#2067=VECTOR('',#7578,10.);
#2068=VECTOR('',#7581,10.);
#2069=VECTOR('',#7584,10.);
#2070=VECTOR('',#7587,10.);
#2071=VECTOR('',#7590,10.);
#2072=VECTOR('',#7593,10.);
#2073=VECTOR('',#7596,10.);
#2074=VECTOR('',#7599,10.);
#2075=VECTOR('',#7602,10.);
#2076=VECTOR('',#7605,10.);
#2077=VECTOR('',#7608,10.);
#2078=VECTOR('',#7611,10.);
#2079=VECTOR('',#7616,10.);
#2080=VECTOR('',#7617,10.);
#2081=VECTOR('',#7618,10.);
#2082=VECTOR('',#7623,10.);
#2083=VECTOR('',#7626,10.);
#2084=VECTOR('',#7627,10.);
#2085=VECTOR('',#7634,10.);
#2086=VECTOR('',#7635,10.);
#2087=VECTOR('',#7636,10.);
#2088=VECTOR('',#7641,10.);
#2089=VECTOR('',#7644,10.);
#2090=VECTOR('',#7645,10.);
#2091=VECTOR('',#7652,10.);
#2092=VECTOR('',#7653,10.);
#2093=VECTOR('',#7654,10.);
#2094=VECTOR('',#7659,10.);
#2095=VECTOR('',#7662,10.);
#2096=VECTOR('',#7663,10.);
#2097=VECTOR('',#7670,10.);
#2098=VECTOR('',#7671,10.);
#2099=VECTOR('',#7672,10.);
#2100=VECTOR('',#7677,10.);
#2101=VECTOR('',#7680,10.);
#2102=VECTOR('',#7681,10.);
#2103=VECTOR('',#7688,10.);
#2104=VECTOR('',#7689,10.);
#2105=VECTOR('',#7690,10.);
#2106=VECTOR('',#7695,10.);
#2107=VECTOR('',#7698,10.);
#2108=VECTOR('',#7699,10.);
#2109=VECTOR('',#7706,10.);
#2110=VECTOR('',#7707,10.);
#2111=VECTOR('',#7708,10.);
#2112=VECTOR('',#7713,10.);
#2113=VECTOR('',#7716,10.);
#2114=VECTOR('',#7717,10.);
#2115=VECTOR('',#7724,10.);
#2116=VECTOR('',#7725,10.);
#2117=VECTOR('',#7726,10.);
#2118=VECTOR('',#7731,10.);
#2119=VECTOR('',#7734,10.);
#2120=VECTOR('',#7735,10.);
#2121=VECTOR('',#7742,10.);
#2122=VECTOR('',#7743,10.);
#2123=VECTOR('',#7744,10.);
#2124=VECTOR('',#7749,10.);
#2125=VECTOR('',#7752,10.);
#2126=VECTOR('',#7753,10.);
#2127=VECTOR('',#7760,10.);
#2128=VECTOR('',#7761,10.);
#2129=VECTOR('',#7762,10.);
#2130=VECTOR('',#7767,10.);
#2131=VECTOR('',#7770,10.);
#2132=VECTOR('',#7771,10.);
#2133=VECTOR('',#7778,10.);
#2134=VECTOR('',#7779,10.);
#2135=VECTOR('',#7780,10.);
#2136=VECTOR('',#7785,10.);
#2137=VECTOR('',#7788,10.);
#2138=VECTOR('',#7789,10.);
#2139=VECTOR('',#7796,10.);
#2140=VECTOR('',#7797,10.);
#2141=VECTOR('',#7798,10.);
#2142=VECTOR('',#7803,10.);
#2143=VECTOR('',#7806,10.);
#2144=VECTOR('',#7807,10.);
#2145=VECTOR('',#7814,10.);
#2146=VECTOR('',#7815,10.);
#2147=VECTOR('',#7816,10.);
#2148=VECTOR('',#7821,10.);
#2149=VECTOR('',#7824,10.);
#2150=VECTOR('',#7825,10.);
#2151=VECTOR('',#7832,10.);
#2152=VECTOR('',#7833,10.);
#2153=VECTOR('',#7834,10.);
#2154=VECTOR('',#7839,10.);
#2155=VECTOR('',#7842,10.);
#2156=VECTOR('',#7843,10.);
#2157=VECTOR('',#7850,10.);
#2158=VECTOR('',#7851,10.);
#2159=VECTOR('',#7852,10.);
#2160=VECTOR('',#7857,10.);
#2161=VECTOR('',#7860,10.);
#2162=VECTOR('',#7861,10.);
#2163=VECTOR('',#7868,10.);
#2164=VECTOR('',#7869,10.);
#2165=VECTOR('',#7870,10.);
#2166=VECTOR('',#7875,10.);
#2167=VECTOR('',#7878,10.);
#2168=VECTOR('',#7879,10.);
#2169=VECTOR('',#7886,10.);
#2170=VECTOR('',#7887,10.);
#2171=VECTOR('',#7888,10.);
#2172=VECTOR('',#7893,10.);
#2173=VECTOR('',#7896,10.);
#2174=VECTOR('',#7897,10.);
#2175=VECTOR('',#7904,10.);
#2176=VECTOR('',#7905,10.);
#2177=VECTOR('',#7906,10.);
#2178=VECTOR('',#7911,10.);
#2179=VECTOR('',#7914,10.);
#2180=VECTOR('',#7915,10.);
#2181=VECTOR('',#7922,10.);
#2182=VECTOR('',#7923,10.);
#2183=VECTOR('',#7924,10.);
#2184=VECTOR('',#7929,10.);
#2185=VECTOR('',#7932,10.);
#2186=VECTOR('',#7933,10.);
#2187=VECTOR('',#7940,10.);
#2188=VECTOR('',#7941,10.);
#2189=VECTOR('',#7942,10.);
#2190=VECTOR('',#7947,10.);
#2191=VECTOR('',#7950,10.);
#2192=VECTOR('',#7951,10.);
#2193=VECTOR('',#7958,10.);
#2194=VECTOR('',#7959,10.);
#2195=VECTOR('',#7960,10.);
#2196=VECTOR('',#7965,10.);
#2197=VECTOR('',#7968,10.);
#2198=VECTOR('',#7969,10.);
#2199=VECTOR('',#7976,10.);
#2200=VECTOR('',#7977,10.);
#2201=VECTOR('',#7978,10.);
#2202=VECTOR('',#7983,10.);
#2203=VECTOR('',#7986,10.);
#2204=VECTOR('',#7987,10.);
#2205=VECTOR('',#7994,10.);
#2206=VECTOR('',#7995,10.);
#2207=VECTOR('',#7996,10.);
#2208=VECTOR('',#8001,10.);
#2209=VECTOR('',#8004,10.);
#2210=VECTOR('',#8005,10.);
#2211=VECTOR('',#8012,10.);
#2212=VECTOR('',#8013,10.);
#2213=VECTOR('',#8014,10.);
#2214=VECTOR('',#8015,10.);
#2215=VECTOR('',#8022,10.);
#2216=VECTOR('',#8025,10.);
#2217=VECTOR('',#8026,10.);
#2218=VECTOR('',#8027,10.);
#2219=VECTOR('',#8036,10.);
#2220=VECTOR('',#8037,10.);
#2221=VECTOR('',#8038,10.);
#2222=VECTOR('',#8039,10.);
#2223=VECTOR('',#8046,10.);
#2224=VECTOR('',#8049,10.);
#2225=VECTOR('',#8050,10.);
#2226=VECTOR('',#8051,10.);
#2227=VECTOR('',#8060,10.);
#2228=VECTOR('',#8061,10.);
#2229=VECTOR('',#8062,10.);
#2230=VECTOR('',#8063,10.);
#2231=VECTOR('',#8070,10.);
#2232=VECTOR('',#8073,10.);
#2233=VECTOR('',#8074,10.);
#2234=VECTOR('',#8075,10.);
#2235=VECTOR('',#8084,10.);
#2236=VECTOR('',#8085,10.);
#2237=VECTOR('',#8086,10.);
#2238=VECTOR('',#8087,10.);
#2239=VECTOR('',#8094,10.);
#2240=VECTOR('',#8097,10.);
#2241=VECTOR('',#8098,10.);
#2242=VECTOR('',#8099,10.);
#2243=VECTOR('',#8108,10.);
#2244=VECTOR('',#8109,10.);
#2245=VECTOR('',#8110,10.);
#2246=VECTOR('',#8111,10.);
#2247=VECTOR('',#8118,10.);
#2248=VECTOR('',#8121,10.);
#2249=VECTOR('',#8122,10.);
#2250=VECTOR('',#8123,10.);
#2251=VECTOR('',#8132,10.);
#2252=VECTOR('',#8133,10.);
#2253=VECTOR('',#8134,10.);
#2254=VECTOR('',#8135,10.);
#2255=VECTOR('',#8142,10.);
#2256=VECTOR('',#8145,10.);
#2257=VECTOR('',#8146,10.);
#2258=VECTOR('',#8147,10.);
#2259=VECTOR('',#8156,10.);
#2260=VECTOR('',#8157,10.);
#2261=VECTOR('',#8158,10.);
#2262=VECTOR('',#8159,10.);
#2263=VECTOR('',#8166,10.);
#2264=VECTOR('',#8169,10.);
#2265=VECTOR('',#8170,10.);
#2266=VECTOR('',#8171,10.);
#2267=VECTOR('',#8182,3.00000000000001);
#2268=VECTOR('',#8191,10.);
#2269=VECTOR('',#8192,10.);
#2270=VECTOR('',#8193,10.);
#2271=VECTOR('',#8194,10.);
#2272=VECTOR('',#8197,10.);
#2273=VECTOR('',#8200,10.);
#2274=VECTOR('',#8203,10.);
#2275=VECTOR('',#8206,10.);
#2276=VECTOR('',#8215,10.);
#2277=VECTOR('',#8218,10.);
#2278=VECTOR('',#8221,10.);
#2279=VECTOR('',#8224,10.);
#2280=VECTOR('',#8227,10.);
#2281=VECTOR('',#8232,10.);
#2282=VECTOR('',#8233,10.);
#2283=VECTOR('',#8234,10.);
#2284=VECTOR('',#8239,10.);
#2285=VECTOR('',#8242,10.);
#2286=VECTOR('',#8243,10.);
#2287=VECTOR('',#8250,10.);
#2288=VECTOR('',#8251,10.);
#2289=VECTOR('',#8252,10.);
#2290=VECTOR('',#8257,10.);
#2291=VECTOR('',#8260,10.);
#2292=VECTOR('',#8261,10.);
#2293=VECTOR('',#8268,10.);
#2294=VECTOR('',#8269,10.);
#2295=VECTOR('',#8270,10.);
#2296=VECTOR('',#8275,10.);
#2297=VECTOR('',#8278,10.);
#2298=VECTOR('',#8279,10.);
#2299=VECTOR('',#8286,10.);
#2300=VECTOR('',#8287,10.);
#2301=VECTOR('',#8288,10.);
#2302=VECTOR('',#8293,10.);
#2303=VECTOR('',#8296,10.);
#2304=VECTOR('',#8297,10.);
#2305=VECTOR('',#8304,10.);
#2306=VECTOR('',#8305,10.);
#2307=VECTOR('',#8306,10.);
#2308=VECTOR('',#8311,10.);
#2309=VECTOR('',#8314,10.);
#2310=VECTOR('',#8315,10.);
#2311=VECTOR('',#8322,10.);
#2312=VECTOR('',#8323,10.);
#2313=VECTOR('',#8324,10.);
#2314=VECTOR('',#8329,10.);
#2315=VECTOR('',#8332,10.);
#2316=VECTOR('',#8333,10.);
#2317=VECTOR('',#8340,10.);
#2318=VECTOR('',#8341,10.);
#2319=VECTOR('',#8342,10.);
#2320=VECTOR('',#8347,10.);
#2321=VECTOR('',#8350,10.);
#2322=VECTOR('',#8351,10.);
#2323=VECTOR('',#8358,10.);
#2324=VECTOR('',#8361,10.);
#2325=VECTOR('',#8362,10.);
#2326=VECTOR('',#8363,10.);
#2327=VECTOR('',#8368,10.);
#2328=VECTOR('',#8371,10.);
#2329=VECTOR('',#8372,10.);
#2330=VECTOR('',#8379,10.);
#2331=VECTOR('',#8380,10.);
#2332=VECTOR('',#8385,10.);
#2333=VECTOR('',#8386,10.);
#2334=VECTOR('',#8387,10.);
#2335=VECTOR('',#8388,10.);
#2336=VECTOR('',#8391,10.);
#2337=VECTOR('',#8392,10.);
#2338=VECTOR('',#8393,10.);
#2339=VECTOR('',#8394,10.);
#2340=VECTOR('',#8403,10.);
#2341=VECTOR('',#8404,10.);
#2342=VECTOR('',#8405,10.);
#2343=VECTOR('',#8406,10.);
#2344=VECTOR('',#8407,10.);
#2345=VECTOR('',#8408,10.);
#2346=VECTOR('',#8411,10.);
#2347=VECTOR('',#8414,10.);
#2348=VECTOR('',#8415,10.);
#2349=VECTOR('',#8416,10.);
#2350=VECTOR('',#8417,10.);
#2351=VECTOR('',#8418,10.);
#2352=VECTOR('',#8419,10.);
#2353=VECTOR('',#8420,10.);
#2354=VECTOR('',#8421,10.);
#2355=VECTOR('',#8422,10.);
#2356=VECTOR('',#8423,10.);
#2357=VECTOR('',#8426,10.);
#2358=VECTOR('',#8429,10.);
#2359=VECTOR('',#8430,10.);
#2360=VECTOR('',#8431,10.);
#2361=VECTOR('',#8434,10.);
#2362=VECTOR('',#8435,10.);
#2363=VECTOR('',#8436,10.);
#2364=VECTOR('',#8439,10.);
#2365=VECTOR('',#8442,10.);
#2366=VECTOR('',#8443,10.);
#2367=VECTOR('',#8444,10.);
#2368=VECTOR('',#8447,10.);
#2369=VECTOR('',#8448,10.);
#2370=VECTOR('',#8449,10.);
#2371=VECTOR('',#8450,10.);
#2372=VECTOR('',#8451,10.);
#2373=VECTOR('',#8454,10.);
#2374=VECTOR('',#8455,10.);
#2375=VECTOR('',#8456,10.);
#2376=VECTOR('',#8459,10.);
#2377=VECTOR('',#8460,10.);
#2378=VECTOR('',#8461,10.);
#2379=VECTOR('',#8464,10.);
#2380=VECTOR('',#8467,10.);
#2381=VECTOR('',#8470,10.);
#2382=VECTOR('',#8471,10.);
#2383=VECTOR('',#8472,10.);
#2384=VECTOR('',#8475,10.);
#2385=VECTOR('',#8478,10.);
#2386=VECTOR('',#8483,10.);
#2387=VECTOR('',#8484,10.);
#2388=VECTOR('',#8487,10.);
#2389=VECTOR('',#8490,10.);
#2390=VECTOR('',#8493,10.);
#2391=VECTOR('',#8496,10.);
#2392=VECTOR('',#8499,10.);
#2393=VECTOR('',#8502,10.);
#2394=VECTOR('',#8505,10.);
#2395=VECTOR('',#8508,10.);
#2396=VECTOR('',#8513,10.);
#2397=VECTOR('',#8514,10.);
#2398=VECTOR('',#8517,10.);
#2399=VECTOR('',#8518,10.);
#2400=VECTOR('',#8521,10.);
#2401=VECTOR('',#8526,10.);
#2402=VECTOR('',#8527,10.);
#2403=VECTOR('',#8530,10.);
#2404=VECTOR('',#8531,10.);
#2405=VECTOR('',#8534,10.);
#2406=VECTOR('',#8539,10.);
#2407=VECTOR('',#8542,10.);
#2408=VECTOR('',#8543,10.);
#2409=VECTOR('',#8546,10.);
#2410=VECTOR('',#8547,10.);
#2411=VECTOR('',#8550,10.);
#2412=VECTOR('',#8553,10.);
#2413=VECTOR('',#8554,10.);
#2414=VECTOR('',#8557,10.);
#2415=VECTOR('',#8558,10.);
#2416=VECTOR('',#8561,10.);
#2417=VECTOR('',#8566,10.);
#2418=VECTOR('',#8567,10.);
#2419=VECTOR('',#8570,10.);
#2420=VECTOR('',#8571,10.);
#2421=VECTOR('',#8574,10.);
#2422=VECTOR('',#8579,10.);
#2423=VECTOR('',#8588,10.);
#2424=VECTOR('',#8589,10.);
#2425=VECTOR('',#8590,10.);
#2426=VECTOR('',#8599,3.);
#2427=VECTOR('',#8602,10.);
#2428=VECTOR('',#8603,10.);
#2429=VECTOR('',#8604,10.);
#2430=VECTOR('',#8609,10.);
#2431=VECTOR('',#8612,10.);
#2432=VECTOR('',#8613,10.);
#2433=VECTOR('',#8618,10.);
#2434=VECTOR('',#8621,10.);
#2435=VECTOR('',#8622,10.);
#2436=VECTOR('',#8627,10.);
#2437=VECTOR('',#8630,10.);
#2438=VECTOR('',#8631,10.);
#2439=VECTOR('',#8638,10.);
#2440=VECTOR('',#8639,10.);
#2441=VECTOR('',#8640,10.);
#2442=VECTOR('',#8641,10.);
#2443=VECTOR('',#8644,10.);
#2444=VECTOR('',#8645,10.);
#2445=VECTOR('',#8646,10.);
#2446=VECTOR('',#8647,10.);
#2447=VECTOR('',#8656,10.);
#2448=VECTOR('',#8657,10.);
#2449=VECTOR('',#8658,10.);
#2450=VECTOR('',#8659,10.);
#2451=VECTOR('',#8668,10.);
#2452=VECTOR('',#8669,10.);
#2453=VECTOR('',#8670,10.);
#2454=VECTOR('',#8671,10.);
#2455=VECTOR('',#8674,10.);
#2456=VECTOR('',#8675,10.);
#2457=VECTOR('',#8676,10.);
#2458=VECTOR('',#8677,10.);
#2459=VECTOR('',#8686,10.);
#2460=VECTOR('',#8687,10.);
#2461=VECTOR('',#8688,10.);
#2462=VECTOR('',#8689,10.);
#2463=VECTOR('',#8698,10.);
#2464=VECTOR('',#8699,10.);
#2465=VECTOR('',#8700,10.);
#2466=VECTOR('',#8701,10.);
#2467=VECTOR('',#8704,10.);
#2468=VECTOR('',#8705,10.);
#2469=VECTOR('',#8706,10.);
#2470=VECTOR('',#8707,10.);
#2471=VECTOR('',#8716,10.);
#2472=VECTOR('',#8717,10.);
#2473=VECTOR('',#8718,10.);
#2474=VECTOR('',#8719,10.);
#2475=VECTOR('',#8728,10.);
#2476=VECTOR('',#8729,10.);
#2477=VECTOR('',#8730,10.);
#2478=VECTOR('',#8731,10.);
#2479=VECTOR('',#8732,10.);
#2480=VECTOR('',#8735,10.);
#2481=VECTOR('',#8736,10.);
#2482=VECTOR('',#8739,10.);
#2483=VECTOR('',#8742,10.);
#2484=VECTOR('',#8745,10.);
#2485=VECTOR('',#8750,10.);
#2486=VECTOR('',#8753,10.);
#2487=VECTOR('',#8756,10.);
#2488=VECTOR('',#8757,10.);
#2489=VECTOR('',#8758,10.);
#2490=VECTOR('',#8763,10.);
#2491=VECTOR('',#8770,10.);
#2492=VECTOR('',#8771,10.);
#2493=VECTOR('',#8772,10.);
#2494=VECTOR('',#8773,10.);
#2495=VECTOR('',#8774,10.);
#2496=VECTOR('',#8777,10.);
#2497=VECTOR('',#8778,10.);
#2498=VECTOR('',#8783,10.);
#2499=VECTOR('',#8784,10.);
#2500=VECTOR('',#8785,10.);
#2501=VECTOR('',#8786,10.);
#2502=VECTOR('',#8787,10.);
#2503=VECTOR('',#8790,10.);
#2504=VECTOR('',#8791,10.);
#2505=VECTOR('',#8792,10.);
#2506=VECTOR('',#8795,10.);
#2507=VECTOR('',#8796,10.);
#2508=VECTOR('',#8797,10.);
#2509=VECTOR('',#8800,10.);
#2510=VECTOR('',#8801,10.);
#2511=VECTOR('',#8802,10.);
#2512=VECTOR('',#8803,10.);
#2513=VECTOR('',#8806,10.);
#2514=VECTOR('',#8807,10.);
#2515=VECTOR('',#8810,10.);
#2516=VECTOR('',#8811,10.);
#2517=VECTOR('',#8812,10.);
#2518=VECTOR('',#8815,10.);
#2519=VECTOR('',#8816,10.);
#2520=VECTOR('',#8817,10.);
#2521=VECTOR('',#8818,10.);
#2522=VECTOR('',#8821,10.);
#2523=VECTOR('',#8824,10.);
#2524=VECTOR('',#8825,10.);
#2525=VECTOR('',#8826,10.);
#2526=VECTOR('',#8829,10.);
#2527=VECTOR('',#8832,10.);
#2528=VECTOR('',#8835,10.);
#2529=VECTOR('',#8836,10.);
#2530=VECTOR('',#8837,10.);
#2531=VECTOR('',#8840,10.);
#2532=VECTOR('',#8841,10.);
#2533=VECTOR('',#8844,10.);
#2534=VECTOR('',#8845,10.);
#2535=VECTOR('',#8848,10.);
#2536=VECTOR('',#8849,10.);
#2537=VECTOR('',#8852,10.);
#2538=VECTOR('',#8853,10.);
#2539=VECTOR('',#8854,10.);
#2540=VECTOR('',#8857,10.);
#2541=VECTOR('',#8858,10.);
#2542=VECTOR('',#8863,10.);
#2543=VECTOR('',#8864,10.);
#2544=VECTOR('',#8869,10.);
#2545=VECTOR('',#8870,10.);
#2546=VECTOR('',#8871,10.);
#2547=VECTOR('',#8872,10.);
#2548=VECTOR('',#8873,10.);
#2549=VECTOR('',#8876,10.);
#2550=VECTOR('',#8879,10.);
#2551=VECTOR('',#8880,10.);
#2552=VECTOR('',#8881,10.);
#2553=VECTOR('',#8884,10.);
#2554=VECTOR('',#8887,10.);
#2555=VECTOR('',#8888,10.);
#2556=VECTOR('',#8889,10.);
#2557=VECTOR('',#8894,10.);
#2558=VECTOR('',#8895,10.);
#2559=VECTOR('',#8898,10.);
#2560=VECTOR('',#8903,10.);
#2561=VECTOR('',#8906,10.);
#2562=VECTOR('',#8909,10.);
#2563=VECTOR('',#8910,10.);
#2564=VECTOR('',#8913,10.);
#2565=VECTOR('',#8916,10.);
#2566=VECTOR('',#8921,10.);
#2567=VECTOR('',#8922,10.);
#2568=VECTOR('',#8925,10.);
#2569=VECTOR('',#8926,10.);
#2570=VECTOR('',#8929,10.);
#2571=VECTOR('',#8932,10.);
#2572=VECTOR('',#8943,10.);
#2573=VECTOR('',#8944,10.);
#2574=VECTOR('',#8951,10.);
#2575=VECTOR('',#8952,10.);
#2576=VECTOR('',#8953,10.);
#2577=VECTOR('',#8958,10.);
#2578=VECTOR('',#8965,10.);
#2579=VECTOR('',#8970,10.);
#2580=VECTOR('',#8971,10.);
#2581=VECTOR('',#8972,10.);
#2582=VECTOR('',#8977,10.);
#2583=VECTOR('',#8984,10.);
#2584=VECTOR('',#8985,10.);
#2585=VECTOR('',#8986,10.);
#2586=VECTOR('',#8987,10.);
#2587=VECTOR('',#8988,10.);
#2588=VECTOR('',#8989,10.);
#2589=VECTOR('',#8990,10.);
#2590=VECTOR('',#8991,10.);
#2591=VECTOR('',#8992,10.);
#2592=VECTOR('',#8993,10.);
#2593=VECTOR('',#8996,10.);
#2594=VECTOR('',#8997,10.);
#2595=VECTOR('',#8998,10.);
#2596=VECTOR('',#8999,10.);
#2597=VECTOR('',#9000,10.);
#2598=VECTOR('',#9001,10.);
#2599=VECTOR('',#9002,10.);
#2600=VECTOR('',#9003,10.);
#2601=VECTOR('',#9004,10.);
#2602=VECTOR('',#9007,10.);
#2603=VECTOR('',#9008,10.);
#2604=VECTOR('',#9011,10.);
#2605=VECTOR('',#9012,10.);
#2606=VECTOR('',#9013,10.);
#2607=VECTOR('',#9016,10.);
#2608=VECTOR('',#9023,10.);
#2609=VECTOR('',#9024,10.);
#2610=VECTOR('',#9029,10.);
#2611=VECTOR('',#9032,10.);
#2612=VECTOR('',#9037,10.);
#2613=VECTOR('',#9040,10.);
#2614=VECTOR('',#9043,10.);
#2615=VECTOR('',#9048,10.);
#2616=VECTOR('',#9049,10.);
#2617=VECTOR('',#9052,10.);
#2618=VECTOR('',#9053,10.);
#2619=VECTOR('',#9056,10.);
#2620=VECTOR('',#9057,10.);
#2621=VECTOR('',#9060,10.);
#2622=VECTOR('',#9061,10.);
#2623=VECTOR('',#9064,10.);
#2624=VECTOR('',#9065,10.);
#2625=VECTOR('',#9068,10.);
#2626=VECTOR('',#9069,10.);
#2627=VECTOR('',#9072,10.);
#2628=VECTOR('',#9073,10.);
#2629=VECTOR('',#9084,3.5);
#2630=VECTOR('',#9107,3.5);
#2631=VECTOR('',#9110,10.);
#2632=VECTOR('',#9113,10.);
#2633=VECTOR('',#9116,10.);
#2634=VECTOR('',#9117,10.);
#2635=VECTOR('',#9118,10.);
#2636=VECTOR('',#9143,3.5);
#2637=VECTOR('',#9146,3.5);
#2638=VECTOR('',#9161,3.5);
#2639=VECTOR('',#9164,3.5);
#2640=VECTOR('',#9177,1.35000000000001);
#2641=VECTOR('',#9182,1.35000000000002);
#2642=VECTOR('',#9185,3.);
#2643=VECTOR('',#9188,1.35);
#2644=VECTOR('',#9191,3.00000000000001);
#2645=VECTOR('',#9194,1.35);
#2646=VECTOR('',#9197,3.00000000000001);
#2647=VECTOR('',#9202,1.35000000000002);
#2648=VECTOR('',#9207,1.35000000000001);
#2649=VERTEX_POINT('',#9220);
#2650=VERTEX_POINT('',#9221);
#2651=VERTEX_POINT('',#9223);
#2652=VERTEX_POINT('',#9225);
#2653=VERTEX_POINT('',#9229);
#2654=VERTEX_POINT('',#9230);
#2655=VERTEX_POINT('',#9235);
#2656=VERTEX_POINT('',#9236);
#2657=VERTEX_POINT('',#9241);
#2658=VERTEX_POINT('',#9242);
#2659=VERTEX_POINT('',#9247);
#2660=VERTEX_POINT('',#9248);
#2661=VERTEX_POINT('',#9253);
#2662=VERTEX_POINT('',#9254);
#2663=VERTEX_POINT('',#9259);
#2664=VERTEX_POINT('',#9260);
#2665=VERTEX_POINT('',#9268);
#2666=VERTEX_POINT('',#9270);
#2667=VERTEX_POINT('',#9274);
#2668=VERTEX_POINT('',#9276);
#2669=VERTEX_POINT('',#9278);
#2670=VERTEX_POINT('',#9280);
#2671=VERTEX_POINT('',#9282);
#2672=VERTEX_POINT('',#9285);
#2673=VERTEX_POINT('',#9286);
#2674=VERTEX_POINT('',#9288);
#2675=VERTEX_POINT('',#9290);
#2676=VERTEX_POINT('',#9293);
#2677=VERTEX_POINT('',#9294);
#2678=VERTEX_POINT('',#9296);
#2679=VERTEX_POINT('',#9298);
#2680=VERTEX_POINT('',#9301);
#2681=VERTEX_POINT('',#9302);
#2682=VERTEX_POINT('',#9304);
#2683=VERTEX_POINT('',#9306);
#2684=VERTEX_POINT('',#9309);
#2685=VERTEX_POINT('',#9310);
#2686=VERTEX_POINT('',#9312);
#2687=VERTEX_POINT('',#9314);
#2688=VERTEX_POINT('',#9317);
#2689=VERTEX_POINT('',#9318);
#2690=VERTEX_POINT('',#9320);
#2691=VERTEX_POINT('',#9322);
#2692=VERTEX_POINT('',#9325);
#2693=VERTEX_POINT('',#9326);
#2694=VERTEX_POINT('',#9328);
#2695=VERTEX_POINT('',#9330);
#2696=VERTEX_POINT('',#9333);
#2697=VERTEX_POINT('',#9334);
#2698=VERTEX_POINT('',#9336);
#2699=VERTEX_POINT('',#9338);
#2700=VERTEX_POINT('',#9341);
#2701=VERTEX_POINT('',#9342);
#2702=VERTEX_POINT('',#9344);
#2703=VERTEX_POINT('',#9346);
#2704=VERTEX_POINT('',#9349);
#2705=VERTEX_POINT('',#9350);
#2706=VERTEX_POINT('',#9352);
#2707=VERTEX_POINT('',#9354);
#2708=VERTEX_POINT('',#9356);
#2709=VERTEX_POINT('',#9358);
#2710=VERTEX_POINT('',#9360);
#2711=VERTEX_POINT('',#9362);
#2712=VERTEX_POINT('',#9366);
#2713=VERTEX_POINT('',#9370);
#2714=VERTEX_POINT('',#9372);
#2715=VERTEX_POINT('',#9374);
#2716=VERTEX_POINT('',#9376);
#2717=VERTEX_POINT('',#9378);
#2718=VERTEX_POINT('',#9380);
#2719=VERTEX_POINT('',#9382);
#2720=VERTEX_POINT('',#9385);
#2721=VERTEX_POINT('',#9386);
#2722=VERTEX_POINT('',#9388);
#2723=VERTEX_POINT('',#9390);
#2724=VERTEX_POINT('',#9393);
#2725=VERTEX_POINT('',#9394);
#2726=VERTEX_POINT('',#9396);
#2727=VERTEX_POINT('',#9398);
#2728=VERTEX_POINT('',#9401);
#2729=VERTEX_POINT('',#9402);
#2730=VERTEX_POINT('',#9404);
#2731=VERTEX_POINT('',#9406);
#2732=VERTEX_POINT('',#9409);
#2733=VERTEX_POINT('',#9410);
#2734=VERTEX_POINT('',#9412);
#2735=VERTEX_POINT('',#9414);
#2736=VERTEX_POINT('',#9417);
#2737=VERTEX_POINT('',#9418);
#2738=VERTEX_POINT('',#9420);
#2739=VERTEX_POINT('',#9422);
#2740=VERTEX_POINT('',#9425);
#2741=VERTEX_POINT('',#9426);
#2742=VERTEX_POINT('',#9428);
#2743=VERTEX_POINT('',#9430);
#2744=VERTEX_POINT('',#9433);
#2745=VERTEX_POINT('',#9434);
#2746=VERTEX_POINT('',#9436);
#2747=VERTEX_POINT('',#9438);
#2748=VERTEX_POINT('',#9441);
#2749=VERTEX_POINT('',#9442);
#2750=VERTEX_POINT('',#9444);
#2751=VERTEX_POINT('',#9446);
#2752=VERTEX_POINT('',#9450);
#2753=VERTEX_POINT('',#9451);
#2754=VERTEX_POINT('',#9453);
#2755=VERTEX_POINT('',#9455);
#2756=VERTEX_POINT('',#9458);
#2757=VERTEX_POINT('',#9459);
#2758=VERTEX_POINT('',#9461);
#2759=VERTEX_POINT('',#9463);
#2760=VERTEX_POINT('',#9466);
#2761=VERTEX_POINT('',#9467);
#2762=VERTEX_POINT('',#9469);
#2763=VERTEX_POINT('',#9471);
#2764=VERTEX_POINT('',#9474);
#2765=VERTEX_POINT('',#9475);
#2766=VERTEX_POINT('',#9477);
#2767=VERTEX_POINT('',#9479);
#2768=VERTEX_POINT('',#9482);
#2769=VERTEX_POINT('',#9483);
#2770=VERTEX_POINT('',#9485);
#2771=VERTEX_POINT('',#9487);
#2772=VERTEX_POINT('',#9490);
#2773=VERTEX_POINT('',#9491);
#2774=VERTEX_POINT('',#9493);
#2775=VERTEX_POINT('',#9495);
#2776=VERTEX_POINT('',#9498);
#2777=VERTEX_POINT('',#9499);
#2778=VERTEX_POINT('',#9501);
#2779=VERTEX_POINT('',#9503);
#2780=VERTEX_POINT('',#9506);
#2781=VERTEX_POINT('',#9508);
#2782=VERTEX_POINT('',#9510);
#2783=VERTEX_POINT('',#9512);
#2784=VERTEX_POINT('',#9514);
#2785=VERTEX_POINT('',#9516);
#2786=VERTEX_POINT('',#9518);
#2787=VERTEX_POINT('',#9519);
#2788=VERTEX_POINT('',#9521);
#2789=VERTEX_POINT('',#9523);
#2790=VERTEX_POINT('',#9525);
#2791=VERTEX_POINT('',#9527);
#2792=VERTEX_POINT('',#9529);
#2793=VERTEX_POINT('',#9531);
#2794=VERTEX_POINT('',#9533);
#2795=VERTEX_POINT('',#9535);
#2796=VERTEX_POINT('',#9538);
#2797=VERTEX_POINT('',#9539);
#2798=VERTEX_POINT('',#9541);
#2799=VERTEX_POINT('',#9543);
#2800=VERTEX_POINT('',#9546);
#2801=VERTEX_POINT('',#9547);
#2802=VERTEX_POINT('',#9549);
#2803=VERTEX_POINT('',#9551);
#2804=VERTEX_POINT('',#9554);
#2805=VERTEX_POINT('',#9555);
#2806=VERTEX_POINT('',#9557);
#2807=VERTEX_POINT('',#9559);
#2808=VERTEX_POINT('',#9562);
#2809=VERTEX_POINT('',#9563);
#2810=VERTEX_POINT('',#9565);
#2811=VERTEX_POINT('',#9567);
#2812=VERTEX_POINT('',#9570);
#2813=VERTEX_POINT('',#9571);
#2814=VERTEX_POINT('',#9573);
#2815=VERTEX_POINT('',#9575);
#2816=VERTEX_POINT('',#9578);
#2817=VERTEX_POINT('',#9579);
#2818=VERTEX_POINT('',#9581);
#2819=VERTEX_POINT('',#9583);
#2820=VERTEX_POINT('',#9586);
#2821=VERTEX_POINT('',#9587);
#2822=VERTEX_POINT('',#9589);
#2823=VERTEX_POINT('',#9591);
#2824=VERTEX_POINT('',#9595);
#2825=VERTEX_POINT('',#9596);
#2826=VERTEX_POINT('',#9601);
#2827=VERTEX_POINT('',#9605);
#2828=VERTEX_POINT('',#9611);
#2829=VERTEX_POINT('',#9612);
#2830=VERTEX_POINT('',#9617);
#2831=VERTEX_POINT('',#9621);
#2832=VERTEX_POINT('',#9627);
#2833=VERTEX_POINT('',#9628);
#2834=VERTEX_POINT('',#9633);
#2835=VERTEX_POINT('',#9637);
#2836=VERTEX_POINT('',#9643);
#2837=VERTEX_POINT('',#9644);
#2838=VERTEX_POINT('',#9649);
#2839=VERTEX_POINT('',#9653);
#2840=VERTEX_POINT('',#9659);
#2841=VERTEX_POINT('',#9660);
#2842=VERTEX_POINT('',#9665);
#2843=VERTEX_POINT('',#9669);
#2844=VERTEX_POINT('',#9675);
#2845=VERTEX_POINT('',#9676);
#2846=VERTEX_POINT('',#9681);
#2847=VERTEX_POINT('',#9685);
#2848=VERTEX_POINT('',#9691);
#2849=VERTEX_POINT('',#9692);
#2850=VERTEX_POINT('',#9697);
#2851=VERTEX_POINT('',#9701);
#2852=VERTEX_POINT('',#9707);
#2853=VERTEX_POINT('',#9708);
#2854=VERTEX_POINT('',#9713);
#2855=VERTEX_POINT('',#9717);
#2856=VERTEX_POINT('',#9723);
#2857=VERTEX_POINT('',#9724);
#2858=VERTEX_POINT('',#9729);
#2859=VERTEX_POINT('',#9733);
#2860=VERTEX_POINT('',#9739);
#2861=VERTEX_POINT('',#9740);
#2862=VERTEX_POINT('',#9745);
#2863=VERTEX_POINT('',#9749);
#2864=VERTEX_POINT('',#9755);
#2865=VERTEX_POINT('',#9756);
#2866=VERTEX_POINT('',#9761);
#2867=VERTEX_POINT('',#9765);
#2868=VERTEX_POINT('',#9771);
#2869=VERTEX_POINT('',#9772);
#2870=VERTEX_POINT('',#9777);
#2871=VERTEX_POINT('',#9781);
#2872=VERTEX_POINT('',#9787);
#2873=VERTEX_POINT('',#9788);
#2874=VERTEX_POINT('',#9793);
#2875=VERTEX_POINT('',#9797);
#2876=VERTEX_POINT('',#9803);
#2877=VERTEX_POINT('',#9804);
#2878=VERTEX_POINT('',#9809);
#2879=VERTEX_POINT('',#9813);
#2880=VERTEX_POINT('',#9819);
#2881=VERTEX_POINT('',#9820);
#2882=VERTEX_POINT('',#9825);
#2883=VERTEX_POINT('',#9829);
#2884=VERTEX_POINT('',#9835);
#2885=VERTEX_POINT('',#9836);
#2886=VERTEX_POINT('',#9841);
#2887=VERTEX_POINT('',#9845);
#2888=VERTEX_POINT('',#9851);
#2889=VERTEX_POINT('',#9852);
#2890=VERTEX_POINT('',#9857);
#2891=VERTEX_POINT('',#9861);
#2892=VERTEX_POINT('',#9867);
#2893=VERTEX_POINT('',#9868);
#2894=VERTEX_POINT('',#9873);
#2895=VERTEX_POINT('',#9877);
#2896=VERTEX_POINT('',#9883);
#2897=VERTEX_POINT('',#9884);
#2898=VERTEX_POINT('',#9889);
#2899=VERTEX_POINT('',#9893);
#2900=VERTEX_POINT('',#9899);
#2901=VERTEX_POINT('',#9900);
#2902=VERTEX_POINT('',#9905);
#2903=VERTEX_POINT('',#9909);
#2904=VERTEX_POINT('',#9915);
#2905=VERTEX_POINT('',#9916);
#2906=VERTEX_POINT('',#9921);
#2907=VERTEX_POINT('',#9925);
#2908=VERTEX_POINT('',#9931);
#2909=VERTEX_POINT('',#9932);
#2910=VERTEX_POINT('',#9937);
#2911=VERTEX_POINT('',#9941);
#2912=VERTEX_POINT('',#9947);
#2913=VERTEX_POINT('',#9948);
#2914=VERTEX_POINT('',#9950);
#2915=VERTEX_POINT('',#9952);
#2916=VERTEX_POINT('',#9956);
#2917=VERTEX_POINT('',#9958);
#2918=VERTEX_POINT('',#9962);
#2919=VERTEX_POINT('',#9964);
#2920=VERTEX_POINT('',#9971);
#2921=VERTEX_POINT('',#9972);
#2922=VERTEX_POINT('',#9974);
#2923=VERTEX_POINT('',#9976);
#2924=VERTEX_POINT('',#9980);
#2925=VERTEX_POINT('',#9982);
#2926=VERTEX_POINT('',#9986);
#2927=VERTEX_POINT('',#9988);
#2928=VERTEX_POINT('',#9995);
#2929=VERTEX_POINT('',#9996);
#2930=VERTEX_POINT('',#9998);
#2931=VERTEX_POINT('',#10000);
#2932=VERTEX_POINT('',#10004);
#2933=VERTEX_POINT('',#10006);
#2934=VERTEX_POINT('',#10010);
#2935=VERTEX_POINT('',#10012);
#2936=VERTEX_POINT('',#10019);
#2937=VERTEX_POINT('',#10020);
#2938=VERTEX_POINT('',#10022);
#2939=VERTEX_POINT('',#10024);
#2940=VERTEX_POINT('',#10028);
#2941=VERTEX_POINT('',#10030);
#2942=VERTEX_POINT('',#10034);
#2943=VERTEX_POINT('',#10036);
#2944=VERTEX_POINT('',#10043);
#2945=VERTEX_POINT('',#10044);
#2946=VERTEX_POINT('',#10046);
#2947=VERTEX_POINT('',#10048);
#2948=VERTEX_POINT('',#10052);
#2949=VERTEX_POINT('',#10054);
#2950=VERTEX_POINT('',#10058);
#2951=VERTEX_POINT('',#10060);
#2952=VERTEX_POINT('',#10067);
#2953=VERTEX_POINT('',#10068);
#2954=VERTEX_POINT('',#10070);
#2955=VERTEX_POINT('',#10072);
#2956=VERTEX_POINT('',#10076);
#2957=VERTEX_POINT('',#10078);
#2958=VERTEX_POINT('',#10082);
#2959=VERTEX_POINT('',#10084);
#2960=VERTEX_POINT('',#10091);
#2961=VERTEX_POINT('',#10092);
#2962=VERTEX_POINT('',#10094);
#2963=VERTEX_POINT('',#10096);
#2964=VERTEX_POINT('',#10100);
#2965=VERTEX_POINT('',#10102);
#2966=VERTEX_POINT('',#10106);
#2967=VERTEX_POINT('',#10108);
#2968=VERTEX_POINT('',#10115);
#2969=VERTEX_POINT('',#10117);
#2970=VERTEX_POINT('',#10121);
#2971=VERTEX_POINT('',#10124);
#2972=VERTEX_POINT('',#10125);
#2973=VERTEX_POINT('',#10127);
#2974=VERTEX_POINT('',#10129);
#2975=VERTEX_POINT('',#10133);
#2976=VERTEX_POINT('',#10134);
#2977=VERTEX_POINT('',#10136);
#2978=VERTEX_POINT('',#10138);
#2979=VERTEX_POINT('',#10140);
#2980=VERTEX_POINT('',#10142);
#2981=VERTEX_POINT('',#10144);
#2982=VERTEX_POINT('',#10146);
#2983=VERTEX_POINT('',#10150);
#2984=VERTEX_POINT('',#10157);
#2985=VERTEX_POINT('',#10158);
#2986=VERTEX_POINT('',#10160);
#2987=VERTEX_POINT('',#10162);
#2988=VERTEX_POINT('',#10164);
#2989=VERTEX_POINT('',#10166);
#2990=VERTEX_POINT('',#10168);
#2991=VERTEX_POINT('',#10170);
#2992=VERTEX_POINT('',#10173);
#2993=VERTEX_POINT('',#10177);
#2994=VERTEX_POINT('',#10178);
#2995=VERTEX_POINT('',#10183);
#2996=VERTEX_POINT('',#10187);
#2997=VERTEX_POINT('',#10193);
#2998=VERTEX_POINT('',#10194);
#2999=VERTEX_POINT('',#10199);
#3000=VERTEX_POINT('',#10203);
#3001=VERTEX_POINT('',#10209);
#3002=VERTEX_POINT('',#10210);
#3003=VERTEX_POINT('',#10215);
#3004=VERTEX_POINT('',#10219);
#3005=VERTEX_POINT('',#10225);
#3006=VERTEX_POINT('',#10226);
#3007=VERTEX_POINT('',#10231);
#3008=VERTEX_POINT('',#10235);
#3009=VERTEX_POINT('',#10241);
#3010=VERTEX_POINT('',#10242);
#3011=VERTEX_POINT('',#10247);
#3012=VERTEX_POINT('',#10251);
#3013=VERTEX_POINT('',#10257);
#3014=VERTEX_POINT('',#10258);
#3015=VERTEX_POINT('',#10263);
#3016=VERTEX_POINT('',#10267);
#3017=VERTEX_POINT('',#10273);
#3018=VERTEX_POINT('',#10274);
#3019=VERTEX_POINT('',#10279);
#3020=VERTEX_POINT('',#10283);
#3021=VERTEX_POINT('',#10291);
#3022=VERTEX_POINT('',#10292);
#3023=VERTEX_POINT('',#10297);
#3024=VERTEX_POINT('',#10301);
#3025=VERTEX_POINT('',#10309);
#3026=VERTEX_POINT('',#10312);
#3027=VERTEX_POINT('',#10313);
#3028=VERTEX_POINT('',#10315);
#3029=VERTEX_POINT('',#10317);
#3030=VERTEX_POINT('',#10321);
#3031=VERTEX_POINT('',#10322);
#3032=VERTEX_POINT('',#10324);
#3033=VERTEX_POINT('',#10326);
#3034=VERTEX_POINT('',#10333);
#3035=VERTEX_POINT('',#10336);
#3036=VERTEX_POINT('',#10338);
#3037=VERTEX_POINT('',#10341);
#3038=VERTEX_POINT('',#10343);
#3039=VERTEX_POINT('',#10345);
#3040=VERTEX_POINT('',#10347);
#3041=VERTEX_POINT('',#10349);
#3042=VERTEX_POINT('',#10351);
#3043=VERTEX_POINT('',#10353);
#3044=VERTEX_POINT('',#10355);
#3045=VERTEX_POINT('',#10357);
#3046=VERTEX_POINT('',#10359);
#3047=VERTEX_POINT('',#10361);
#3048=VERTEX_POINT('',#10363);
#3049=VERTEX_POINT('',#10365);
#3050=VERTEX_POINT('',#10367);
#3051=VERTEX_POINT('',#10369);
#3052=VERTEX_POINT('',#10371);
#3053=VERTEX_POINT('',#10373);
#3054=VERTEX_POINT('',#10375);
#3055=VERTEX_POINT('',#10377);
#3056=VERTEX_POINT('',#10379);
#3057=VERTEX_POINT('',#10381);
#3058=VERTEX_POINT('',#10383);
#3059=VERTEX_POINT('',#10385);
#3060=VERTEX_POINT('',#10387);
#3061=VERTEX_POINT('',#10389);
#3062=VERTEX_POINT('',#10391);
#3063=VERTEX_POINT('',#10393);
#3064=VERTEX_POINT('',#10395);
#3065=VERTEX_POINT('',#10397);
#3066=VERTEX_POINT('',#10399);
#3067=VERTEX_POINT('',#10401);
#3068=VERTEX_POINT('',#10403);
#3069=VERTEX_POINT('',#10405);
#3070=VERTEX_POINT('',#10408);
#3071=VERTEX_POINT('',#10411);
#3072=VERTEX_POINT('',#10412);
#3073=VERTEX_POINT('',#10414);
#3074=VERTEX_POINT('',#10416);
#3075=VERTEX_POINT('',#10418);
#3076=VERTEX_POINT('',#10420);
#3077=VERTEX_POINT('',#10422);
#3078=VERTEX_POINT('',#10424);
#3079=VERTEX_POINT('',#10426);
#3080=VERTEX_POINT('',#10428);
#3081=VERTEX_POINT('',#10431);
#3082=VERTEX_POINT('',#10432);
#3083=VERTEX_POINT('',#10434);
#3084=VERTEX_POINT('',#10436);
#3085=VERTEX_POINT('',#10438);
#3086=VERTEX_POINT('',#10440);
#3087=VERTEX_POINT('',#10442);
#3088=VERTEX_POINT('',#10444);
#3089=VERTEX_POINT('',#10446);
#3090=VERTEX_POINT('',#10448);
#3091=VERTEX_POINT('',#10473);
#3092=VERTEX_POINT('',#10477);
#3093=VERTEX_POINT('',#10484);
#3094=VERTEX_POINT('',#10488);
#3095=VERTEX_POINT('',#10495);
#3096=VERTEX_POINT('',#10497);
#3097=VERTEX_POINT('',#10500);
#3098=VERTEX_POINT('',#10502);
#3099=VERTEX_POINT('',#10505);
#3100=VERTEX_POINT('',#10507);
#3101=VERTEX_POINT('',#10511);
#3102=VERTEX_POINT('',#10515);
#3103=VERTEX_POINT('',#10522);
#3104=VERTEX_POINT('',#10526);
#3105=VERTEX_POINT('',#10533);
#3106=VERTEX_POINT('',#10534);
#3107=VERTEX_POINT('',#10536);
#3108=VERTEX_POINT('',#10539);
#3109=VERTEX_POINT('',#10542);
#3110=VERTEX_POINT('',#10544);
#3111=VERTEX_POINT('',#10550);
#3112=VERTEX_POINT('',#10554);
#3113=VERTEX_POINT('',#10555);
#3114=VERTEX_POINT('',#10560);
#3115=VERTEX_POINT('',#10564);
#3116=VERTEX_POINT('',#10568);
#3117=VERTEX_POINT('',#10572);
#3118=VERTEX_POINT('',#10576);
#3119=VERTEX_POINT('',#10580);
#3120=VERTEX_POINT('',#10586);
#3121=VERTEX_POINT('',#10587);
#3122=VERTEX_POINT('',#10589);
#3123=VERTEX_POINT('',#10591);
#3124=VERTEX_POINT('',#10595);
#3125=VERTEX_POINT('',#10596);
#3126=VERTEX_POINT('',#10598);
#3127=VERTEX_POINT('',#10600);
#3128=VERTEX_POINT('',#10607);
#3129=VERTEX_POINT('',#10608);
#3130=VERTEX_POINT('',#10610);
#3131=VERTEX_POINT('',#10612);
#3132=VERTEX_POINT('',#10619);
#3133=VERTEX_POINT('',#10620);
#3134=VERTEX_POINT('',#10622);
#3135=VERTEX_POINT('',#10624);
#3136=VERTEX_POINT('',#10628);
#3137=VERTEX_POINT('',#10629);
#3138=VERTEX_POINT('',#10631);
#3139=VERTEX_POINT('',#10633);
#3140=VERTEX_POINT('',#10640);
#3141=VERTEX_POINT('',#10641);
#3142=VERTEX_POINT('',#10643);
#3143=VERTEX_POINT('',#10645);
#3144=VERTEX_POINT('',#10652);
#3145=VERTEX_POINT('',#10653);
#3146=VERTEX_POINT('',#10655);
#3147=VERTEX_POINT('',#10657);
#3148=VERTEX_POINT('',#10661);
#3149=VERTEX_POINT('',#10662);
#3150=VERTEX_POINT('',#10664);
#3151=VERTEX_POINT('',#10666);
#3152=VERTEX_POINT('',#10673);
#3153=VERTEX_POINT('',#10674);
#3154=VERTEX_POINT('',#10676);
#3155=VERTEX_POINT('',#10678);
#3156=VERTEX_POINT('',#10688);
#3157=VERTEX_POINT('',#10692);
#3158=VERTEX_POINT('',#10694);
#3159=VERTEX_POINT('',#10696);
#3160=VERTEX_POINT('',#10700);
#3161=VERTEX_POINT('',#10702);
#3162=VERTEX_POINT('',#10704);
#3163=VERTEX_POINT('',#10712);
#3164=VERTEX_POINT('',#10713);
#3165=VERTEX_POINT('',#10718);
#3166=VERTEX_POINT('',#10724);
#3167=VERTEX_POINT('',#10727);
#3168=VERTEX_POINT('',#10729);
#3169=VERTEX_POINT('',#10733);
#3170=VERTEX_POINT('',#10735);
#3171=VERTEX_POINT('',#10739);
#3172=VERTEX_POINT('',#10741);
#3173=VERTEX_POINT('',#10743);
#3174=VERTEX_POINT('',#10745);
#3175=VERTEX_POINT('',#10749);
#3176=VERTEX_POINT('',#10751);
#3177=VERTEX_POINT('',#10755);
#3178=VERTEX_POINT('',#10757);
#3179=VERTEX_POINT('',#10761);
#3180=VERTEX_POINT('',#10762);
#3181=VERTEX_POINT('',#10764);
#3182=VERTEX_POINT('',#10766);
#3183=VERTEX_POINT('',#10770);
#3184=VERTEX_POINT('',#10774);
#3185=VERTEX_POINT('',#10776);
#3186=VERTEX_POINT('',#10780);
#3187=VERTEX_POINT('',#10782);
#3188=VERTEX_POINT('',#10784);
#3189=VERTEX_POINT('',#10786);
#3190=VERTEX_POINT('',#10788);
#3191=VERTEX_POINT('',#10790);
#3192=VERTEX_POINT('',#10792);
#3193=VERTEX_POINT('',#10794);
#3194=VERTEX_POINT('',#10796);
#3195=VERTEX_POINT('',#10798);
#3196=VERTEX_POINT('',#10800);
#3197=VERTEX_POINT('',#10802);
#3198=VERTEX_POINT('',#10804);
#3199=VERTEX_POINT('',#10808);
#3200=VERTEX_POINT('',#10810);
#3201=VERTEX_POINT('',#10817);
#3202=VERTEX_POINT('',#10824);
#3203=VERTEX_POINT('',#10826);
#3204=VERTEX_POINT('',#10830);
#3205=VERTEX_POINT('',#10835);
#3206=VERTEX_POINT('',#10840);
#3207=VERTEX_POINT('',#10842);
#3208=VERTEX_POINT('',#10845);
#3209=VERTEX_POINT('',#10847);
#3210=VERTEX_POINT('',#10849);
#3211=VERTEX_POINT('',#10851);
#3212=VERTEX_POINT('',#10853);
#3213=VERTEX_POINT('',#10855);
#3214=VERTEX_POINT('',#10857);
#3215=VERTEX_POINT('',#10859);
#3216=VERTEX_POINT('',#10861);
#3217=VERTEX_POINT('',#10863);
#3218=VERTEX_POINT('',#10865);
#3219=VERTEX_POINT('',#10867);
#3220=VERTEX_POINT('',#10869);
#3221=VERTEX_POINT('',#10873);
#3222=VERTEX_POINT('',#10906);
#3223=VERTEX_POINT('',#10908);
#3224=VERTEX_POINT('',#10914);
#3225=VERTEX_POINT('',#10915);
#3226=VERTEX_POINT('',#10920);
#3227=VERTEX_POINT('',#10926);
#3228=VERTEX_POINT('',#10939);
#3229=VERTEX_POINT('',#10941);
#3230=VERTEX_POINT('',#10943);
#3231=VERTEX_POINT('',#10945);
#3232=VERTEX_POINT('',#10947);
#3233=VERTEX_POINT('',#10949);
#3234=VERTEX_POINT('',#10952);
#3235=VERTEX_POINT('',#10954);
#3236=VERTEX_POINT('',#10958);
#3237=VERTEX_POINT('',#10960);
#3238=VERTEX_POINT('',#10962);
#3239=VERTEX_POINT('',#10964);
#3240=VERTEX_POINT('',#10966);
#3241=VERTEX_POINT('',#10968);
#3242=VERTEX_POINT('',#10971);
#3243=VERTEX_POINT('',#10975);
#3244=VERTEX_POINT('',#10979);
#3245=VERTEX_POINT('',#10981);
#3246=VERTEX_POINT('',#10985);
#3247=VERTEX_POINT('',#10988);
#3248=VERTEX_POINT('',#10991);
#3249=VERTEX_POINT('',#10996);
#3250=VERTEX_POINT('',#10998);
#3251=VERTEX_POINT('',#11000);
#3252=VERTEX_POINT('',#11006);
#3253=VERTEX_POINT('',#11008);
#3254=VERTEX_POINT('',#11011);
#3255=VERTEX_POINT('',#11014);
#3256=VERTEX_POINT('',#11018);
#3257=VERTEX_POINT('',#11022);
#3258=VERTEX_POINT('',#11026);
#3259=VERTEX_POINT('',#11030);
#3260=VERTEX_POINT('',#11034);
#3261=VERTEX_POINT('',#11038);
#3262=VERTEX_POINT('',#11042);
#3263=VERTEX_POINT('',#11045);
#3264=VERTEX_POINT('',#11050);
#3265=VERTEX_POINT('',#11053);
#3266=VERTEX_POINT('',#11056);
#3267=VERTEX_POINT('',#11058);
#3268=VERTEX_POINT('',#11061);
#3269=VERTEX_POINT('',#11063);
#3270=VERTEX_POINT('',#11072);
#3271=VERTEX_POINT('',#11074);
#3272=VERTEX_POINT('',#11084);
#3273=VERTEX_POINT('',#11087);
#3274=VERTEX_POINT('',#11089);
#3275=VERTEX_POINT('',#11096);
#3276=VERTEX_POINT('',#11098);
#3277=VERTEX_POINT('',#11101);
#3278=VERTEX_POINT('',#11103);
#3279=VERTEX_POINT('',#11110);
#3280=VERTEX_POINT('',#11113);
#3281=VERTEX_POINT('',#11130);
#3282=VERTEX_POINT('',#11134);
#3283=EDGE_CURVE('',#2649,#2650,#1313,.T.);
#3284=EDGE_CURVE('',#2650,#2651,#1314,.T.);
#3285=EDGE_CURVE('',#2651,#2652,#1315,.T.);
#3286=EDGE_CURVE('',#2652,#2649,#1316,.T.);
#3287=EDGE_CURVE('',#2653,#2654,#1317,.T.);
#3288=EDGE_CURVE('',#2654,#2650,#253,.T.);
#3289=EDGE_CURVE('',#2649,#2653,#254,.T.);
#3290=EDGE_CURVE('',#2655,#2656,#1318,.T.);
#3291=EDGE_CURVE('',#2656,#2654,#1319,.T.);
#3292=EDGE_CURVE('',#2653,#2655,#1320,.T.);
#3293=EDGE_CURVE('',#2657,#2658,#1321,.T.);
#3294=EDGE_CURVE('',#2658,#2656,#255,.T.);
#3295=EDGE_CURVE('',#2655,#2657,#256,.T.);
#3296=EDGE_CURVE('',#2659,#2660,#1322,.T.);
#3297=EDGE_CURVE('',#2660,#2658,#1323,.T.);
#3298=EDGE_CURVE('',#2657,#2659,#1324,.T.);
#3299=EDGE_CURVE('',#2661,#2662,#1325,.T.);
#3300=EDGE_CURVE('',#2662,#2660,#257,.T.);
#3301=EDGE_CURVE('',#2659,#2661,#258,.T.);
#3302=EDGE_CURVE('',#2663,#2664,#1326,.T.);
#3303=EDGE_CURVE('',#2664,#2662,#1327,.T.);
#3304=EDGE_CURVE('',#2661,#2663,#1328,.T.);
#3305=EDGE_CURVE('',#2651,#2664,#259,.T.);
#3306=EDGE_CURVE('',#2663,#2652,#260,.T.);
#3307=EDGE_CURVE('',#2665,#2662,#1329,.T.);
#3308=EDGE_CURVE('',#2666,#2665,#261,.T.);
#3309=EDGE_CURVE('',#2666,#2660,#1330,.T.);
#3310=EDGE_CURVE('',#2667,#2664,#1331,.T.);
#3311=EDGE_CURVE('',#2668,#2667,#1332,.T.);
#3312=EDGE_CURVE('',#2668,#2669,#262,.T.);
#3313=EDGE_CURVE('',#2669,#2670,#1333,.T.);
#3314=EDGE_CURVE('',#2670,#2671,#263,.T.);
#3315=EDGE_CURVE('',#2665,#2671,#1334,.T.);
#3316=EDGE_CURVE('',#2672,#2673,#1335,.T.);
#3317=EDGE_CURVE('',#2673,#2674,#264,.T.);
#3318=EDGE_CURVE('',#2674,#2675,#1336,.T.);
#3319=EDGE_CURVE('',#2675,#2672,#265,.T.);
#3320=EDGE_CURVE('',#2676,#2677,#1337,.T.);
#3321=EDGE_CURVE('',#2677,#2678,#266,.T.);
#3322=EDGE_CURVE('',#2678,#2679,#1338,.T.);
#3323=EDGE_CURVE('',#2679,#2676,#267,.T.);
#3324=EDGE_CURVE('',#2680,#2681,#1339,.T.);
#3325=EDGE_CURVE('',#2681,#2682,#268,.T.);
#3326=EDGE_CURVE('',#2682,#2683,#1340,.T.);
#3327=EDGE_CURVE('',#2683,#2680,#269,.T.);
#3328=EDGE_CURVE('',#2684,#2685,#1341,.T.);
#3329=EDGE_CURVE('',#2685,#2686,#270,.T.);
#3330=EDGE_CURVE('',#2686,#2687,#1342,.T.);
#3331=EDGE_CURVE('',#2687,#2684,#271,.T.);
#3332=EDGE_CURVE('',#2688,#2689,#1343,.T.);
#3333=EDGE_CURVE('',#2689,#2690,#272,.T.);
#3334=EDGE_CURVE('',#2690,#2691,#1344,.T.);
#3335=EDGE_CURVE('',#2691,#2688,#273,.T.);
#3336=EDGE_CURVE('',#2692,#2693,#1345,.T.);
#3337=EDGE_CURVE('',#2693,#2694,#274,.T.);
#3338=EDGE_CURVE('',#2694,#2695,#1346,.T.);
#3339=EDGE_CURVE('',#2695,#2692,#275,.T.);
#3340=EDGE_CURVE('',#2696,#2697,#1347,.T.);
#3341=EDGE_CURVE('',#2697,#2698,#276,.T.);
#3342=EDGE_CURVE('',#2698,#2699,#1348,.T.);
#3343=EDGE_CURVE('',#2699,#2696,#277,.T.);
#3344=EDGE_CURVE('',#2700,#2701,#1349,.T.);
#3345=EDGE_CURVE('',#2701,#2702,#278,.T.);
#3346=EDGE_CURVE('',#2702,#2703,#1350,.T.);
#3347=EDGE_CURVE('',#2703,#2700,#279,.T.);
#3348=EDGE_CURVE('',#2704,#2705,#1351,.T.);
#3349=EDGE_CURVE('',#2705,#2706,#280,.T.);
#3350=EDGE_CURVE('',#2706,#2707,#1352,.T.);
#3351=EDGE_CURVE('',#2707,#2708,#281,.T.);
#3352=EDGE_CURVE('',#2708,#2709,#1353,.T.);
#3353=EDGE_CURVE('',#2709,#2710,#282,.T.);
#3354=EDGE_CURVE('',#2710,#2711,#1354,.T.);
#3355=EDGE_CURVE('',#2711,#2704,#283,.T.);
#3356=EDGE_CURVE('',#2712,#2651,#1355,.T.);
#3357=EDGE_CURVE('',#2667,#2712,#284,.T.);
#3358=EDGE_CURVE('',#2713,#2650,#1356,.T.);
#3359=EDGE_CURVE('',#2714,#2713,#1357,.T.);
#3360=EDGE_CURVE('',#2714,#2715,#285,.T.);
#3361=EDGE_CURVE('',#2716,#2715,#1358,.T.);
#3362=EDGE_CURVE('',#2716,#2717,#286,.T.);
#3363=EDGE_CURVE('',#2717,#2718,#1359,.T.);
#3364=EDGE_CURVE('',#2718,#2719,#287,.T.);
#3365=EDGE_CURVE('',#2712,#2719,#1360,.T.);
#3366=EDGE_CURVE('',#2720,#2721,#1361,.T.);
#3367=EDGE_CURVE('',#2721,#2722,#288,.T.);
#3368=EDGE_CURVE('',#2722,#2723,#1362,.T.);
#3369=EDGE_CURVE('',#2723,#2720,#289,.T.);
#3370=EDGE_CURVE('',#2724,#2725,#1363,.T.);
#3371=EDGE_CURVE('',#2725,#2726,#290,.T.);
#3372=EDGE_CURVE('',#2726,#2727,#1364,.T.);
#3373=EDGE_CURVE('',#2727,#2724,#291,.T.);
#3374=EDGE_CURVE('',#2728,#2729,#1365,.T.);
#3375=EDGE_CURVE('',#2729,#2730,#292,.T.);
#3376=EDGE_CURVE('',#2730,#2731,#1366,.T.);
#3377=EDGE_CURVE('',#2731,#2728,#293,.T.);
#3378=EDGE_CURVE('',#2732,#2733,#1367,.T.);
#3379=EDGE_CURVE('',#2733,#2734,#294,.T.);
#3380=EDGE_CURVE('',#2734,#2735,#1368,.T.);
#3381=EDGE_CURVE('',#2735,#2732,#295,.T.);
#3382=EDGE_CURVE('',#2736,#2737,#1369,.T.);
#3383=EDGE_CURVE('',#2737,#2738,#296,.T.);
#3384=EDGE_CURVE('',#2738,#2739,#1370,.T.);
#3385=EDGE_CURVE('',#2739,#2736,#297,.T.);
#3386=EDGE_CURVE('',#2740,#2741,#1371,.T.);
#3387=EDGE_CURVE('',#2741,#2742,#298,.T.);
#3388=EDGE_CURVE('',#2742,#2743,#1372,.T.);
#3389=EDGE_CURVE('',#2743,#2740,#299,.T.);
#3390=EDGE_CURVE('',#2744,#2745,#1373,.T.);
#3391=EDGE_CURVE('',#2745,#2746,#300,.T.);
#3392=EDGE_CURVE('',#2746,#2747,#1374,.T.);
#3393=EDGE_CURVE('',#2747,#2744,#301,.T.);
#3394=EDGE_CURVE('',#2748,#2749,#1375,.T.);
#3395=EDGE_CURVE('',#2749,#2750,#302,.T.);
#3396=EDGE_CURVE('',#2750,#2751,#1376,.T.);
#3397=EDGE_CURVE('',#2751,#2748,#303,.T.);
#3398=EDGE_CURVE('',#2752,#2753,#1377,.T.);
#3399=EDGE_CURVE('',#2753,#2754,#304,.T.);
#3400=EDGE_CURVE('',#2754,#2755,#1378,.T.);
#3401=EDGE_CURVE('',#2755,#2752,#305,.T.);
#3402=EDGE_CURVE('',#2756,#2757,#1379,.T.);
#3403=EDGE_CURVE('',#2757,#2758,#306,.T.);
#3404=EDGE_CURVE('',#2758,#2759,#1380,.T.);
#3405=EDGE_CURVE('',#2759,#2756,#307,.T.);
#3406=EDGE_CURVE('',#2760,#2761,#1381,.T.);
#3407=EDGE_CURVE('',#2761,#2762,#308,.T.);
#3408=EDGE_CURVE('',#2762,#2763,#1382,.T.);
#3409=EDGE_CURVE('',#2763,#2760,#309,.T.);
#3410=EDGE_CURVE('',#2764,#2765,#1383,.T.);
#3411=EDGE_CURVE('',#2765,#2766,#310,.T.);
#3412=EDGE_CURVE('',#2766,#2767,#1384,.T.);
#3413=EDGE_CURVE('',#2767,#2764,#311,.T.);
#3414=EDGE_CURVE('',#2768,#2769,#1385,.T.);
#3415=EDGE_CURVE('',#2769,#2770,#312,.T.);
#3416=EDGE_CURVE('',#2770,#2771,#1386,.T.);
#3417=EDGE_CURVE('',#2771,#2768,#313,.T.);
#3418=EDGE_CURVE('',#2772,#2773,#1387,.T.);
#3419=EDGE_CURVE('',#2773,#2774,#314,.T.);
#3420=EDGE_CURVE('',#2774,#2775,#1388,.T.);
#3421=EDGE_CURVE('',#2775,#2772,#315,.T.);
#3422=EDGE_CURVE('',#2776,#2777,#1389,.T.);
#3423=EDGE_CURVE('',#2777,#2778,#316,.T.);
#3424=EDGE_CURVE('',#2778,#2779,#1390,.T.);
#3425=EDGE_CURVE('',#2779,#2776,#317,.T.);
#3426=EDGE_CURVE('',#2780,#2780,#318,.T.);
#3427=EDGE_CURVE('',#2781,#2781,#319,.T.);
#3428=EDGE_CURVE('',#2782,#2782,#320,.T.);
#3429=EDGE_CURVE('',#2783,#2783,#321,.T.);
#3430=EDGE_CURVE('',#2784,#2784,#322,.T.);
#3431=EDGE_CURVE('',#2785,#2785,#323,.T.);
#3432=EDGE_CURVE('',#2786,#2787,#324,.T.);
#3433=EDGE_CURVE('',#2787,#2788,#1391,.T.);
#3434=EDGE_CURVE('',#2788,#2789,#325,.T.);
#3435=EDGE_CURVE('',#2789,#2790,#1392,.T.);
#3436=EDGE_CURVE('',#2790,#2791,#326,.T.);
#3437=EDGE_CURVE('',#2791,#2792,#1393,.T.);
#3438=EDGE_CURVE('',#2792,#2793,#1394,.T.);
#3439=EDGE_CURVE('',#2793,#2794,#1395,.T.);
#3440=EDGE_CURVE('',#2794,#2795,#327,.T.);
#3441=EDGE_CURVE('',#2795,#2786,#1396,.T.);
#3442=EDGE_CURVE('',#2796,#2797,#1397,.T.);
#3443=EDGE_CURVE('',#2797,#2798,#328,.T.);
#3444=EDGE_CURVE('',#2798,#2799,#1398,.T.);
#3445=EDGE_CURVE('',#2799,#2796,#329,.T.);
#3446=EDGE_CURVE('',#2800,#2801,#1399,.T.);
#3447=EDGE_CURVE('',#2801,#2802,#330,.T.);
#3448=EDGE_CURVE('',#2802,#2803,#1400,.T.);
#3449=EDGE_CURVE('',#2803,#2800,#331,.T.);
#3450=EDGE_CURVE('',#2804,#2805,#1401,.T.);
#3451=EDGE_CURVE('',#2805,#2806,#332,.T.);
#3452=EDGE_CURVE('',#2806,#2807,#1402,.T.);
#3453=EDGE_CURVE('',#2807,#2804,#333,.T.);
#3454=EDGE_CURVE('',#2808,#2809,#1403,.T.);
#3455=EDGE_CURVE('',#2809,#2810,#334,.T.);
#3456=EDGE_CURVE('',#2810,#2811,#1404,.T.);
#3457=EDGE_CURVE('',#2811,#2808,#335,.T.);
#3458=EDGE_CURVE('',#2812,#2813,#1405,.T.);
#3459=EDGE_CURVE('',#2813,#2814,#336,.T.);
#3460=EDGE_CURVE('',#2814,#2815,#1406,.T.);
#3461=EDGE_CURVE('',#2815,#2812,#337,.T.);
#3462=EDGE_CURVE('',#2816,#2817,#1407,.T.);
#3463=EDGE_CURVE('',#2817,#2818,#338,.T.);
#3464=EDGE_CURVE('',#2818,#2819,#1408,.T.);
#3465=EDGE_CURVE('',#2819,#2816,#339,.T.);
#3466=EDGE_CURVE('',#2820,#2821,#1409,.T.);
#3467=EDGE_CURVE('',#2821,#2822,#340,.T.);
#3468=EDGE_CURVE('',#2822,#2823,#1410,.T.);
#3469=EDGE_CURVE('',#2823,#2820,#341,.T.);
#3470=EDGE_CURVE('',#2824,#2825,#1411,.T.);
#3471=EDGE_CURVE('',#2723,#2824,#1412,.T.);
#3472=EDGE_CURVE('',#2722,#2825,#1413,.T.);
#3473=EDGE_CURVE('',#2825,#2826,#342,.T.);
#3474=EDGE_CURVE('',#2721,#2826,#1414,.T.);
#3475=EDGE_CURVE('',#2826,#2827,#1415,.T.);
#3476=EDGE_CURVE('',#2720,#2827,#1416,.T.);
#3477=EDGE_CURVE('',#2827,#2824,#343,.T.);
#3478=EDGE_CURVE('',#2828,#2829,#1417,.T.);
#3479=EDGE_CURVE('',#2727,#2828,#1418,.T.);
#3480=EDGE_CURVE('',#2726,#2829,#1419,.T.);
#3481=EDGE_CURVE('',#2829,#2830,#344,.T.);
#3482=EDGE_CURVE('',#2725,#2830,#1420,.T.);
#3483=EDGE_CURVE('',#2830,#2831,#1421,.T.);
#3484=EDGE_CURVE('',#2724,#2831,#1422,.T.);
#3485=EDGE_CURVE('',#2831,#2828,#345,.T.);
#3486=EDGE_CURVE('',#2832,#2833,#1423,.T.);
#3487=EDGE_CURVE('',#2731,#2832,#1424,.T.);
#3488=EDGE_CURVE('',#2730,#2833,#1425,.T.);
#3489=EDGE_CURVE('',#2833,#2834,#346,.T.);
#3490=EDGE_CURVE('',#2729,#2834,#1426,.T.);
#3491=EDGE_CURVE('',#2834,#2835,#1427,.T.);
#3492=EDGE_CURVE('',#2728,#2835,#1428,.T.);
#3493=EDGE_CURVE('',#2835,#2832,#347,.T.);
#3494=EDGE_CURVE('',#2836,#2837,#1429,.T.);
#3495=EDGE_CURVE('',#2735,#2836,#1430,.T.);
#3496=EDGE_CURVE('',#2734,#2837,#1431,.T.);
#3497=EDGE_CURVE('',#2837,#2838,#348,.T.);
#3498=EDGE_CURVE('',#2733,#2838,#1432,.T.);
#3499=EDGE_CURVE('',#2838,#2839,#1433,.T.);
#3500=EDGE_CURVE('',#2732,#2839,#1434,.T.);
#3501=EDGE_CURVE('',#2839,#2836,#349,.T.);
#3502=EDGE_CURVE('',#2840,#2841,#1435,.T.);
#3503=EDGE_CURVE('',#2739,#2840,#1436,.T.);
#3504=EDGE_CURVE('',#2738,#2841,#1437,.T.);
#3505=EDGE_CURVE('',#2841,#2842,#350,.T.);
#3506=EDGE_CURVE('',#2737,#2842,#1438,.T.);
#3507=EDGE_CURVE('',#2842,#2843,#1439,.T.);
#3508=EDGE_CURVE('',#2736,#2843,#1440,.T.);
#3509=EDGE_CURVE('',#2843,#2840,#351,.T.);
#3510=EDGE_CURVE('',#2844,#2845,#1441,.T.);
#3511=EDGE_CURVE('',#2743,#2844,#1442,.T.);
#3512=EDGE_CURVE('',#2742,#2845,#1443,.T.);
#3513=EDGE_CURVE('',#2845,#2846,#352,.T.);
#3514=EDGE_CURVE('',#2741,#2846,#1444,.T.);
#3515=EDGE_CURVE('',#2846,#2847,#1445,.T.);
#3516=EDGE_CURVE('',#2740,#2847,#1446,.T.);
#3517=EDGE_CURVE('',#2847,#2844,#353,.T.);
#3518=EDGE_CURVE('',#2848,#2849,#1447,.T.);
#3519=EDGE_CURVE('',#2747,#2848,#1448,.T.);
#3520=EDGE_CURVE('',#2746,#2849,#1449,.T.);
#3521=EDGE_CURVE('',#2849,#2850,#354,.T.);
#3522=EDGE_CURVE('',#2745,#2850,#1450,.T.);
#3523=EDGE_CURVE('',#2850,#2851,#1451,.T.);
#3524=EDGE_CURVE('',#2744,#2851,#1452,.T.);
#3525=EDGE_CURVE('',#2851,#2848,#355,.T.);
#3526=EDGE_CURVE('',#2852,#2853,#1453,.T.);
#3527=EDGE_CURVE('',#2751,#2852,#1454,.T.);
#3528=EDGE_CURVE('',#2750,#2853,#1455,.T.);
#3529=EDGE_CURVE('',#2853,#2854,#356,.T.);
#3530=EDGE_CURVE('',#2749,#2854,#1456,.T.);
#3531=EDGE_CURVE('',#2854,#2855,#1457,.T.);
#3532=EDGE_CURVE('',#2748,#2855,#1458,.T.);
#3533=EDGE_CURVE('',#2855,#2852,#357,.T.);
#3534=EDGE_CURVE('',#2856,#2857,#1459,.T.);
#3535=EDGE_CURVE('',#2755,#2856,#1460,.T.);
#3536=EDGE_CURVE('',#2754,#2857,#1461,.T.);
#3537=EDGE_CURVE('',#2857,#2858,#358,.T.);
#3538=EDGE_CURVE('',#2753,#2858,#1462,.T.);
#3539=EDGE_CURVE('',#2858,#2859,#1463,.T.);
#3540=EDGE_CURVE('',#2752,#2859,#1464,.T.);
#3541=EDGE_CURVE('',#2859,#2856,#359,.T.);
#3542=EDGE_CURVE('',#2860,#2861,#1465,.T.);
#3543=EDGE_CURVE('',#2759,#2860,#1466,.T.);
#3544=EDGE_CURVE('',#2758,#2861,#1467,.T.);
#3545=EDGE_CURVE('',#2861,#2862,#360,.T.);
#3546=EDGE_CURVE('',#2757,#2862,#1468,.T.);
#3547=EDGE_CURVE('',#2862,#2863,#1469,.T.);
#3548=EDGE_CURVE('',#2756,#2863,#1470,.T.);
#3549=EDGE_CURVE('',#2863,#2860,#361,.T.);
#3550=EDGE_CURVE('',#2864,#2865,#1471,.T.);
#3551=EDGE_CURVE('',#2763,#2864,#1472,.T.);
#3552=EDGE_CURVE('',#2762,#2865,#1473,.T.);
#3553=EDGE_CURVE('',#2865,#2866,#362,.T.);
#3554=EDGE_CURVE('',#2761,#2866,#1474,.T.);
#3555=EDGE_CURVE('',#2866,#2867,#1475,.T.);
#3556=EDGE_CURVE('',#2760,#2867,#1476,.T.);
#3557=EDGE_CURVE('',#2867,#2864,#363,.T.);
#3558=EDGE_CURVE('',#2868,#2869,#1477,.T.);
#3559=EDGE_CURVE('',#2767,#2868,#1478,.T.);
#3560=EDGE_CURVE('',#2766,#2869,#1479,.T.);
#3561=EDGE_CURVE('',#2869,#2870,#364,.T.);
#3562=EDGE_CURVE('',#2765,#2870,#1480,.T.);
#3563=EDGE_CURVE('',#2870,#2871,#1481,.T.);
#3564=EDGE_CURVE('',#2764,#2871,#1482,.T.);
#3565=EDGE_CURVE('',#2871,#2868,#365,.T.);
#3566=EDGE_CURVE('',#2872,#2873,#1483,.T.);
#3567=EDGE_CURVE('',#2771,#2872,#1484,.T.);
#3568=EDGE_CURVE('',#2770,#2873,#1485,.T.);
#3569=EDGE_CURVE('',#2873,#2874,#366,.T.);
#3570=EDGE_CURVE('',#2769,#2874,#1486,.T.);
#3571=EDGE_CURVE('',#2874,#2875,#1487,.T.);
#3572=EDGE_CURVE('',#2768,#2875,#1488,.T.);
#3573=EDGE_CURVE('',#2875,#2872,#367,.T.);
#3574=EDGE_CURVE('',#2876,#2877,#1489,.T.);
#3575=EDGE_CURVE('',#2775,#2876,#1490,.T.);
#3576=EDGE_CURVE('',#2774,#2877,#1491,.T.);
#3577=EDGE_CURVE('',#2877,#2878,#368,.T.);
#3578=EDGE_CURVE('',#2773,#2878,#1492,.T.);
#3579=EDGE_CURVE('',#2878,#2879,#1493,.T.);
#3580=EDGE_CURVE('',#2772,#2879,#1494,.T.);
#3581=EDGE_CURVE('',#2879,#2876,#369,.T.);
#3582=EDGE_CURVE('',#2880,#2881,#1495,.T.);
#3583=EDGE_CURVE('',#2779,#2880,#1496,.T.);
#3584=EDGE_CURVE('',#2778,#2881,#1497,.T.);
#3585=EDGE_CURVE('',#2881,#2882,#370,.T.);
#3586=EDGE_CURVE('',#2777,#2882,#1498,.T.);
#3587=EDGE_CURVE('',#2882,#2883,#1499,.T.);
#3588=EDGE_CURVE('',#2776,#2883,#1500,.T.);
#3589=EDGE_CURVE('',#2883,#2880,#371,.T.);
#3590=EDGE_CURVE('',#2884,#2885,#1501,.T.);
#3591=EDGE_CURVE('',#2823,#2884,#1502,.T.);
#3592=EDGE_CURVE('',#2822,#2885,#1503,.T.);
#3593=EDGE_CURVE('',#2885,#2886,#372,.T.);
#3594=EDGE_CURVE('',#2821,#2886,#1504,.T.);
#3595=EDGE_CURVE('',#2886,#2887,#1505,.T.);
#3596=EDGE_CURVE('',#2820,#2887,#1506,.T.);
#3597=EDGE_CURVE('',#2887,#2884,#373,.T.);
#3598=EDGE_CURVE('',#2888,#2889,#1507,.T.);
#3599=EDGE_CURVE('',#2819,#2888,#1508,.T.);
#3600=EDGE_CURVE('',#2818,#2889,#1509,.T.);
#3601=EDGE_CURVE('',#2889,#2890,#374,.T.);
#3602=EDGE_CURVE('',#2817,#2890,#1510,.T.);
#3603=EDGE_CURVE('',#2890,#2891,#1511,.T.);
#3604=EDGE_CURVE('',#2816,#2891,#1512,.T.);
#3605=EDGE_CURVE('',#2891,#2888,#375,.T.);
#3606=EDGE_CURVE('',#2892,#2893,#1513,.T.);
#3607=EDGE_CURVE('',#2815,#2892,#1514,.T.);
#3608=EDGE_CURVE('',#2814,#2893,#1515,.T.);
#3609=EDGE_CURVE('',#2893,#2894,#376,.T.);
#3610=EDGE_CURVE('',#2813,#2894,#1516,.T.);
#3611=EDGE_CURVE('',#2894,#2895,#1517,.T.);
#3612=EDGE_CURVE('',#2812,#2895,#1518,.T.);
#3613=EDGE_CURVE('',#2895,#2892,#377,.T.);
#3614=EDGE_CURVE('',#2896,#2897,#1519,.T.);
#3615=EDGE_CURVE('',#2811,#2896,#1520,.T.);
#3616=EDGE_CURVE('',#2810,#2897,#1521,.T.);
#3617=EDGE_CURVE('',#2897,#2898,#378,.T.);
#3618=EDGE_CURVE('',#2809,#2898,#1522,.T.);
#3619=EDGE_CURVE('',#2898,#2899,#1523,.T.);
#3620=EDGE_CURVE('',#2808,#2899,#1524,.T.);
#3621=EDGE_CURVE('',#2899,#2896,#379,.T.);
#3622=EDGE_CURVE('',#2900,#2901,#1525,.T.);
#3623=EDGE_CURVE('',#2807,#2900,#1526,.T.);
#3624=EDGE_CURVE('',#2806,#2901,#1527,.T.);
#3625=EDGE_CURVE('',#2901,#2902,#380,.T.);
#3626=EDGE_CURVE('',#2805,#2902,#1528,.T.);
#3627=EDGE_CURVE('',#2902,#2903,#1529,.T.);
#3628=EDGE_CURVE('',#2804,#2903,#1530,.T.);
#3629=EDGE_CURVE('',#2903,#2900,#381,.T.);
#3630=EDGE_CURVE('',#2904,#2905,#1531,.T.);
#3631=EDGE_CURVE('',#2803,#2904,#1532,.T.);
#3632=EDGE_CURVE('',#2802,#2905,#1533,.T.);
#3633=EDGE_CURVE('',#2905,#2906,#382,.T.);
#3634=EDGE_CURVE('',#2801,#2906,#1534,.T.);
#3635=EDGE_CURVE('',#2906,#2907,#1535,.T.);
#3636=EDGE_CURVE('',#2800,#2907,#1536,.T.);
#3637=EDGE_CURVE('',#2907,#2904,#383,.T.);
#3638=EDGE_CURVE('',#2908,#2909,#1537,.T.);
#3639=EDGE_CURVE('',#2799,#2908,#1538,.T.);
#3640=EDGE_CURVE('',#2798,#2909,#1539,.T.);
#3641=EDGE_CURVE('',#2909,#2910,#384,.T.);
#3642=EDGE_CURVE('',#2797,#2910,#1540,.T.);
#3643=EDGE_CURVE('',#2910,#2911,#1541,.T.);
#3644=EDGE_CURVE('',#2796,#2911,#1542,.T.);
#3645=EDGE_CURVE('',#2911,#2908,#385,.T.);
#3646=EDGE_CURVE('',#2912,#2913,#1543,.T.);
#3647=EDGE_CURVE('',#2914,#2912,#1544,.T.);
#3648=EDGE_CURVE('',#2915,#2914,#1545,.T.);
#3649=EDGE_CURVE('',#2915,#2913,#1546,.T.);
#3650=EDGE_CURVE('',#2913,#2916,#386,.T.);
#3651=EDGE_CURVE('',#2917,#2915,#387,.T.);
#3652=EDGE_CURVE('',#2917,#2916,#1547,.T.);
#3653=EDGE_CURVE('',#2916,#2918,#1548,.T.);
#3654=EDGE_CURVE('',#2919,#2917,#1549,.T.);
#3655=EDGE_CURVE('',#2919,#2918,#1550,.T.);
#3656=EDGE_CURVE('',#2918,#2912,#388,.T.);
#3657=EDGE_CURVE('',#2914,#2919,#389,.T.);
#3658=EDGE_CURVE('',#2920,#2921,#1551,.T.);
#3659=EDGE_CURVE('',#2922,#2920,#1552,.T.);
#3660=EDGE_CURVE('',#2923,#2922,#1553,.T.);
#3661=EDGE_CURVE('',#2923,#2921,#1554,.T.);
#3662=EDGE_CURVE('',#2921,#2924,#390,.T.);
#3663=EDGE_CURVE('',#2925,#2923,#391,.T.);
#3664=EDGE_CURVE('',#2925,#2924,#1555,.T.);
#3665=EDGE_CURVE('',#2924,#2926,#1556,.T.);
#3666=EDGE_CURVE('',#2927,#2925,#1557,.T.);
#3667=EDGE_CURVE('',#2927,#2926,#1558,.T.);
#3668=EDGE_CURVE('',#2926,#2920,#392,.T.);
#3669=EDGE_CURVE('',#2922,#2927,#393,.T.);
#3670=EDGE_CURVE('',#2928,#2929,#1559,.T.);
#3671=EDGE_CURVE('',#2930,#2928,#1560,.T.);
#3672=EDGE_CURVE('',#2931,#2930,#1561,.T.);
#3673=EDGE_CURVE('',#2931,#2929,#1562,.T.);
#3674=EDGE_CURVE('',#2929,#2932,#394,.T.);
#3675=EDGE_CURVE('',#2933,#2931,#395,.T.);
#3676=EDGE_CURVE('',#2933,#2932,#1563,.T.);
#3677=EDGE_CURVE('',#2932,#2934,#1564,.T.);
#3678=EDGE_CURVE('',#2935,#2933,#1565,.T.);
#3679=EDGE_CURVE('',#2935,#2934,#1566,.T.);
#3680=EDGE_CURVE('',#2934,#2928,#396,.T.);
#3681=EDGE_CURVE('',#2930,#2935,#397,.T.);
#3682=EDGE_CURVE('',#2936,#2937,#1567,.T.);
#3683=EDGE_CURVE('',#2938,#2936,#1568,.T.);
#3684=EDGE_CURVE('',#2939,#2938,#1569,.T.);
#3685=EDGE_CURVE('',#2939,#2937,#1570,.T.);
#3686=EDGE_CURVE('',#2937,#2940,#398,.T.);
#3687=EDGE_CURVE('',#2941,#2939,#399,.T.);
#3688=EDGE_CURVE('',#2941,#2940,#1571,.T.);
#3689=EDGE_CURVE('',#2940,#2942,#1572,.T.);
#3690=EDGE_CURVE('',#2943,#2941,#1573,.T.);
#3691=EDGE_CURVE('',#2943,#2942,#1574,.T.);
#3692=EDGE_CURVE('',#2942,#2936,#400,.T.);
#3693=EDGE_CURVE('',#2938,#2943,#401,.T.);
#3694=EDGE_CURVE('',#2944,#2945,#1575,.T.);
#3695=EDGE_CURVE('',#2946,#2944,#1576,.T.);
#3696=EDGE_CURVE('',#2947,#2946,#1577,.T.);
#3697=EDGE_CURVE('',#2947,#2945,#1578,.T.);
#3698=EDGE_CURVE('',#2945,#2948,#402,.T.);
#3699=EDGE_CURVE('',#2949,#2947,#403,.T.);
#3700=EDGE_CURVE('',#2949,#2948,#1579,.T.);
#3701=EDGE_CURVE('',#2948,#2950,#1580,.T.);
#3702=EDGE_CURVE('',#2951,#2949,#1581,.T.);
#3703=EDGE_CURVE('',#2951,#2950,#1582,.T.);
#3704=EDGE_CURVE('',#2950,#2944,#404,.T.);
#3705=EDGE_CURVE('',#2946,#2951,#405,.T.);
#3706=EDGE_CURVE('',#2952,#2953,#1583,.T.);
#3707=EDGE_CURVE('',#2954,#2952,#1584,.T.);
#3708=EDGE_CURVE('',#2955,#2954,#1585,.T.);
#3709=EDGE_CURVE('',#2955,#2953,#1586,.T.);
#3710=EDGE_CURVE('',#2953,#2956,#406,.T.);
#3711=EDGE_CURVE('',#2957,#2955,#407,.T.);
#3712=EDGE_CURVE('',#2957,#2956,#1587,.T.);
#3713=EDGE_CURVE('',#2956,#2958,#1588,.T.);
#3714=EDGE_CURVE('',#2959,#2957,#1589,.T.);
#3715=EDGE_CURVE('',#2959,#2958,#1590,.T.);
#3716=EDGE_CURVE('',#2958,#2952,#408,.T.);
#3717=EDGE_CURVE('',#2954,#2959,#409,.T.);
#3718=EDGE_CURVE('',#2960,#2961,#1591,.T.);
#3719=EDGE_CURVE('',#2962,#2960,#1592,.T.);
#3720=EDGE_CURVE('',#2963,#2962,#1593,.T.);
#3721=EDGE_CURVE('',#2963,#2961,#1594,.T.);
#3722=EDGE_CURVE('',#2961,#2964,#410,.T.);
#3723=EDGE_CURVE('',#2965,#2963,#411,.T.);
#3724=EDGE_CURVE('',#2965,#2964,#1595,.T.);
#3725=EDGE_CURVE('',#2964,#2966,#1596,.T.);
#3726=EDGE_CURVE('',#2967,#2965,#1597,.T.);
#3727=EDGE_CURVE('',#2967,#2966,#1598,.T.);
#3728=EDGE_CURVE('',#2966,#2960,#412,.T.);
#3729=EDGE_CURVE('',#2962,#2967,#413,.T.);
#3730=EDGE_CURVE('',#2968,#2968,#414,.T.);
#3731=EDGE_CURVE('',#2968,#2969,#1599,.T.);
#3732=EDGE_CURVE('',#2969,#2969,#415,.T.);
#3733=EDGE_CURVE('',#2970,#2970,#416,.T.);
#3734=EDGE_CURVE('',#2971,#2972,#1600,.T.);
#3735=EDGE_CURVE('',#2973,#2971,#1601,.T.);
#3736=EDGE_CURVE('',#2974,#2973,#1602,.T.);
#3737=EDGE_CURVE('',#2972,#2974,#1603,.T.);
#3738=EDGE_CURVE('',#2975,#2976,#1604,.T.);
#3739=EDGE_CURVE('',#2977,#2975,#417,.T.);
#3740=EDGE_CURVE('',#2977,#2978,#1605,.T.);
#3741=EDGE_CURVE('',#2978,#2979,#418,.T.);
#3742=EDGE_CURVE('',#2979,#2980,#1606,.T.);
#3743=EDGE_CURVE('',#2981,#2980,#419,.T.);
#3744=EDGE_CURVE('',#2981,#2982,#1607,.T.);
#3745=EDGE_CURVE('',#2976,#2982,#420,.T.);
#3746=EDGE_CURVE('',#2972,#2983,#421,.T.);
#3747=EDGE_CURVE('',#2971,#2983,#15,.T.);
#3748=EDGE_CURVE('',#2984,#2985,#1608,.T.);
#3749=EDGE_CURVE('',#2986,#2985,#422,.T.);
#3750=EDGE_CURVE('',#2986,#2987,#1609,.T.);
#3751=EDGE_CURVE('',#2987,#2988,#423,.T.);
#3752=EDGE_CURVE('',#2988,#2989,#1610,.T.);
#3753=EDGE_CURVE('',#2990,#2989,#424,.T.);
#3754=EDGE_CURVE('',#2991,#2990,#1611,.T.);
#3755=EDGE_CURVE('',#2973,#2991,#425,.T.);
#3756=EDGE_CURVE('',#2983,#2992,#1612,.T.);
#3757=EDGE_CURVE('',#2984,#2992,#426,.T.);
#3758=EDGE_CURVE('',#2993,#2994,#1613,.T.);
#3759=EDGE_CURVE('',#2675,#2993,#1614,.T.);
#3760=EDGE_CURVE('',#2674,#2994,#1615,.T.);
#3761=EDGE_CURVE('',#2994,#2995,#427,.T.);
#3762=EDGE_CURVE('',#2673,#2995,#1616,.T.);
#3763=EDGE_CURVE('',#2995,#2996,#1617,.T.);
#3764=EDGE_CURVE('',#2672,#2996,#1618,.T.);
#3765=EDGE_CURVE('',#2996,#2993,#428,.T.);
#3766=EDGE_CURVE('',#2997,#2998,#1619,.T.);
#3767=EDGE_CURVE('',#2679,#2997,#1620,.T.);
#3768=EDGE_CURVE('',#2678,#2998,#1621,.T.);
#3769=EDGE_CURVE('',#2998,#2999,#429,.T.);
#3770=EDGE_CURVE('',#2677,#2999,#1622,.T.);
#3771=EDGE_CURVE('',#2999,#3000,#1623,.T.);
#3772=EDGE_CURVE('',#2676,#3000,#1624,.T.);
#3773=EDGE_CURVE('',#3000,#2997,#430,.T.);
#3774=EDGE_CURVE('',#3001,#3002,#1625,.T.);
#3775=EDGE_CURVE('',#2683,#3001,#1626,.T.);
#3776=EDGE_CURVE('',#2682,#3002,#1627,.T.);
#3777=EDGE_CURVE('',#3002,#3003,#431,.T.);
#3778=EDGE_CURVE('',#2681,#3003,#1628,.T.);
#3779=EDGE_CURVE('',#3003,#3004,#1629,.T.);
#3780=EDGE_CURVE('',#2680,#3004,#1630,.T.);
#3781=EDGE_CURVE('',#3004,#3001,#432,.T.);
#3782=EDGE_CURVE('',#3005,#3006,#1631,.T.);
#3783=EDGE_CURVE('',#2687,#3005,#1632,.T.);
#3784=EDGE_CURVE('',#2686,#3006,#1633,.T.);
#3785=EDGE_CURVE('',#3006,#3007,#433,.T.);
#3786=EDGE_CURVE('',#2685,#3007,#1634,.T.);
#3787=EDGE_CURVE('',#3007,#3008,#1635,.T.);
#3788=EDGE_CURVE('',#2684,#3008,#1636,.T.);
#3789=EDGE_CURVE('',#3008,#3005,#434,.T.);
#3790=EDGE_CURVE('',#3009,#3010,#1637,.T.);
#3791=EDGE_CURVE('',#2691,#3009,#1638,.T.);
#3792=EDGE_CURVE('',#2690,#3010,#1639,.T.);
#3793=EDGE_CURVE('',#3010,#3011,#435,.T.);
#3794=EDGE_CURVE('',#2689,#3011,#1640,.T.);
#3795=EDGE_CURVE('',#3011,#3012,#1641,.T.);
#3796=EDGE_CURVE('',#2688,#3012,#1642,.T.);
#3797=EDGE_CURVE('',#3012,#3009,#436,.T.);
#3798=EDGE_CURVE('',#3013,#3014,#1643,.T.);
#3799=EDGE_CURVE('',#2695,#3013,#1644,.T.);
#3800=EDGE_CURVE('',#2694,#3014,#1645,.T.);
#3801=EDGE_CURVE('',#3014,#3015,#437,.T.);
#3802=EDGE_CURVE('',#2693,#3015,#1646,.T.);
#3803=EDGE_CURVE('',#3015,#3016,#1647,.T.);
#3804=EDGE_CURVE('',#2692,#3016,#1648,.T.);
#3805=EDGE_CURVE('',#3016,#3013,#438,.T.);
#3806=EDGE_CURVE('',#3017,#3018,#1649,.T.);
#3807=EDGE_CURVE('',#2699,#3017,#1650,.T.);
#3808=EDGE_CURVE('',#2698,#3018,#1651,.T.);
#3809=EDGE_CURVE('',#3018,#3019,#439,.T.);
#3810=EDGE_CURVE('',#2697,#3019,#1652,.T.);
#3811=EDGE_CURVE('',#3019,#3020,#1653,.T.);
#3812=EDGE_CURVE('',#2696,#3020,#1654,.T.);
#3813=EDGE_CURVE('',#3020,#3017,#440,.T.);
#3814=EDGE_CURVE('',#2992,#2974,#1655,.T.);
#3815=EDGE_CURVE('',#3021,#3022,#1656,.T.);
#3816=EDGE_CURVE('',#2703,#3021,#1657,.T.);
#3817=EDGE_CURVE('',#2702,#3022,#1658,.T.);
#3818=EDGE_CURVE('',#3022,#3023,#441,.T.);
#3819=EDGE_CURVE('',#2701,#3023,#1659,.T.);
#3820=EDGE_CURVE('',#3023,#3024,#1660,.T.);
#3821=EDGE_CURVE('',#2700,#3024,#1661,.T.);
#3822=EDGE_CURVE('',#3024,#3021,#442,.T.);
#3823=EDGE_CURVE('',#2976,#2991,#1662,.T.);
#3824=EDGE_CURVE('',#2982,#2984,#1663,.T.);
#3825=EDGE_CURVE('',#3025,#3025,#443,.T.);
#3826=EDGE_CURVE('',#3026,#3027,#1664,.T.);
#3827=EDGE_CURVE('',#3028,#3026,#1665,.T.);
#3828=EDGE_CURVE('',#3029,#3028,#1666,.T.);
#3829=EDGE_CURVE('',#3029,#3027,#1667,.T.);
#3830=EDGE_CURVE('',#3030,#3031,#1668,.T.);
#3831=EDGE_CURVE('',#3032,#3030,#1669,.T.);
#3832=EDGE_CURVE('',#3033,#3032,#1670,.T.);
#3833=EDGE_CURVE('',#3033,#3031,#1671,.T.);
#3834=EDGE_CURVE('',#3033,#3031,#444,.T.);
#3835=EDGE_CURVE('',#3030,#3032,#445,.T.);
#3836=EDGE_CURVE('',#3034,#2986,#1672,.T.);
#3837=EDGE_CURVE('',#2981,#2985,#1673,.T.);
#3838=EDGE_CURVE('',#2980,#3035,#1674,.T.);
#3839=EDGE_CURVE('',#3035,#3036,#1675,.T.);
#3840=EDGE_CURVE('',#3036,#2977,#1676,.T.);
#3841=EDGE_CURVE('',#3037,#2975,#1677,.T.);
#3842=EDGE_CURVE('',#3038,#3037,#446,.T.);
#3843=EDGE_CURVE('',#3039,#3038,#1678,.T.);
#3844=EDGE_CURVE('',#3040,#3039,#447,.T.);
#3845=EDGE_CURVE('',#3041,#3040,#1679,.T.);
#3846=EDGE_CURVE('',#3042,#3041,#1680,.T.);
#3847=EDGE_CURVE('',#3043,#3042,#1681,.T.);
#3848=EDGE_CURVE('',#3044,#3043,#1682,.T.);
#3849=EDGE_CURVE('',#3044,#3045,#1683,.T.);
#3850=EDGE_CURVE('',#3046,#3045,#1684,.T.);
#3851=EDGE_CURVE('',#3047,#3046,#1685,.T.);
#3852=EDGE_CURVE('',#3048,#3047,#1686,.T.);
#3853=EDGE_CURVE('',#3048,#3049,#1687,.T.);
#3854=EDGE_CURVE('',#3049,#3050,#1688,.T.);
#3855=EDGE_CURVE('',#3051,#3050,#448,.T.);
#3856=EDGE_CURVE('',#3052,#3051,#1689,.T.);
#3857=EDGE_CURVE('',#3052,#3053,#449,.T.);
#3858=EDGE_CURVE('',#3053,#3054,#1690,.T.);
#3859=EDGE_CURVE('',#3054,#3055,#1691,.T.);
#3860=EDGE_CURVE('',#3055,#3056,#1692,.T.);
#3861=EDGE_CURVE('',#3057,#3056,#450,.T.);
#3862=EDGE_CURVE('',#3057,#3058,#1693,.T.);
#3863=EDGE_CURVE('',#3058,#3059,#1694,.T.);
#3864=EDGE_CURVE('',#3059,#3060,#1695,.T.);
#3865=EDGE_CURVE('',#3060,#3061,#451,.T.);
#3866=EDGE_CURVE('',#3062,#3061,#1696,.T.);
#3867=EDGE_CURVE('',#3062,#3063,#452,.T.);
#3868=EDGE_CURVE('',#3063,#3064,#1697,.T.);
#3869=EDGE_CURVE('',#3064,#3065,#1698,.T.);
#3870=EDGE_CURVE('',#3065,#3066,#1699,.T.);
#3871=EDGE_CURVE('',#3067,#3066,#453,.T.);
#3872=EDGE_CURVE('',#3067,#3068,#1700,.T.);
#3873=EDGE_CURVE('',#3068,#3069,#1701,.T.);
#3874=EDGE_CURVE('',#2990,#3069,#1702,.T.);
#3875=EDGE_CURVE('',#2989,#3070,#1703,.T.);
#3876=EDGE_CURVE('',#3070,#3034,#1704,.T.);
#3877=EDGE_CURVE('',#3071,#3072,#454,.T.);
#3878=EDGE_CURVE('',#3072,#3073,#1705,.T.);
#3879=EDGE_CURVE('',#3073,#3074,#1706,.T.);
#3880=EDGE_CURVE('',#3074,#3075,#1707,.T.);
#3881=EDGE_CURVE('',#3075,#3076,#455,.T.);
#3882=EDGE_CURVE('',#3076,#3077,#1708,.T.);
#3883=EDGE_CURVE('',#3077,#3078,#1709,.T.);
#3884=EDGE_CURVE('',#3078,#3079,#1710,.T.);
#3885=EDGE_CURVE('',#3079,#3080,#456,.T.);
#3886=EDGE_CURVE('',#3071,#3080,#1711,.T.);
#3887=EDGE_CURVE('',#3081,#3082,#457,.T.);
#3888=EDGE_CURVE('',#3082,#3083,#1712,.T.);
#3889=EDGE_CURVE('',#3083,#3084,#458,.T.);
#3890=EDGE_CURVE('',#3084,#3085,#1713,.T.);
#3891=EDGE_CURVE('',#3085,#3086,#1714,.T.);
#3892=EDGE_CURVE('',#3086,#3087,#1715,.T.);
#3893=EDGE_CURVE('',#3087,#3088,#459,.T.);
#3894=EDGE_CURVE('',#3088,#3089,#1716,.T.);
#3895=EDGE_CURVE('',#3089,#3090,#460,.T.);
#3896=EDGE_CURVE('',#3090,#3081,#1717,.T.);
#3897=EDGE_CURVE('',#3029,#3027,#461,.T.);
#3898=EDGE_CURVE('',#2792,#3086,#1718,.T.);
#3899=EDGE_CURVE('',#2791,#3087,#1719,.T.);
#3900=EDGE_CURVE('',#2790,#3088,#1720,.T.);
#3901=EDGE_CURVE('',#2789,#3089,#1721,.T.);
#3902=EDGE_CURVE('',#2788,#3090,#1722,.T.);
#3903=EDGE_CURVE('',#2787,#3081,#1723,.T.);
#3904=EDGE_CURVE('',#2786,#3082,#1724,.T.);
#3905=EDGE_CURVE('',#2795,#3083,#1725,.T.);
#3906=EDGE_CURVE('',#2794,#3084,#1726,.T.);
#3907=EDGE_CURVE('',#2793,#3085,#1727,.T.);
#3908=EDGE_CURVE('',#3034,#3091,#1728,.T.);
#3909=EDGE_CURVE('',#2987,#3091,#1729,.T.);
#3910=EDGE_CURVE('',#3070,#3092,#1730,.T.);
#3911=EDGE_CURVE('',#3091,#3092,#1731,.T.);
#3912=EDGE_CURVE('',#3092,#2988,#1732,.T.);
#3913=EDGE_CURVE('',#3036,#3093,#1733,.T.);
#3914=EDGE_CURVE('',#2978,#3093,#1734,.T.);
#3915=EDGE_CURVE('',#3094,#2979,#1735,.T.);
#3916=EDGE_CURVE('',#3035,#3094,#1736,.T.);
#3917=EDGE_CURVE('',#3093,#3094,#1737,.T.);
#3918=EDGE_CURVE('',#3071,#3095,#1738,.T.);
#3919=EDGE_CURVE('',#3095,#3096,#462,.T.);
#3920=EDGE_CURVE('',#3096,#3080,#1739,.T.);
#3921=EDGE_CURVE('',#3079,#3097,#1740,.T.);
#3922=EDGE_CURVE('',#3097,#3098,#463,.T.);
#3923=EDGE_CURVE('',#3098,#3076,#1741,.T.);
#3924=EDGE_CURVE('',#3075,#3099,#1742,.T.);
#3925=EDGE_CURVE('',#3099,#3100,#464,.T.);
#3926=EDGE_CURVE('',#3100,#3072,#1743,.T.);
#3927=EDGE_CURVE('',#3101,#3100,#1744,.T.);
#3928=EDGE_CURVE('',#3073,#3101,#1745,.T.);
#3929=EDGE_CURVE('',#3099,#3102,#1746,.T.);
#3930=EDGE_CURVE('',#3102,#3101,#1747,.T.);
#3931=EDGE_CURVE('',#3074,#3102,#1748,.T.);
#3932=EDGE_CURVE('',#3078,#3103,#1749,.T.);
#3933=EDGE_CURVE('',#3097,#3103,#1750,.T.);
#3934=EDGE_CURVE('',#3104,#3098,#1751,.T.);
#3935=EDGE_CURVE('',#3077,#3104,#1752,.T.);
#3936=EDGE_CURVE('',#3103,#3104,#1753,.T.);
#3937=EDGE_CURVE('',#3105,#3106,#1754,.T.);
#3938=EDGE_CURVE('',#3107,#3106,#465,.T.);
#3939=EDGE_CURVE('',#3105,#3107,#466,.T.);
#3940=EDGE_CURVE('',#3108,#3108,#467,.T.);
#3941=EDGE_CURVE('',#3109,#3105,#1755,.T.);
#3942=EDGE_CURVE('',#3110,#3109,#1756,.T.);
#3943=EDGE_CURVE('',#3106,#3110,#1757,.T.);
#3944=EDGE_CURVE('',#3110,#3109,#468,.T.);
#3945=EDGE_CURVE('',#3111,#3111,#469,.T.);
#3946=EDGE_CURVE('',#3111,#3107,#1758,.T.);
#3947=EDGE_CURVE('',#3112,#3113,#1759,.T.);
#3948=EDGE_CURVE('',#2709,#3112,#1760,.T.);
#3949=EDGE_CURVE('',#2708,#3113,#1761,.T.);
#3950=EDGE_CURVE('',#3113,#3114,#470,.T.);
#3951=EDGE_CURVE('',#2707,#3114,#1762,.T.);
#3952=EDGE_CURVE('',#3114,#3115,#1763,.T.);
#3953=EDGE_CURVE('',#2706,#3115,#1764,.T.);
#3954=EDGE_CURVE('',#3115,#3116,#471,.T.);
#3955=EDGE_CURVE('',#2705,#3116,#1765,.T.);
#3956=EDGE_CURVE('',#3116,#3117,#1766,.T.);
#3957=EDGE_CURVE('',#2704,#3117,#1767,.T.);
#3958=EDGE_CURVE('',#3117,#3118,#472,.T.);
#3959=EDGE_CURVE('',#2711,#3118,#1768,.T.);
#3960=EDGE_CURVE('',#3118,#3119,#1769,.T.);
#3961=EDGE_CURVE('',#2710,#3119,#1770,.T.);
#3962=EDGE_CURVE('',#3119,#3112,#473,.T.);
#3963=EDGE_CURVE('',#3120,#3121,#1771,.T.);
#3964=EDGE_CURVE('',#3122,#3120,#1772,.T.);
#3965=EDGE_CURVE('',#3123,#3122,#1773,.T.);
#3966=EDGE_CURVE('',#3121,#3123,#1774,.T.);
#3967=EDGE_CURVE('',#3124,#3125,#1775,.T.);
#3968=EDGE_CURVE('',#3126,#3124,#1776,.T.);
#3969=EDGE_CURVE('',#3127,#3126,#1777,.T.);
#3970=EDGE_CURVE('',#3127,#3125,#1778,.T.);
#3971=EDGE_CURVE('',#3125,#3120,#474,.T.);
#3972=EDGE_CURVE('',#3122,#3127,#475,.T.);
#3973=EDGE_CURVE('',#3128,#3129,#1779,.T.);
#3974=EDGE_CURVE('',#3130,#3128,#1780,.T.);
#3975=EDGE_CURVE('',#3131,#3130,#1781,.T.);
#3976=EDGE_CURVE('',#3131,#3129,#1782,.T.);
#3977=EDGE_CURVE('',#3129,#3124,#476,.T.);
#3978=EDGE_CURVE('',#3126,#3131,#477,.T.);
#3979=EDGE_CURVE('',#3132,#3133,#1783,.T.);
#3980=EDGE_CURVE('',#3134,#3132,#1784,.T.);
#3981=EDGE_CURVE('',#3135,#3134,#1785,.T.);
#3982=EDGE_CURVE('',#3133,#3135,#1786,.T.);
#3983=EDGE_CURVE('',#3136,#3137,#1787,.T.);
#3984=EDGE_CURVE('',#3138,#3136,#1788,.T.);
#3985=EDGE_CURVE('',#3139,#3138,#1789,.T.);
#3986=EDGE_CURVE('',#3139,#3137,#1790,.T.);
#3987=EDGE_CURVE('',#3137,#3132,#478,.T.);
#3988=EDGE_CURVE('',#3134,#3139,#479,.T.);
#3989=EDGE_CURVE('',#3140,#3141,#1791,.T.);
#3990=EDGE_CURVE('',#3142,#3140,#1792,.T.);
#3991=EDGE_CURVE('',#3143,#3142,#1793,.T.);
#3992=EDGE_CURVE('',#3143,#3141,#1794,.T.);
#3993=EDGE_CURVE('',#3141,#3136,#480,.T.);
#3994=EDGE_CURVE('',#3138,#3143,#481,.T.);
#3995=EDGE_CURVE('',#3144,#3145,#1795,.T.);
#3996=EDGE_CURVE('',#3146,#3144,#1796,.T.);
#3997=EDGE_CURVE('',#3147,#3146,#1797,.T.);
#3998=EDGE_CURVE('',#3145,#3147,#1798,.T.);
#3999=EDGE_CURVE('',#3148,#3149,#1799,.T.);
#4000=EDGE_CURVE('',#3150,#3148,#1800,.T.);
#4001=EDGE_CURVE('',#3151,#3150,#1801,.T.);
#4002=EDGE_CURVE('',#3151,#3149,#1802,.T.);
#4003=EDGE_CURVE('',#3149,#3144,#482,.T.);
#4004=EDGE_CURVE('',#3146,#3151,#483,.T.);
#4005=EDGE_CURVE('',#3152,#3153,#1803,.T.);
#4006=EDGE_CURVE('',#3154,#3152,#1804,.T.);
#4007=EDGE_CURVE('',#3155,#3154,#1805,.T.);
#4008=EDGE_CURVE('',#3155,#3153,#1806,.T.);
#4009=EDGE_CURVE('',#3153,#3148,#484,.T.);
#4010=EDGE_CURVE('',#3150,#3155,#485,.T.);
#4011=EDGE_CURVE('',#3147,#2666,#1807,.T.);
#4012=EDGE_CURVE('',#3123,#3154,#1808,.T.);
#4013=EDGE_CURVE('',#3135,#3130,#1809,.T.);
#4014=EDGE_CURVE('',#3156,#3142,#1810,.T.);
#4015=EDGE_CURVE('',#3156,#2658,#1811,.T.);
#4016=EDGE_CURVE('',#2671,#3157,#1812,.T.);
#4017=EDGE_CURVE('',#3157,#3158,#1813,.T.);
#4018=EDGE_CURVE('',#3158,#3159,#486,.T.);
#4019=EDGE_CURVE('',#3159,#3145,#1814,.T.);
#4020=EDGE_CURVE('',#3140,#3160,#1815,.T.);
#4021=EDGE_CURVE('',#3160,#3161,#487,.T.);
#4022=EDGE_CURVE('',#3161,#3162,#1816,.T.);
#4023=EDGE_CURVE('',#3162,#3156,#488,.T.);
#4024=EDGE_CURVE('',#3128,#3133,#1817,.T.);
#4025=EDGE_CURVE('',#3152,#3121,#1818,.T.);
#4026=EDGE_CURVE('',#3163,#3164,#1819,.T.);
#4027=EDGE_CURVE('',#2670,#3163,#1820,.T.);
#4028=EDGE_CURVE('',#2669,#3164,#1821,.T.);
#4029=EDGE_CURVE('',#3164,#3165,#489,.T.);
#4030=EDGE_CURVE('',#3165,#2668,#1822,.T.);
#4031=EDGE_CURVE('',#3157,#3163,#490,.T.);
#4032=EDGE_CURVE('',#3166,#3165,#1823,.T.);
#4033=EDGE_CURVE('',#3166,#3037,#1824,.T.);
#4034=EDGE_CURVE('',#3069,#3167,#1825,.T.);
#4035=EDGE_CURVE('',#3167,#3168,#1826,.T.);
#4036=EDGE_CURVE('',#3158,#3168,#1827,.T.);
#4037=EDGE_CURVE('',#2719,#3169,#1828,.T.);
#4038=EDGE_CURVE('',#3169,#3170,#1829,.T.);
#4039=EDGE_CURVE('',#3170,#3166,#491,.T.);
#4040=EDGE_CURVE('',#3171,#3045,#1830,.T.);
#4041=EDGE_CURVE('',#3171,#3172,#1831,.T.);
#4042=EDGE_CURVE('',#3172,#3173,#1832,.T.);
#4043=EDGE_CURVE('',#3174,#3173,#1833,.T.);
#4044=EDGE_CURVE('',#3046,#3174,#1834,.T.);
#4045=EDGE_CURVE('',#3175,#3041,#1835,.T.);
#4046=EDGE_CURVE('',#3176,#3175,#1836,.T.);
#4047=EDGE_CURVE('',#3042,#3176,#1837,.T.);
#4048=EDGE_CURVE('',#3172,#3177,#1838,.T.);
#4049=EDGE_CURVE('',#3178,#3177,#1839,.T.);
#4050=EDGE_CURVE('',#3173,#3178,#1840,.T.);
#4051=EDGE_CURVE('',#3179,#3180,#1841,.T.);
#4052=EDGE_CURVE('',#3179,#3181,#1842,.T.);
#4053=EDGE_CURVE('',#3182,#3181,#1843,.T.);
#4054=EDGE_CURVE('',#3180,#3182,#1844,.T.);
#4055=EDGE_CURVE('',#3183,#3171,#1845,.T.);
#4056=EDGE_CURVE('',#3177,#3183,#1846,.T.);
#4057=EDGE_CURVE('',#3184,#3179,#1847,.T.);
#4058=EDGE_CURVE('',#3185,#3184,#1848,.T.);
#4059=EDGE_CURVE('',#3181,#3185,#1849,.T.);
#4060=EDGE_CURVE('',#3175,#3186,#1850,.T.);
#4061=EDGE_CURVE('',#3187,#3040,#1851,.T.);
#4062=EDGE_CURVE('',#3188,#3187,#1852,.T.);
#4063=EDGE_CURVE('',#3188,#3189,#1853,.T.);
#4064=EDGE_CURVE('',#3189,#3190,#492,.T.);
#4065=EDGE_CURVE('',#3190,#3191,#1854,.T.);
#4066=EDGE_CURVE('',#3191,#3192,#493,.T.);
#4067=EDGE_CURVE('',#3192,#3193,#1855,.T.);
#4068=EDGE_CURVE('',#3194,#3193,#1856,.T.);
#4069=EDGE_CURVE('',#3194,#3195,#1857,.T.);
#4070=EDGE_CURVE('',#3195,#3196,#494,.T.);
#4071=EDGE_CURVE('',#3196,#3197,#1858,.T.);
#4072=EDGE_CURVE('',#3197,#3198,#495,.T.);
#4073=EDGE_CURVE('',#3198,#3186,#1859,.T.);
#4074=EDGE_CURVE('',#3199,#3182,#1860,.T.);
#4075=EDGE_CURVE('',#3199,#3200,#1861,.T.);
#4076=EDGE_CURVE('',#3200,#3180,#1862,.T.);
#4077=EDGE_CURVE('',#3199,#3047,#1863,.T.);
#4078=EDGE_CURVE('',#3048,#3185,#1864,.T.);
#4079=EDGE_CURVE('',#3201,#3178,#1865,.T.);
#4080=EDGE_CURVE('',#3201,#3174,#1866,.T.);
#4081=EDGE_CURVE('',#3201,#3043,#1867,.T.);
#4082=EDGE_CURVE('',#3044,#3183,#1868,.T.);
#4083=EDGE_CURVE('',#3202,#3050,#1869,.T.);
#4084=EDGE_CURVE('',#3203,#3049,#1870,.T.);
#4085=EDGE_CURVE('',#3202,#3203,#1871,.T.);
#4086=EDGE_CURVE('',#3184,#3204,#1872,.T.);
#4087=EDGE_CURVE('',#3204,#3203,#1873,.T.);
#4088=EDGE_CURVE('',#3205,#3161,#1874,.T.);
#4089=EDGE_CURVE('',#3160,#3051,#1875,.T.);
#4090=EDGE_CURVE('',#3202,#3205,#496,.T.);
#4091=EDGE_CURVE('',#3206,#2656,#1876,.T.);
#4092=EDGE_CURVE('',#3206,#3207,#1877,.T.);
#4093=EDGE_CURVE('',#3207,#3200,#1878,.T.);
#4094=EDGE_CURVE('',#3208,#3176,#1879,.T.);
#4095=EDGE_CURVE('',#3208,#3209,#1880,.T.);
#4096=EDGE_CURVE('',#3209,#3210,#497,.T.);
#4097=EDGE_CURVE('',#3210,#3211,#1881,.T.);
#4098=EDGE_CURVE('',#3211,#3212,#498,.T.);
#4099=EDGE_CURVE('',#3212,#3213,#1882,.T.);
#4100=EDGE_CURVE('',#3214,#3213,#1883,.T.);
#4101=EDGE_CURVE('',#3214,#3215,#1884,.T.);
#4102=EDGE_CURVE('',#3215,#3216,#499,.T.);
#4103=EDGE_CURVE('',#3216,#3217,#1885,.T.);
#4104=EDGE_CURVE('',#3217,#3218,#500,.T.);
#4105=EDGE_CURVE('',#3218,#3219,#1886,.T.);
#4106=EDGE_CURVE('',#3220,#3219,#1887,.T.);
#4107=EDGE_CURVE('',#3220,#2654,#1888,.T.);
#4108=EDGE_CURVE('',#3221,#3206,#501,.T.);
#4109=EDGE_CURVE('',#3221,#3205,#1889,.T.);
#4110=EDGE_CURVE('',#3207,#3204,#1890,.T.);
#4111=EDGE_CURVE('',#3162,#3221,#1891,.T.);
#4112=EDGE_CURVE('',#3186,#3208,#1892,.T.);
#4113=EDGE_CURVE('',#3209,#3198,#1893,.T.);
#4114=EDGE_CURVE('',#3213,#3194,#1894,.T.);
#4115=EDGE_CURVE('',#3212,#3195,#1895,.T.);
#4116=EDGE_CURVE('',#3211,#3196,#1896,.T.);
#4117=EDGE_CURVE('',#3210,#3197,#1897,.T.);
#4118=EDGE_CURVE('',#3215,#3192,#1898,.T.);
#4119=EDGE_CURVE('',#3193,#3214,#1899,.T.);
#4120=EDGE_CURVE('',#3218,#3189,#1900,.T.);
#4121=EDGE_CURVE('',#3217,#3190,#1901,.T.);
#4122=EDGE_CURVE('',#3219,#3188,#1902,.T.);
#4123=EDGE_CURVE('',#3216,#3191,#1903,.T.);
#4124=EDGE_CURVE('',#3026,#3028,#502,.T.);
#4125=EDGE_CURVE('',#3187,#3222,#503,.T.);
#4126=EDGE_CURVE('',#3222,#3223,#1904,.T.);
#4127=EDGE_CURVE('',#3223,#2714,#1905,.T.);
#4128=EDGE_CURVE('',#2713,#3220,#504,.T.);
#4129=EDGE_CURVE('',#3224,#3225,#1906,.T.);
#4130=EDGE_CURVE('',#2718,#3224,#1907,.T.);
#4131=EDGE_CURVE('',#2717,#3225,#1908,.T.);
#4132=EDGE_CURVE('',#3225,#3226,#505,.T.);
#4133=EDGE_CURVE('',#3226,#2716,#1909,.T.);
#4134=EDGE_CURVE('',#3169,#3224,#506,.T.);
#4135=EDGE_CURVE('',#2715,#3227,#1910,.T.);
#4136=EDGE_CURVE('',#3227,#3223,#507,.T.);
#4137=EDGE_CURVE('',#3227,#3226,#1911,.T.);
#4138=EDGE_CURVE('',#3222,#3039,#1912,.T.);
#4139=EDGE_CURVE('',#3170,#3038,#1913,.T.);
#4140=EDGE_CURVE('',#3096,#3095,#1914,.T.);
#4141=EDGE_CURVE('',#3228,#3054,#1915,.T.);
#4142=EDGE_CURVE('',#3229,#3228,#1916,.T.);
#4143=EDGE_CURVE('',#3230,#3229,#1917,.T.);
#4144=EDGE_CURVE('',#3231,#3230,#1918,.T.);
#4145=EDGE_CURVE('',#3232,#3231,#1919,.T.);
#4146=EDGE_CURVE('',#3233,#3232,#1920,.T.);
#4147=EDGE_CURVE('',#3059,#3233,#1921,.T.);
#4148=EDGE_CURVE('',#3234,#3058,#1922,.T.);
#4149=EDGE_CURVE('',#3235,#3234,#1923,.T.);
#4150=EDGE_CURVE('',#3055,#3235,#1924,.T.);
#4151=EDGE_CURVE('',#3065,#3236,#1925,.T.);
#4152=EDGE_CURVE('',#3237,#3064,#1926,.T.);
#4153=EDGE_CURVE('',#3238,#3237,#1927,.T.);
#4154=EDGE_CURVE('',#3239,#3238,#1928,.T.);
#4155=EDGE_CURVE('',#3240,#3239,#1929,.T.);
#4156=EDGE_CURVE('',#3241,#3240,#1930,.T.);
#4157=EDGE_CURVE('',#3167,#3241,#1931,.T.);
#4158=EDGE_CURVE('',#3242,#3068,#1932,.T.);
#4159=EDGE_CURVE('',#3236,#3242,#1933,.T.);
#4160=EDGE_CURVE('',#3243,#3233,#1934,.T.);
#4161=EDGE_CURVE('',#3060,#3243,#1935,.T.);
#4162=EDGE_CURVE('',#3244,#3231,#1936,.T.);
#4163=EDGE_CURVE('',#3245,#3244,#1937,.T.);
#4164=EDGE_CURVE('',#3245,#3232,#1938,.T.);
#4165=EDGE_CURVE('',#3246,#3230,#1939,.T.);
#4166=EDGE_CURVE('',#3244,#3246,#508,.T.);
#4167=EDGE_CURVE('',#3247,#3247,#509,.T.);
#4168=EDGE_CURVE('',#3248,#3229,#1940,.T.);
#4169=EDGE_CURVE('',#3246,#3248,#1941,.T.);
#4170=EDGE_CURVE('',#3248,#3245,#510,.T.);
#4171=EDGE_CURVE('',#3249,#3228,#1942,.T.);
#4172=EDGE_CURVE('',#3249,#3250,#511,.T.);
#4173=EDGE_CURVE('',#3251,#3250,#1943,.T.);
#4174=EDGE_CURVE('',#3251,#3243,#512,.T.);
#4175=EDGE_CURVE('',#3249,#3053,#1944,.T.);
#4176=EDGE_CURVE('',#3252,#3239,#1945,.T.);
#4177=EDGE_CURVE('',#3253,#3252,#513,.T.);
#4178=EDGE_CURVE('',#3253,#3240,#1946,.T.);
#4179=EDGE_CURVE('',#3254,#3254,#514,.T.);
#4180=EDGE_CURVE('',#3255,#3238,#1947,.T.);
#4181=EDGE_CURVE('',#3252,#3255,#1948,.T.);
#4182=EDGE_CURVE('',#3256,#3063,#1949,.T.);
#4183=EDGE_CURVE('',#3256,#3237,#1950,.T.);
#4184=EDGE_CURVE('',#3257,#3236,#1951,.T.);
#4185=EDGE_CURVE('',#3066,#3257,#1952,.T.);
#4186=EDGE_CURVE('',#3258,#3067,#1953,.T.);
#4187=EDGE_CURVE('',#3258,#3242,#1954,.T.);
#4188=EDGE_CURVE('',#3259,#3253,#1955,.T.);
#4189=EDGE_CURVE('',#3259,#3241,#1956,.T.);
#4190=EDGE_CURVE('',#3260,#3235,#1957,.T.);
#4191=EDGE_CURVE('',#3056,#3260,#1958,.T.);
#4192=EDGE_CURVE('',#3261,#3057,#1959,.T.);
#4193=EDGE_CURVE('',#3261,#3234,#1960,.T.);
#4194=EDGE_CURVE('',#3262,#3261,#515,.T.);
#4195=EDGE_CURVE('',#3260,#3262,#516,.T.);
#4196=EDGE_CURVE('',#3263,#3263,#517,.T.);
#4197=EDGE_CURVE('',#2781,#3262,#1961,.T.);
#4198=EDGE_CURVE('',#3264,#3258,#518,.T.);
#4199=EDGE_CURVE('',#3257,#3264,#519,.T.);
#4200=EDGE_CURVE('',#3265,#3265,#520,.T.);
#4201=EDGE_CURVE('',#3266,#3266,#521,.T.);
#4202=EDGE_CURVE('',#3267,#3267,#522,.T.);
#4203=EDGE_CURVE('',#3268,#3268,#523,.T.);
#4204=EDGE_CURVE('',#3269,#3269,#524,.T.);
#4205=EDGE_CURVE('',#2780,#3264,#1962,.T.);
#4206=EDGE_CURVE('',#3250,#3052,#1963,.T.);
#4207=EDGE_CURVE('',#3061,#3251,#1964,.T.);
#4208=EDGE_CURVE('',#3159,#3270,#1965,.T.);
#4209=EDGE_CURVE('',#3270,#3271,#1966,.T.);
#4210=EDGE_CURVE('',#3271,#3062,#1967,.T.);
#4211=EDGE_CURVE('',#3256,#3271,#525,.T.);
#4212=EDGE_CURVE('',#3255,#3259,#526,.T.);
#4213=EDGE_CURVE('',#3168,#3270,#527,.T.);
#4214=EDGE_CURVE('',#3272,#3272,#528,.T.);
#4215=EDGE_CURVE('',#3273,#3273,#529,.T.);
#4216=EDGE_CURVE('',#3274,#3274,#530,.T.);
#4217=EDGE_CURVE('',#2785,#2970,#1968,.T.);
#4218=EDGE_CURVE('',#2784,#3273,#1969,.T.);
#4219=EDGE_CURVE('',#3275,#3275,#531,.T.);
#4220=EDGE_CURVE('',#3276,#3276,#532,.T.);
#4221=EDGE_CURVE('',#3277,#3277,#533,.T.);
#4222=EDGE_CURVE('',#3278,#3278,#534,.T.);
#4223=EDGE_CURVE('',#2782,#3277,#1970,.T.);
#4224=EDGE_CURVE('',#2783,#3275,#1971,.T.);
#4225=EDGE_CURVE('',#3279,#3279,#535,.T.);
#4226=EDGE_CURVE('',#3280,#3280,#536,.T.);
#4227=EDGE_CURVE('',#3263,#3247,#1972,.T.);
#4228=EDGE_CURVE('',#3265,#3254,#1973,.T.);
#4229=EDGE_CURVE('',#3280,#3266,#1974,.T.);
#4230=EDGE_CURVE('',#3276,#3267,#1975,.T.);
#4231=EDGE_CURVE('',#3279,#3268,#1976,.T.);
#4232=EDGE_CURVE('',#3278,#3269,#1977,.T.);
#4233=EDGE_CURVE('',#3025,#3281,#1978,.T.);
#4234=EDGE_CURVE('',#3281,#3281,#537,.T.);
#4235=EDGE_CURVE('',#3272,#3282,#1979,.T.);
#4236=EDGE_CURVE('',#3282,#3282,#538,.T.);
#4237=EDGE_CURVE('',#3274,#3108,#1980,.T.);
#4238=ORIENTED_EDGE('',*,*,#3283,.T.);
#4239=ORIENTED_EDGE('',*,*,#3284,.T.);
#4240=ORIENTED_EDGE('',*,*,#3285,.T.);
#4241=ORIENTED_EDGE('',*,*,#3286,.T.);
#4242=ORIENTED_EDGE('',*,*,#3287,.T.);
#4243=ORIENTED_EDGE('',*,*,#3288,.T.);
#4244=ORIENTED_EDGE('',*,*,#3283,.F.);
#4245=ORIENTED_EDGE('',*,*,#3289,.T.);
#4246=ORIENTED_EDGE('',*,*,#3290,.T.);
#4247=ORIENTED_EDGE('',*,*,#3291,.T.);
#4248=ORIENTED_EDGE('',*,*,#3287,.F.);
#4249=ORIENTED_EDGE('',*,*,#3292,.T.);
#4250=ORIENTED_EDGE('',*,*,#3293,.T.);
#4251=ORIENTED_EDGE('',*,*,#3294,.T.);
#4252=ORIENTED_EDGE('',*,*,#3290,.F.);
#4253=ORIENTED_EDGE('',*,*,#3295,.T.);
#4254=ORIENTED_EDGE('',*,*,#3296,.T.);
#4255=ORIENTED_EDGE('',*,*,#3297,.T.);
#4256=ORIENTED_EDGE('',*,*,#3293,.F.);
#4257=ORIENTED_EDGE('',*,*,#3298,.T.);
#4258=ORIENTED_EDGE('',*,*,#3299,.T.);
#4259=ORIENTED_EDGE('',*,*,#3300,.T.);
#4260=ORIENTED_EDGE('',*,*,#3296,.F.);
#4261=ORIENTED_EDGE('',*,*,#3301,.T.);
#4262=ORIENTED_EDGE('',*,*,#3302,.T.);
#4263=ORIENTED_EDGE('',*,*,#3303,.T.);
#4264=ORIENTED_EDGE('',*,*,#3299,.F.);
#4265=ORIENTED_EDGE('',*,*,#3304,.T.);
#4266=ORIENTED_EDGE('',*,*,#3285,.F.);
#4267=ORIENTED_EDGE('',*,*,#3305,.T.);
#4268=ORIENTED_EDGE('',*,*,#3302,.F.);
#4269=ORIENTED_EDGE('',*,*,#3306,.T.);
#4270=ORIENTED_EDGE('',*,*,#3300,.F.);
#4271=ORIENTED_EDGE('',*,*,#3307,.F.);
#4272=ORIENTED_EDGE('',*,*,#3308,.F.);
#4273=ORIENTED_EDGE('',*,*,#3309,.T.);
#4274=ORIENTED_EDGE('',*,*,#3303,.F.);
#4275=ORIENTED_EDGE('',*,*,#3310,.F.);
#4276=ORIENTED_EDGE('',*,*,#3311,.F.);
#4277=ORIENTED_EDGE('',*,*,#3312,.T.);
#4278=ORIENTED_EDGE('',*,*,#3313,.T.);
#4279=ORIENTED_EDGE('',*,*,#3314,.T.);
#4280=ORIENTED_EDGE('',*,*,#3315,.F.);
#4281=ORIENTED_EDGE('',*,*,#3307,.T.);
#4282=ORIENTED_EDGE('',*,*,#3316,.T.);
#4283=ORIENTED_EDGE('',*,*,#3317,.T.);
#4284=ORIENTED_EDGE('',*,*,#3318,.T.);
#4285=ORIENTED_EDGE('',*,*,#3319,.T.);
#4286=ORIENTED_EDGE('',*,*,#3320,.T.);
#4287=ORIENTED_EDGE('',*,*,#3321,.T.);
#4288=ORIENTED_EDGE('',*,*,#3322,.T.);
#4289=ORIENTED_EDGE('',*,*,#3323,.T.);
#4290=ORIENTED_EDGE('',*,*,#3324,.T.);
#4291=ORIENTED_EDGE('',*,*,#3325,.T.);
#4292=ORIENTED_EDGE('',*,*,#3326,.T.);
#4293=ORIENTED_EDGE('',*,*,#3327,.T.);
#4294=ORIENTED_EDGE('',*,*,#3328,.T.);
#4295=ORIENTED_EDGE('',*,*,#3329,.T.);
#4296=ORIENTED_EDGE('',*,*,#3330,.T.);
#4297=ORIENTED_EDGE('',*,*,#3331,.T.);
#4298=ORIENTED_EDGE('',*,*,#3332,.T.);
#4299=ORIENTED_EDGE('',*,*,#3333,.T.);
#4300=ORIENTED_EDGE('',*,*,#3334,.T.);
#4301=ORIENTED_EDGE('',*,*,#3335,.T.);
#4302=ORIENTED_EDGE('',*,*,#3336,.T.);
#4303=ORIENTED_EDGE('',*,*,#3337,.T.);
#4304=ORIENTED_EDGE('',*,*,#3338,.T.);
#4305=ORIENTED_EDGE('',*,*,#3339,.T.);
#4306=ORIENTED_EDGE('',*,*,#3340,.T.);
#4307=ORIENTED_EDGE('',*,*,#3341,.T.);
#4308=ORIENTED_EDGE('',*,*,#3342,.T.);
#4309=ORIENTED_EDGE('',*,*,#3343,.T.);
#4310=ORIENTED_EDGE('',*,*,#3344,.T.);
#4311=ORIENTED_EDGE('',*,*,#3345,.T.);
#4312=ORIENTED_EDGE('',*,*,#3346,.T.);
#4313=ORIENTED_EDGE('',*,*,#3347,.T.);
#4314=ORIENTED_EDGE('',*,*,#3348,.T.);
#4315=ORIENTED_EDGE('',*,*,#3349,.T.);
#4316=ORIENTED_EDGE('',*,*,#3350,.T.);
#4317=ORIENTED_EDGE('',*,*,#3351,.T.);
#4318=ORIENTED_EDGE('',*,*,#3352,.T.);
#4319=ORIENTED_EDGE('',*,*,#3353,.T.);
#4320=ORIENTED_EDGE('',*,*,#3354,.T.);
#4321=ORIENTED_EDGE('',*,*,#3355,.T.);
#4322=ORIENTED_EDGE('',*,*,#3305,.F.);
#4323=ORIENTED_EDGE('',*,*,#3356,.F.);
#4324=ORIENTED_EDGE('',*,*,#3357,.F.);
#4325=ORIENTED_EDGE('',*,*,#3310,.T.);
#4326=ORIENTED_EDGE('',*,*,#3284,.F.);
#4327=ORIENTED_EDGE('',*,*,#3358,.F.);
#4328=ORIENTED_EDGE('',*,*,#3359,.F.);
#4329=ORIENTED_EDGE('',*,*,#3360,.T.);
#4330=ORIENTED_EDGE('',*,*,#3361,.F.);
#4331=ORIENTED_EDGE('',*,*,#3362,.T.);
#4332=ORIENTED_EDGE('',*,*,#3363,.T.);
#4333=ORIENTED_EDGE('',*,*,#3364,.T.);
#4334=ORIENTED_EDGE('',*,*,#3365,.F.);
#4335=ORIENTED_EDGE('',*,*,#3356,.T.);
#4336=ORIENTED_EDGE('',*,*,#3366,.T.);
#4337=ORIENTED_EDGE('',*,*,#3367,.T.);
#4338=ORIENTED_EDGE('',*,*,#3368,.T.);
#4339=ORIENTED_EDGE('',*,*,#3369,.T.);
#4340=ORIENTED_EDGE('',*,*,#3370,.T.);
#4341=ORIENTED_EDGE('',*,*,#3371,.T.);
#4342=ORIENTED_EDGE('',*,*,#3372,.T.);
#4343=ORIENTED_EDGE('',*,*,#3373,.T.);
#4344=ORIENTED_EDGE('',*,*,#3374,.T.);
#4345=ORIENTED_EDGE('',*,*,#3375,.T.);
#4346=ORIENTED_EDGE('',*,*,#3376,.T.);
#4347=ORIENTED_EDGE('',*,*,#3377,.T.);
#4348=ORIENTED_EDGE('',*,*,#3378,.T.);
#4349=ORIENTED_EDGE('',*,*,#3379,.T.);
#4350=ORIENTED_EDGE('',*,*,#3380,.T.);
#4351=ORIENTED_EDGE('',*,*,#3381,.T.);
#4352=ORIENTED_EDGE('',*,*,#3382,.T.);
#4353=ORIENTED_EDGE('',*,*,#3383,.T.);
#4354=ORIENTED_EDGE('',*,*,#3384,.T.);
#4355=ORIENTED_EDGE('',*,*,#3385,.T.);
#4356=ORIENTED_EDGE('',*,*,#3386,.T.);
#4357=ORIENTED_EDGE('',*,*,#3387,.T.);
#4358=ORIENTED_EDGE('',*,*,#3388,.T.);
#4359=ORIENTED_EDGE('',*,*,#3389,.T.);
#4360=ORIENTED_EDGE('',*,*,#3390,.T.);
#4361=ORIENTED_EDGE('',*,*,#3391,.T.);
#4362=ORIENTED_EDGE('',*,*,#3392,.T.);
#4363=ORIENTED_EDGE('',*,*,#3393,.T.);
#4364=ORIENTED_EDGE('',*,*,#3394,.T.);
#4365=ORIENTED_EDGE('',*,*,#3395,.T.);
#4366=ORIENTED_EDGE('',*,*,#3396,.T.);
#4367=ORIENTED_EDGE('',*,*,#3397,.T.);
#4368=ORIENTED_EDGE('',*,*,#3286,.F.);
#4369=ORIENTED_EDGE('',*,*,#3306,.F.);
#4370=ORIENTED_EDGE('',*,*,#3304,.F.);
#4371=ORIENTED_EDGE('',*,*,#3301,.F.);
#4372=ORIENTED_EDGE('',*,*,#3298,.F.);
#4373=ORIENTED_EDGE('',*,*,#3295,.F.);
#4374=ORIENTED_EDGE('',*,*,#3292,.F.);
#4375=ORIENTED_EDGE('',*,*,#3289,.F.);
#4376=ORIENTED_EDGE('',*,*,#3398,.T.);
#4377=ORIENTED_EDGE('',*,*,#3399,.T.);
#4378=ORIENTED_EDGE('',*,*,#3400,.T.);
#4379=ORIENTED_EDGE('',*,*,#3401,.T.);
#4380=ORIENTED_EDGE('',*,*,#3402,.T.);
#4381=ORIENTED_EDGE('',*,*,#3403,.T.);
#4382=ORIENTED_EDGE('',*,*,#3404,.T.);
#4383=ORIENTED_EDGE('',*,*,#3405,.T.);
#4384=ORIENTED_EDGE('',*,*,#3406,.T.);
#4385=ORIENTED_EDGE('',*,*,#3407,.T.);
#4386=ORIENTED_EDGE('',*,*,#3408,.T.);
#4387=ORIENTED_EDGE('',*,*,#3409,.T.);
#4388=ORIENTED_EDGE('',*,*,#3410,.T.);
#4389=ORIENTED_EDGE('',*,*,#3411,.T.);
#4390=ORIENTED_EDGE('',*,*,#3412,.T.);
#4391=ORIENTED_EDGE('',*,*,#3413,.T.);
#4392=ORIENTED_EDGE('',*,*,#3414,.T.);
#4393=ORIENTED_EDGE('',*,*,#3415,.T.);
#4394=ORIENTED_EDGE('',*,*,#3416,.T.);
#4395=ORIENTED_EDGE('',*,*,#3417,.T.);
#4396=ORIENTED_EDGE('',*,*,#3418,.T.);
#4397=ORIENTED_EDGE('',*,*,#3419,.T.);
#4398=ORIENTED_EDGE('',*,*,#3420,.T.);
#4399=ORIENTED_EDGE('',*,*,#3421,.T.);
#4400=ORIENTED_EDGE('',*,*,#3422,.T.);
#4401=ORIENTED_EDGE('',*,*,#3423,.T.);
#4402=ORIENTED_EDGE('',*,*,#3424,.T.);
#4403=ORIENTED_EDGE('',*,*,#3425,.T.);
#4404=ORIENTED_EDGE('',*,*,#3426,.T.);
#4405=ORIENTED_EDGE('',*,*,#3427,.T.);
#4406=ORIENTED_EDGE('',*,*,#3428,.T.);
#4407=ORIENTED_EDGE('',*,*,#3429,.T.);
#4408=ORIENTED_EDGE('',*,*,#3430,.T.);
#4409=ORIENTED_EDGE('',*,*,#3431,.T.);
#4410=ORIENTED_EDGE('',*,*,#3432,.T.);
#4411=ORIENTED_EDGE('',*,*,#3433,.T.);
#4412=ORIENTED_EDGE('',*,*,#3434,.T.);
#4413=ORIENTED_EDGE('',*,*,#3435,.T.);
#4414=ORIENTED_EDGE('',*,*,#3436,.T.);
#4415=ORIENTED_EDGE('',*,*,#3437,.T.);
#4416=ORIENTED_EDGE('',*,*,#3438,.T.);
#4417=ORIENTED_EDGE('',*,*,#3439,.T.);
#4418=ORIENTED_EDGE('',*,*,#3440,.T.);
#4419=ORIENTED_EDGE('',*,*,#3441,.T.);
#4420=ORIENTED_EDGE('',*,*,#3442,.T.);
#4421=ORIENTED_EDGE('',*,*,#3443,.T.);
#4422=ORIENTED_EDGE('',*,*,#3444,.T.);
#4423=ORIENTED_EDGE('',*,*,#3445,.T.);
#4424=ORIENTED_EDGE('',*,*,#3446,.T.);
#4425=ORIENTED_EDGE('',*,*,#3447,.T.);
#4426=ORIENTED_EDGE('',*,*,#3448,.T.);
#4427=ORIENTED_EDGE('',*,*,#3449,.T.);
#4428=ORIENTED_EDGE('',*,*,#3450,.T.);
#4429=ORIENTED_EDGE('',*,*,#3451,.T.);
#4430=ORIENTED_EDGE('',*,*,#3452,.T.);
#4431=ORIENTED_EDGE('',*,*,#3453,.T.);
#4432=ORIENTED_EDGE('',*,*,#3454,.T.);
#4433=ORIENTED_EDGE('',*,*,#3455,.T.);
#4434=ORIENTED_EDGE('',*,*,#3456,.T.);
#4435=ORIENTED_EDGE('',*,*,#3457,.T.);
#4436=ORIENTED_EDGE('',*,*,#3458,.T.);
#4437=ORIENTED_EDGE('',*,*,#3459,.T.);
#4438=ORIENTED_EDGE('',*,*,#3460,.T.);
#4439=ORIENTED_EDGE('',*,*,#3461,.T.);
#4440=ORIENTED_EDGE('',*,*,#3462,.T.);
#4441=ORIENTED_EDGE('',*,*,#3463,.T.);
#4442=ORIENTED_EDGE('',*,*,#3464,.T.);
#4443=ORIENTED_EDGE('',*,*,#3465,.T.);
#4444=ORIENTED_EDGE('',*,*,#3466,.T.);
#4445=ORIENTED_EDGE('',*,*,#3467,.T.);
#4446=ORIENTED_EDGE('',*,*,#3468,.T.);
#4447=ORIENTED_EDGE('',*,*,#3469,.T.);
#4448=ORIENTED_EDGE('',*,*,#3470,.F.);
#4449=ORIENTED_EDGE('',*,*,#3471,.F.);
#4450=ORIENTED_EDGE('',*,*,#3368,.F.);
#4451=ORIENTED_EDGE('',*,*,#3472,.T.);
#4452=ORIENTED_EDGE('',*,*,#3473,.F.);
#4453=ORIENTED_EDGE('',*,*,#3472,.F.);
#4454=ORIENTED_EDGE('',*,*,#3367,.F.);
#4455=ORIENTED_EDGE('',*,*,#3474,.T.);
#4456=ORIENTED_EDGE('',*,*,#3475,.F.);
#4457=ORIENTED_EDGE('',*,*,#3474,.F.);
#4458=ORIENTED_EDGE('',*,*,#3366,.F.);
#4459=ORIENTED_EDGE('',*,*,#3476,.T.);
#4460=ORIENTED_EDGE('',*,*,#3477,.F.);
#4461=ORIENTED_EDGE('',*,*,#3476,.F.);
#4462=ORIENTED_EDGE('',*,*,#3369,.F.);
#4463=ORIENTED_EDGE('',*,*,#3471,.T.);
#4464=ORIENTED_EDGE('',*,*,#3478,.F.);
#4465=ORIENTED_EDGE('',*,*,#3479,.F.);
#4466=ORIENTED_EDGE('',*,*,#3372,.F.);
#4467=ORIENTED_EDGE('',*,*,#3480,.T.);
#4468=ORIENTED_EDGE('',*,*,#3481,.F.);
#4469=ORIENTED_EDGE('',*,*,#3480,.F.);
#4470=ORIENTED_EDGE('',*,*,#3371,.F.);
#4471=ORIENTED_EDGE('',*,*,#3482,.T.);
#4472=ORIENTED_EDGE('',*,*,#3483,.F.);
#4473=ORIENTED_EDGE('',*,*,#3482,.F.);
#4474=ORIENTED_EDGE('',*,*,#3370,.F.);
#4475=ORIENTED_EDGE('',*,*,#3484,.T.);
#4476=ORIENTED_EDGE('',*,*,#3485,.F.);
#4477=ORIENTED_EDGE('',*,*,#3484,.F.);
#4478=ORIENTED_EDGE('',*,*,#3373,.F.);
#4479=ORIENTED_EDGE('',*,*,#3479,.T.);
#4480=ORIENTED_EDGE('',*,*,#3486,.F.);
#4481=ORIENTED_EDGE('',*,*,#3487,.F.);
#4482=ORIENTED_EDGE('',*,*,#3376,.F.);
#4483=ORIENTED_EDGE('',*,*,#3488,.T.);
#4484=ORIENTED_EDGE('',*,*,#3489,.F.);
#4485=ORIENTED_EDGE('',*,*,#3488,.F.);
#4486=ORIENTED_EDGE('',*,*,#3375,.F.);
#4487=ORIENTED_EDGE('',*,*,#3490,.T.);
#4488=ORIENTED_EDGE('',*,*,#3491,.F.);
#4489=ORIENTED_EDGE('',*,*,#3490,.F.);
#4490=ORIENTED_EDGE('',*,*,#3374,.F.);
#4491=ORIENTED_EDGE('',*,*,#3492,.T.);
#4492=ORIENTED_EDGE('',*,*,#3493,.F.);
#4493=ORIENTED_EDGE('',*,*,#3492,.F.);
#4494=ORIENTED_EDGE('',*,*,#3377,.F.);
#4495=ORIENTED_EDGE('',*,*,#3487,.T.);
#4496=ORIENTED_EDGE('',*,*,#3494,.F.);
#4497=ORIENTED_EDGE('',*,*,#3495,.F.);
#4498=ORIENTED_EDGE('',*,*,#3380,.F.);
#4499=ORIENTED_EDGE('',*,*,#3496,.T.);
#4500=ORIENTED_EDGE('',*,*,#3497,.F.);
#4501=ORIENTED_EDGE('',*,*,#3496,.F.);
#4502=ORIENTED_EDGE('',*,*,#3379,.F.);
#4503=ORIENTED_EDGE('',*,*,#3498,.T.);
#4504=ORIENTED_EDGE('',*,*,#3499,.F.);
#4505=ORIENTED_EDGE('',*,*,#3498,.F.);
#4506=ORIENTED_EDGE('',*,*,#3378,.F.);
#4507=ORIENTED_EDGE('',*,*,#3500,.T.);
#4508=ORIENTED_EDGE('',*,*,#3501,.F.);
#4509=ORIENTED_EDGE('',*,*,#3500,.F.);
#4510=ORIENTED_EDGE('',*,*,#3381,.F.);
#4511=ORIENTED_EDGE('',*,*,#3495,.T.);
#4512=ORIENTED_EDGE('',*,*,#3502,.F.);
#4513=ORIENTED_EDGE('',*,*,#3503,.F.);
#4514=ORIENTED_EDGE('',*,*,#3384,.F.);
#4515=ORIENTED_EDGE('',*,*,#3504,.T.);
#4516=ORIENTED_EDGE('',*,*,#3505,.F.);
#4517=ORIENTED_EDGE('',*,*,#3504,.F.);
#4518=ORIENTED_EDGE('',*,*,#3383,.F.);
#4519=ORIENTED_EDGE('',*,*,#3506,.T.);
#4520=ORIENTED_EDGE('',*,*,#3507,.F.);
#4521=ORIENTED_EDGE('',*,*,#3506,.F.);
#4522=ORIENTED_EDGE('',*,*,#3382,.F.);
#4523=ORIENTED_EDGE('',*,*,#3508,.T.);
#4524=ORIENTED_EDGE('',*,*,#3509,.F.);
#4525=ORIENTED_EDGE('',*,*,#3508,.F.);
#4526=ORIENTED_EDGE('',*,*,#3385,.F.);
#4527=ORIENTED_EDGE('',*,*,#3503,.T.);
#4528=ORIENTED_EDGE('',*,*,#3510,.F.);
#4529=ORIENTED_EDGE('',*,*,#3511,.F.);
#4530=ORIENTED_EDGE('',*,*,#3388,.F.);
#4531=ORIENTED_EDGE('',*,*,#3512,.T.);
#4532=ORIENTED_EDGE('',*,*,#3513,.F.);
#4533=ORIENTED_EDGE('',*,*,#3512,.F.);
#4534=ORIENTED_EDGE('',*,*,#3387,.F.);
#4535=ORIENTED_EDGE('',*,*,#3514,.T.);
#4536=ORIENTED_EDGE('',*,*,#3515,.F.);
#4537=ORIENTED_EDGE('',*,*,#3514,.F.);
#4538=ORIENTED_EDGE('',*,*,#3386,.F.);
#4539=ORIENTED_EDGE('',*,*,#3516,.T.);
#4540=ORIENTED_EDGE('',*,*,#3517,.F.);
#4541=ORIENTED_EDGE('',*,*,#3516,.F.);
#4542=ORIENTED_EDGE('',*,*,#3389,.F.);
#4543=ORIENTED_EDGE('',*,*,#3511,.T.);
#4544=ORIENTED_EDGE('',*,*,#3518,.F.);
#4545=ORIENTED_EDGE('',*,*,#3519,.F.);
#4546=ORIENTED_EDGE('',*,*,#3392,.F.);
#4547=ORIENTED_EDGE('',*,*,#3520,.T.);
#4548=ORIENTED_EDGE('',*,*,#3521,.F.);
#4549=ORIENTED_EDGE('',*,*,#3520,.F.);
#4550=ORIENTED_EDGE('',*,*,#3391,.F.);
#4551=ORIENTED_EDGE('',*,*,#3522,.T.);
#4552=ORIENTED_EDGE('',*,*,#3523,.F.);
#4553=ORIENTED_EDGE('',*,*,#3522,.F.);
#4554=ORIENTED_EDGE('',*,*,#3390,.F.);
#4555=ORIENTED_EDGE('',*,*,#3524,.T.);
#4556=ORIENTED_EDGE('',*,*,#3525,.F.);
#4557=ORIENTED_EDGE('',*,*,#3524,.F.);
#4558=ORIENTED_EDGE('',*,*,#3393,.F.);
#4559=ORIENTED_EDGE('',*,*,#3519,.T.);
#4560=ORIENTED_EDGE('',*,*,#3526,.F.);
#4561=ORIENTED_EDGE('',*,*,#3527,.F.);
#4562=ORIENTED_EDGE('',*,*,#3396,.F.);
#4563=ORIENTED_EDGE('',*,*,#3528,.T.);
#4564=ORIENTED_EDGE('',*,*,#3529,.F.);
#4565=ORIENTED_EDGE('',*,*,#3528,.F.);
#4566=ORIENTED_EDGE('',*,*,#3395,.F.);
#4567=ORIENTED_EDGE('',*,*,#3530,.T.);
#4568=ORIENTED_EDGE('',*,*,#3531,.F.);
#4569=ORIENTED_EDGE('',*,*,#3530,.F.);
#4570=ORIENTED_EDGE('',*,*,#3394,.F.);
#4571=ORIENTED_EDGE('',*,*,#3532,.T.);
#4572=ORIENTED_EDGE('',*,*,#3533,.F.);
#4573=ORIENTED_EDGE('',*,*,#3532,.F.);
#4574=ORIENTED_EDGE('',*,*,#3397,.F.);
#4575=ORIENTED_EDGE('',*,*,#3527,.T.);
#4576=ORIENTED_EDGE('',*,*,#3534,.F.);
#4577=ORIENTED_EDGE('',*,*,#3535,.F.);
#4578=ORIENTED_EDGE('',*,*,#3400,.F.);
#4579=ORIENTED_EDGE('',*,*,#3536,.T.);
#4580=ORIENTED_EDGE('',*,*,#3537,.F.);
#4581=ORIENTED_EDGE('',*,*,#3536,.F.);
#4582=ORIENTED_EDGE('',*,*,#3399,.F.);
#4583=ORIENTED_EDGE('',*,*,#3538,.T.);
#4584=ORIENTED_EDGE('',*,*,#3539,.F.);
#4585=ORIENTED_EDGE('',*,*,#3538,.F.);
#4586=ORIENTED_EDGE('',*,*,#3398,.F.);
#4587=ORIENTED_EDGE('',*,*,#3540,.T.);
#4588=ORIENTED_EDGE('',*,*,#3541,.F.);
#4589=ORIENTED_EDGE('',*,*,#3540,.F.);
#4590=ORIENTED_EDGE('',*,*,#3401,.F.);
#4591=ORIENTED_EDGE('',*,*,#3535,.T.);
#4592=ORIENTED_EDGE('',*,*,#3542,.F.);
#4593=ORIENTED_EDGE('',*,*,#3543,.F.);
#4594=ORIENTED_EDGE('',*,*,#3404,.F.);
#4595=ORIENTED_EDGE('',*,*,#3544,.T.);
#4596=ORIENTED_EDGE('',*,*,#3545,.F.);
#4597=ORIENTED_EDGE('',*,*,#3544,.F.);
#4598=ORIENTED_EDGE('',*,*,#3403,.F.);
#4599=ORIENTED_EDGE('',*,*,#3546,.T.);
#4600=ORIENTED_EDGE('',*,*,#3547,.F.);
#4601=ORIENTED_EDGE('',*,*,#3546,.F.);
#4602=ORIENTED_EDGE('',*,*,#3402,.F.);
#4603=ORIENTED_EDGE('',*,*,#3548,.T.);
#4604=ORIENTED_EDGE('',*,*,#3549,.F.);
#4605=ORIENTED_EDGE('',*,*,#3548,.F.);
#4606=ORIENTED_EDGE('',*,*,#3405,.F.);
#4607=ORIENTED_EDGE('',*,*,#3543,.T.);
#4608=ORIENTED_EDGE('',*,*,#3550,.F.);
#4609=ORIENTED_EDGE('',*,*,#3551,.F.);
#4610=ORIENTED_EDGE('',*,*,#3408,.F.);
#4611=ORIENTED_EDGE('',*,*,#3552,.T.);
#4612=ORIENTED_EDGE('',*,*,#3553,.F.);
#4613=ORIENTED_EDGE('',*,*,#3552,.F.);
#4614=ORIENTED_EDGE('',*,*,#3407,.F.);
#4615=ORIENTED_EDGE('',*,*,#3554,.T.);
#4616=ORIENTED_EDGE('',*,*,#3555,.F.);
#4617=ORIENTED_EDGE('',*,*,#3554,.F.);
#4618=ORIENTED_EDGE('',*,*,#3406,.F.);
#4619=ORIENTED_EDGE('',*,*,#3556,.T.);
#4620=ORIENTED_EDGE('',*,*,#3557,.F.);
#4621=ORIENTED_EDGE('',*,*,#3556,.F.);
#4622=ORIENTED_EDGE('',*,*,#3409,.F.);
#4623=ORIENTED_EDGE('',*,*,#3551,.T.);
#4624=ORIENTED_EDGE('',*,*,#3558,.F.);
#4625=ORIENTED_EDGE('',*,*,#3559,.F.);
#4626=ORIENTED_EDGE('',*,*,#3412,.F.);
#4627=ORIENTED_EDGE('',*,*,#3560,.T.);
#4628=ORIENTED_EDGE('',*,*,#3561,.F.);
#4629=ORIENTED_EDGE('',*,*,#3560,.F.);
#4630=ORIENTED_EDGE('',*,*,#3411,.F.);
#4631=ORIENTED_EDGE('',*,*,#3562,.T.);
#4632=ORIENTED_EDGE('',*,*,#3563,.F.);
#4633=ORIENTED_EDGE('',*,*,#3562,.F.);
#4634=ORIENTED_EDGE('',*,*,#3410,.F.);
#4635=ORIENTED_EDGE('',*,*,#3564,.T.);
#4636=ORIENTED_EDGE('',*,*,#3565,.F.);
#4637=ORIENTED_EDGE('',*,*,#3564,.F.);
#4638=ORIENTED_EDGE('',*,*,#3413,.F.);
#4639=ORIENTED_EDGE('',*,*,#3559,.T.);
#4640=ORIENTED_EDGE('',*,*,#3566,.F.);
#4641=ORIENTED_EDGE('',*,*,#3567,.F.);
#4642=ORIENTED_EDGE('',*,*,#3416,.F.);
#4643=ORIENTED_EDGE('',*,*,#3568,.T.);
#4644=ORIENTED_EDGE('',*,*,#3569,.F.);
#4645=ORIENTED_EDGE('',*,*,#3568,.F.);
#4646=ORIENTED_EDGE('',*,*,#3415,.F.);
#4647=ORIENTED_EDGE('',*,*,#3570,.T.);
#4648=ORIENTED_EDGE('',*,*,#3571,.F.);
#4649=ORIENTED_EDGE('',*,*,#3570,.F.);
#4650=ORIENTED_EDGE('',*,*,#3414,.F.);
#4651=ORIENTED_EDGE('',*,*,#3572,.T.);
#4652=ORIENTED_EDGE('',*,*,#3573,.F.);
#4653=ORIENTED_EDGE('',*,*,#3572,.F.);
#4654=ORIENTED_EDGE('',*,*,#3417,.F.);
#4655=ORIENTED_EDGE('',*,*,#3567,.T.);
#4656=ORIENTED_EDGE('',*,*,#3574,.F.);
#4657=ORIENTED_EDGE('',*,*,#3575,.F.);
#4658=ORIENTED_EDGE('',*,*,#3420,.F.);
#4659=ORIENTED_EDGE('',*,*,#3576,.T.);
#4660=ORIENTED_EDGE('',*,*,#3577,.F.);
#4661=ORIENTED_EDGE('',*,*,#3576,.F.);
#4662=ORIENTED_EDGE('',*,*,#3419,.F.);
#4663=ORIENTED_EDGE('',*,*,#3578,.T.);
#4664=ORIENTED_EDGE('',*,*,#3579,.F.);
#4665=ORIENTED_EDGE('',*,*,#3578,.F.);
#4666=ORIENTED_EDGE('',*,*,#3418,.F.);
#4667=ORIENTED_EDGE('',*,*,#3580,.T.);
#4668=ORIENTED_EDGE('',*,*,#3581,.F.);
#4669=ORIENTED_EDGE('',*,*,#3580,.F.);
#4670=ORIENTED_EDGE('',*,*,#3421,.F.);
#4671=ORIENTED_EDGE('',*,*,#3575,.T.);
#4672=ORIENTED_EDGE('',*,*,#3582,.F.);
#4673=ORIENTED_EDGE('',*,*,#3583,.F.);
#4674=ORIENTED_EDGE('',*,*,#3424,.F.);
#4675=ORIENTED_EDGE('',*,*,#3584,.T.);
#4676=ORIENTED_EDGE('',*,*,#3585,.F.);
#4677=ORIENTED_EDGE('',*,*,#3584,.F.);
#4678=ORIENTED_EDGE('',*,*,#3423,.F.);
#4679=ORIENTED_EDGE('',*,*,#3586,.T.);
#4680=ORIENTED_EDGE('',*,*,#3587,.F.);
#4681=ORIENTED_EDGE('',*,*,#3586,.F.);
#4682=ORIENTED_EDGE('',*,*,#3422,.F.);
#4683=ORIENTED_EDGE('',*,*,#3588,.T.);
#4684=ORIENTED_EDGE('',*,*,#3589,.F.);
#4685=ORIENTED_EDGE('',*,*,#3588,.F.);
#4686=ORIENTED_EDGE('',*,*,#3425,.F.);
#4687=ORIENTED_EDGE('',*,*,#3583,.T.);
#4688=ORIENTED_EDGE('',*,*,#3590,.F.);
#4689=ORIENTED_EDGE('',*,*,#3591,.F.);
#4690=ORIENTED_EDGE('',*,*,#3468,.F.);
#4691=ORIENTED_EDGE('',*,*,#3592,.T.);
#4692=ORIENTED_EDGE('',*,*,#3593,.F.);
#4693=ORIENTED_EDGE('',*,*,#3592,.F.);
#4694=ORIENTED_EDGE('',*,*,#3467,.F.);
#4695=ORIENTED_EDGE('',*,*,#3594,.T.);
#4696=ORIENTED_EDGE('',*,*,#3595,.F.);
#4697=ORIENTED_EDGE('',*,*,#3594,.F.);
#4698=ORIENTED_EDGE('',*,*,#3466,.F.);
#4699=ORIENTED_EDGE('',*,*,#3596,.T.);
#4700=ORIENTED_EDGE('',*,*,#3597,.F.);
#4701=ORIENTED_EDGE('',*,*,#3596,.F.);
#4702=ORIENTED_EDGE('',*,*,#3469,.F.);
#4703=ORIENTED_EDGE('',*,*,#3591,.T.);
#4704=ORIENTED_EDGE('',*,*,#3598,.F.);
#4705=ORIENTED_EDGE('',*,*,#3599,.F.);
#4706=ORIENTED_EDGE('',*,*,#3464,.F.);
#4707=ORIENTED_EDGE('',*,*,#3600,.T.);
#4708=ORIENTED_EDGE('',*,*,#3601,.F.);
#4709=ORIENTED_EDGE('',*,*,#3600,.F.);
#4710=ORIENTED_EDGE('',*,*,#3463,.F.);
#4711=ORIENTED_EDGE('',*,*,#3602,.T.);
#4712=ORIENTED_EDGE('',*,*,#3603,.F.);
#4713=ORIENTED_EDGE('',*,*,#3602,.F.);
#4714=ORIENTED_EDGE('',*,*,#3462,.F.);
#4715=ORIENTED_EDGE('',*,*,#3604,.T.);
#4716=ORIENTED_EDGE('',*,*,#3605,.F.);
#4717=ORIENTED_EDGE('',*,*,#3604,.F.);
#4718=ORIENTED_EDGE('',*,*,#3465,.F.);
#4719=ORIENTED_EDGE('',*,*,#3599,.T.);
#4720=ORIENTED_EDGE('',*,*,#3606,.F.);
#4721=ORIENTED_EDGE('',*,*,#3607,.F.);
#4722=ORIENTED_EDGE('',*,*,#3460,.F.);
#4723=ORIENTED_EDGE('',*,*,#3608,.T.);
#4724=ORIENTED_EDGE('',*,*,#3609,.F.);
#4725=ORIENTED_EDGE('',*,*,#3608,.F.);
#4726=ORIENTED_EDGE('',*,*,#3459,.F.);
#4727=ORIENTED_EDGE('',*,*,#3610,.T.);
#4728=ORIENTED_EDGE('',*,*,#3611,.F.);
#4729=ORIENTED_EDGE('',*,*,#3610,.F.);
#4730=ORIENTED_EDGE('',*,*,#3458,.F.);
#4731=ORIENTED_EDGE('',*,*,#3612,.T.);
#4732=ORIENTED_EDGE('',*,*,#3613,.F.);
#4733=ORIENTED_EDGE('',*,*,#3612,.F.);
#4734=ORIENTED_EDGE('',*,*,#3461,.F.);
#4735=ORIENTED_EDGE('',*,*,#3607,.T.);
#4736=ORIENTED_EDGE('',*,*,#3614,.F.);
#4737=ORIENTED_EDGE('',*,*,#3615,.F.);
#4738=ORIENTED_EDGE('',*,*,#3456,.F.);
#4739=ORIENTED_EDGE('',*,*,#3616,.T.);
#4740=ORIENTED_EDGE('',*,*,#3617,.F.);
#4741=ORIENTED_EDGE('',*,*,#3616,.F.);
#4742=ORIENTED_EDGE('',*,*,#3455,.F.);
#4743=ORIENTED_EDGE('',*,*,#3618,.T.);
#4744=ORIENTED_EDGE('',*,*,#3619,.F.);
#4745=ORIENTED_EDGE('',*,*,#3618,.F.);
#4746=ORIENTED_EDGE('',*,*,#3454,.F.);
#4747=ORIENTED_EDGE('',*,*,#3620,.T.);
#4748=ORIENTED_EDGE('',*,*,#3621,.F.);
#4749=ORIENTED_EDGE('',*,*,#3620,.F.);
#4750=ORIENTED_EDGE('',*,*,#3457,.F.);
#4751=ORIENTED_EDGE('',*,*,#3615,.T.);
#4752=ORIENTED_EDGE('',*,*,#3622,.F.);
#4753=ORIENTED_EDGE('',*,*,#3623,.F.);
#4754=ORIENTED_EDGE('',*,*,#3452,.F.);
#4755=ORIENTED_EDGE('',*,*,#3624,.T.);
#4756=ORIENTED_EDGE('',*,*,#3625,.F.);
#4757=ORIENTED_EDGE('',*,*,#3624,.F.);
#4758=ORIENTED_EDGE('',*,*,#3451,.F.);
#4759=ORIENTED_EDGE('',*,*,#3626,.T.);
#4760=ORIENTED_EDGE('',*,*,#3627,.F.);
#4761=ORIENTED_EDGE('',*,*,#3626,.F.);
#4762=ORIENTED_EDGE('',*,*,#3450,.F.);
#4763=ORIENTED_EDGE('',*,*,#3628,.T.);
#4764=ORIENTED_EDGE('',*,*,#3629,.F.);
#4765=ORIENTED_EDGE('',*,*,#3628,.F.);
#4766=ORIENTED_EDGE('',*,*,#3453,.F.);
#4767=ORIENTED_EDGE('',*,*,#3623,.T.);
#4768=ORIENTED_EDGE('',*,*,#3630,.F.);
#4769=ORIENTED_EDGE('',*,*,#3631,.F.);
#4770=ORIENTED_EDGE('',*,*,#3448,.F.);
#4771=ORIENTED_EDGE('',*,*,#3632,.T.);
#4772=ORIENTED_EDGE('',*,*,#3633,.F.);
#4773=ORIENTED_EDGE('',*,*,#3632,.F.);
#4774=ORIENTED_EDGE('',*,*,#3447,.F.);
#4775=ORIENTED_EDGE('',*,*,#3634,.T.);
#4776=ORIENTED_EDGE('',*,*,#3635,.F.);
#4777=ORIENTED_EDGE('',*,*,#3634,.F.);
#4778=ORIENTED_EDGE('',*,*,#3446,.F.);
#4779=ORIENTED_EDGE('',*,*,#3636,.T.);
#4780=ORIENTED_EDGE('',*,*,#3637,.F.);
#4781=ORIENTED_EDGE('',*,*,#3636,.F.);
#4782=ORIENTED_EDGE('',*,*,#3449,.F.);
#4783=ORIENTED_EDGE('',*,*,#3631,.T.);
#4784=ORIENTED_EDGE('',*,*,#3638,.F.);
#4785=ORIENTED_EDGE('',*,*,#3639,.F.);
#4786=ORIENTED_EDGE('',*,*,#3444,.F.);
#4787=ORIENTED_EDGE('',*,*,#3640,.T.);
#4788=ORIENTED_EDGE('',*,*,#3641,.F.);
#4789=ORIENTED_EDGE('',*,*,#3640,.F.);
#4790=ORIENTED_EDGE('',*,*,#3443,.F.);
#4791=ORIENTED_EDGE('',*,*,#3642,.T.);
#4792=ORIENTED_EDGE('',*,*,#3643,.F.);
#4793=ORIENTED_EDGE('',*,*,#3642,.F.);
#4794=ORIENTED_EDGE('',*,*,#3442,.F.);
#4795=ORIENTED_EDGE('',*,*,#3644,.T.);
#4796=ORIENTED_EDGE('',*,*,#3645,.F.);
#4797=ORIENTED_EDGE('',*,*,#3644,.F.);
#4798=ORIENTED_EDGE('',*,*,#3445,.F.);
#4799=ORIENTED_EDGE('',*,*,#3639,.T.);
#4800=ORIENTED_EDGE('',*,*,#3646,.F.);
#4801=ORIENTED_EDGE('',*,*,#3647,.F.);
#4802=ORIENTED_EDGE('',*,*,#3648,.F.);
#4803=ORIENTED_EDGE('',*,*,#3649,.T.);
#4804=ORIENTED_EDGE('',*,*,#3650,.F.);
#4805=ORIENTED_EDGE('',*,*,#3649,.F.);
#4806=ORIENTED_EDGE('',*,*,#3651,.F.);
#4807=ORIENTED_EDGE('',*,*,#3652,.T.);
#4808=ORIENTED_EDGE('',*,*,#3653,.F.);
#4809=ORIENTED_EDGE('',*,*,#3652,.F.);
#4810=ORIENTED_EDGE('',*,*,#3654,.F.);
#4811=ORIENTED_EDGE('',*,*,#3655,.T.);
#4812=ORIENTED_EDGE('',*,*,#3656,.F.);
#4813=ORIENTED_EDGE('',*,*,#3655,.F.);
#4814=ORIENTED_EDGE('',*,*,#3657,.F.);
#4815=ORIENTED_EDGE('',*,*,#3647,.T.);
#4816=ORIENTED_EDGE('',*,*,#3658,.F.);
#4817=ORIENTED_EDGE('',*,*,#3659,.F.);
#4818=ORIENTED_EDGE('',*,*,#3660,.F.);
#4819=ORIENTED_EDGE('',*,*,#3661,.T.);
#4820=ORIENTED_EDGE('',*,*,#3662,.F.);
#4821=ORIENTED_EDGE('',*,*,#3661,.F.);
#4822=ORIENTED_EDGE('',*,*,#3663,.F.);
#4823=ORIENTED_EDGE('',*,*,#3664,.T.);
#4824=ORIENTED_EDGE('',*,*,#3665,.F.);
#4825=ORIENTED_EDGE('',*,*,#3664,.F.);
#4826=ORIENTED_EDGE('',*,*,#3666,.F.);
#4827=ORIENTED_EDGE('',*,*,#3667,.T.);
#4828=ORIENTED_EDGE('',*,*,#3668,.F.);
#4829=ORIENTED_EDGE('',*,*,#3667,.F.);
#4830=ORIENTED_EDGE('',*,*,#3669,.F.);
#4831=ORIENTED_EDGE('',*,*,#3659,.T.);
#4832=ORIENTED_EDGE('',*,*,#3670,.F.);
#4833=ORIENTED_EDGE('',*,*,#3671,.F.);
#4834=ORIENTED_EDGE('',*,*,#3672,.F.);
#4835=ORIENTED_EDGE('',*,*,#3673,.T.);
#4836=ORIENTED_EDGE('',*,*,#3674,.F.);
#4837=ORIENTED_EDGE('',*,*,#3673,.F.);
#4838=ORIENTED_EDGE('',*,*,#3675,.F.);
#4839=ORIENTED_EDGE('',*,*,#3676,.T.);
#4840=ORIENTED_EDGE('',*,*,#3677,.F.);
#4841=ORIENTED_EDGE('',*,*,#3676,.F.);
#4842=ORIENTED_EDGE('',*,*,#3678,.F.);
#4843=ORIENTED_EDGE('',*,*,#3679,.T.);
#4844=ORIENTED_EDGE('',*,*,#3680,.F.);
#4845=ORIENTED_EDGE('',*,*,#3679,.F.);
#4846=ORIENTED_EDGE('',*,*,#3681,.F.);
#4847=ORIENTED_EDGE('',*,*,#3671,.T.);
#4848=ORIENTED_EDGE('',*,*,#3682,.F.);
#4849=ORIENTED_EDGE('',*,*,#3683,.F.);
#4850=ORIENTED_EDGE('',*,*,#3684,.F.);
#4851=ORIENTED_EDGE('',*,*,#3685,.T.);
#4852=ORIENTED_EDGE('',*,*,#3686,.F.);
#4853=ORIENTED_EDGE('',*,*,#3685,.F.);
#4854=ORIENTED_EDGE('',*,*,#3687,.F.);
#4855=ORIENTED_EDGE('',*,*,#3688,.T.);
#4856=ORIENTED_EDGE('',*,*,#3689,.F.);
#4857=ORIENTED_EDGE('',*,*,#3688,.F.);
#4858=ORIENTED_EDGE('',*,*,#3690,.F.);
#4859=ORIENTED_EDGE('',*,*,#3691,.T.);
#4860=ORIENTED_EDGE('',*,*,#3692,.F.);
#4861=ORIENTED_EDGE('',*,*,#3691,.F.);
#4862=ORIENTED_EDGE('',*,*,#3693,.F.);
#4863=ORIENTED_EDGE('',*,*,#3683,.T.);
#4864=ORIENTED_EDGE('',*,*,#3694,.F.);
#4865=ORIENTED_EDGE('',*,*,#3695,.F.);
#4866=ORIENTED_EDGE('',*,*,#3696,.F.);
#4867=ORIENTED_EDGE('',*,*,#3697,.T.);
#4868=ORIENTED_EDGE('',*,*,#3698,.F.);
#4869=ORIENTED_EDGE('',*,*,#3697,.F.);
#4870=ORIENTED_EDGE('',*,*,#3699,.F.);
#4871=ORIENTED_EDGE('',*,*,#3700,.T.);
#4872=ORIENTED_EDGE('',*,*,#3701,.F.);
#4873=ORIENTED_EDGE('',*,*,#3700,.F.);
#4874=ORIENTED_EDGE('',*,*,#3702,.F.);
#4875=ORIENTED_EDGE('',*,*,#3703,.T.);
#4876=ORIENTED_EDGE('',*,*,#3704,.F.);
#4877=ORIENTED_EDGE('',*,*,#3703,.F.);
#4878=ORIENTED_EDGE('',*,*,#3705,.F.);
#4879=ORIENTED_EDGE('',*,*,#3695,.T.);
#4880=ORIENTED_EDGE('',*,*,#3706,.F.);
#4881=ORIENTED_EDGE('',*,*,#3707,.F.);
#4882=ORIENTED_EDGE('',*,*,#3708,.F.);
#4883=ORIENTED_EDGE('',*,*,#3709,.T.);
#4884=ORIENTED_EDGE('',*,*,#3710,.F.);
#4885=ORIENTED_EDGE('',*,*,#3709,.F.);
#4886=ORIENTED_EDGE('',*,*,#3711,.F.);
#4887=ORIENTED_EDGE('',*,*,#3712,.T.);
#4888=ORIENTED_EDGE('',*,*,#3713,.F.);
#4889=ORIENTED_EDGE('',*,*,#3712,.F.);
#4890=ORIENTED_EDGE('',*,*,#3714,.F.);
#4891=ORIENTED_EDGE('',*,*,#3715,.T.);
#4892=ORIENTED_EDGE('',*,*,#3716,.F.);
#4893=ORIENTED_EDGE('',*,*,#3715,.F.);
#4894=ORIENTED_EDGE('',*,*,#3717,.F.);
#4895=ORIENTED_EDGE('',*,*,#3707,.T.);
#4896=ORIENTED_EDGE('',*,*,#3718,.F.);
#4897=ORIENTED_EDGE('',*,*,#3719,.F.);
#4898=ORIENTED_EDGE('',*,*,#3720,.F.);
#4899=ORIENTED_EDGE('',*,*,#3721,.T.);
#4900=ORIENTED_EDGE('',*,*,#3722,.F.);
#4901=ORIENTED_EDGE('',*,*,#3721,.F.);
#4902=ORIENTED_EDGE('',*,*,#3723,.F.);
#4903=ORIENTED_EDGE('',*,*,#3724,.T.);
#4904=ORIENTED_EDGE('',*,*,#3725,.F.);
#4905=ORIENTED_EDGE('',*,*,#3724,.F.);
#4906=ORIENTED_EDGE('',*,*,#3726,.F.);
#4907=ORIENTED_EDGE('',*,*,#3727,.T.);
#4908=ORIENTED_EDGE('',*,*,#3728,.F.);
#4909=ORIENTED_EDGE('',*,*,#3727,.F.);
#4910=ORIENTED_EDGE('',*,*,#3729,.F.);
#4911=ORIENTED_EDGE('',*,*,#3719,.T.);
#4912=ORIENTED_EDGE('',*,*,#3730,.F.);
#4913=ORIENTED_EDGE('',*,*,#3731,.T.);
#4914=ORIENTED_EDGE('',*,*,#3732,.F.);
#4915=ORIENTED_EDGE('',*,*,#3731,.F.);
#4916=ORIENTED_EDGE('',*,*,#3733,.F.);
#4917=ORIENTED_EDGE('',*,*,#3730,.T.);
#4918=ORIENTED_EDGE('',*,*,#3734,.F.);
#4919=ORIENTED_EDGE('',*,*,#3735,.F.);
#4920=ORIENTED_EDGE('',*,*,#3736,.F.);
#4921=ORIENTED_EDGE('',*,*,#3737,.F.);
#4922=ORIENTED_EDGE('',*,*,#3738,.F.);
#4923=ORIENTED_EDGE('',*,*,#3739,.F.);
#4924=ORIENTED_EDGE('',*,*,#3740,.T.);
#4925=ORIENTED_EDGE('',*,*,#3741,.T.);
#4926=ORIENTED_EDGE('',*,*,#3742,.T.);
#4927=ORIENTED_EDGE('',*,*,#3743,.F.);
#4928=ORIENTED_EDGE('',*,*,#3744,.T.);
#4929=ORIENTED_EDGE('',*,*,#3745,.F.);
#4930=ORIENTED_EDGE('',*,*,#3734,.T.);
#4931=ORIENTED_EDGE('',*,*,#3746,.T.);
#4932=ORIENTED_EDGE('',*,*,#3747,.F.);
#4933=ORIENTED_EDGE('',*,*,#3748,.T.);
#4934=ORIENTED_EDGE('',*,*,#3749,.F.);
#4935=ORIENTED_EDGE('',*,*,#3750,.T.);
#4936=ORIENTED_EDGE('',*,*,#3751,.T.);
#4937=ORIENTED_EDGE('',*,*,#3752,.T.);
#4938=ORIENTED_EDGE('',*,*,#3753,.F.);
#4939=ORIENTED_EDGE('',*,*,#3754,.F.);
#4940=ORIENTED_EDGE('',*,*,#3755,.F.);
#4941=ORIENTED_EDGE('',*,*,#3735,.T.);
#4942=ORIENTED_EDGE('',*,*,#3747,.T.);
#4943=ORIENTED_EDGE('',*,*,#3756,.T.);
#4944=ORIENTED_EDGE('',*,*,#3757,.F.);
#4945=ORIENTED_EDGE('',*,*,#3758,.F.);
#4946=ORIENTED_EDGE('',*,*,#3759,.F.);
#4947=ORIENTED_EDGE('',*,*,#3318,.F.);
#4948=ORIENTED_EDGE('',*,*,#3760,.T.);
#4949=ORIENTED_EDGE('',*,*,#3761,.F.);
#4950=ORIENTED_EDGE('',*,*,#3760,.F.);
#4951=ORIENTED_EDGE('',*,*,#3317,.F.);
#4952=ORIENTED_EDGE('',*,*,#3762,.T.);
#4953=ORIENTED_EDGE('',*,*,#3763,.F.);
#4954=ORIENTED_EDGE('',*,*,#3762,.F.);
#4955=ORIENTED_EDGE('',*,*,#3316,.F.);
#4956=ORIENTED_EDGE('',*,*,#3764,.T.);
#4957=ORIENTED_EDGE('',*,*,#3765,.F.);
#4958=ORIENTED_EDGE('',*,*,#3764,.F.);
#4959=ORIENTED_EDGE('',*,*,#3319,.F.);
#4960=ORIENTED_EDGE('',*,*,#3759,.T.);
#4961=ORIENTED_EDGE('',*,*,#3766,.F.);
#4962=ORIENTED_EDGE('',*,*,#3767,.F.);
#4963=ORIENTED_EDGE('',*,*,#3322,.F.);
#4964=ORIENTED_EDGE('',*,*,#3768,.T.);
#4965=ORIENTED_EDGE('',*,*,#3769,.F.);
#4966=ORIENTED_EDGE('',*,*,#3768,.F.);
#4967=ORIENTED_EDGE('',*,*,#3321,.F.);
#4968=ORIENTED_EDGE('',*,*,#3770,.T.);
#4969=ORIENTED_EDGE('',*,*,#3771,.F.);
#4970=ORIENTED_EDGE('',*,*,#3770,.F.);
#4971=ORIENTED_EDGE('',*,*,#3320,.F.);
#4972=ORIENTED_EDGE('',*,*,#3772,.T.);
#4973=ORIENTED_EDGE('',*,*,#3773,.F.);
#4974=ORIENTED_EDGE('',*,*,#3772,.F.);
#4975=ORIENTED_EDGE('',*,*,#3323,.F.);
#4976=ORIENTED_EDGE('',*,*,#3767,.T.);
#4977=ORIENTED_EDGE('',*,*,#3774,.F.);
#4978=ORIENTED_EDGE('',*,*,#3775,.F.);
#4979=ORIENTED_EDGE('',*,*,#3326,.F.);
#4980=ORIENTED_EDGE('',*,*,#3776,.T.);
#4981=ORIENTED_EDGE('',*,*,#3777,.F.);
#4982=ORIENTED_EDGE('',*,*,#3776,.F.);
#4983=ORIENTED_EDGE('',*,*,#3325,.F.);
#4984=ORIENTED_EDGE('',*,*,#3778,.T.);
#4985=ORIENTED_EDGE('',*,*,#3779,.F.);
#4986=ORIENTED_EDGE('',*,*,#3778,.F.);
#4987=ORIENTED_EDGE('',*,*,#3324,.F.);
#4988=ORIENTED_EDGE('',*,*,#3780,.T.);
#4989=ORIENTED_EDGE('',*,*,#3781,.F.);
#4990=ORIENTED_EDGE('',*,*,#3780,.F.);
#4991=ORIENTED_EDGE('',*,*,#3327,.F.);
#4992=ORIENTED_EDGE('',*,*,#3775,.T.);
#4993=ORIENTED_EDGE('',*,*,#3782,.F.);
#4994=ORIENTED_EDGE('',*,*,#3783,.F.);
#4995=ORIENTED_EDGE('',*,*,#3330,.F.);
#4996=ORIENTED_EDGE('',*,*,#3784,.T.);
#4997=ORIENTED_EDGE('',*,*,#3785,.F.);
#4998=ORIENTED_EDGE('',*,*,#3784,.F.);
#4999=ORIENTED_EDGE('',*,*,#3329,.F.);
#5000=ORIENTED_EDGE('',*,*,#3786,.T.);
#5001=ORIENTED_EDGE('',*,*,#3787,.F.);
#5002=ORIENTED_EDGE('',*,*,#3786,.F.);
#5003=ORIENTED_EDGE('',*,*,#3328,.F.);
#5004=ORIENTED_EDGE('',*,*,#3788,.T.);
#5005=ORIENTED_EDGE('',*,*,#3789,.F.);
#5006=ORIENTED_EDGE('',*,*,#3788,.F.);
#5007=ORIENTED_EDGE('',*,*,#3331,.F.);
#5008=ORIENTED_EDGE('',*,*,#3783,.T.);
#5009=ORIENTED_EDGE('',*,*,#3790,.F.);
#5010=ORIENTED_EDGE('',*,*,#3791,.F.);
#5011=ORIENTED_EDGE('',*,*,#3334,.F.);
#5012=ORIENTED_EDGE('',*,*,#3792,.T.);
#5013=ORIENTED_EDGE('',*,*,#3793,.F.);
#5014=ORIENTED_EDGE('',*,*,#3792,.F.);
#5015=ORIENTED_EDGE('',*,*,#3333,.F.);
#5016=ORIENTED_EDGE('',*,*,#3794,.T.);
#5017=ORIENTED_EDGE('',*,*,#3795,.F.);
#5018=ORIENTED_EDGE('',*,*,#3794,.F.);
#5019=ORIENTED_EDGE('',*,*,#3332,.F.);
#5020=ORIENTED_EDGE('',*,*,#3796,.T.);
#5021=ORIENTED_EDGE('',*,*,#3797,.F.);
#5022=ORIENTED_EDGE('',*,*,#3796,.F.);
#5023=ORIENTED_EDGE('',*,*,#3335,.F.);
#5024=ORIENTED_EDGE('',*,*,#3791,.T.);
#5025=ORIENTED_EDGE('',*,*,#3798,.F.);
#5026=ORIENTED_EDGE('',*,*,#3799,.F.);
#5027=ORIENTED_EDGE('',*,*,#3338,.F.);
#5028=ORIENTED_EDGE('',*,*,#3800,.T.);
#5029=ORIENTED_EDGE('',*,*,#3801,.F.);
#5030=ORIENTED_EDGE('',*,*,#3800,.F.);
#5031=ORIENTED_EDGE('',*,*,#3337,.F.);
#5032=ORIENTED_EDGE('',*,*,#3802,.T.);
#5033=ORIENTED_EDGE('',*,*,#3803,.F.);
#5034=ORIENTED_EDGE('',*,*,#3802,.F.);
#5035=ORIENTED_EDGE('',*,*,#3336,.F.);
#5036=ORIENTED_EDGE('',*,*,#3804,.T.);
#5037=ORIENTED_EDGE('',*,*,#3805,.F.);
#5038=ORIENTED_EDGE('',*,*,#3804,.F.);
#5039=ORIENTED_EDGE('',*,*,#3339,.F.);
#5040=ORIENTED_EDGE('',*,*,#3799,.T.);
#5041=ORIENTED_EDGE('',*,*,#3806,.F.);
#5042=ORIENTED_EDGE('',*,*,#3807,.F.);
#5043=ORIENTED_EDGE('',*,*,#3342,.F.);
#5044=ORIENTED_EDGE('',*,*,#3808,.T.);
#5045=ORIENTED_EDGE('',*,*,#3809,.F.);
#5046=ORIENTED_EDGE('',*,*,#3808,.F.);
#5047=ORIENTED_EDGE('',*,*,#3341,.F.);
#5048=ORIENTED_EDGE('',*,*,#3810,.T.);
#5049=ORIENTED_EDGE('',*,*,#3811,.F.);
#5050=ORIENTED_EDGE('',*,*,#3810,.F.);
#5051=ORIENTED_EDGE('',*,*,#3340,.F.);
#5052=ORIENTED_EDGE('',*,*,#3812,.T.);
#5053=ORIENTED_EDGE('',*,*,#3813,.F.);
#5054=ORIENTED_EDGE('',*,*,#3812,.F.);
#5055=ORIENTED_EDGE('',*,*,#3343,.F.);
#5056=ORIENTED_EDGE('',*,*,#3807,.T.);
#5057=ORIENTED_EDGE('',*,*,#3737,.T.);
#5058=ORIENTED_EDGE('',*,*,#3814,.F.);
#5059=ORIENTED_EDGE('',*,*,#3756,.F.);
#5060=ORIENTED_EDGE('',*,*,#3746,.F.);
#5061=ORIENTED_EDGE('',*,*,#3815,.F.);
#5062=ORIENTED_EDGE('',*,*,#3816,.F.);
#5063=ORIENTED_EDGE('',*,*,#3346,.F.);
#5064=ORIENTED_EDGE('',*,*,#3817,.T.);
#5065=ORIENTED_EDGE('',*,*,#3818,.F.);
#5066=ORIENTED_EDGE('',*,*,#3817,.F.);
#5067=ORIENTED_EDGE('',*,*,#3345,.F.);
#5068=ORIENTED_EDGE('',*,*,#3819,.T.);
#5069=ORIENTED_EDGE('',*,*,#3820,.F.);
#5070=ORIENTED_EDGE('',*,*,#3819,.F.);
#5071=ORIENTED_EDGE('',*,*,#3344,.F.);
#5072=ORIENTED_EDGE('',*,*,#3821,.T.);
#5073=ORIENTED_EDGE('',*,*,#3822,.F.);
#5074=ORIENTED_EDGE('',*,*,#3821,.F.);
#5075=ORIENTED_EDGE('',*,*,#3347,.F.);
#5076=ORIENTED_EDGE('',*,*,#3816,.T.);
#5077=ORIENTED_EDGE('',*,*,#3814,.T.);
#5078=ORIENTED_EDGE('',*,*,#3736,.T.);
#5079=ORIENTED_EDGE('',*,*,#3755,.T.);
#5080=ORIENTED_EDGE('',*,*,#3823,.F.);
#5081=ORIENTED_EDGE('',*,*,#3745,.T.);
#5082=ORIENTED_EDGE('',*,*,#3824,.T.);
#5083=ORIENTED_EDGE('',*,*,#3757,.T.);
#5084=ORIENTED_EDGE('',*,*,#3825,.F.);
#5085=ORIENTED_EDGE('',*,*,#3826,.F.);
#5086=ORIENTED_EDGE('',*,*,#3827,.F.);
#5087=ORIENTED_EDGE('',*,*,#3828,.F.);
#5088=ORIENTED_EDGE('',*,*,#3829,.T.);
#5089=ORIENTED_EDGE('',*,*,#3830,.F.);
#5090=ORIENTED_EDGE('',*,*,#3831,.F.);
#5091=ORIENTED_EDGE('',*,*,#3832,.F.);
#5092=ORIENTED_EDGE('',*,*,#3833,.T.);
#5093=ORIENTED_EDGE('',*,*,#3830,.T.);
#5094=ORIENTED_EDGE('',*,*,#3834,.F.);
#5095=ORIENTED_EDGE('',*,*,#3832,.T.);
#5096=ORIENTED_EDGE('',*,*,#3835,.F.);
#5097=ORIENTED_EDGE('',*,*,#3836,.T.);
#5098=ORIENTED_EDGE('',*,*,#3749,.T.);
#5099=ORIENTED_EDGE('',*,*,#3837,.F.);
#5100=ORIENTED_EDGE('',*,*,#3743,.T.);
#5101=ORIENTED_EDGE('',*,*,#3838,.T.);
#5102=ORIENTED_EDGE('',*,*,#3839,.T.);
#5103=ORIENTED_EDGE('',*,*,#3840,.T.);
#5104=ORIENTED_EDGE('',*,*,#3739,.T.);
#5105=ORIENTED_EDGE('',*,*,#3841,.F.);
#5106=ORIENTED_EDGE('',*,*,#3842,.F.);
#5107=ORIENTED_EDGE('',*,*,#3843,.F.);
#5108=ORIENTED_EDGE('',*,*,#3844,.F.);
#5109=ORIENTED_EDGE('',*,*,#3845,.F.);
#5110=ORIENTED_EDGE('',*,*,#3846,.F.);
#5111=ORIENTED_EDGE('',*,*,#3847,.F.);
#5112=ORIENTED_EDGE('',*,*,#3848,.F.);
#5113=ORIENTED_EDGE('',*,*,#3849,.T.);
#5114=ORIENTED_EDGE('',*,*,#3850,.F.);
#5115=ORIENTED_EDGE('',*,*,#3851,.F.);
#5116=ORIENTED_EDGE('',*,*,#3852,.F.);
#5117=ORIENTED_EDGE('',*,*,#3853,.T.);
#5118=ORIENTED_EDGE('',*,*,#3854,.T.);
#5119=ORIENTED_EDGE('',*,*,#3855,.F.);
#5120=ORIENTED_EDGE('',*,*,#3856,.F.);
#5121=ORIENTED_EDGE('',*,*,#3857,.T.);
#5122=ORIENTED_EDGE('',*,*,#3858,.T.);
#5123=ORIENTED_EDGE('',*,*,#3859,.T.);
#5124=ORIENTED_EDGE('',*,*,#3860,.T.);
#5125=ORIENTED_EDGE('',*,*,#3861,.F.);
#5126=ORIENTED_EDGE('',*,*,#3862,.T.);
#5127=ORIENTED_EDGE('',*,*,#3863,.T.);
#5128=ORIENTED_EDGE('',*,*,#3864,.T.);
#5129=ORIENTED_EDGE('',*,*,#3865,.T.);
#5130=ORIENTED_EDGE('',*,*,#3866,.F.);
#5131=ORIENTED_EDGE('',*,*,#3867,.T.);
#5132=ORIENTED_EDGE('',*,*,#3868,.T.);
#5133=ORIENTED_EDGE('',*,*,#3869,.T.);
#5134=ORIENTED_EDGE('',*,*,#3870,.T.);
#5135=ORIENTED_EDGE('',*,*,#3871,.F.);
#5136=ORIENTED_EDGE('',*,*,#3872,.T.);
#5137=ORIENTED_EDGE('',*,*,#3873,.T.);
#5138=ORIENTED_EDGE('',*,*,#3874,.F.);
#5139=ORIENTED_EDGE('',*,*,#3753,.T.);
#5140=ORIENTED_EDGE('',*,*,#3875,.T.);
#5141=ORIENTED_EDGE('',*,*,#3876,.T.);
#5142=ORIENTED_EDGE('',*,*,#3595,.T.);
#5143=ORIENTED_EDGE('',*,*,#3597,.T.);
#5144=ORIENTED_EDGE('',*,*,#3590,.T.);
#5145=ORIENTED_EDGE('',*,*,#3593,.T.);
#5146=ORIENTED_EDGE('',*,*,#3603,.T.);
#5147=ORIENTED_EDGE('',*,*,#3605,.T.);
#5148=ORIENTED_EDGE('',*,*,#3598,.T.);
#5149=ORIENTED_EDGE('',*,*,#3601,.T.);
#5150=ORIENTED_EDGE('',*,*,#3611,.T.);
#5151=ORIENTED_EDGE('',*,*,#3613,.T.);
#5152=ORIENTED_EDGE('',*,*,#3606,.T.);
#5153=ORIENTED_EDGE('',*,*,#3609,.T.);
#5154=ORIENTED_EDGE('',*,*,#3619,.T.);
#5155=ORIENTED_EDGE('',*,*,#3621,.T.);
#5156=ORIENTED_EDGE('',*,*,#3614,.T.);
#5157=ORIENTED_EDGE('',*,*,#3617,.T.);
#5158=ORIENTED_EDGE('',*,*,#3627,.T.);
#5159=ORIENTED_EDGE('',*,*,#3629,.T.);
#5160=ORIENTED_EDGE('',*,*,#3622,.T.);
#5161=ORIENTED_EDGE('',*,*,#3625,.T.);
#5162=ORIENTED_EDGE('',*,*,#3635,.T.);
#5163=ORIENTED_EDGE('',*,*,#3637,.T.);
#5164=ORIENTED_EDGE('',*,*,#3630,.T.);
#5165=ORIENTED_EDGE('',*,*,#3633,.T.);
#5166=ORIENTED_EDGE('',*,*,#3643,.T.);
#5167=ORIENTED_EDGE('',*,*,#3645,.T.);
#5168=ORIENTED_EDGE('',*,*,#3638,.T.);
#5169=ORIENTED_EDGE('',*,*,#3641,.T.);
#5170=ORIENTED_EDGE('',*,*,#3834,.T.);
#5171=ORIENTED_EDGE('',*,*,#3833,.F.);
#5172=ORIENTED_EDGE('',*,*,#3877,.T.);
#5173=ORIENTED_EDGE('',*,*,#3878,.T.);
#5174=ORIENTED_EDGE('',*,*,#3879,.T.);
#5175=ORIENTED_EDGE('',*,*,#3880,.T.);
#5176=ORIENTED_EDGE('',*,*,#3881,.T.);
#5177=ORIENTED_EDGE('',*,*,#3882,.T.);
#5178=ORIENTED_EDGE('',*,*,#3883,.T.);
#5179=ORIENTED_EDGE('',*,*,#3884,.T.);
#5180=ORIENTED_EDGE('',*,*,#3885,.T.);
#5181=ORIENTED_EDGE('',*,*,#3886,.F.);
#5182=ORIENTED_EDGE('',*,*,#3887,.T.);
#5183=ORIENTED_EDGE('',*,*,#3888,.T.);
#5184=ORIENTED_EDGE('',*,*,#3889,.T.);
#5185=ORIENTED_EDGE('',*,*,#3890,.T.);
#5186=ORIENTED_EDGE('',*,*,#3891,.T.);
#5187=ORIENTED_EDGE('',*,*,#3892,.T.);
#5188=ORIENTED_EDGE('',*,*,#3893,.T.);
#5189=ORIENTED_EDGE('',*,*,#3894,.T.);
#5190=ORIENTED_EDGE('',*,*,#3895,.T.);
#5191=ORIENTED_EDGE('',*,*,#3896,.T.);
#5192=ORIENTED_EDGE('',*,*,#3897,.T.);
#5193=ORIENTED_EDGE('',*,*,#3829,.F.);
#5194=ORIENTED_EDGE('',*,*,#3587,.T.);
#5195=ORIENTED_EDGE('',*,*,#3589,.T.);
#5196=ORIENTED_EDGE('',*,*,#3582,.T.);
#5197=ORIENTED_EDGE('',*,*,#3585,.T.);
#5198=ORIENTED_EDGE('',*,*,#3579,.T.);
#5199=ORIENTED_EDGE('',*,*,#3581,.T.);
#5200=ORIENTED_EDGE('',*,*,#3574,.T.);
#5201=ORIENTED_EDGE('',*,*,#3577,.T.);
#5202=ORIENTED_EDGE('',*,*,#3571,.T.);
#5203=ORIENTED_EDGE('',*,*,#3573,.T.);
#5204=ORIENTED_EDGE('',*,*,#3566,.T.);
#5205=ORIENTED_EDGE('',*,*,#3569,.T.);
#5206=ORIENTED_EDGE('',*,*,#3563,.T.);
#5207=ORIENTED_EDGE('',*,*,#3565,.T.);
#5208=ORIENTED_EDGE('',*,*,#3558,.T.);
#5209=ORIENTED_EDGE('',*,*,#3561,.T.);
#5210=ORIENTED_EDGE('',*,*,#3555,.T.);
#5211=ORIENTED_EDGE('',*,*,#3557,.T.);
#5212=ORIENTED_EDGE('',*,*,#3550,.T.);
#5213=ORIENTED_EDGE('',*,*,#3553,.T.);
#5214=ORIENTED_EDGE('',*,*,#3547,.T.);
#5215=ORIENTED_EDGE('',*,*,#3549,.T.);
#5216=ORIENTED_EDGE('',*,*,#3542,.T.);
#5217=ORIENTED_EDGE('',*,*,#3545,.T.);
#5218=ORIENTED_EDGE('',*,*,#3539,.T.);
#5219=ORIENTED_EDGE('',*,*,#3541,.T.);
#5220=ORIENTED_EDGE('',*,*,#3534,.T.);
#5221=ORIENTED_EDGE('',*,*,#3537,.T.);
#5222=ORIENTED_EDGE('',*,*,#3892,.F.);
#5223=ORIENTED_EDGE('',*,*,#3898,.F.);
#5224=ORIENTED_EDGE('',*,*,#3437,.F.);
#5225=ORIENTED_EDGE('',*,*,#3899,.T.);
#5226=ORIENTED_EDGE('',*,*,#3893,.F.);
#5227=ORIENTED_EDGE('',*,*,#3899,.F.);
#5228=ORIENTED_EDGE('',*,*,#3436,.F.);
#5229=ORIENTED_EDGE('',*,*,#3900,.T.);
#5230=ORIENTED_EDGE('',*,*,#3894,.F.);
#5231=ORIENTED_EDGE('',*,*,#3900,.F.);
#5232=ORIENTED_EDGE('',*,*,#3435,.F.);
#5233=ORIENTED_EDGE('',*,*,#3901,.T.);
#5234=ORIENTED_EDGE('',*,*,#3895,.F.);
#5235=ORIENTED_EDGE('',*,*,#3901,.F.);
#5236=ORIENTED_EDGE('',*,*,#3434,.F.);
#5237=ORIENTED_EDGE('',*,*,#3902,.T.);
#5238=ORIENTED_EDGE('',*,*,#3896,.F.);
#5239=ORIENTED_EDGE('',*,*,#3902,.F.);
#5240=ORIENTED_EDGE('',*,*,#3433,.F.);
#5241=ORIENTED_EDGE('',*,*,#3903,.T.);
#5242=ORIENTED_EDGE('',*,*,#3887,.F.);
#5243=ORIENTED_EDGE('',*,*,#3903,.F.);
#5244=ORIENTED_EDGE('',*,*,#3432,.F.);
#5245=ORIENTED_EDGE('',*,*,#3904,.T.);
#5246=ORIENTED_EDGE('',*,*,#3888,.F.);
#5247=ORIENTED_EDGE('',*,*,#3904,.F.);
#5248=ORIENTED_EDGE('',*,*,#3441,.F.);
#5249=ORIENTED_EDGE('',*,*,#3905,.T.);
#5250=ORIENTED_EDGE('',*,*,#3889,.F.);
#5251=ORIENTED_EDGE('',*,*,#3905,.F.);
#5252=ORIENTED_EDGE('',*,*,#3440,.F.);
#5253=ORIENTED_EDGE('',*,*,#3906,.T.);
#5254=ORIENTED_EDGE('',*,*,#3890,.F.);
#5255=ORIENTED_EDGE('',*,*,#3906,.F.);
#5256=ORIENTED_EDGE('',*,*,#3439,.F.);
#5257=ORIENTED_EDGE('',*,*,#3907,.T.);
#5258=ORIENTED_EDGE('',*,*,#3891,.F.);
#5259=ORIENTED_EDGE('',*,*,#3907,.F.);
#5260=ORIENTED_EDGE('',*,*,#3438,.F.);
#5261=ORIENTED_EDGE('',*,*,#3898,.T.);
#5262=ORIENTED_EDGE('',*,*,#3750,.F.);
#5263=ORIENTED_EDGE('',*,*,#3836,.F.);
#5264=ORIENTED_EDGE('',*,*,#3908,.T.);
#5265=ORIENTED_EDGE('',*,*,#3909,.F.);
#5266=ORIENTED_EDGE('',*,*,#3876,.F.);
#5267=ORIENTED_EDGE('',*,*,#3910,.T.);
#5268=ORIENTED_EDGE('',*,*,#3911,.F.);
#5269=ORIENTED_EDGE('',*,*,#3908,.F.);
#5270=ORIENTED_EDGE('',*,*,#3752,.F.);
#5271=ORIENTED_EDGE('',*,*,#3912,.F.);
#5272=ORIENTED_EDGE('',*,*,#3910,.F.);
#5273=ORIENTED_EDGE('',*,*,#3875,.F.);
#5274=ORIENTED_EDGE('',*,*,#3751,.F.);
#5275=ORIENTED_EDGE('',*,*,#3909,.T.);
#5276=ORIENTED_EDGE('',*,*,#3911,.T.);
#5277=ORIENTED_EDGE('',*,*,#3912,.T.);
#5278=ORIENTED_EDGE('',*,*,#3740,.F.);
#5279=ORIENTED_EDGE('',*,*,#3840,.F.);
#5280=ORIENTED_EDGE('',*,*,#3913,.T.);
#5281=ORIENTED_EDGE('',*,*,#3914,.F.);
#5282=ORIENTED_EDGE('',*,*,#3742,.F.);
#5283=ORIENTED_EDGE('',*,*,#3915,.F.);
#5284=ORIENTED_EDGE('',*,*,#3916,.F.);
#5285=ORIENTED_EDGE('',*,*,#3838,.F.);
#5286=ORIENTED_EDGE('',*,*,#3839,.F.);
#5287=ORIENTED_EDGE('',*,*,#3916,.T.);
#5288=ORIENTED_EDGE('',*,*,#3917,.F.);
#5289=ORIENTED_EDGE('',*,*,#3913,.F.);
#5290=ORIENTED_EDGE('',*,*,#3741,.F.);
#5291=ORIENTED_EDGE('',*,*,#3914,.T.);
#5292=ORIENTED_EDGE('',*,*,#3917,.T.);
#5293=ORIENTED_EDGE('',*,*,#3915,.T.);
#5294=ORIENTED_EDGE('',*,*,#3877,.F.);
#5295=ORIENTED_EDGE('',*,*,#3918,.T.);
#5296=ORIENTED_EDGE('',*,*,#3919,.T.);
#5297=ORIENTED_EDGE('',*,*,#3920,.T.);
#5298=ORIENTED_EDGE('',*,*,#3885,.F.);
#5299=ORIENTED_EDGE('',*,*,#3921,.T.);
#5300=ORIENTED_EDGE('',*,*,#3922,.T.);
#5301=ORIENTED_EDGE('',*,*,#3923,.T.);
#5302=ORIENTED_EDGE('',*,*,#3881,.F.);
#5303=ORIENTED_EDGE('',*,*,#3924,.T.);
#5304=ORIENTED_EDGE('',*,*,#3925,.T.);
#5305=ORIENTED_EDGE('',*,*,#3926,.T.);
#5306=ORIENTED_EDGE('',*,*,#3926,.F.);
#5307=ORIENTED_EDGE('',*,*,#3927,.F.);
#5308=ORIENTED_EDGE('',*,*,#3928,.F.);
#5309=ORIENTED_EDGE('',*,*,#3878,.F.);
#5310=ORIENTED_EDGE('',*,*,#3925,.F.);
#5311=ORIENTED_EDGE('',*,*,#3929,.T.);
#5312=ORIENTED_EDGE('',*,*,#3930,.T.);
#5313=ORIENTED_EDGE('',*,*,#3927,.T.);
#5314=ORIENTED_EDGE('',*,*,#3924,.F.);
#5315=ORIENTED_EDGE('',*,*,#3880,.F.);
#5316=ORIENTED_EDGE('',*,*,#3931,.T.);
#5317=ORIENTED_EDGE('',*,*,#3929,.F.);
#5318=ORIENTED_EDGE('',*,*,#3879,.F.);
#5319=ORIENTED_EDGE('',*,*,#3928,.T.);
#5320=ORIENTED_EDGE('',*,*,#3930,.F.);
#5321=ORIENTED_EDGE('',*,*,#3931,.F.);
#5322=ORIENTED_EDGE('',*,*,#3921,.F.);
#5323=ORIENTED_EDGE('',*,*,#3884,.F.);
#5324=ORIENTED_EDGE('',*,*,#3932,.T.);
#5325=ORIENTED_EDGE('',*,*,#3933,.F.);
#5326=ORIENTED_EDGE('',*,*,#3923,.F.);
#5327=ORIENTED_EDGE('',*,*,#3934,.F.);
#5328=ORIENTED_EDGE('',*,*,#3935,.F.);
#5329=ORIENTED_EDGE('',*,*,#3882,.F.);
#5330=ORIENTED_EDGE('',*,*,#3883,.F.);
#5331=ORIENTED_EDGE('',*,*,#3935,.T.);
#5332=ORIENTED_EDGE('',*,*,#3936,.F.);
#5333=ORIENTED_EDGE('',*,*,#3932,.F.);
#5334=ORIENTED_EDGE('',*,*,#3922,.F.);
#5335=ORIENTED_EDGE('',*,*,#3933,.T.);
#5336=ORIENTED_EDGE('',*,*,#3936,.T.);
#5337=ORIENTED_EDGE('',*,*,#3934,.T.);
#5338=ORIENTED_EDGE('',*,*,#3937,.T.);
#5339=ORIENTED_EDGE('',*,*,#3938,.F.);
#5340=ORIENTED_EDGE('',*,*,#3939,.F.);
#5341=ORIENTED_EDGE('',*,*,#3940,.F.);
#5342=ORIENTED_EDGE('',*,*,#3937,.F.);
#5343=ORIENTED_EDGE('',*,*,#3941,.F.);
#5344=ORIENTED_EDGE('',*,*,#3942,.F.);
#5345=ORIENTED_EDGE('',*,*,#3943,.F.);
#5346=ORIENTED_EDGE('',*,*,#3944,.F.);
#5347=ORIENTED_EDGE('',*,*,#3942,.T.);
#5348=ORIENTED_EDGE('',*,*,#3945,.T.);
#5349=ORIENTED_EDGE('',*,*,#3946,.T.);
#5350=ORIENTED_EDGE('',*,*,#3938,.T.);
#5351=ORIENTED_EDGE('',*,*,#3943,.T.);
#5352=ORIENTED_EDGE('',*,*,#3944,.T.);
#5353=ORIENTED_EDGE('',*,*,#3941,.T.);
#5354=ORIENTED_EDGE('',*,*,#3939,.T.);
#5355=ORIENTED_EDGE('',*,*,#3946,.F.);
#5356=ORIENTED_EDGE('',*,*,#3947,.F.);
#5357=ORIENTED_EDGE('',*,*,#3948,.F.);
#5358=ORIENTED_EDGE('',*,*,#3352,.F.);
#5359=ORIENTED_EDGE('',*,*,#3949,.T.);
#5360=ORIENTED_EDGE('',*,*,#3950,.F.);
#5361=ORIENTED_EDGE('',*,*,#3949,.F.);
#5362=ORIENTED_EDGE('',*,*,#3351,.F.);
#5363=ORIENTED_EDGE('',*,*,#3951,.T.);
#5364=ORIENTED_EDGE('',*,*,#3952,.F.);
#5365=ORIENTED_EDGE('',*,*,#3951,.F.);
#5366=ORIENTED_EDGE('',*,*,#3350,.F.);
#5367=ORIENTED_EDGE('',*,*,#3953,.T.);
#5368=ORIENTED_EDGE('',*,*,#3954,.F.);
#5369=ORIENTED_EDGE('',*,*,#3953,.F.);
#5370=ORIENTED_EDGE('',*,*,#3349,.F.);
#5371=ORIENTED_EDGE('',*,*,#3955,.T.);
#5372=ORIENTED_EDGE('',*,*,#3956,.F.);
#5373=ORIENTED_EDGE('',*,*,#3955,.F.);
#5374=ORIENTED_EDGE('',*,*,#3348,.F.);
#5375=ORIENTED_EDGE('',*,*,#3957,.T.);
#5376=ORIENTED_EDGE('',*,*,#3958,.F.);
#5377=ORIENTED_EDGE('',*,*,#3957,.F.);
#5378=ORIENTED_EDGE('',*,*,#3355,.F.);
#5379=ORIENTED_EDGE('',*,*,#3959,.T.);
#5380=ORIENTED_EDGE('',*,*,#3960,.F.);
#5381=ORIENTED_EDGE('',*,*,#3959,.F.);
#5382=ORIENTED_EDGE('',*,*,#3354,.F.);
#5383=ORIENTED_EDGE('',*,*,#3961,.T.);
#5384=ORIENTED_EDGE('',*,*,#3962,.F.);
#5385=ORIENTED_EDGE('',*,*,#3961,.F.);
#5386=ORIENTED_EDGE('',*,*,#3353,.F.);
#5387=ORIENTED_EDGE('',*,*,#3948,.T.);
#5388=ORIENTED_EDGE('',*,*,#3963,.F.);
#5389=ORIENTED_EDGE('',*,*,#3964,.F.);
#5390=ORIENTED_EDGE('',*,*,#3965,.F.);
#5391=ORIENTED_EDGE('',*,*,#3966,.F.);
#5392=ORIENTED_EDGE('',*,*,#3967,.F.);
#5393=ORIENTED_EDGE('',*,*,#3968,.F.);
#5394=ORIENTED_EDGE('',*,*,#3969,.F.);
#5395=ORIENTED_EDGE('',*,*,#3970,.T.);
#5396=ORIENTED_EDGE('',*,*,#3971,.F.);
#5397=ORIENTED_EDGE('',*,*,#3970,.F.);
#5398=ORIENTED_EDGE('',*,*,#3972,.F.);
#5399=ORIENTED_EDGE('',*,*,#3964,.T.);
#5400=ORIENTED_EDGE('',*,*,#3973,.F.);
#5401=ORIENTED_EDGE('',*,*,#3974,.F.);
#5402=ORIENTED_EDGE('',*,*,#3975,.F.);
#5403=ORIENTED_EDGE('',*,*,#3976,.T.);
#5404=ORIENTED_EDGE('',*,*,#3977,.F.);
#5405=ORIENTED_EDGE('',*,*,#3976,.F.);
#5406=ORIENTED_EDGE('',*,*,#3978,.F.);
#5407=ORIENTED_EDGE('',*,*,#3968,.T.);
#5408=ORIENTED_EDGE('',*,*,#3979,.F.);
#5409=ORIENTED_EDGE('',*,*,#3980,.F.);
#5410=ORIENTED_EDGE('',*,*,#3981,.F.);
#5411=ORIENTED_EDGE('',*,*,#3982,.F.);
#5412=ORIENTED_EDGE('',*,*,#3983,.F.);
#5413=ORIENTED_EDGE('',*,*,#3984,.F.);
#5414=ORIENTED_EDGE('',*,*,#3985,.F.);
#5415=ORIENTED_EDGE('',*,*,#3986,.T.);
#5416=ORIENTED_EDGE('',*,*,#3987,.F.);
#5417=ORIENTED_EDGE('',*,*,#3986,.F.);
#5418=ORIENTED_EDGE('',*,*,#3988,.F.);
#5419=ORIENTED_EDGE('',*,*,#3980,.T.);
#5420=ORIENTED_EDGE('',*,*,#3989,.F.);
#5421=ORIENTED_EDGE('',*,*,#3990,.F.);
#5422=ORIENTED_EDGE('',*,*,#3991,.F.);
#5423=ORIENTED_EDGE('',*,*,#3992,.T.);
#5424=ORIENTED_EDGE('',*,*,#3993,.F.);
#5425=ORIENTED_EDGE('',*,*,#3992,.F.);
#5426=ORIENTED_EDGE('',*,*,#3994,.F.);
#5427=ORIENTED_EDGE('',*,*,#3984,.T.);
#5428=ORIENTED_EDGE('',*,*,#3995,.F.);
#5429=ORIENTED_EDGE('',*,*,#3996,.F.);
#5430=ORIENTED_EDGE('',*,*,#3997,.F.);
#5431=ORIENTED_EDGE('',*,*,#3998,.F.);
#5432=ORIENTED_EDGE('',*,*,#3999,.F.);
#5433=ORIENTED_EDGE('',*,*,#4000,.F.);
#5434=ORIENTED_EDGE('',*,*,#4001,.F.);
#5435=ORIENTED_EDGE('',*,*,#4002,.T.);
#5436=ORIENTED_EDGE('',*,*,#4003,.F.);
#5437=ORIENTED_EDGE('',*,*,#4002,.F.);
#5438=ORIENTED_EDGE('',*,*,#4004,.F.);
#5439=ORIENTED_EDGE('',*,*,#3996,.T.);
#5440=ORIENTED_EDGE('',*,*,#4005,.F.);
#5441=ORIENTED_EDGE('',*,*,#4006,.F.);
#5442=ORIENTED_EDGE('',*,*,#4007,.F.);
#5443=ORIENTED_EDGE('',*,*,#4008,.T.);
#5444=ORIENTED_EDGE('',*,*,#4009,.F.);
#5445=ORIENTED_EDGE('',*,*,#4008,.F.);
#5446=ORIENTED_EDGE('',*,*,#4010,.F.);
#5447=ORIENTED_EDGE('',*,*,#4000,.T.);
#5448=ORIENTED_EDGE('',*,*,#3297,.F.);
#5449=ORIENTED_EDGE('',*,*,#3309,.F.);
#5450=ORIENTED_EDGE('',*,*,#4011,.F.);
#5451=ORIENTED_EDGE('',*,*,#3997,.T.);
#5452=ORIENTED_EDGE('',*,*,#4004,.T.);
#5453=ORIENTED_EDGE('',*,*,#4001,.T.);
#5454=ORIENTED_EDGE('',*,*,#4010,.T.);
#5455=ORIENTED_EDGE('',*,*,#4007,.T.);
#5456=ORIENTED_EDGE('',*,*,#4012,.F.);
#5457=ORIENTED_EDGE('',*,*,#3965,.T.);
#5458=ORIENTED_EDGE('',*,*,#3972,.T.);
#5459=ORIENTED_EDGE('',*,*,#3969,.T.);
#5460=ORIENTED_EDGE('',*,*,#3978,.T.);
#5461=ORIENTED_EDGE('',*,*,#3975,.T.);
#5462=ORIENTED_EDGE('',*,*,#4013,.F.);
#5463=ORIENTED_EDGE('',*,*,#3981,.T.);
#5464=ORIENTED_EDGE('',*,*,#3988,.T.);
#5465=ORIENTED_EDGE('',*,*,#3985,.T.);
#5466=ORIENTED_EDGE('',*,*,#3994,.T.);
#5467=ORIENTED_EDGE('',*,*,#3991,.T.);
#5468=ORIENTED_EDGE('',*,*,#4014,.F.);
#5469=ORIENTED_EDGE('',*,*,#4015,.T.);
#5470=ORIENTED_EDGE('',*,*,#3726,.T.);
#5471=ORIENTED_EDGE('',*,*,#3723,.T.);
#5472=ORIENTED_EDGE('',*,*,#3720,.T.);
#5473=ORIENTED_EDGE('',*,*,#3729,.T.);
#5474=ORIENTED_EDGE('',*,*,#3714,.T.);
#5475=ORIENTED_EDGE('',*,*,#3711,.T.);
#5476=ORIENTED_EDGE('',*,*,#3708,.T.);
#5477=ORIENTED_EDGE('',*,*,#3717,.T.);
#5478=ORIENTED_EDGE('',*,*,#3702,.T.);
#5479=ORIENTED_EDGE('',*,*,#3699,.T.);
#5480=ORIENTED_EDGE('',*,*,#3696,.T.);
#5481=ORIENTED_EDGE('',*,*,#3705,.T.);
#5482=ORIENTED_EDGE('',*,*,#3690,.T.);
#5483=ORIENTED_EDGE('',*,*,#3687,.T.);
#5484=ORIENTED_EDGE('',*,*,#3684,.T.);
#5485=ORIENTED_EDGE('',*,*,#3693,.T.);
#5486=ORIENTED_EDGE('',*,*,#3678,.T.);
#5487=ORIENTED_EDGE('',*,*,#3675,.T.);
#5488=ORIENTED_EDGE('',*,*,#3672,.T.);
#5489=ORIENTED_EDGE('',*,*,#3681,.T.);
#5490=ORIENTED_EDGE('',*,*,#3666,.T.);
#5491=ORIENTED_EDGE('',*,*,#3663,.T.);
#5492=ORIENTED_EDGE('',*,*,#3660,.T.);
#5493=ORIENTED_EDGE('',*,*,#3669,.T.);
#5494=ORIENTED_EDGE('',*,*,#3654,.T.);
#5495=ORIENTED_EDGE('',*,*,#3651,.T.);
#5496=ORIENTED_EDGE('',*,*,#3648,.T.);
#5497=ORIENTED_EDGE('',*,*,#3657,.T.);
#5498=ORIENTED_EDGE('',*,*,#3998,.T.);
#5499=ORIENTED_EDGE('',*,*,#4011,.T.);
#5500=ORIENTED_EDGE('',*,*,#3308,.T.);
#5501=ORIENTED_EDGE('',*,*,#3315,.T.);
#5502=ORIENTED_EDGE('',*,*,#4016,.T.);
#5503=ORIENTED_EDGE('',*,*,#4017,.T.);
#5504=ORIENTED_EDGE('',*,*,#4018,.T.);
#5505=ORIENTED_EDGE('',*,*,#4019,.T.);
#5506=ORIENTED_EDGE('',*,*,#3990,.T.);
#5507=ORIENTED_EDGE('',*,*,#4020,.T.);
#5508=ORIENTED_EDGE('',*,*,#4021,.T.);
#5509=ORIENTED_EDGE('',*,*,#4022,.T.);
#5510=ORIENTED_EDGE('',*,*,#4023,.T.);
#5511=ORIENTED_EDGE('',*,*,#4014,.T.);
#5512=ORIENTED_EDGE('',*,*,#3974,.T.);
#5513=ORIENTED_EDGE('',*,*,#4024,.T.);
#5514=ORIENTED_EDGE('',*,*,#3982,.T.);
#5515=ORIENTED_EDGE('',*,*,#4013,.T.);
#5516=ORIENTED_EDGE('',*,*,#3966,.T.);
#5517=ORIENTED_EDGE('',*,*,#4012,.T.);
#5518=ORIENTED_EDGE('',*,*,#4006,.T.);
#5519=ORIENTED_EDGE('',*,*,#4025,.T.);
#5520=ORIENTED_EDGE('',*,*,#4026,.F.);
#5521=ORIENTED_EDGE('',*,*,#4027,.F.);
#5522=ORIENTED_EDGE('',*,*,#3313,.F.);
#5523=ORIENTED_EDGE('',*,*,#4028,.T.);
#5524=ORIENTED_EDGE('',*,*,#4029,.F.);
#5525=ORIENTED_EDGE('',*,*,#4028,.F.);
#5526=ORIENTED_EDGE('',*,*,#3312,.F.);
#5527=ORIENTED_EDGE('',*,*,#4030,.F.);
#5528=ORIENTED_EDGE('',*,*,#4031,.F.);
#5529=ORIENTED_EDGE('',*,*,#4016,.F.);
#5530=ORIENTED_EDGE('',*,*,#3314,.F.);
#5531=ORIENTED_EDGE('',*,*,#4027,.T.);
#5532=ORIENTED_EDGE('',*,*,#4031,.T.);
#5533=ORIENTED_EDGE('',*,*,#4026,.T.);
#5534=ORIENTED_EDGE('',*,*,#4029,.T.);
#5535=ORIENTED_EDGE('',*,*,#4032,.F.);
#5536=ORIENTED_EDGE('',*,*,#4033,.T.);
#5537=ORIENTED_EDGE('',*,*,#3841,.T.);
#5538=ORIENTED_EDGE('',*,*,#3738,.T.);
#5539=ORIENTED_EDGE('',*,*,#3823,.T.);
#5540=ORIENTED_EDGE('',*,*,#3754,.T.);
#5541=ORIENTED_EDGE('',*,*,#3874,.T.);
#5542=ORIENTED_EDGE('',*,*,#4034,.T.);
#5543=ORIENTED_EDGE('',*,*,#4035,.T.);
#5544=ORIENTED_EDGE('',*,*,#4036,.F.);
#5545=ORIENTED_EDGE('',*,*,#4017,.F.);
#5546=ORIENTED_EDGE('',*,*,#3956,.T.);
#5547=ORIENTED_EDGE('',*,*,#3958,.T.);
#5548=ORIENTED_EDGE('',*,*,#3960,.T.);
#5549=ORIENTED_EDGE('',*,*,#3962,.T.);
#5550=ORIENTED_EDGE('',*,*,#3947,.T.);
#5551=ORIENTED_EDGE('',*,*,#3950,.T.);
#5552=ORIENTED_EDGE('',*,*,#3952,.T.);
#5553=ORIENTED_EDGE('',*,*,#3954,.T.);
#5554=ORIENTED_EDGE('',*,*,#3820,.T.);
#5555=ORIENTED_EDGE('',*,*,#3822,.T.);
#5556=ORIENTED_EDGE('',*,*,#3815,.T.);
#5557=ORIENTED_EDGE('',*,*,#3818,.T.);
#5558=ORIENTED_EDGE('',*,*,#3811,.T.);
#5559=ORIENTED_EDGE('',*,*,#3813,.T.);
#5560=ORIENTED_EDGE('',*,*,#3806,.T.);
#5561=ORIENTED_EDGE('',*,*,#3809,.T.);
#5562=ORIENTED_EDGE('',*,*,#3803,.T.);
#5563=ORIENTED_EDGE('',*,*,#3805,.T.);
#5564=ORIENTED_EDGE('',*,*,#3798,.T.);
#5565=ORIENTED_EDGE('',*,*,#3801,.T.);
#5566=ORIENTED_EDGE('',*,*,#3795,.T.);
#5567=ORIENTED_EDGE('',*,*,#3797,.T.);
#5568=ORIENTED_EDGE('',*,*,#3790,.T.);
#5569=ORIENTED_EDGE('',*,*,#3793,.T.);
#5570=ORIENTED_EDGE('',*,*,#3787,.T.);
#5571=ORIENTED_EDGE('',*,*,#3789,.T.);
#5572=ORIENTED_EDGE('',*,*,#3782,.T.);
#5573=ORIENTED_EDGE('',*,*,#3785,.T.);
#5574=ORIENTED_EDGE('',*,*,#3779,.T.);
#5575=ORIENTED_EDGE('',*,*,#3781,.T.);
#5576=ORIENTED_EDGE('',*,*,#3774,.T.);
#5577=ORIENTED_EDGE('',*,*,#3777,.T.);
#5578=ORIENTED_EDGE('',*,*,#3771,.T.);
#5579=ORIENTED_EDGE('',*,*,#3773,.T.);
#5580=ORIENTED_EDGE('',*,*,#3766,.T.);
#5581=ORIENTED_EDGE('',*,*,#3769,.T.);
#5582=ORIENTED_EDGE('',*,*,#3763,.T.);
#5583=ORIENTED_EDGE('',*,*,#3765,.T.);
#5584=ORIENTED_EDGE('',*,*,#3758,.T.);
#5585=ORIENTED_EDGE('',*,*,#3761,.T.);
#5586=ORIENTED_EDGE('',*,*,#4030,.T.);
#5587=ORIENTED_EDGE('',*,*,#3311,.T.);
#5588=ORIENTED_EDGE('',*,*,#3357,.T.);
#5589=ORIENTED_EDGE('',*,*,#3365,.T.);
#5590=ORIENTED_EDGE('',*,*,#4037,.T.);
#5591=ORIENTED_EDGE('',*,*,#4038,.T.);
#5592=ORIENTED_EDGE('',*,*,#4039,.T.);
#5593=ORIENTED_EDGE('',*,*,#4032,.T.);
#5594=ORIENTED_EDGE('',*,*,#3850,.T.);
#5595=ORIENTED_EDGE('',*,*,#4040,.F.);
#5596=ORIENTED_EDGE('',*,*,#4041,.T.);
#5597=ORIENTED_EDGE('',*,*,#4042,.T.);
#5598=ORIENTED_EDGE('',*,*,#4043,.F.);
#5599=ORIENTED_EDGE('',*,*,#4044,.F.);
#5600=ORIENTED_EDGE('',*,*,#3846,.T.);
#5601=ORIENTED_EDGE('',*,*,#4045,.F.);
#5602=ORIENTED_EDGE('',*,*,#4046,.F.);
#5603=ORIENTED_EDGE('',*,*,#4047,.F.);
#5604=ORIENTED_EDGE('',*,*,#4042,.F.);
#5605=ORIENTED_EDGE('',*,*,#4048,.T.);
#5606=ORIENTED_EDGE('',*,*,#4049,.F.);
#5607=ORIENTED_EDGE('',*,*,#4050,.F.);
#5608=ORIENTED_EDGE('',*,*,#4051,.F.);
#5609=ORIENTED_EDGE('',*,*,#4052,.T.);
#5610=ORIENTED_EDGE('',*,*,#4053,.F.);
#5611=ORIENTED_EDGE('',*,*,#4054,.F.);
#5612=ORIENTED_EDGE('',*,*,#4041,.F.);
#5613=ORIENTED_EDGE('',*,*,#4055,.F.);
#5614=ORIENTED_EDGE('',*,*,#4056,.F.);
#5615=ORIENTED_EDGE('',*,*,#4048,.F.);
#5616=ORIENTED_EDGE('',*,*,#4057,.F.);
#5617=ORIENTED_EDGE('',*,*,#4058,.F.);
#5618=ORIENTED_EDGE('',*,*,#4059,.F.);
#5619=ORIENTED_EDGE('',*,*,#4052,.F.);
#5620=ORIENTED_EDGE('',*,*,#4060,.F.);
#5621=ORIENTED_EDGE('',*,*,#4045,.T.);
#5622=ORIENTED_EDGE('',*,*,#3845,.T.);
#5623=ORIENTED_EDGE('',*,*,#4061,.F.);
#5624=ORIENTED_EDGE('',*,*,#4062,.F.);
#5625=ORIENTED_EDGE('',*,*,#4063,.T.);
#5626=ORIENTED_EDGE('',*,*,#4064,.T.);
#5627=ORIENTED_EDGE('',*,*,#4065,.T.);
#5628=ORIENTED_EDGE('',*,*,#4066,.T.);
#5629=ORIENTED_EDGE('',*,*,#4067,.T.);
#5630=ORIENTED_EDGE('',*,*,#4068,.F.);
#5631=ORIENTED_EDGE('',*,*,#4069,.T.);
#5632=ORIENTED_EDGE('',*,*,#4070,.T.);
#5633=ORIENTED_EDGE('',*,*,#4071,.T.);
#5634=ORIENTED_EDGE('',*,*,#4072,.T.);
#5635=ORIENTED_EDGE('',*,*,#4073,.T.);
#5636=ORIENTED_EDGE('',*,*,#4054,.T.);
#5637=ORIENTED_EDGE('',*,*,#4074,.F.);
#5638=ORIENTED_EDGE('',*,*,#4075,.T.);
#5639=ORIENTED_EDGE('',*,*,#4076,.T.);
#5640=ORIENTED_EDGE('',*,*,#3852,.T.);
#5641=ORIENTED_EDGE('',*,*,#4077,.F.);
#5642=ORIENTED_EDGE('',*,*,#4074,.T.);
#5643=ORIENTED_EDGE('',*,*,#4053,.T.);
#5644=ORIENTED_EDGE('',*,*,#4059,.T.);
#5645=ORIENTED_EDGE('',*,*,#4078,.F.);
#5646=ORIENTED_EDGE('',*,*,#4050,.T.);
#5647=ORIENTED_EDGE('',*,*,#4079,.F.);
#5648=ORIENTED_EDGE('',*,*,#4080,.T.);
#5649=ORIENTED_EDGE('',*,*,#4043,.T.);
#5650=ORIENTED_EDGE('',*,*,#3848,.T.);
#5651=ORIENTED_EDGE('',*,*,#4081,.F.);
#5652=ORIENTED_EDGE('',*,*,#4079,.T.);
#5653=ORIENTED_EDGE('',*,*,#4049,.T.);
#5654=ORIENTED_EDGE('',*,*,#4056,.T.);
#5655=ORIENTED_EDGE('',*,*,#4082,.F.);
#5656=ORIENTED_EDGE('',*,*,#4083,.T.);
#5657=ORIENTED_EDGE('',*,*,#3854,.F.);
#5658=ORIENTED_EDGE('',*,*,#4084,.F.);
#5659=ORIENTED_EDGE('',*,*,#4085,.F.);
#5660=ORIENTED_EDGE('',*,*,#4058,.T.);
#5661=ORIENTED_EDGE('',*,*,#4086,.T.);
#5662=ORIENTED_EDGE('',*,*,#4087,.T.);
#5663=ORIENTED_EDGE('',*,*,#4084,.T.);
#5664=ORIENTED_EDGE('',*,*,#3853,.F.);
#5665=ORIENTED_EDGE('',*,*,#4078,.T.);
#5666=ORIENTED_EDGE('',*,*,#4055,.T.);
#5667=ORIENTED_EDGE('',*,*,#4040,.T.);
#5668=ORIENTED_EDGE('',*,*,#3849,.F.);
#5669=ORIENTED_EDGE('',*,*,#4082,.T.);
#5670=ORIENTED_EDGE('',*,*,#4088,.T.);
#5671=ORIENTED_EDGE('',*,*,#4021,.F.);
#5672=ORIENTED_EDGE('',*,*,#4089,.T.);
#5673=ORIENTED_EDGE('',*,*,#3855,.T.);
#5674=ORIENTED_EDGE('',*,*,#4083,.F.);
#5675=ORIENTED_EDGE('',*,*,#4090,.T.);
#5676=ORIENTED_EDGE('',*,*,#3291,.F.);
#5677=ORIENTED_EDGE('',*,*,#4091,.F.);
#5678=ORIENTED_EDGE('',*,*,#4092,.T.);
#5679=ORIENTED_EDGE('',*,*,#4093,.T.);
#5680=ORIENTED_EDGE('',*,*,#4075,.F.);
#5681=ORIENTED_EDGE('',*,*,#4077,.T.);
#5682=ORIENTED_EDGE('',*,*,#3851,.T.);
#5683=ORIENTED_EDGE('',*,*,#4044,.T.);
#5684=ORIENTED_EDGE('',*,*,#4080,.F.);
#5685=ORIENTED_EDGE('',*,*,#4081,.T.);
#5686=ORIENTED_EDGE('',*,*,#3847,.T.);
#5687=ORIENTED_EDGE('',*,*,#4047,.T.);
#5688=ORIENTED_EDGE('',*,*,#4094,.F.);
#5689=ORIENTED_EDGE('',*,*,#4095,.T.);
#5690=ORIENTED_EDGE('',*,*,#4096,.T.);
#5691=ORIENTED_EDGE('',*,*,#4097,.T.);
#5692=ORIENTED_EDGE('',*,*,#4098,.T.);
#5693=ORIENTED_EDGE('',*,*,#4099,.T.);
#5694=ORIENTED_EDGE('',*,*,#4100,.F.);
#5695=ORIENTED_EDGE('',*,*,#4101,.T.);
#5696=ORIENTED_EDGE('',*,*,#4102,.T.);
#5697=ORIENTED_EDGE('',*,*,#4103,.T.);
#5698=ORIENTED_EDGE('',*,*,#4104,.T.);
#5699=ORIENTED_EDGE('',*,*,#4105,.T.);
#5700=ORIENTED_EDGE('',*,*,#4106,.F.);
#5701=ORIENTED_EDGE('',*,*,#4107,.T.);
#5702=ORIENTED_EDGE('',*,*,#4108,.F.);
#5703=ORIENTED_EDGE('',*,*,#4109,.T.);
#5704=ORIENTED_EDGE('',*,*,#4090,.F.);
#5705=ORIENTED_EDGE('',*,*,#4085,.T.);
#5706=ORIENTED_EDGE('',*,*,#4087,.F.);
#5707=ORIENTED_EDGE('',*,*,#4110,.F.);
#5708=ORIENTED_EDGE('',*,*,#4092,.F.);
#5709=ORIENTED_EDGE('',*,*,#4111,.F.);
#5710=ORIENTED_EDGE('',*,*,#4022,.F.);
#5711=ORIENTED_EDGE('',*,*,#4088,.F.);
#5712=ORIENTED_EDGE('',*,*,#4109,.F.);
#5713=ORIENTED_EDGE('',*,*,#4051,.T.);
#5714=ORIENTED_EDGE('',*,*,#4076,.F.);
#5715=ORIENTED_EDGE('',*,*,#4093,.F.);
#5716=ORIENTED_EDGE('',*,*,#4110,.T.);
#5717=ORIENTED_EDGE('',*,*,#4086,.F.);
#5718=ORIENTED_EDGE('',*,*,#4057,.T.);
#5719=ORIENTED_EDGE('',*,*,#4046,.T.);
#5720=ORIENTED_EDGE('',*,*,#4060,.T.);
#5721=ORIENTED_EDGE('',*,*,#4112,.T.);
#5722=ORIENTED_EDGE('',*,*,#4094,.T.);
#5723=ORIENTED_EDGE('',*,*,#4073,.F.);
#5724=ORIENTED_EDGE('',*,*,#4113,.F.);
#5725=ORIENTED_EDGE('',*,*,#4095,.F.);
#5726=ORIENTED_EDGE('',*,*,#4112,.F.);
#5727=ORIENTED_EDGE('',*,*,#4114,.F.);
#5728=ORIENTED_EDGE('',*,*,#4099,.F.);
#5729=ORIENTED_EDGE('',*,*,#4115,.T.);
#5730=ORIENTED_EDGE('',*,*,#4069,.F.);
#5731=ORIENTED_EDGE('',*,*,#4070,.F.);
#5732=ORIENTED_EDGE('',*,*,#4115,.F.);
#5733=ORIENTED_EDGE('',*,*,#4098,.F.);
#5734=ORIENTED_EDGE('',*,*,#4116,.T.);
#5735=ORIENTED_EDGE('',*,*,#4071,.F.);
#5736=ORIENTED_EDGE('',*,*,#4116,.F.);
#5737=ORIENTED_EDGE('',*,*,#4097,.F.);
#5738=ORIENTED_EDGE('',*,*,#4117,.T.);
#5739=ORIENTED_EDGE('',*,*,#4072,.F.);
#5740=ORIENTED_EDGE('',*,*,#4117,.F.);
#5741=ORIENTED_EDGE('',*,*,#4096,.F.);
#5742=ORIENTED_EDGE('',*,*,#4113,.T.);
#5743=ORIENTED_EDGE('',*,*,#4067,.F.);
#5744=ORIENTED_EDGE('',*,*,#4118,.F.);
#5745=ORIENTED_EDGE('',*,*,#4101,.F.);
#5746=ORIENTED_EDGE('',*,*,#4119,.F.);
#5747=ORIENTED_EDGE('',*,*,#4064,.F.);
#5748=ORIENTED_EDGE('',*,*,#4120,.F.);
#5749=ORIENTED_EDGE('',*,*,#4104,.F.);
#5750=ORIENTED_EDGE('',*,*,#4121,.T.);
#5751=ORIENTED_EDGE('',*,*,#4122,.F.);
#5752=ORIENTED_EDGE('',*,*,#4105,.F.);
#5753=ORIENTED_EDGE('',*,*,#4120,.T.);
#5754=ORIENTED_EDGE('',*,*,#4063,.F.);
#5755=ORIENTED_EDGE('',*,*,#4065,.F.);
#5756=ORIENTED_EDGE('',*,*,#4121,.F.);
#5757=ORIENTED_EDGE('',*,*,#4103,.F.);
#5758=ORIENTED_EDGE('',*,*,#4123,.T.);
#5759=ORIENTED_EDGE('',*,*,#4066,.F.);
#5760=ORIENTED_EDGE('',*,*,#4123,.F.);
#5761=ORIENTED_EDGE('',*,*,#4102,.F.);
#5762=ORIENTED_EDGE('',*,*,#4118,.T.);
#5763=ORIENTED_EDGE('',*,*,#3826,.T.);
#5764=ORIENTED_EDGE('',*,*,#3897,.F.);
#5765=ORIENTED_EDGE('',*,*,#3828,.T.);
#5766=ORIENTED_EDGE('',*,*,#4124,.F.);
#5767=ORIENTED_EDGE('',*,*,#4122,.T.);
#5768=ORIENTED_EDGE('',*,*,#4062,.T.);
#5769=ORIENTED_EDGE('',*,*,#4125,.T.);
#5770=ORIENTED_EDGE('',*,*,#4126,.T.);
#5771=ORIENTED_EDGE('',*,*,#4127,.T.);
#5772=ORIENTED_EDGE('',*,*,#3359,.T.);
#5773=ORIENTED_EDGE('',*,*,#4128,.T.);
#5774=ORIENTED_EDGE('',*,*,#4106,.T.);
#5775=ORIENTED_EDGE('',*,*,#4114,.T.);
#5776=ORIENTED_EDGE('',*,*,#4068,.T.);
#5777=ORIENTED_EDGE('',*,*,#4119,.T.);
#5778=ORIENTED_EDGE('',*,*,#4100,.T.);
#5779=ORIENTED_EDGE('',*,*,#4129,.F.);
#5780=ORIENTED_EDGE('',*,*,#4130,.F.);
#5781=ORIENTED_EDGE('',*,*,#3363,.F.);
#5782=ORIENTED_EDGE('',*,*,#4131,.T.);
#5783=ORIENTED_EDGE('',*,*,#4132,.F.);
#5784=ORIENTED_EDGE('',*,*,#4131,.F.);
#5785=ORIENTED_EDGE('',*,*,#3362,.F.);
#5786=ORIENTED_EDGE('',*,*,#4133,.F.);
#5787=ORIENTED_EDGE('',*,*,#4134,.F.);
#5788=ORIENTED_EDGE('',*,*,#4037,.F.);
#5789=ORIENTED_EDGE('',*,*,#3364,.F.);
#5790=ORIENTED_EDGE('',*,*,#4130,.T.);
#5791=ORIENTED_EDGE('',*,*,#4135,.F.);
#5792=ORIENTED_EDGE('',*,*,#3360,.F.);
#5793=ORIENTED_EDGE('',*,*,#4127,.F.);
#5794=ORIENTED_EDGE('',*,*,#4136,.F.);
#5795=ORIENTED_EDGE('',*,*,#4134,.T.);
#5796=ORIENTED_EDGE('',*,*,#4129,.T.);
#5797=ORIENTED_EDGE('',*,*,#4132,.T.);
#5798=ORIENTED_EDGE('',*,*,#4137,.F.);
#5799=ORIENTED_EDGE('',*,*,#4136,.T.);
#5800=ORIENTED_EDGE('',*,*,#4126,.F.);
#5801=ORIENTED_EDGE('',*,*,#4138,.T.);
#5802=ORIENTED_EDGE('',*,*,#3843,.T.);
#5803=ORIENTED_EDGE('',*,*,#4139,.F.);
#5804=ORIENTED_EDGE('',*,*,#4038,.F.);
#5805=ORIENTED_EDGE('',*,*,#3531,.T.);
#5806=ORIENTED_EDGE('',*,*,#3533,.T.);
#5807=ORIENTED_EDGE('',*,*,#3526,.T.);
#5808=ORIENTED_EDGE('',*,*,#3529,.T.);
#5809=ORIENTED_EDGE('',*,*,#3523,.T.);
#5810=ORIENTED_EDGE('',*,*,#3525,.T.);
#5811=ORIENTED_EDGE('',*,*,#3518,.T.);
#5812=ORIENTED_EDGE('',*,*,#3521,.T.);
#5813=ORIENTED_EDGE('',*,*,#3515,.T.);
#5814=ORIENTED_EDGE('',*,*,#3517,.T.);
#5815=ORIENTED_EDGE('',*,*,#3510,.T.);
#5816=ORIENTED_EDGE('',*,*,#3513,.T.);
#5817=ORIENTED_EDGE('',*,*,#3507,.T.);
#5818=ORIENTED_EDGE('',*,*,#3509,.T.);
#5819=ORIENTED_EDGE('',*,*,#3502,.T.);
#5820=ORIENTED_EDGE('',*,*,#3505,.T.);
#5821=ORIENTED_EDGE('',*,*,#3499,.T.);
#5822=ORIENTED_EDGE('',*,*,#3501,.T.);
#5823=ORIENTED_EDGE('',*,*,#3494,.T.);
#5824=ORIENTED_EDGE('',*,*,#3497,.T.);
#5825=ORIENTED_EDGE('',*,*,#3491,.T.);
#5826=ORIENTED_EDGE('',*,*,#3493,.T.);
#5827=ORIENTED_EDGE('',*,*,#3486,.T.);
#5828=ORIENTED_EDGE('',*,*,#3489,.T.);
#5829=ORIENTED_EDGE('',*,*,#3483,.T.);
#5830=ORIENTED_EDGE('',*,*,#3485,.T.);
#5831=ORIENTED_EDGE('',*,*,#3478,.T.);
#5832=ORIENTED_EDGE('',*,*,#3481,.T.);
#5833=ORIENTED_EDGE('',*,*,#3475,.T.);
#5834=ORIENTED_EDGE('',*,*,#3477,.T.);
#5835=ORIENTED_EDGE('',*,*,#3470,.T.);
#5836=ORIENTED_EDGE('',*,*,#3473,.T.);
#5837=ORIENTED_EDGE('',*,*,#4133,.T.);
#5838=ORIENTED_EDGE('',*,*,#3361,.T.);
#5839=ORIENTED_EDGE('',*,*,#4135,.T.);
#5840=ORIENTED_EDGE('',*,*,#4137,.T.);
#5841=ORIENTED_EDGE('',*,*,#4140,.F.);
#5842=ORIENTED_EDGE('',*,*,#3919,.F.);
#5843=ORIENTED_EDGE('',*,*,#3945,.F.);
#5844=ORIENTED_EDGE('',*,*,#4140,.T.);
#5845=ORIENTED_EDGE('',*,*,#3918,.F.);
#5846=ORIENTED_EDGE('',*,*,#3886,.T.);
#5847=ORIENTED_EDGE('',*,*,#3920,.F.);
#5848=ORIENTED_EDGE('',*,*,#3744,.F.);
#5849=ORIENTED_EDGE('',*,*,#3837,.T.);
#5850=ORIENTED_EDGE('',*,*,#3748,.F.);
#5851=ORIENTED_EDGE('',*,*,#3824,.F.);
#5852=ORIENTED_EDGE('',*,*,#4141,.F.);
#5853=ORIENTED_EDGE('',*,*,#4142,.F.);
#5854=ORIENTED_EDGE('',*,*,#4143,.F.);
#5855=ORIENTED_EDGE('',*,*,#4144,.F.);
#5856=ORIENTED_EDGE('',*,*,#4145,.F.);
#5857=ORIENTED_EDGE('',*,*,#4146,.F.);
#5858=ORIENTED_EDGE('',*,*,#4147,.F.);
#5859=ORIENTED_EDGE('',*,*,#3863,.F.);
#5860=ORIENTED_EDGE('',*,*,#4148,.F.);
#5861=ORIENTED_EDGE('',*,*,#4149,.F.);
#5862=ORIENTED_EDGE('',*,*,#4150,.F.);
#5863=ORIENTED_EDGE('',*,*,#3859,.F.);
#5864=ORIENTED_EDGE('',*,*,#4151,.F.);
#5865=ORIENTED_EDGE('',*,*,#3869,.F.);
#5866=ORIENTED_EDGE('',*,*,#4152,.F.);
#5867=ORIENTED_EDGE('',*,*,#4153,.F.);
#5868=ORIENTED_EDGE('',*,*,#4154,.F.);
#5869=ORIENTED_EDGE('',*,*,#4155,.F.);
#5870=ORIENTED_EDGE('',*,*,#4156,.F.);
#5871=ORIENTED_EDGE('',*,*,#4157,.F.);
#5872=ORIENTED_EDGE('',*,*,#4034,.F.);
#5873=ORIENTED_EDGE('',*,*,#3873,.F.);
#5874=ORIENTED_EDGE('',*,*,#4158,.F.);
#5875=ORIENTED_EDGE('',*,*,#4159,.F.);
#5876=ORIENTED_EDGE('',*,*,#4147,.T.);
#5877=ORIENTED_EDGE('',*,*,#4160,.F.);
#5878=ORIENTED_EDGE('',*,*,#4161,.F.);
#5879=ORIENTED_EDGE('',*,*,#3864,.F.);
#5880=ORIENTED_EDGE('',*,*,#4145,.T.);
#5881=ORIENTED_EDGE('',*,*,#4162,.F.);
#5882=ORIENTED_EDGE('',*,*,#4163,.F.);
#5883=ORIENTED_EDGE('',*,*,#4164,.T.);
#5884=ORIENTED_EDGE('',*,*,#4144,.T.);
#5885=ORIENTED_EDGE('',*,*,#4165,.F.);
#5886=ORIENTED_EDGE('',*,*,#4166,.F.);
#5887=ORIENTED_EDGE('',*,*,#4162,.T.);
#5888=ORIENTED_EDGE('',*,*,#4167,.F.);
#5889=ORIENTED_EDGE('',*,*,#4143,.T.);
#5890=ORIENTED_EDGE('',*,*,#4168,.F.);
#5891=ORIENTED_EDGE('',*,*,#4169,.F.);
#5892=ORIENTED_EDGE('',*,*,#4165,.T.);
#5893=ORIENTED_EDGE('',*,*,#4146,.T.);
#5894=ORIENTED_EDGE('',*,*,#4164,.F.);
#5895=ORIENTED_EDGE('',*,*,#4170,.F.);
#5896=ORIENTED_EDGE('',*,*,#4168,.T.);
#5897=ORIENTED_EDGE('',*,*,#4142,.T.);
#5898=ORIENTED_EDGE('',*,*,#4171,.F.);
#5899=ORIENTED_EDGE('',*,*,#4172,.T.);
#5900=ORIENTED_EDGE('',*,*,#4173,.F.);
#5901=ORIENTED_EDGE('',*,*,#4174,.T.);
#5902=ORIENTED_EDGE('',*,*,#4160,.T.);
#5903=ORIENTED_EDGE('',*,*,#4141,.T.);
#5904=ORIENTED_EDGE('',*,*,#3858,.F.);
#5905=ORIENTED_EDGE('',*,*,#4175,.F.);
#5906=ORIENTED_EDGE('',*,*,#4171,.T.);
#5907=ORIENTED_EDGE('',*,*,#4155,.T.);
#5908=ORIENTED_EDGE('',*,*,#4176,.F.);
#5909=ORIENTED_EDGE('',*,*,#4177,.F.);
#5910=ORIENTED_EDGE('',*,*,#4178,.T.);
#5911=ORIENTED_EDGE('',*,*,#4179,.F.);
#5912=ORIENTED_EDGE('',*,*,#4154,.T.);
#5913=ORIENTED_EDGE('',*,*,#4180,.F.);
#5914=ORIENTED_EDGE('',*,*,#4181,.F.);
#5915=ORIENTED_EDGE('',*,*,#4176,.T.);
#5916=ORIENTED_EDGE('',*,*,#4152,.T.);
#5917=ORIENTED_EDGE('',*,*,#3868,.F.);
#5918=ORIENTED_EDGE('',*,*,#4182,.F.);
#5919=ORIENTED_EDGE('',*,*,#4183,.T.);
#5920=ORIENTED_EDGE('',*,*,#4151,.T.);
#5921=ORIENTED_EDGE('',*,*,#4184,.F.);
#5922=ORIENTED_EDGE('',*,*,#4185,.F.);
#5923=ORIENTED_EDGE('',*,*,#3870,.F.);
#5924=ORIENTED_EDGE('',*,*,#4158,.T.);
#5925=ORIENTED_EDGE('',*,*,#3872,.F.);
#5926=ORIENTED_EDGE('',*,*,#4186,.F.);
#5927=ORIENTED_EDGE('',*,*,#4187,.T.);
#5928=ORIENTED_EDGE('',*,*,#4156,.T.);
#5929=ORIENTED_EDGE('',*,*,#4178,.F.);
#5930=ORIENTED_EDGE('',*,*,#4188,.F.);
#5931=ORIENTED_EDGE('',*,*,#4189,.T.);
#5932=ORIENTED_EDGE('',*,*,#4150,.T.);
#5933=ORIENTED_EDGE('',*,*,#4190,.F.);
#5934=ORIENTED_EDGE('',*,*,#4191,.F.);
#5935=ORIENTED_EDGE('',*,*,#3860,.F.);
#5936=ORIENTED_EDGE('',*,*,#4148,.T.);
#5937=ORIENTED_EDGE('',*,*,#3862,.F.);
#5938=ORIENTED_EDGE('',*,*,#4192,.F.);
#5939=ORIENTED_EDGE('',*,*,#4193,.T.);
#5940=ORIENTED_EDGE('',*,*,#4149,.T.);
#5941=ORIENTED_EDGE('',*,*,#4193,.F.);
#5942=ORIENTED_EDGE('',*,*,#4194,.F.);
#5943=ORIENTED_EDGE('',*,*,#4195,.F.);
#5944=ORIENTED_EDGE('',*,*,#4190,.T.);
#5945=ORIENTED_EDGE('',*,*,#4196,.T.);
#5946=ORIENTED_EDGE('',*,*,#3427,.F.);
#5947=ORIENTED_EDGE('',*,*,#4197,.T.);
#5948=ORIENTED_EDGE('',*,*,#4194,.T.);
#5949=ORIENTED_EDGE('',*,*,#4192,.T.);
#5950=ORIENTED_EDGE('',*,*,#3861,.T.);
#5951=ORIENTED_EDGE('',*,*,#4191,.T.);
#5952=ORIENTED_EDGE('',*,*,#4195,.T.);
#5953=ORIENTED_EDGE('',*,*,#4197,.F.);
#5954=ORIENTED_EDGE('',*,*,#4159,.T.);
#5955=ORIENTED_EDGE('',*,*,#4187,.F.);
#5956=ORIENTED_EDGE('',*,*,#4198,.F.);
#5957=ORIENTED_EDGE('',*,*,#4199,.F.);
#5958=ORIENTED_EDGE('',*,*,#4184,.T.);
#5959=ORIENTED_EDGE('',*,*,#4200,.T.);
#5960=ORIENTED_EDGE('',*,*,#4201,.F.);
#5961=ORIENTED_EDGE('',*,*,#4202,.F.);
#5962=ORIENTED_EDGE('',*,*,#4203,.F.);
#5963=ORIENTED_EDGE('',*,*,#4204,.F.);
#5964=ORIENTED_EDGE('',*,*,#3426,.F.);
#5965=ORIENTED_EDGE('',*,*,#4205,.T.);
#5966=ORIENTED_EDGE('',*,*,#4198,.T.);
#5967=ORIENTED_EDGE('',*,*,#4186,.T.);
#5968=ORIENTED_EDGE('',*,*,#3871,.T.);
#5969=ORIENTED_EDGE('',*,*,#4185,.T.);
#5970=ORIENTED_EDGE('',*,*,#4199,.T.);
#5971=ORIENTED_EDGE('',*,*,#4205,.F.);
#5972=ORIENTED_EDGE('',*,*,#4175,.T.);
#5973=ORIENTED_EDGE('',*,*,#3857,.F.);
#5974=ORIENTED_EDGE('',*,*,#4206,.F.);
#5975=ORIENTED_EDGE('',*,*,#4172,.F.);
#5976=ORIENTED_EDGE('',*,*,#4161,.T.);
#5977=ORIENTED_EDGE('',*,*,#4174,.F.);
#5978=ORIENTED_EDGE('',*,*,#4207,.F.);
#5979=ORIENTED_EDGE('',*,*,#3865,.F.);
#5980=ORIENTED_EDGE('',*,*,#3963,.T.);
#5981=ORIENTED_EDGE('',*,*,#4025,.F.);
#5982=ORIENTED_EDGE('',*,*,#4005,.T.);
#5983=ORIENTED_EDGE('',*,*,#4009,.T.);
#5984=ORIENTED_EDGE('',*,*,#3999,.T.);
#5985=ORIENTED_EDGE('',*,*,#4003,.T.);
#5986=ORIENTED_EDGE('',*,*,#3995,.T.);
#5987=ORIENTED_EDGE('',*,*,#4019,.F.);
#5988=ORIENTED_EDGE('',*,*,#4208,.T.);
#5989=ORIENTED_EDGE('',*,*,#4209,.T.);
#5990=ORIENTED_EDGE('',*,*,#4210,.T.);
#5991=ORIENTED_EDGE('',*,*,#3866,.T.);
#5992=ORIENTED_EDGE('',*,*,#4207,.T.);
#5993=ORIENTED_EDGE('',*,*,#4173,.T.);
#5994=ORIENTED_EDGE('',*,*,#4206,.T.);
#5995=ORIENTED_EDGE('',*,*,#3856,.T.);
#5996=ORIENTED_EDGE('',*,*,#4089,.F.);
#5997=ORIENTED_EDGE('',*,*,#4020,.F.);
#5998=ORIENTED_EDGE('',*,*,#3989,.T.);
#5999=ORIENTED_EDGE('',*,*,#3993,.T.);
#6000=ORIENTED_EDGE('',*,*,#3983,.T.);
#6001=ORIENTED_EDGE('',*,*,#3987,.T.);
#6002=ORIENTED_EDGE('',*,*,#3979,.T.);
#6003=ORIENTED_EDGE('',*,*,#4024,.F.);
#6004=ORIENTED_EDGE('',*,*,#3973,.T.);
#6005=ORIENTED_EDGE('',*,*,#3977,.T.);
#6006=ORIENTED_EDGE('',*,*,#3967,.T.);
#6007=ORIENTED_EDGE('',*,*,#3971,.T.);
#6008=ORIENTED_EDGE('',*,*,#3725,.T.);
#6009=ORIENTED_EDGE('',*,*,#3728,.T.);
#6010=ORIENTED_EDGE('',*,*,#3718,.T.);
#6011=ORIENTED_EDGE('',*,*,#3722,.T.);
#6012=ORIENTED_EDGE('',*,*,#3713,.T.);
#6013=ORIENTED_EDGE('',*,*,#3716,.T.);
#6014=ORIENTED_EDGE('',*,*,#3706,.T.);
#6015=ORIENTED_EDGE('',*,*,#3710,.T.);
#6016=ORIENTED_EDGE('',*,*,#3701,.T.);
#6017=ORIENTED_EDGE('',*,*,#3704,.T.);
#6018=ORIENTED_EDGE('',*,*,#3694,.T.);
#6019=ORIENTED_EDGE('',*,*,#3698,.T.);
#6020=ORIENTED_EDGE('',*,*,#3689,.T.);
#6021=ORIENTED_EDGE('',*,*,#3692,.T.);
#6022=ORIENTED_EDGE('',*,*,#3682,.T.);
#6023=ORIENTED_EDGE('',*,*,#3686,.T.);
#6024=ORIENTED_EDGE('',*,*,#3677,.T.);
#6025=ORIENTED_EDGE('',*,*,#3680,.T.);
#6026=ORIENTED_EDGE('',*,*,#3670,.T.);
#6027=ORIENTED_EDGE('',*,*,#3674,.T.);
#6028=ORIENTED_EDGE('',*,*,#3665,.T.);
#6029=ORIENTED_EDGE('',*,*,#3668,.T.);
#6030=ORIENTED_EDGE('',*,*,#3658,.T.);
#6031=ORIENTED_EDGE('',*,*,#3662,.T.);
#6032=ORIENTED_EDGE('',*,*,#3653,.T.);
#6033=ORIENTED_EDGE('',*,*,#3656,.T.);
#6034=ORIENTED_EDGE('',*,*,#3646,.T.);
#6035=ORIENTED_EDGE('',*,*,#3650,.T.);
#6036=ORIENTED_EDGE('',*,*,#4182,.T.);
#6037=ORIENTED_EDGE('',*,*,#3867,.F.);
#6038=ORIENTED_EDGE('',*,*,#4210,.F.);
#6039=ORIENTED_EDGE('',*,*,#4211,.F.);
#6040=ORIENTED_EDGE('',*,*,#4157,.T.);
#6041=ORIENTED_EDGE('',*,*,#4189,.F.);
#6042=ORIENTED_EDGE('',*,*,#4212,.F.);
#6043=ORIENTED_EDGE('',*,*,#4180,.T.);
#6044=ORIENTED_EDGE('',*,*,#4153,.T.);
#6045=ORIENTED_EDGE('',*,*,#4183,.F.);
#6046=ORIENTED_EDGE('',*,*,#4211,.T.);
#6047=ORIENTED_EDGE('',*,*,#4209,.F.);
#6048=ORIENTED_EDGE('',*,*,#4213,.F.);
#6049=ORIENTED_EDGE('',*,*,#4035,.F.);
#6050=ORIENTED_EDGE('',*,*,#4213,.T.);
#6051=ORIENTED_EDGE('',*,*,#4208,.F.);
#6052=ORIENTED_EDGE('',*,*,#4018,.F.);
#6053=ORIENTED_EDGE('',*,*,#4036,.T.);
#6054=ORIENTED_EDGE('',*,*,#3732,.T.);
#6055=ORIENTED_EDGE('',*,*,#4214,.F.);
#6056=ORIENTED_EDGE('',*,*,#4215,.F.);
#6057=ORIENTED_EDGE('',*,*,#4216,.F.);
#6058=ORIENTED_EDGE('',*,*,#3431,.F.);
#6059=ORIENTED_EDGE('',*,*,#4217,.T.);
#6060=ORIENTED_EDGE('',*,*,#3733,.T.);
#6061=ORIENTED_EDGE('',*,*,#4217,.F.);
#6062=ORIENTED_EDGE('',*,*,#3430,.F.);
#6063=ORIENTED_EDGE('',*,*,#4218,.T.);
#6064=ORIENTED_EDGE('',*,*,#4215,.T.);
#6065=ORIENTED_EDGE('',*,*,#4218,.F.);
#6066=ORIENTED_EDGE('',*,*,#4219,.F.);
#6067=ORIENTED_EDGE('',*,*,#4220,.F.);
#6068=ORIENTED_EDGE('',*,*,#4221,.F.);
#6069=ORIENTED_EDGE('',*,*,#4222,.F.);
#6070=ORIENTED_EDGE('',*,*,#3428,.F.);
#6071=ORIENTED_EDGE('',*,*,#4223,.T.);
#6072=ORIENTED_EDGE('',*,*,#4221,.T.);
#6073=ORIENTED_EDGE('',*,*,#4223,.F.);
#6074=ORIENTED_EDGE('',*,*,#3429,.F.);
#6075=ORIENTED_EDGE('',*,*,#4224,.T.);
#6076=ORIENTED_EDGE('',*,*,#4219,.T.);
#6077=ORIENTED_EDGE('',*,*,#4224,.F.);
#6078=ORIENTED_EDGE('',*,*,#3831,.T.);
#6079=ORIENTED_EDGE('',*,*,#3835,.T.);
#6080=ORIENTED_EDGE('',*,*,#4225,.F.);
#6081=ORIENTED_EDGE('',*,*,#3827,.T.);
#6082=ORIENTED_EDGE('',*,*,#4124,.T.);
#6083=ORIENTED_EDGE('',*,*,#4226,.F.);
#6084=ORIENTED_EDGE('',*,*,#4169,.T.);
#6085=ORIENTED_EDGE('',*,*,#4170,.T.);
#6086=ORIENTED_EDGE('',*,*,#4163,.T.);
#6087=ORIENTED_EDGE('',*,*,#4166,.T.);
#6088=ORIENTED_EDGE('',*,*,#4196,.F.);
#6089=ORIENTED_EDGE('',*,*,#4227,.T.);
#6090=ORIENTED_EDGE('',*,*,#4167,.T.);
#6091=ORIENTED_EDGE('',*,*,#4227,.F.);
#6092=ORIENTED_EDGE('',*,*,#4181,.T.);
#6093=ORIENTED_EDGE('',*,*,#4212,.T.);
#6094=ORIENTED_EDGE('',*,*,#4188,.T.);
#6095=ORIENTED_EDGE('',*,*,#4177,.T.);
#6096=ORIENTED_EDGE('',*,*,#4200,.F.);
#6097=ORIENTED_EDGE('',*,*,#4228,.T.);
#6098=ORIENTED_EDGE('',*,*,#4179,.T.);
#6099=ORIENTED_EDGE('',*,*,#4228,.F.);
#6100=ORIENTED_EDGE('',*,*,#4226,.T.);
#6101=ORIENTED_EDGE('',*,*,#4229,.T.);
#6102=ORIENTED_EDGE('',*,*,#4201,.T.);
#6103=ORIENTED_EDGE('',*,*,#4229,.F.);
#6104=ORIENTED_EDGE('',*,*,#4220,.T.);
#6105=ORIENTED_EDGE('',*,*,#4230,.T.);
#6106=ORIENTED_EDGE('',*,*,#4202,.T.);
#6107=ORIENTED_EDGE('',*,*,#4230,.F.);
#6108=ORIENTED_EDGE('',*,*,#4225,.T.);
#6109=ORIENTED_EDGE('',*,*,#4231,.T.);
#6110=ORIENTED_EDGE('',*,*,#4203,.T.);
#6111=ORIENTED_EDGE('',*,*,#4231,.F.);
#6112=ORIENTED_EDGE('',*,*,#4222,.T.);
#6113=ORIENTED_EDGE('',*,*,#4232,.T.);
#6114=ORIENTED_EDGE('',*,*,#4204,.T.);
#6115=ORIENTED_EDGE('',*,*,#4232,.F.);
#6116=ORIENTED_EDGE('',*,*,#3825,.T.);
#6117=ORIENTED_EDGE('',*,*,#4233,.T.);
#6118=ORIENTED_EDGE('',*,*,#4234,.T.);
#6119=ORIENTED_EDGE('',*,*,#4233,.F.);
#6120=ORIENTED_EDGE('',*,*,#4214,.T.);
#6121=ORIENTED_EDGE('',*,*,#4235,.T.);
#6122=ORIENTED_EDGE('',*,*,#4236,.T.);
#6123=ORIENTED_EDGE('',*,*,#4235,.F.);
#6124=ORIENTED_EDGE('',*,*,#4216,.T.);
#6125=ORIENTED_EDGE('',*,*,#4237,.T.);
#6126=ORIENTED_EDGE('',*,*,#3940,.T.);
#6127=ORIENTED_EDGE('',*,*,#4237,.F.);
#6128=ORIENTED_EDGE('',*,*,#3844,.T.);
#6129=ORIENTED_EDGE('',*,*,#4138,.F.);
#6130=ORIENTED_EDGE('',*,*,#4125,.F.);
#6131=ORIENTED_EDGE('',*,*,#4061,.T.);
#6132=ORIENTED_EDGE('',*,*,#4234,.F.);
#6133=ORIENTED_EDGE('',*,*,#4236,.F.);
#6134=ORIENTED_EDGE('',*,*,#3842,.T.);
#6135=ORIENTED_EDGE('',*,*,#4033,.F.);
#6136=ORIENTED_EDGE('',*,*,#4039,.F.);
#6137=ORIENTED_EDGE('',*,*,#4139,.T.);
#6138=ORIENTED_EDGE('',*,*,#3294,.F.);
#6139=ORIENTED_EDGE('',*,*,#4015,.F.);
#6140=ORIENTED_EDGE('',*,*,#4023,.F.);
#6141=ORIENTED_EDGE('',*,*,#4111,.T.);
#6142=ORIENTED_EDGE('',*,*,#4108,.T.);
#6143=ORIENTED_EDGE('',*,*,#4091,.T.);
#6144=ORIENTED_EDGE('',*,*,#3288,.F.);
#6145=ORIENTED_EDGE('',*,*,#4107,.F.);
#6146=ORIENTED_EDGE('',*,*,#4128,.F.);
#6147=ORIENTED_EDGE('',*,*,#3358,.T.);
#6148=PLANE('',#6691);
#6149=PLANE('',#6695);
#6150=PLANE('',#6699);
#6151=PLANE('',#6703);
#6152=PLANE('',#6709);
#6153=PLANE('',#6734);
#6154=PLANE('',#6754);
#6155=PLANE('',#6793);
#6156=PLANE('',#6796);
#6157=PLANE('',#6799);
#6158=PLANE('',#6802);
#6159=PLANE('',#6805);
#6160=PLANE('',#6808);
#6161=PLANE('',#6811);
#6162=PLANE('',#6814);
#6163=PLANE('',#6817);
#6164=PLANE('',#6820);
#6165=PLANE('',#6823);
#6166=PLANE('',#6826);
#6167=PLANE('',#6829);
#6168=PLANE('',#6832);
#6169=PLANE('',#6835);
#6170=PLANE('',#6838);
#6171=PLANE('',#6841);
#6172=PLANE('',#6844);
#6173=PLANE('',#6847);
#6174=PLANE('',#6850);
#6175=PLANE('',#6853);
#6176=PLANE('',#6856);
#6177=PLANE('',#6859);
#6178=PLANE('',#6862);
#6179=PLANE('',#6865);
#6180=PLANE('',#6868);
#6181=PLANE('',#6871);
#6182=PLANE('',#6874);
#6183=PLANE('',#6877);
#6184=PLANE('',#6880);
#6185=PLANE('',#6883);
#6186=PLANE('',#6886);
#6187=PLANE('',#6889);
#6188=PLANE('',#6892);
#6189=PLANE('',#6895);
#6190=PLANE('',#6898);
#6191=PLANE('',#6901);
#6192=PLANE('',#6904);
#6193=PLANE('',#6907);
#6194=PLANE('',#6910);
#6195=PLANE('',#6913);
#6196=PLANE('',#6916);
#6197=PLANE('',#6919);
#6198=PLANE('',#6922);
#6199=PLANE('',#6925);
#6200=PLANE('',#6929);
#6201=PLANE('',#6933);
#6202=PLANE('',#6937);
#6203=PLANE('',#6941);
#6204=PLANE('',#6945);
#6205=PLANE('',#6949);
#6206=PLANE('',#6953);
#6207=PLANE('',#6957);
#6208=PLANE('',#6961);
#6209=PLANE('',#6965);
#6210=PLANE('',#6969);
#6211=PLANE('',#6973);
#6212=PLANE('',#6977);
#6213=PLANE('',#6984);
#6214=PLANE('',#6986);
#6215=PLANE('',#7000);
#6216=PLANE('',#7003);
#6217=PLANE('',#7006);
#6218=PLANE('',#7009);
#6219=PLANE('',#7012);
#6220=PLANE('',#7015);
#6221=PLANE('',#7018);
#6222=PLANE('',#7021);
#6223=PLANE('',#7024);
#6224=PLANE('',#7027);
#6225=PLANE('',#7030);
#6226=PLANE('',#7033);
#6227=PLANE('',#7036);
#6228=PLANE('',#7039);
#6229=PLANE('',#7042);
#6230=PLANE('',#7043);
#6231=PLANE('',#7046);
#6232=PLANE('',#7049);
#6233=PLANE('',#7051);
#6234=PLANE('',#7052);
#6235=PLANE('',#7056);
#6236=PLANE('',#7073);
#6237=PLANE('',#7075);
#6238=PLANE('',#7077);
#6239=PLANE('',#7079);
#6240=PLANE('',#7081);
#6241=PLANE('',#7082);
#6242=PLANE('',#7083);
#6243=PLANE('',#7084);
#6244=PLANE('',#7085);
#6245=PLANE('',#7086);
#6246=PLANE('',#7087);
#6247=PLANE('',#7088);
#6248=PLANE('',#7089);
#6249=PLANE('',#7090);
#6250=PLANE('',#7095);
#6251=PLANE('',#7096);
#6252=PLANE('',#7097);
#6253=PLANE('',#7098);
#6254=PLANE('',#7099);
#6255=PLANE('',#7100);
#6256=PLANE('',#7101);
#6257=PLANE('',#7102);
#6258=PLANE('',#7103);
#6259=PLANE('',#7107);
#6260=PLANE('',#7108);
#6261=PLANE('',#7112);
#6262=PLANE('',#7115);
#6263=PLANE('',#7118);
#6264=PLANE('',#7121);
#6265=PLANE('',#7124);
#6266=PLANE('',#7125);
#6267=PLANE('',#7129);
#6268=PLANE('',#7133);
#6269=PLANE('',#7134);
#6270=PLANE('',#7138);
#6271=PLANE('',#7142);
#6272=PLANE('',#7143);
#6273=PLANE('',#7147);
#6274=PLANE('',#7151);
#6275=PLANE('',#7152);
#6276=PLANE('',#7154);
#6277=PLANE('',#7157);
#6278=PLANE('',#7158);
#6279=PLANE('',#7159);
#6280=PLANE('',#7164);
#6281=PLANE('',#7165);
#6282=PLANE('',#7167);
#6283=PLANE('',#7168);
#6284=PLANE('',#7169);
#6285=PLANE('',#7170);
#6286=PLANE('',#7171);
#6287=PLANE('',#7172);
#6288=PLANE('',#7173);
#6289=PLANE('',#7178);
#6290=PLANE('',#7179);
#6291=PLANE('',#7180);
#6292=PLANE('',#7181);
#6293=PLANE('',#7182);
#6294=PLANE('',#7183);
#6295=PLANE('',#7184);
#6296=PLANE('',#7187);
#6297=PLANE('',#7192);
#6298=PLANE('',#7194);
#6299=PLANE('',#7195);
#6300=PLANE('',#7196);
#6301=PLANE('',#7197);
#6302=PLANE('',#7198);
#6303=PLANE('',#7200);
#6304=PLANE('',#7202);
#6305=PLANE('',#7204);
#6306=PLANE('',#7205);
#6307=PLANE('',#7209);
#6308=PLANE('',#7212);
#6309=PLANE('',#7213);
#6310=PLANE('',#7220);
#6311=PLANE('',#7221);
#6312=PLANE('',#7222);
#6313=PLANE('',#7223);
#6314=PLANE('',#7224);
#6315=PLANE('',#7225);
#6316=PLANE('',#7226);
#6317=PLANE('',#7227);
#6318=PLANE('',#7228);
#6319=PLANE('',#7229);
#6320=PLANE('',#7232);
#6321=PLANE('',#7233);
#6322=PLANE('',#7237);
#6323=PLANE('',#7238);
#6324=PLANE('',#7241);
#6325=PLANE('',#7242);
#6326=PLANE('',#7243);
#6327=PLANE('',#7244);
#6328=PLANE('',#7245);
#6329=PLANE('',#7246);
#6330=PLANE('',#7247);
#6331=PLANE('',#7248);
#6332=PLANE('',#7253);
#6333=PLANE('',#7257);
#6334=PLANE('',#7260);
#6335=PLANE('',#7266);
#6336=PLANE('',#7269);
#6337=PLANE('',#7273);
#6338=PLANE('',#7275);
#6339=PLANE('',#7280);
#6340=PLANE('',#7283);
#6341=PLANE('',#7288);
#6342=PLANE('',#7290);
#6343=PLANE('',#7306);
#6344=ADVANCED_FACE('',(#543),#6148,.T.);
#6345=ADVANCED_FACE('',(#544),#539,.T.);
#6346=ADVANCED_FACE('',(#545),#6149,.T.);
#6347=ADVANCED_FACE('',(#546),#540,.T.);
#6348=ADVANCED_FACE('',(#547),#6150,.T.);
#6349=ADVANCED_FACE('',(#548),#541,.T.);
#6350=ADVANCED_FACE('',(#549),#6151,.T.);
#6351=ADVANCED_FACE('',(#550),#542,.T.);
#6352=ADVANCED_FACE('',(#551),#120,.T.);
#6353=ADVANCED_FACE('',(#552,#16,#17,#18,#19,#20,#21,#22,#23,#24),#6152,
 .T.);
#6354=ADVANCED_FACE('',(#553),#121,.T.);
#6355=ADVANCED_FACE('',(#554,#25,#26,#27,#28,#29,#30,#31,#32),#6153,.T.);
#6356=ADVANCED_FACE('',(#555,#33,#34,#35,#36,#37,#38,#39,#40,#41,#42,#43,
#44,#45,#46,#47,#48,#49,#50,#51,#52,#53),#6154,.T.);
#6357=ADVANCED_FACE('',(#556),#6155,.F.);
#6358=ADVANCED_FACE('',(#557),#122,.F.);
#6359=ADVANCED_FACE('',(#558),#6156,.F.);
#6360=ADVANCED_FACE('',(#559),#123,.F.);
#6361=ADVANCED_FACE('',(#560),#6157,.F.);
#6362=ADVANCED_FACE('',(#561),#124,.F.);
#6363=ADVANCED_FACE('',(#562),#6158,.F.);
#6364=ADVANCED_FACE('',(#563),#125,.F.);
#6365=ADVANCED_FACE('',(#564),#6159,.F.);
#6366=ADVANCED_FACE('',(#565),#126,.F.);
#6367=ADVANCED_FACE('',(#566),#6160,.F.);
#6368=ADVANCED_FACE('',(#567),#127,.F.);
#6369=ADVANCED_FACE('',(#568),#6161,.F.);
#6370=ADVANCED_FACE('',(#569),#128,.F.);
#6371=ADVANCED_FACE('',(#570),#6162,.F.);
#6372=ADVANCED_FACE('',(#571),#129,.F.);
#6373=ADVANCED_FACE('',(#572),#6163,.F.);
#6374=ADVANCED_FACE('',(#573),#130,.F.);
#6375=ADVANCED_FACE('',(#574),#6164,.F.);
#6376=ADVANCED_FACE('',(#575),#131,.F.);
#6377=ADVANCED_FACE('',(#576),#6165,.F.);
#6378=ADVANCED_FACE('',(#577),#132,.F.);
#6379=ADVANCED_FACE('',(#578),#6166,.F.);
#6380=ADVANCED_FACE('',(#579),#133,.F.);
#6381=ADVANCED_FACE('',(#580),#6167,.F.);
#6382=ADVANCED_FACE('',(#581),#134,.F.);
#6383=ADVANCED_FACE('',(#582),#6168,.F.);
#6384=ADVANCED_FACE('',(#583),#135,.F.);
#6385=ADVANCED_FACE('',(#584),#6169,.F.);
#6386=ADVANCED_FACE('',(#585),#136,.F.);
#6387=ADVANCED_FACE('',(#586),#6170,.F.);
#6388=ADVANCED_FACE('',(#587),#137,.F.);
#6389=ADVANCED_FACE('',(#588),#6171,.F.);
#6390=ADVANCED_FACE('',(#589),#138,.F.);
#6391=ADVANCED_FACE('',(#590),#6172,.F.);
#6392=ADVANCED_FACE('',(#591),#139,.F.);
#6393=ADVANCED_FACE('',(#592),#6173,.F.);
#6394=ADVANCED_FACE('',(#593),#140,.F.);
#6395=ADVANCED_FACE('',(#594),#6174,.F.);
#6396=ADVANCED_FACE('',(#595),#141,.F.);
#6397=ADVANCED_FACE('',(#596),#6175,.F.);
#6398=ADVANCED_FACE('',(#597),#142,.F.);
#6399=ADVANCED_FACE('',(#598),#6176,.F.);
#6400=ADVANCED_FACE('',(#599),#143,.F.);
#6401=ADVANCED_FACE('',(#600),#6177,.F.);
#6402=ADVANCED_FACE('',(#601),#144,.F.);
#6403=ADVANCED_FACE('',(#602),#6178,.F.);
#6404=ADVANCED_FACE('',(#603),#145,.F.);
#6405=ADVANCED_FACE('',(#604),#6179,.F.);
#6406=ADVANCED_FACE('',(#605),#146,.F.);
#6407=ADVANCED_FACE('',(#606),#6180,.F.);
#6408=ADVANCED_FACE('',(#607),#147,.F.);
#6409=ADVANCED_FACE('',(#608),#6181,.F.);
#6410=ADVANCED_FACE('',(#609),#148,.F.);
#6411=ADVANCED_FACE('',(#610),#6182,.F.);
#6412=ADVANCED_FACE('',(#611),#149,.F.);
#6413=ADVANCED_FACE('',(#612),#6183,.F.);
#6414=ADVANCED_FACE('',(#613),#150,.F.);
#6415=ADVANCED_FACE('',(#614),#6184,.F.);
#6416=ADVANCED_FACE('',(#615),#151,.F.);
#6417=ADVANCED_FACE('',(#616),#6185,.F.);
#6418=ADVANCED_FACE('',(#617),#152,.F.);
#6419=ADVANCED_FACE('',(#618),#6186,.F.);
#6420=ADVANCED_FACE('',(#619),#153,.F.);
#6421=ADVANCED_FACE('',(#620),#6187,.F.);
#6422=ADVANCED_FACE('',(#621),#154,.F.);
#6423=ADVANCED_FACE('',(#622),#6188,.F.);
#6424=ADVANCED_FACE('',(#623),#155,.F.);
#6425=ADVANCED_FACE('',(#624),#6189,.F.);
#6426=ADVANCED_FACE('',(#625),#156,.F.);
#6427=ADVANCED_FACE('',(#626),#6190,.F.);
#6428=ADVANCED_FACE('',(#627),#157,.F.);
#6429=ADVANCED_FACE('',(#628),#6191,.F.);
#6430=ADVANCED_FACE('',(#629),#158,.F.);
#6431=ADVANCED_FACE('',(#630),#6192,.F.);
#6432=ADVANCED_FACE('',(#631),#159,.F.);
#6433=ADVANCED_FACE('',(#632),#6193,.F.);
#6434=ADVANCED_FACE('',(#633),#160,.F.);
#6435=ADVANCED_FACE('',(#634),#6194,.F.);
#6436=ADVANCED_FACE('',(#635),#161,.F.);
#6437=ADVANCED_FACE('',(#636),#6195,.F.);
#6438=ADVANCED_FACE('',(#637),#162,.F.);
#6439=ADVANCED_FACE('',(#638),#6196,.F.);
#6440=ADVANCED_FACE('',(#639),#163,.F.);
#6441=ADVANCED_FACE('',(#640),#6197,.F.);
#6442=ADVANCED_FACE('',(#641),#164,.F.);
#6443=ADVANCED_FACE('',(#642),#6198,.F.);
#6444=ADVANCED_FACE('',(#643),#165,.F.);
#6445=ADVANCED_FACE('',(#644),#6199,.F.);
#6446=ADVANCED_FACE('',(#645),#166,.F.);
#6447=ADVANCED_FACE('',(#646),#6200,.F.);
#6448=ADVANCED_FACE('',(#647),#167,.F.);
#6449=ADVANCED_FACE('',(#648),#6201,.F.);
#6450=ADVANCED_FACE('',(#649),#168,.F.);
#6451=ADVANCED_FACE('',(#650),#6202,.F.);
#6452=ADVANCED_FACE('',(#651),#169,.F.);
#6453=ADVANCED_FACE('',(#652),#6203,.F.);
#6454=ADVANCED_FACE('',(#653),#170,.F.);
#6455=ADVANCED_FACE('',(#654),#6204,.F.);
#6456=ADVANCED_FACE('',(#655),#171,.F.);
#6457=ADVANCED_FACE('',(#656),#6205,.F.);
#6458=ADVANCED_FACE('',(#657),#172,.F.);
#6459=ADVANCED_FACE('',(#658),#6206,.F.);
#6460=ADVANCED_FACE('',(#659),#173,.F.);
#6461=ADVANCED_FACE('',(#660),#6207,.F.);
#6462=ADVANCED_FACE('',(#661),#174,.F.);
#6463=ADVANCED_FACE('',(#662),#6208,.F.);
#6464=ADVANCED_FACE('',(#663),#175,.F.);
#6465=ADVANCED_FACE('',(#664),#6209,.F.);
#6466=ADVANCED_FACE('',(#665),#176,.F.);
#6467=ADVANCED_FACE('',(#666),#6210,.F.);
#6468=ADVANCED_FACE('',(#667),#177,.F.);
#6469=ADVANCED_FACE('',(#668),#6211,.F.);
#6470=ADVANCED_FACE('',(#669),#178,.F.);
#6471=ADVANCED_FACE('',(#670),#6212,.F.);
#6472=ADVANCED_FACE('',(#671),#179,.F.);
#6473=ADVANCED_FACE('',(#672),#180,.F.);
#6474=ADVANCED_FACE('',(#673,#54),#6213,.F.);
#6475=ADVANCED_FACE('',(#674),#6214,.T.);
#6476=ADVANCED_FACE('',(#675),#181,.T.);
#6477=ADVANCED_FACE('',(#676),#182,.F.);
#6478=ADVANCED_FACE('',(#677),#183,.T.);
#6479=ADVANCED_FACE('',(#678),#6215,.F.);
#6480=ADVANCED_FACE('',(#679),#184,.F.);
#6481=ADVANCED_FACE('',(#680),#6216,.F.);
#6482=ADVANCED_FACE('',(#681),#185,.F.);
#6483=ADVANCED_FACE('',(#682),#6217,.F.);
#6484=ADVANCED_FACE('',(#683),#186,.F.);
#6485=ADVANCED_FACE('',(#684),#6218,.F.);
#6486=ADVANCED_FACE('',(#685),#187,.F.);
#6487=ADVANCED_FACE('',(#686),#6219,.F.);
#6488=ADVANCED_FACE('',(#687),#188,.F.);
#6489=ADVANCED_FACE('',(#688),#6220,.F.);
#6490=ADVANCED_FACE('',(#689),#189,.F.);
#6491=ADVANCED_FACE('',(#690),#6221,.F.);
#6492=ADVANCED_FACE('',(#691),#190,.F.);
#6493=ADVANCED_FACE('',(#692),#6222,.F.);
#6494=ADVANCED_FACE('',(#693),#191,.F.);
#6495=ADVANCED_FACE('',(#694),#6223,.F.);
#6496=ADVANCED_FACE('',(#695),#192,.F.);
#6497=ADVANCED_FACE('',(#696),#6224,.F.);
#6498=ADVANCED_FACE('',(#697),#193,.F.);
#6499=ADVANCED_FACE('',(#698),#6225,.F.);
#6500=ADVANCED_FACE('',(#699),#194,.F.);
#6501=ADVANCED_FACE('',(#700),#6226,.F.);
#6502=ADVANCED_FACE('',(#701),#195,.F.);
#6503=ADVANCED_FACE('',(#702),#6227,.F.);
#6504=ADVANCED_FACE('',(#703),#196,.F.);
#6505=ADVANCED_FACE('',(#704),#6228,.F.);
#6506=ADVANCED_FACE('',(#705),#197,.F.);
#6507=ADVANCED_FACE('',(#706),#6229,.T.);
#6508=ADVANCED_FACE('',(#707),#6230,.F.);
#6509=ADVANCED_FACE('',(#708),#198,.F.);
#6510=ADVANCED_FACE('',(#709),#6231,.F.);
#6511=ADVANCED_FACE('',(#710),#199,.F.);
#6512=ADVANCED_FACE('',(#711,#55),#6232,.T.);
#6513=ADVANCED_FACE('',(#712),#6233,.F.);
#6514=ADVANCED_FACE('',(#713),#6234,.F.);
#6515=ADVANCED_FACE('',(#714),#200,.T.);
#6516=ADVANCED_FACE('',(#715,#56,#57,#58,#59,#60,#61,#62,#63,#64,#65,#66,
#67,#68,#69,#70,#71,#72,#73),#6235,.F.);
#6517=ADVANCED_FACE('',(#716),#6236,.F.);
#6518=ADVANCED_FACE('',(#717),#201,.F.);
#6519=ADVANCED_FACE('',(#718),#6237,.F.);
#6520=ADVANCED_FACE('',(#719),#202,.T.);
#6521=ADVANCED_FACE('',(#720),#6238,.F.);
#6522=ADVANCED_FACE('',(#721),#203,.F.);
#6523=ADVANCED_FACE('',(#722),#6239,.F.);
#6524=ADVANCED_FACE('',(#723),#204,.F.);
#6525=ADVANCED_FACE('',(#724),#6240,.F.);
#6526=ADVANCED_FACE('',(#725),#6241,.F.);
#6527=ADVANCED_FACE('',(#726),#6242,.T.);
#6528=ADVANCED_FACE('',(#727),#6243,.T.);
#6529=ADVANCED_FACE('',(#728),#6244,.T.);
#6530=ADVANCED_FACE('',(#729),#6245,.T.);
#6531=ADVANCED_FACE('',(#730),#6246,.T.);
#6532=ADVANCED_FACE('',(#731),#6247,.T.);
#6533=ADVANCED_FACE('',(#732),#6248,.T.);
#6534=ADVANCED_FACE('',(#733),#6249,.T.);
#6535=ADVANCED_FACE('',(#734),#205,.T.);
#6536=ADVANCED_FACE('',(#735),#6250,.T.);
#6537=ADVANCED_FACE('',(#736),#6251,.T.);
#6538=ADVANCED_FACE('',(#737),#6252,.T.);
#6539=ADVANCED_FACE('',(#738),#6253,.T.);
#6540=ADVANCED_FACE('',(#739),#6254,.T.);
#6541=ADVANCED_FACE('',(#740),#6255,.T.);
#6542=ADVANCED_FACE('',(#741),#6256,.T.);
#6543=ADVANCED_FACE('',(#742),#6257,.T.);
#6544=ADVANCED_FACE('',(#743,#74),#6258,.T.);
#6545=ADVANCED_FACE('',(#744),#6259,.F.);
#6546=ADVANCED_FACE('',(#745),#6260,.T.);
#6547=ADVANCED_FACE('',(#746),#206,.T.);
#6548=ADVANCED_FACE('',(#747),#6261,.F.);
#6549=ADVANCED_FACE('',(#748),#207,.F.);
#6550=ADVANCED_FACE('',(#749),#6262,.F.);
#6551=ADVANCED_FACE('',(#750),#208,.F.);
#6552=ADVANCED_FACE('',(#751),#6263,.F.);
#6553=ADVANCED_FACE('',(#752),#209,.F.);
#6554=ADVANCED_FACE('',(#753),#6264,.F.);
#6555=ADVANCED_FACE('',(#754),#210,.F.);
#6556=ADVANCED_FACE('',(#755),#6265,.F.);
#6557=ADVANCED_FACE('',(#756),#6266,.F.);
#6558=ADVANCED_FACE('',(#757),#211,.F.);
#6559=ADVANCED_FACE('',(#758),#6267,.F.);
#6560=ADVANCED_FACE('',(#759),#212,.F.);
#6561=ADVANCED_FACE('',(#760),#6268,.F.);
#6562=ADVANCED_FACE('',(#761),#6269,.F.);
#6563=ADVANCED_FACE('',(#762),#213,.F.);
#6564=ADVANCED_FACE('',(#763),#6270,.F.);
#6565=ADVANCED_FACE('',(#764),#214,.F.);
#6566=ADVANCED_FACE('',(#765),#6271,.F.);
#6567=ADVANCED_FACE('',(#766),#6272,.F.);
#6568=ADVANCED_FACE('',(#767),#215,.F.);
#6569=ADVANCED_FACE('',(#768),#6273,.F.);
#6570=ADVANCED_FACE('',(#769),#216,.F.);
#6571=ADVANCED_FACE('',(#770,#75,#76,#77,#78,#79,#80,#81),#6274,.T.);
#6572=ADVANCED_FACE('',(#771),#6275,.F.);
#6573=ADVANCED_FACE('',(#772),#6276,.F.);
#6574=ADVANCED_FACE('',(#773),#6277,.F.);
#6575=ADVANCED_FACE('',(#774),#6278,.F.);
#6576=ADVANCED_FACE('',(#775),#6279,.F.);
#6577=ADVANCED_FACE('',(#776),#217,.F.);
#6578=ADVANCED_FACE('',(#777),#218,.F.);
#6579=ADVANCED_FACE('',(#778,#82,#83,#84,#85,#86,#87,#88,#89,#90),#6280,
 .F.);
#6580=ADVANCED_FACE('',(#779),#6281,.F.);
#6581=ADVANCED_FACE('',(#780),#6282,.F.);
#6582=ADVANCED_FACE('',(#781),#6283,.F.);
#6583=ADVANCED_FACE('',(#782),#6284,.F.);
#6584=ADVANCED_FACE('',(#783),#6285,.F.);
#6585=ADVANCED_FACE('',(#784),#6286,.F.);
#6586=ADVANCED_FACE('',(#785),#6287,.F.);
#6587=ADVANCED_FACE('',(#786),#6288,.F.);
#6588=ADVANCED_FACE('',(#787),#6289,.F.);
#6589=ADVANCED_FACE('',(#788),#6290,.F.);
#6590=ADVANCED_FACE('',(#789),#6291,.F.);
#6591=ADVANCED_FACE('',(#790),#6292,.F.);
#6592=ADVANCED_FACE('',(#791),#6293,.T.);
#6593=ADVANCED_FACE('',(#792),#6294,.T.);
#6594=ADVANCED_FACE('',(#793),#6295,.T.);
#6595=ADVANCED_FACE('',(#794),#219,.F.);
#6596=ADVANCED_FACE('',(#795),#6296,.T.);
#6597=ADVANCED_FACE('',(#796),#6297,.F.);
#6598=ADVANCED_FACE('',(#797),#6298,.F.);
#6599=ADVANCED_FACE('',(#798),#6299,.F.);
#6600=ADVANCED_FACE('',(#799),#6300,.F.);
#6601=ADVANCED_FACE('',(#800),#6301,.F.);
#6602=ADVANCED_FACE('',(#801),#6302,.F.);
#6603=ADVANCED_FACE('',(#802),#220,.F.);
#6604=ADVANCED_FACE('',(#803),#6303,.F.);
#6605=ADVANCED_FACE('',(#804),#221,.F.);
#6606=ADVANCED_FACE('',(#805),#6304,.F.);
#6607=ADVANCED_FACE('',(#806),#222,.F.);
#6608=ADVANCED_FACE('',(#807),#6305,.F.);
#6609=ADVANCED_FACE('',(#808),#6306,.F.);
#6610=ADVANCED_FACE('',(#809),#223,.F.);
#6611=ADVANCED_FACE('',(#810),#224,.T.);
#6612=ADVANCED_FACE('',(#811),#6307,.F.);
#6613=ADVANCED_FACE('',(#812),#6308,.F.);
#6614=ADVANCED_FACE('',(#813),#6309,.F.);
#6615=ADVANCED_FACE('',(#814),#225,.F.);
#6616=ADVANCED_FACE('',(#815),#226,.F.);
#6617=ADVANCED_FACE('',(#816),#227,.F.);
#6618=ADVANCED_FACE('',(#817,#91,#92,#93,#94,#95,#96,#97,#98),#6310,.F.);
#6619=ADVANCED_FACE('',(#818),#6311,.F.);
#6620=ADVANCED_FACE('',(#819,#99),#6312,.T.);
#6621=ADVANCED_FACE('',(#820),#6313,.F.);
#6622=ADVANCED_FACE('',(#821),#6314,.F.);
#6623=ADVANCED_FACE('',(#822),#6315,.F.);
#6624=ADVANCED_FACE('',(#823),#6316,.F.);
#6625=ADVANCED_FACE('',(#824),#6317,.T.);
#6626=ADVANCED_FACE('',(#825),#6318,.T.);
#6627=ADVANCED_FACE('',(#826,#100),#6319,.T.);
#6628=ADVANCED_FACE('',(#827),#6320,.T.);
#6629=ADVANCED_FACE('',(#828),#6321,.T.);
#6630=ADVANCED_FACE('',(#829),#6322,.T.);
#6631=ADVANCED_FACE('',(#830,#101),#6323,.T.);
#6632=ADVANCED_FACE('',(#831),#6324,.T.);
#6633=ADVANCED_FACE('',(#832),#6325,.T.);
#6634=ADVANCED_FACE('',(#833),#6326,.T.);
#6635=ADVANCED_FACE('',(#834),#6327,.T.);
#6636=ADVANCED_FACE('',(#835),#6328,.T.);
#6637=ADVANCED_FACE('',(#836),#6329,.T.);
#6638=ADVANCED_FACE('',(#837),#6330,.T.);
#6639=ADVANCED_FACE('',(#838,#102),#6331,.T.);
#6640=ADVANCED_FACE('',(#839),#228,.F.);
#6641=ADVANCED_FACE('',(#840,#103),#6332,.T.);
#6642=ADVANCED_FACE('',(#841,#104),#6333,.T.);
#6643=ADVANCED_FACE('',(#842,#105),#6334,.T.);
#6644=ADVANCED_FACE('',(#843),#229,.F.);
#6645=ADVANCED_FACE('',(#844),#230,.T.);
#6646=ADVANCED_FACE('',(#845),#231,.T.);
#6647=ADVANCED_FACE('',(#846,#106,#107,#108,#109,#110,#111,#112),#6335,
 .F.);
#6648=ADVANCED_FACE('',(#847),#232,.T.);
#6649=ADVANCED_FACE('',(#848),#6336,.T.);
#6650=ADVANCED_FACE('',(#849),#233,.F.);
#6651=ADVANCED_FACE('',(#850,#113),#6337,.T.);
#6652=ADVANCED_FACE('',(#851,#114),#6338,.T.);
#6653=ADVANCED_FACE('',(#852),#234,.F.);
#6654=ADVANCED_FACE('',(#853),#235,.F.);
#6655=ADVANCED_FACE('',(#854,#115),#6339,.T.);
#6656=ADVANCED_FACE('',(#855,#116),#6340,.T.);
#6657=ADVANCED_FACE('',(#856),#236,.F.);
#6658=ADVANCED_FACE('',(#857),#237,.F.);
#6659=ADVANCED_FACE('',(#858,#117),#6341,.T.);
#6660=ADVANCED_FACE('',(#859,#118),#6342,.T.);
#6661=ADVANCED_FACE('',(#860),#238,.T.);
#6662=ADVANCED_FACE('',(#861),#239,.F.);
#6663=ADVANCED_FACE('',(#862),#240,.T.);
#6664=ADVANCED_FACE('',(#863),#241,.F.);
#6665=ADVANCED_FACE('',(#864),#242,.T.);
#6666=ADVANCED_FACE('',(#865),#243,.F.);
#6667=ADVANCED_FACE('',(#866),#244,.T.);
#6668=ADVANCED_FACE('',(#867),#245,.F.);
#6669=ADVANCED_FACE('',(#868),#246,.T.);
#6670=ADVANCED_FACE('',(#869),#247,.F.);
#6671=ADVANCED_FACE('',(#870),#248,.F.);
#6672=ADVANCED_FACE('',(#871),#249,.F.);
#6673=ADVANCED_FACE('',(#872,#119),#6343,.T.);
#6674=ADVANCED_FACE('',(#873),#250,.F.);
#6675=ADVANCED_FACE('',(#874),#251,.T.);
#6676=ADVANCED_FACE('',(#875),#252,.T.);
#6677=CLOSED_SHELL('',(#6344,#6345,#6346,#6347,#6348,#6349,#6350,#6351,
#6352,#6353,#6354,#6355,#6356,#6357,#6358,#6359,#6360,#6361,#6362,#6363,
#6364,#6365,#6366,#6367,#6368,#6369,#6370,#6371,#6372,#6373,#6374,#6375,
#6376,#6377,#6378,#6379,#6380,#6381,#6382,#6383,#6384,#6385,#6386,#6387,
#6388,#6389,#6390,#6391,#6392,#6393,#6394,#6395,#6396,#6397,#6398,#6399,
#6400,#6401,#6402,#6403,#6404,#6405,#6406,#6407,#6408,#6409,#6410,#6411,
#6412,#6413,#6414,#6415,#6416,#6417,#6418,#6419,#6420,#6421,#6422,#6423,
#6424,#6425,#6426,#6427,#6428,#6429,#6430,#6431,#6432,#6433,#6434,#6435,
#6436,#6437,#6438,#6439,#6440,#6441,#6442,#6443,#6444,#6445,#6446,#6447,
#6448,#6449,#6450,#6451,#6452,#6453,#6454,#6455,#6456,#6457,#6458,#6459,
#6460,#6461,#6462,#6463,#6464,#6465,#6466,#6467,#6468,#6469,#6470,#6471,
#6472,#6473,#6474,#6475,#6476,#6477,#6478,#6479,#6480,#6481,#6482,#6483,
#6484,#6485,#6486,#6487,#6488,#6489,#6490,#6491,#6492,#6493,#6494,#6495,
#6496,#6497,#6498,#6499,#6500,#6501,#6502,#6503,#6504,#6505,#6506,#6507,
#6508,#6509,#6510,#6511,#6512,#6513,#6514,#6515,#6516,#6517,#6518,#6519,
#6520,#6521,#6522,#6523,#6524,#6525,#6526,#6527,#6528,#6529,#6530,#6531,
#6532,#6533,#6534,#6535,#6536,#6537,#6538,#6539,#6540,#6541,#6542,#6543,
#6544,#6545,#6546,#6547,#6548,#6549,#6550,#6551,#6552,#6553,#6554,#6555,
#6556,#6557,#6558,#6559,#6560,#6561,#6562,#6563,#6564,#6565,#6566,#6567,
#6568,#6569,#6570,#6571,#6572,#6573,#6574,#6575,#6576,#6577,#6578,#6579,
#6580,#6581,#6582,#6583,#6584,#6585,#6586,#6587,#6588,#6589,#6590,#6591,
#6592,#6593,#6594,#6595,#6596,#6597,#6598,#6599,#6600,#6601,#6602,#6603,
#6604,#6605,#6606,#6607,#6608,#6609,#6610,#6611,#6612,#6613,#6614,#6615,
#6616,#6617,#6618,#6619,#6620,#6621,#6622,#6623,#6624,#6625,#6626,#6627,
#6628,#6629,#6630,#6631,#6632,#6633,#6634,#6635,#6636,#6637,#6638,#6639,
#6640,#6641,#6642,#6643,#6644,#6645,#6646,#6647,#6648,#6649,#6650,#6651,
#6652,#6653,#6654,#6655,#6656,#6657,#6658,#6659,#6660,#6661,#6662,#6663,
#6664,#6665,#6666,#6667,#6668,#6669,#6670,#6671,#6672,#6673,#6674,#6675,
#6676));
#6678=DERIVED_UNIT_ELEMENT(#6680,1.);
#6679=DERIVED_UNIT_ELEMENT(#11149,-3.);
#6680=(
MASS_UNIT()
NAMED_UNIT(*)
SI_UNIT(.KILO.,.GRAM.)
);
#6681=DERIVED_UNIT((#6678,#6679));
#6682=MEASURE_REPRESENTATION_ITEM('density measure',
POSITIVE_RATIO_MEASURE(7850.),#6681);
#6683=PROPERTY_DEFINITION_REPRESENTATION(#6688,#6685);
#6684=PROPERTY_DEFINITION_REPRESENTATION(#6689,#6686);
#6685=REPRESENTATION('material name',(#6687),#11146);
#6686=REPRESENTATION('density',(#6682),#11146);
#6687=DESCRIPTIVE_REPRESENTATION_ITEM('Steel','Steel');
#6688=PROPERTY_DEFINITION('material property','material name',#11156);
#6689=PROPERTY_DEFINITION('material property','density of part',#11156);
#6690=AXIS2_PLACEMENT_3D('',#9218,#7310,#7311);
#6691=AXIS2_PLACEMENT_3D('',#9219,#7312,#7313);
#6692=AXIS2_PLACEMENT_3D('',#9228,#7318,#7319);
#6693=AXIS2_PLACEMENT_3D('',#9232,#7321,#7322);
#6694=AXIS2_PLACEMENT_3D('',#9233,#7323,#7324);
#6695=AXIS2_PLACEMENT_3D('',#9234,#7325,#7326);
#6696=AXIS2_PLACEMENT_3D('',#9240,#7330,#7331);
#6697=AXIS2_PLACEMENT_3D('',#9244,#7333,#7334);
#6698=AXIS2_PLACEMENT_3D('',#9245,#7335,#7336);
#6699=AXIS2_PLACEMENT_3D('',#9246,#7337,#7338);
#6700=AXIS2_PLACEMENT_3D('',#9252,#7342,#7343);
#6701=AXIS2_PLACEMENT_3D('',#9256,#7345,#7346);
#6702=AXIS2_PLACEMENT_3D('',#9257,#7347,#7348);
#6703=AXIS2_PLACEMENT_3D('',#9258,#7349,#7350);
#6704=AXIS2_PLACEMENT_3D('',#9264,#7354,#7355);
#6705=AXIS2_PLACEMENT_3D('',#9265,#7356,#7357);
#6706=AXIS2_PLACEMENT_3D('',#9266,#7358,#7359);
#6707=AXIS2_PLACEMENT_3D('',#9267,#7360,#7361);
#6708=AXIS2_PLACEMENT_3D('',#9271,#7363,#7364);
#6709=AXIS2_PLACEMENT_3D('',#9273,#7366,#7367);
#6710=AXIS2_PLACEMENT_3D('',#9279,#7370,#7371);
#6711=AXIS2_PLACEMENT_3D('',#9283,#7373,#7374);
#6712=AXIS2_PLACEMENT_3D('',#9289,#7377,#7378);
#6713=AXIS2_PLACEMENT_3D('',#9292,#7380,#7381);
#6714=AXIS2_PLACEMENT_3D('',#9297,#7383,#7384);
#6715=AXIS2_PLACEMENT_3D('',#9300,#7386,#7387);
#6716=AXIS2_PLACEMENT_3D('',#9305,#7389,#7390);
#6717=AXIS2_PLACEMENT_3D('',#9308,#7392,#7393);
#6718=AXIS2_PLACEMENT_3D('',#9313,#7395,#7396);
#6719=AXIS2_PLACEMENT_3D('',#9316,#7398,#7399);
#6720=AXIS2_PLACEMENT_3D('',#9321,#7401,#7402);
#6721=AXIS2_PLACEMENT_3D('',#9324,#7404,#7405);
#6722=AXIS2_PLACEMENT_3D('',#9329,#7407,#7408);
#6723=AXIS2_PLACEMENT_3D('',#9332,#7410,#7411);
#6724=AXIS2_PLACEMENT_3D('',#9337,#7413,#7414);
#6725=AXIS2_PLACEMENT_3D('',#9340,#7416,#7417);
#6726=AXIS2_PLACEMENT_3D('',#9345,#7419,#7420);
#6727=AXIS2_PLACEMENT_3D('',#9348,#7422,#7423);
#6728=AXIS2_PLACEMENT_3D('',#9353,#7425,#7426);
#6729=AXIS2_PLACEMENT_3D('',#9357,#7428,#7429);
#6730=AXIS2_PLACEMENT_3D('',#9361,#7431,#7432);
#6731=AXIS2_PLACEMENT_3D('',#9364,#7434,#7435);
#6732=AXIS2_PLACEMENT_3D('',#9365,#7436,#7437);
#6733=AXIS2_PLACEMENT_3D('',#9368,#7439,#7440);
#6734=AXIS2_PLACEMENT_3D('',#9369,#7441,#7442);
#6735=AXIS2_PLACEMENT_3D('',#9375,#7445,#7446);
#6736=AXIS2_PLACEMENT_3D('',#9379,#7448,#7449);
#6737=AXIS2_PLACEMENT_3D('',#9383,#7451,#7452);
#6738=AXIS2_PLACEMENT_3D('',#9389,#7455,#7456);
#6739=AXIS2_PLACEMENT_3D('',#9392,#7458,#7459);
#6740=AXIS2_PLACEMENT_3D('',#9397,#7461,#7462);
#6741=AXIS2_PLACEMENT_3D('',#9400,#7464,#7465);
#6742=AXIS2_PLACEMENT_3D('',#9405,#7467,#7468);
#6743=AXIS2_PLACEMENT_3D('',#9408,#7470,#7471);
#6744=AXIS2_PLACEMENT_3D('',#9413,#7473,#7474);
#6745=AXIS2_PLACEMENT_3D('',#9416,#7476,#7477);
#6746=AXIS2_PLACEMENT_3D('',#9421,#7479,#7480);
#6747=AXIS2_PLACEMENT_3D('',#9424,#7482,#7483);
#6748=AXIS2_PLACEMENT_3D('',#9429,#7485,#7486);
#6749=AXIS2_PLACEMENT_3D('',#9432,#7488,#7489);
#6750=AXIS2_PLACEMENT_3D('',#9437,#7491,#7492);
#6751=AXIS2_PLACEMENT_3D('',#9440,#7494,#7495);
#6752=AXIS2_PLACEMENT_3D('',#9445,#7497,#7498);
#6753=AXIS2_PLACEMENT_3D('',#9448,#7500,#7501);
#6754=AXIS2_PLACEMENT_3D('',#9449,#7502,#7503);
#6755=AXIS2_PLACEMENT_3D('',#9454,#7505,#7506);
#6756=AXIS2_PLACEMENT_3D('',#9457,#7508,#7509);
#6757=AXIS2_PLACEMENT_3D('',#9462,#7511,#7512);
#6758=AXIS2_PLACEMENT_3D('',#9465,#7514,#7515);
#6759=AXIS2_PLACEMENT_3D('',#9470,#7517,#7518);
#6760=AXIS2_PLACEMENT_3D('',#9473,#7520,#7521);
#6761=AXIS2_PLACEMENT_3D('',#9478,#7523,#7524);
#6762=AXIS2_PLACEMENT_3D('',#9481,#7526,#7527);
#6763=AXIS2_PLACEMENT_3D('',#9486,#7529,#7530);
#6764=AXIS2_PLACEMENT_3D('',#9489,#7532,#7533);
#6765=AXIS2_PLACEMENT_3D('',#9494,#7535,#7536);
#6766=AXIS2_PLACEMENT_3D('',#9497,#7538,#7539);
#6767=AXIS2_PLACEMENT_3D('',#9502,#7541,#7542);
#6768=AXIS2_PLACEMENT_3D('',#9505,#7544,#7545);
#6769=AXIS2_PLACEMENT_3D('',#9507,#7546,#7547);
#6770=AXIS2_PLACEMENT_3D('',#9509,#7548,#7549);
#6771=AXIS2_PLACEMENT_3D('',#9511,#7550,#7551);
#6772=AXIS2_PLACEMENT_3D('',#9513,#7552,#7553);
#6773=AXIS2_PLACEMENT_3D('',#9515,#7554,#7555);
#6774=AXIS2_PLACEMENT_3D('',#9517,#7556,#7557);
#6775=AXIS2_PLACEMENT_3D('',#9520,#7558,#7559);
#6776=AXIS2_PLACEMENT_3D('',#9524,#7561,#7562);
#6777=AXIS2_PLACEMENT_3D('',#9528,#7564,#7565);
#6778=AXIS2_PLACEMENT_3D('',#9536,#7569,#7570);
#6779=AXIS2_PLACEMENT_3D('',#9542,#7573,#7574);
#6780=AXIS2_PLACEMENT_3D('',#9545,#7576,#7577);
#6781=AXIS2_PLACEMENT_3D('',#9550,#7579,#7580);
#6782=AXIS2_PLACEMENT_3D('',#9553,#7582,#7583);
#6783=AXIS2_PLACEMENT_3D('',#9558,#7585,#7586);
#6784=AXIS2_PLACEMENT_3D('',#9561,#7588,#7589);
#6785=AXIS2_PLACEMENT_3D('',#9566,#7591,#7592);
#6786=AXIS2_PLACEMENT_3D('',#9569,#7594,#7595);
#6787=AXIS2_PLACEMENT_3D('',#9574,#7597,#7598);
#6788=AXIS2_PLACEMENT_3D('',#9577,#7600,#7601);
#6789=AXIS2_PLACEMENT_3D('',#9582,#7603,#7604);
#6790=AXIS2_PLACEMENT_3D('',#9585,#7606,#7607);
#6791=AXIS2_PLACEMENT_3D('',#9590,#7609,#7610);
#6792=AXIS2_PLACEMENT_3D('',#9593,#7612,#7613);
#6793=AXIS2_PLACEMENT_3D('',#9594,#7614,#7615);
#6794=AXIS2_PLACEMENT_3D('',#9600,#7619,#7620);
#6795=AXIS2_PLACEMENT_3D('',#9602,#7621,#7622);
#6796=AXIS2_PLACEMENT_3D('',#9604,#7624,#7625);
#6797=AXIS2_PLACEMENT_3D('',#9608,#7628,#7629);
#6798=AXIS2_PLACEMENT_3D('',#9609,#7630,#7631);
#6799=AXIS2_PLACEMENT_3D('',#9610,#7632,#7633);
#6800=AXIS2_PLACEMENT_3D('',#9616,#7637,#7638);
#6801=AXIS2_PLACEMENT_3D('',#9618,#7639,#7640);
#6802=AXIS2_PLACEMENT_3D('',#9620,#7642,#7643);
#6803=AXIS2_PLACEMENT_3D('',#9624,#7646,#7647);
#6804=AXIS2_PLACEMENT_3D('',#9625,#7648,#7649);
#6805=AXIS2_PLACEMENT_3D('',#9626,#7650,#7651);
#6806=AXIS2_PLACEMENT_3D('',#9632,#7655,#7656);
#6807=AXIS2_PLACEMENT_3D('',#9634,#7657,#7658);
#6808=AXIS2_PLACEMENT_3D('',#9636,#7660,#7661);
#6809=AXIS2_PLACEMENT_3D('',#9640,#7664,#7665);
#6810=AXIS2_PLACEMENT_3D('',#9641,#7666,#7667);
#6811=AXIS2_PLACEMENT_3D('',#9642,#7668,#7669);
#6812=AXIS2_PLACEMENT_3D('',#9648,#7673,#7674);
#6813=AXIS2_PLACEMENT_3D('',#9650,#7675,#7676);
#6814=AXIS2_PLACEMENT_3D('',#9652,#7678,#7679);
#6815=AXIS2_PLACEMENT_3D('',#9656,#7682,#7683);
#6816=AXIS2_PLACEMENT_3D('',#9657,#7684,#7685);
#6817=AXIS2_PLACEMENT_3D('',#9658,#7686,#7687);
#6818=AXIS2_PLACEMENT_3D('',#9664,#7691,#7692);
#6819=AXIS2_PLACEMENT_3D('',#9666,#7693,#7694);
#6820=AXIS2_PLACEMENT_3D('',#9668,#7696,#7697);
#6821=AXIS2_PLACEMENT_3D('',#9672,#7700,#7701);
#6822=AXIS2_PLACEMENT_3D('',#9673,#7702,#7703);
#6823=AXIS2_PLACEMENT_3D('',#9674,#7704,#7705);
#6824=AXIS2_PLACEMENT_3D('',#9680,#7709,#7710);
#6825=AXIS2_PLACEMENT_3D('',#9682,#7711,#7712);
#6826=AXIS2_PLACEMENT_3D('',#9684,#7714,#7715);
#6827=AXIS2_PLACEMENT_3D('',#9688,#7718,#7719);
#6828=AXIS2_PLACEMENT_3D('',#9689,#7720,#7721);
#6829=AXIS2_PLACEMENT_3D('',#9690,#7722,#7723);
#6830=AXIS2_PLACEMENT_3D('',#9696,#7727,#7728);
#6831=AXIS2_PLACEMENT_3D('',#9698,#7729,#7730);
#6832=AXIS2_PLACEMENT_3D('',#9700,#7732,#7733);
#6833=AXIS2_PLACEMENT_3D('',#9704,#7736,#7737);
#6834=AXIS2_PLACEMENT_3D('',#9705,#7738,#7739);
#6835=AXIS2_PLACEMENT_3D('',#9706,#7740,#7741);
#6836=AXIS2_PLACEMENT_3D('',#9712,#7745,#7746);
#6837=AXIS2_PLACEMENT_3D('',#9714,#7747,#7748);
#6838=AXIS2_PLACEMENT_3D('',#9716,#7750,#7751);
#6839=AXIS2_PLACEMENT_3D('',#9720,#7754,#7755);
#6840=AXIS2_PLACEMENT_3D('',#9721,#7756,#7757);
#6841=AXIS2_PLACEMENT_3D('',#9722,#7758,#7759);
#6842=AXIS2_PLACEMENT_3D('',#9728,#7763,#7764);
#6843=AXIS2_PLACEMENT_3D('',#9730,#7765,#7766);
#6844=AXIS2_PLACEMENT_3D('',#9732,#7768,#7769);
#6845=AXIS2_PLACEMENT_3D('',#9736,#7772,#7773);
#6846=AXIS2_PLACEMENT_3D('',#9737,#7774,#7775);
#6847=AXIS2_PLACEMENT_3D('',#9738,#7776,#7777);
#6848=AXIS2_PLACEMENT_3D('',#9744,#7781,#7782);
#6849=AXIS2_PLACEMENT_3D('',#9746,#7783,#7784);
#6850=AXIS2_PLACEMENT_3D('',#9748,#7786,#7787);
#6851=AXIS2_PLACEMENT_3D('',#9752,#7790,#7791);
#6852=AXIS2_PLACEMENT_3D('',#9753,#7792,#7793);
#6853=AXIS2_PLACEMENT_3D('',#9754,#7794,#7795);
#6854=AXIS2_PLACEMENT_3D('',#9760,#7799,#7800);
#6855=AXIS2_PLACEMENT_3D('',#9762,#7801,#7802);
#6856=AXIS2_PLACEMENT_3D('',#9764,#7804,#7805);
#6857=AXIS2_PLACEMENT_3D('',#9768,#7808,#7809);
#6858=AXIS2_PLACEMENT_3D('',#9769,#7810,#7811);
#6859=AXIS2_PLACEMENT_3D('',#9770,#7812,#7813);
#6860=AXIS2_PLACEMENT_3D('',#9776,#7817,#7818);
#6861=AXIS2_PLACEMENT_3D('',#9778,#7819,#7820);
#6862=AXIS2_PLACEMENT_3D('',#9780,#7822,#7823);
#6863=AXIS2_PLACEMENT_3D('',#9784,#7826,#7827);
#6864=AXIS2_PLACEMENT_3D('',#9785,#7828,#7829);
#6865=AXIS2_PLACEMENT_3D('',#9786,#7830,#7831);
#6866=AXIS2_PLACEMENT_3D('',#9792,#7835,#7836);
#6867=AXIS2_PLACEMENT_3D('',#9794,#7837,#7838);
#6868=AXIS2_PLACEMENT_3D('',#9796,#7840,#7841);
#6869=AXIS2_PLACEMENT_3D('',#9800,#7844,#7845);
#6870=AXIS2_PLACEMENT_3D('',#9801,#7846,#7847);
#6871=AXIS2_PLACEMENT_3D('',#9802,#7848,#7849);
#6872=AXIS2_PLACEMENT_3D('',#9808,#7853,#7854);
#6873=AXIS2_PLACEMENT_3D('',#9810,#7855,#7856);
#6874=AXIS2_PLACEMENT_3D('',#9812,#7858,#7859);
#6875=AXIS2_PLACEMENT_3D('',#9816,#7862,#7863);
#6876=AXIS2_PLACEMENT_3D('',#9817,#7864,#7865);
#6877=AXIS2_PLACEMENT_3D('',#9818,#7866,#7867);
#6878=AXIS2_PLACEMENT_3D('',#9824,#7871,#7872);
#6879=AXIS2_PLACEMENT_3D('',#9826,#7873,#7874);
#6880=AXIS2_PLACEMENT_3D('',#9828,#7876,#7877);
#6881=AXIS2_PLACEMENT_3D('',#9832,#7880,#7881);
#6882=AXIS2_PLACEMENT_3D('',#9833,#7882,#7883);
#6883=AXIS2_PLACEMENT_3D('',#9834,#7884,#7885);
#6884=AXIS2_PLACEMENT_3D('',#9840,#7889,#7890);
#6885=AXIS2_PLACEMENT_3D('',#9842,#7891,#7892);
#6886=AXIS2_PLACEMENT_3D('',#9844,#7894,#7895);
#6887=AXIS2_PLACEMENT_3D('',#9848,#7898,#7899);
#6888=AXIS2_PLACEMENT_3D('',#9849,#7900,#7901);
#6889=AXIS2_PLACEMENT_3D('',#9850,#7902,#7903);
#6890=AXIS2_PLACEMENT_3D('',#9856,#7907,#7908);
#6891=AXIS2_PLACEMENT_3D('',#9858,#7909,#7910);
#6892=AXIS2_PLACEMENT_3D('',#9860,#7912,#7913);
#6893=AXIS2_PLACEMENT_3D('',#9864,#7916,#7917);
#6894=AXIS2_PLACEMENT_3D('',#9865,#7918,#7919);
#6895=AXIS2_PLACEMENT_3D('',#9866,#7920,#7921);
#6896=AXIS2_PLACEMENT_3D('',#9872,#7925,#7926);
#6897=AXIS2_PLACEMENT_3D('',#9874,#7927,#7928);
#6898=AXIS2_PLACEMENT_3D('',#9876,#7930,#7931);
#6899=AXIS2_PLACEMENT_3D('',#9880,#7934,#7935);
#6900=AXIS2_PLACEMENT_3D('',#9881,#7936,#7937);
#6901=AXIS2_PLACEMENT_3D('',#9882,#7938,#7939);
#6902=AXIS2_PLACEMENT_3D('',#9888,#7943,#7944);
#6903=AXIS2_PLACEMENT_3D('',#9890,#7945,#7946);
#6904=AXIS2_PLACEMENT_3D('',#9892,#7948,#7949);
#6905=AXIS2_PLACEMENT_3D('',#9896,#7952,#7953);
#6906=AXIS2_PLACEMENT_3D('',#9897,#7954,#7955);
#6907=AXIS2_PLACEMENT_3D('',#9898,#7956,#7957);
#6908=AXIS2_PLACEMENT_3D('',#9904,#7961,#7962);
#6909=AXIS2_PLACEMENT_3D('',#9906,#7963,#7964);
#6910=AXIS2_PLACEMENT_3D('',#9908,#7966,#7967);
#6911=AXIS2_PLACEMENT_3D('',#9912,#7970,#7971);
#6912=AXIS2_PLACEMENT_3D('',#9913,#7972,#7973);
#6913=AXIS2_PLACEMENT_3D('',#9914,#7974,#7975);
#6914=AXIS2_PLACEMENT_3D('',#9920,#7979,#7980);
#6915=AXIS2_PLACEMENT_3D('',#9922,#7981,#7982);
#6916=AXIS2_PLACEMENT_3D('',#9924,#7984,#7985);
#6917=AXIS2_PLACEMENT_3D('',#9928,#7988,#7989);
#6918=AXIS2_PLACEMENT_3D('',#9929,#7990,#7991);
#6919=AXIS2_PLACEMENT_3D('',#9930,#7992,#7993);
#6920=AXIS2_PLACEMENT_3D('',#9936,#7997,#7998);
#6921=AXIS2_PLACEMENT_3D('',#9938,#7999,#8000);
#6922=AXIS2_PLACEMENT_3D('',#9940,#8002,#8003);
#6923=AXIS2_PLACEMENT_3D('',#9944,#8006,#8007);
#6924=AXIS2_PLACEMENT_3D('',#9945,#8008,#8009);
#6925=AXIS2_PLACEMENT_3D('',#9946,#8010,#8011);
#6926=AXIS2_PLACEMENT_3D('',#9955,#8016,#8017);
#6927=AXIS2_PLACEMENT_3D('',#9957,#8018,#8019);
#6928=AXIS2_PLACEMENT_3D('',#9959,#8020,#8021);
#6929=AXIS2_PLACEMENT_3D('',#9961,#8023,#8024);
#6930=AXIS2_PLACEMENT_3D('',#9967,#8028,#8029);
#6931=AXIS2_PLACEMENT_3D('',#9968,#8030,#8031);
#6932=AXIS2_PLACEMENT_3D('',#9969,#8032,#8033);
#6933=AXIS2_PLACEMENT_3D('',#9970,#8034,#8035);
#6934=AXIS2_PLACEMENT_3D('',#9979,#8040,#8041);
#6935=AXIS2_PLACEMENT_3D('',#9981,#8042,#8043);
#6936=AXIS2_PLACEMENT_3D('',#9983,#8044,#8045);
#6937=AXIS2_PLACEMENT_3D('',#9985,#8047,#8048);
#6938=AXIS2_PLACEMENT_3D('',#9991,#8052,#8053);
#6939=AXIS2_PLACEMENT_3D('',#9992,#8054,#8055);
#6940=AXIS2_PLACEMENT_3D('',#9993,#8056,#8057);
#6941=AXIS2_PLACEMENT_3D('',#9994,#8058,#8059);
#6942=AXIS2_PLACEMENT_3D('',#10003,#8064,#8065);
#6943=AXIS2_PLACEMENT_3D('',#10005,#8066,#8067);
#6944=AXIS2_PLACEMENT_3D('',#10007,#8068,#8069);
#6945=AXIS2_PLACEMENT_3D('',#10009,#8071,#8072);
#6946=AXIS2_PLACEMENT_3D('',#10015,#8076,#8077);
#6947=AXIS2_PLACEMENT_3D('',#10016,#8078,#8079);
#6948=AXIS2_PLACEMENT_3D('',#10017,#8080,#8081);
#6949=AXIS2_PLACEMENT_3D('',#10018,#8082,#8083);
#6950=AXIS2_PLACEMENT_3D('',#10027,#8088,#8089);
#6951=AXIS2_PLACEMENT_3D('',#10029,#8090,#8091);
#6952=AXIS2_PLACEMENT_3D('',#10031,#8092,#8093);
#6953=AXIS2_PLACEMENT_3D('',#10033,#8095,#8096);
#6954=AXIS2_PLACEMENT_3D('',#10039,#8100,#8101);
#6955=AXIS2_PLACEMENT_3D('',#10040,#8102,#8103);
#6956=AXIS2_PLACEMENT_3D('',#10041,#8104,#8105);
#6957=AXIS2_PLACEMENT_3D('',#10042,#8106,#8107);
#6958=AXIS2_PLACEMENT_3D('',#10051,#8112,#8113);
#6959=AXIS2_PLACEMENT_3D('',#10053,#8114,#8115);
#6960=AXIS2_PLACEMENT_3D('',#10055,#8116,#8117);
#6961=AXIS2_PLACEMENT_3D('',#10057,#8119,#8120);
#6962=AXIS2_PLACEMENT_3D('',#10063,#8124,#8125);
#6963=AXIS2_PLACEMENT_3D('',#10064,#8126,#8127);
#6964=AXIS2_PLACEMENT_3D('',#10065,#8128,#8129);
#6965=AXIS2_PLACEMENT_3D('',#10066,#8130,#8131);
#6966=AXIS2_PLACEMENT_3D('',#10075,#8136,#8137);
#6967=AXIS2_PLACEMENT_3D('',#10077,#8138,#8139);
#6968=AXIS2_PLACEMENT_3D('',#10079,#8140,#8141);
#6969=AXIS2_PLACEMENT_3D('',#10081,#8143,#8144);
#6970=AXIS2_PLACEMENT_3D('',#10087,#8148,#8149);
#6971=AXIS2_PLACEMENT_3D('',#10088,#8150,#8151);
#6972=AXIS2_PLACEMENT_3D('',#10089,#8152,#8153);
#6973=AXIS2_PLACEMENT_3D('',#10090,#8154,#8155);
#6974=AXIS2_PLACEMENT_3D('',#10099,#8160,#8161);
#6975=AXIS2_PLACEMENT_3D('',#10101,#8162,#8163);
#6976=AXIS2_PLACEMENT_3D('',#10103,#8164,#8165);
#6977=AXIS2_PLACEMENT_3D('',#10105,#8167,#8168);
#6978=AXIS2_PLACEMENT_3D('',#10111,#8172,#8173);
#6979=AXIS2_PLACEMENT_3D('',#10112,#8174,#8175);
#6980=AXIS2_PLACEMENT_3D('',#10113,#8176,#8177);
#6981=AXIS2_PLACEMENT_3D('',#10114,#8178,#8179);
#6982=AXIS2_PLACEMENT_3D('',#10116,#8180,#8181);
#6983=AXIS2_PLACEMENT_3D('',#10119,#8183,#8184);
#6984=AXIS2_PLACEMENT_3D('',#10120,#8185,#8186);
#6985=AXIS2_PLACEMENT_3D('',#10122,#8187,#8188);
#6986=AXIS2_PLACEMENT_3D('',#10123,#8189,#8190);
#6987=AXIS2_PLACEMENT_3D('',#10132,#8195,#8196);
#6988=AXIS2_PLACEMENT_3D('',#10137,#8198,#8199);
#6989=AXIS2_PLACEMENT_3D('',#10141,#8201,#8202);
#6990=AXIS2_PLACEMENT_3D('',#10145,#8204,#8205);
#6991=AXIS2_PLACEMENT_3D('',#10148,#8207,#8208);
#6992=AXIS2_PLACEMENT_3D('',#10149,#8209,#8210);
#6993=AXIS2_PLACEMENT_3D('',#10151,#8211,#8212);
#6994=AXIS2_PLACEMENT_3D('',#10156,#8213,#8214);
#6995=AXIS2_PLACEMENT_3D('',#10161,#8216,#8217);
#6996=AXIS2_PLACEMENT_3D('',#10165,#8219,#8220);
#6997=AXIS2_PLACEMENT_3D('',#10169,#8222,#8223);
#6998=AXIS2_PLACEMENT_3D('',#10172,#8225,#8226);
#6999=AXIS2_PLACEMENT_3D('',#10175,#8228,#8229);
#7000=AXIS2_PLACEMENT_3D('',#10176,#8230,#8231);
#7001=AXIS2_PLACEMENT_3D('',#10182,#8235,#8236);
#7002=AXIS2_PLACEMENT_3D('',#10184,#8237,#8238);
#7003=AXIS2_PLACEMENT_3D('',#10186,#8240,#8241);
#7004=AXIS2_PLACEMENT_3D('',#10190,#8244,#8245);
#7005=AXIS2_PLACEMENT_3D('',#10191,#8246,#8247);
#7006=AXIS2_PLACEMENT_3D('',#10192,#8248,#8249);
#7007=AXIS2_PLACEMENT_3D('',#10198,#8253,#8254);
#7008=AXIS2_PLACEMENT_3D('',#10200,#8255,#8256);
#7009=AXIS2_PLACEMENT_3D('',#10202,#8258,#8259);
#7010=AXIS2_PLACEMENT_3D('',#10206,#8262,#8263);
#7011=AXIS2_PLACEMENT_3D('',#10207,#8264,#8265);
#7012=AXIS2_PLACEMENT_3D('',#10208,#8266,#8267);
#7013=AXIS2_PLACEMENT_3D('',#10214,#8271,#8272);
#7014=AXIS2_PLACEMENT_3D('',#10216,#8273,#8274);
#7015=AXIS2_PLACEMENT_3D('',#10218,#8276,#8277);
#7016=AXIS2_PLACEMENT_3D('',#10222,#8280,#8281);
#7017=AXIS2_PLACEMENT_3D('',#10223,#8282,#8283);
#7018=AXIS2_PLACEMENT_3D('',#10224,#8284,#8285);
#7019=AXIS2_PLACEMENT_3D('',#10230,#8289,#8290);
#7020=AXIS2_PLACEMENT_3D('',#10232,#8291,#8292);
#7021=AXIS2_PLACEMENT_3D('',#10234,#8294,#8295);
#7022=AXIS2_PLACEMENT_3D('',#10238,#8298,#8299);
#7023=AXIS2_PLACEMENT_3D('',#10239,#8300,#8301);
#7024=AXIS2_PLACEMENT_3D('',#10240,#8302,#8303);
#7025=AXIS2_PLACEMENT_3D('',#10246,#8307,#8308);
#7026=AXIS2_PLACEMENT_3D('',#10248,#8309,#8310);
#7027=AXIS2_PLACEMENT_3D('',#10250,#8312,#8313);
#7028=AXIS2_PLACEMENT_3D('',#10254,#8316,#8317);
#7029=AXIS2_PLACEMENT_3D('',#10255,#8318,#8319);
#7030=AXIS2_PLACEMENT_3D('',#10256,#8320,#8321);
#7031=AXIS2_PLACEMENT_3D('',#10262,#8325,#8326);
#7032=AXIS2_PLACEMENT_3D('',#10264,#8327,#8328);
#7033=AXIS2_PLACEMENT_3D('',#10266,#8330,#8331);
#7034=AXIS2_PLACEMENT_3D('',#10270,#8334,#8335);
#7035=AXIS2_PLACEMENT_3D('',#10271,#8336,#8337);
#7036=AXIS2_PLACEMENT_3D('',#10272,#8338,#8339);
#7037=AXIS2_PLACEMENT_3D('',#10278,#8343,#8344);
#7038=AXIS2_PLACEMENT_3D('',#10280,#8345,#8346);
#7039=AXIS2_PLACEMENT_3D('',#10282,#8348,#8349);
#7040=AXIS2_PLACEMENT_3D('',#10286,#8352,#8353);
#7041=AXIS2_PLACEMENT_3D('',#10287,#8354,#8355);
#7042=AXIS2_PLACEMENT_3D('',#10288,#8356,#8357);
#7043=AXIS2_PLACEMENT_3D('',#10290,#8359,#8360);
#7044=AXIS2_PLACEMENT_3D('',#10296,#8364,#8365);
#7045=AXIS2_PLACEMENT_3D('',#10298,#8366,#8367);
#7046=AXIS2_PLACEMENT_3D('',#10300,#8369,#8370);
#7047=AXIS2_PLACEMENT_3D('',#10304,#8373,#8374);
#7048=AXIS2_PLACEMENT_3D('',#10305,#8375,#8376);
#7049=AXIS2_PLACEMENT_3D('',#10306,#8377,#8378);
#7050=AXIS2_PLACEMENT_3D('',#10310,#8381,#8382);
#7051=AXIS2_PLACEMENT_3D('',#10311,#8383,#8384);
#7052=AXIS2_PLACEMENT_3D('',#10320,#8389,#8390);
#7053=AXIS2_PLACEMENT_3D('',#10329,#8395,#8396);
#7054=AXIS2_PLACEMENT_3D('',#10330,#8397,#8398);
#7055=AXIS2_PLACEMENT_3D('',#10331,#8399,#8400);
#7056=AXIS2_PLACEMENT_3D('',#10332,#8401,#8402);
#7057=AXIS2_PLACEMENT_3D('',#10344,#8409,#8410);
#7058=AXIS2_PLACEMENT_3D('',#10348,#8412,#8413);
#7059=AXIS2_PLACEMENT_3D('',#10370,#8424,#8425);
#7060=AXIS2_PLACEMENT_3D('',#10374,#8427,#8428);
#7061=AXIS2_PLACEMENT_3D('',#10382,#8432,#8433);
#7062=AXIS2_PLACEMENT_3D('',#10390,#8437,#8438);
#7063=AXIS2_PLACEMENT_3D('',#10394,#8440,#8441);
#7064=AXIS2_PLACEMENT_3D('',#10402,#8445,#8446);
#7065=AXIS2_PLACEMENT_3D('',#10413,#8452,#8453);
#7066=AXIS2_PLACEMENT_3D('',#10421,#8457,#8458);
#7067=AXIS2_PLACEMENT_3D('',#10429,#8462,#8463);
#7068=AXIS2_PLACEMENT_3D('',#10433,#8465,#8466);
#7069=AXIS2_PLACEMENT_3D('',#10437,#8468,#8469);
#7070=AXIS2_PLACEMENT_3D('',#10445,#8473,#8474);
#7071=AXIS2_PLACEMENT_3D('',#10449,#8476,#8477);
#7072=AXIS2_PLACEMENT_3D('',#10451,#8479,#8480);
#7073=AXIS2_PLACEMENT_3D('',#10452,#8481,#8482);
#7074=AXIS2_PLACEMENT_3D('',#10455,#8485,#8486);
#7075=AXIS2_PLACEMENT_3D('',#10457,#8488,#8489);
#7076=AXIS2_PLACEMENT_3D('',#10459,#8491,#8492);
#7077=AXIS2_PLACEMENT_3D('',#10461,#8494,#8495);
#7078=AXIS2_PLACEMENT_3D('',#10463,#8497,#8498);
#7079=AXIS2_PLACEMENT_3D('',#10465,#8500,#8501);
#7080=AXIS2_PLACEMENT_3D('',#10467,#8503,#8504);
#7081=AXIS2_PLACEMENT_3D('',#10469,#8506,#8507);
#7082=AXIS2_PLACEMENT_3D('',#10471,#8509,#8510);
#7083=AXIS2_PLACEMENT_3D('',#10472,#8511,#8512);
#7084=AXIS2_PLACEMENT_3D('',#10476,#8515,#8516);
#7085=AXIS2_PLACEMENT_3D('',#10480,#8519,#8520);
#7086=AXIS2_PLACEMENT_3D('',#10482,#8522,#8523);
#7087=AXIS2_PLACEMENT_3D('',#10483,#8524,#8525);
#7088=AXIS2_PLACEMENT_3D('',#10487,#8528,#8529);
#7089=AXIS2_PLACEMENT_3D('',#10491,#8532,#8533);
#7090=AXIS2_PLACEMENT_3D('',#10493,#8535,#8536);
#7091=AXIS2_PLACEMENT_3D('',#10494,#8537,#8538);
#7092=AXIS2_PLACEMENT_3D('',#10498,#8540,#8541);
#7093=AXIS2_PLACEMENT_3D('',#10503,#8544,#8545);
#7094=AXIS2_PLACEMENT_3D('',#10508,#8548,#8549);
#7095=AXIS2_PLACEMENT_3D('',#10510,#8551,#8552);
#7096=AXIS2_PLACEMENT_3D('',#10514,#8555,#8556);
#7097=AXIS2_PLACEMENT_3D('',#10518,#8559,#8560);
#7098=AXIS2_PLACEMENT_3D('',#10520,#8562,#8563);
#7099=AXIS2_PLACEMENT_3D('',#10521,#8564,#8565);
#7100=AXIS2_PLACEMENT_3D('',#10525,#8568,#8569);
#7101=AXIS2_PLACEMENT_3D('',#10529,#8572,#8573);
#7102=AXIS2_PLACEMENT_3D('',#10531,#8575,#8576);
#7103=AXIS2_PLACEMENT_3D('',#10532,#8577,#8578);
#7104=AXIS2_PLACEMENT_3D('',#10537,#8580,#8581);
#7105=AXIS2_PLACEMENT_3D('',#10538,#8582,#8583);
#7106=AXIS2_PLACEMENT_3D('',#10540,#8584,#8585);
#7107=AXIS2_PLACEMENT_3D('',#10541,#8586,#8587);
#7108=AXIS2_PLACEMENT_3D('',#10547,#8591,#8592);
#7109=AXIS2_PLACEMENT_3D('',#10548,#8593,#8594);
#7110=AXIS2_PLACEMENT_3D('',#10549,#8595,#8596);
#7111=AXIS2_PLACEMENT_3D('',#10551,#8597,#8598);
#7112=AXIS2_PLACEMENT_3D('',#10553,#8600,#8601);
#7113=AXIS2_PLACEMENT_3D('',#10559,#8605,#8606);
#7114=AXIS2_PLACEMENT_3D('',#10561,#8607,#8608);
#7115=AXIS2_PLACEMENT_3D('',#10563,#8610,#8611);
#7116=AXIS2_PLACEMENT_3D('',#10567,#8614,#8615);
#7117=AXIS2_PLACEMENT_3D('',#10569,#8616,#8617);
#7118=AXIS2_PLACEMENT_3D('',#10571,#8619,#8620);
#7119=AXIS2_PLACEMENT_3D('',#10575,#8623,#8624);
#7120=AXIS2_PLACEMENT_3D('',#10577,#8625,#8626);
#7121=AXIS2_PLACEMENT_3D('',#10579,#8628,#8629);
#7122=AXIS2_PLACEMENT_3D('',#10583,#8632,#8633);
#7123=AXIS2_PLACEMENT_3D('',#10584,#8634,#8635);
#7124=AXIS2_PLACEMENT_3D('',#10585,#8636,#8637);
#7125=AXIS2_PLACEMENT_3D('',#10594,#8642,#8643);
#7126=AXIS2_PLACEMENT_3D('',#10603,#8648,#8649);
#7127=AXIS2_PLACEMENT_3D('',#10604,#8650,#8651);
#7128=AXIS2_PLACEMENT_3D('',#10605,#8652,#8653);
#7129=AXIS2_PLACEMENT_3D('',#10606,#8654,#8655);
#7130=AXIS2_PLACEMENT_3D('',#10615,#8660,#8661);
#7131=AXIS2_PLACEMENT_3D('',#10616,#8662,#8663);
#7132=AXIS2_PLACEMENT_3D('',#10617,#8664,#8665);
#7133=AXIS2_PLACEMENT_3D('',#10618,#8666,#8667);
#7134=AXIS2_PLACEMENT_3D('',#10627,#8672,#8673);
#7135=AXIS2_PLACEMENT_3D('',#10636,#8678,#8679);
#7136=AXIS2_PLACEMENT_3D('',#10637,#8680,#8681);
#7137=AXIS2_PLACEMENT_3D('',#10638,#8682,#8683);
#7138=AXIS2_PLACEMENT_3D('',#10639,#8684,#8685);
#7139=AXIS2_PLACEMENT_3D('',#10648,#8690,#8691);
#7140=AXIS2_PLACEMENT_3D('',#10649,#8692,#8693);
#7141=AXIS2_PLACEMENT_3D('',#10650,#8694,#8695);
#7142=AXIS2_PLACEMENT_3D('',#10651,#8696,#8697);
#7143=AXIS2_PLACEMENT_3D('',#10660,#8702,#8703);
#7144=AXIS2_PLACEMENT_3D('',#10669,#8708,#8709);
#7145=AXIS2_PLACEMENT_3D('',#10670,#8710,#8711);
#7146=AXIS2_PLACEMENT_3D('',#10671,#8712,#8713);
#7147=AXIS2_PLACEMENT_3D('',#10672,#8714,#8715);
#7148=AXIS2_PLACEMENT_3D('',#10681,#8720,#8721);
#7149=AXIS2_PLACEMENT_3D('',#10682,#8722,#8723);
#7150=AXIS2_PLACEMENT_3D('',#10683,#8724,#8725);
#7151=AXIS2_PLACEMENT_3D('',#10684,#8726,#8727);
#7152=AXIS2_PLACEMENT_3D('',#10691,#8733,#8734);
#7153=AXIS2_PLACEMENT_3D('',#10697,#8737,#8738);
#7154=AXIS2_PLACEMENT_3D('',#10699,#8740,#8741);
#7155=AXIS2_PLACEMENT_3D('',#10703,#8743,#8744);
#7156=AXIS2_PLACEMENT_3D('',#10706,#8746,#8747);
#7157=AXIS2_PLACEMENT_3D('',#10707,#8748,#8749);
#7158=AXIS2_PLACEMENT_3D('',#10709,#8751,#8752);
#7159=AXIS2_PLACEMENT_3D('',#10711,#8754,#8755);
#7160=AXIS2_PLACEMENT_3D('',#10717,#8759,#8760);
#7161=AXIS2_PLACEMENT_3D('',#10719,#8761,#8762);
#7162=AXIS2_PLACEMENT_3D('',#10721,#8764,#8765);
#7163=AXIS2_PLACEMENT_3D('',#10722,#8766,#8767);
#7164=AXIS2_PLACEMENT_3D('',#10723,#8768,#8769);
#7165=AXIS2_PLACEMENT_3D('',#10732,#8775,#8776);
#7166=AXIS2_PLACEMENT_3D('',#10737,#8779,#8780);
#7167=AXIS2_PLACEMENT_3D('',#10738,#8781,#8782);
#7168=AXIS2_PLACEMENT_3D('',#10748,#8788,#8789);
#7169=AXIS2_PLACEMENT_3D('',#10754,#8793,#8794);
#7170=AXIS2_PLACEMENT_3D('',#10760,#8798,#8799);
#7171=AXIS2_PLACEMENT_3D('',#10769,#8804,#8805);
#7172=AXIS2_PLACEMENT_3D('',#10773,#8808,#8809);
#7173=AXIS2_PLACEMENT_3D('',#10779,#8813,#8814);
#7174=AXIS2_PLACEMENT_3D('',#10789,#8819,#8820);
#7175=AXIS2_PLACEMENT_3D('',#10793,#8822,#8823);
#7176=AXIS2_PLACEMENT_3D('',#10801,#8827,#8828);
#7177=AXIS2_PLACEMENT_3D('',#10805,#8830,#8831);
#7178=AXIS2_PLACEMENT_3D('',#10807,#8833,#8834);
#7179=AXIS2_PLACEMENT_3D('',#10813,#8838,#8839);
#7180=AXIS2_PLACEMENT_3D('',#10816,#8842,#8843);
#7181=AXIS2_PLACEMENT_3D('',#10820,#8846,#8847);
#7182=AXIS2_PLACEMENT_3D('',#10823,#8850,#8851);
#7183=AXIS2_PLACEMENT_3D('',#10829,#8855,#8856);
#7184=AXIS2_PLACEMENT_3D('',#10833,#8859,#8860);
#7185=AXIS2_PLACEMENT_3D('',#10834,#8861,#8862);
#7186=AXIS2_PLACEMENT_3D('',#10838,#8865,#8866);
#7187=AXIS2_PLACEMENT_3D('',#10839,#8867,#8868);
#7188=AXIS2_PLACEMENT_3D('',#10850,#8874,#8875);
#7189=AXIS2_PLACEMENT_3D('',#10854,#8877,#8878);
#7190=AXIS2_PLACEMENT_3D('',#10862,#8882,#8883);
#7191=AXIS2_PLACEMENT_3D('',#10866,#8885,#8886);
#7192=AXIS2_PLACEMENT_3D('',#10872,#8890,#8891);
#7193=AXIS2_PLACEMENT_3D('',#10874,#8892,#8893);
#7194=AXIS2_PLACEMENT_3D('',#10877,#8896,#8897);
#7195=AXIS2_PLACEMENT_3D('',#10879,#8899,#8900);
#7196=AXIS2_PLACEMENT_3D('',#10880,#8901,#8902);
#7197=AXIS2_PLACEMENT_3D('',#10882,#8904,#8905);
#7198=AXIS2_PLACEMENT_3D('',#10884,#8907,#8908);
#7199=AXIS2_PLACEMENT_3D('',#10887,#8911,#8912);
#7200=AXIS2_PLACEMENT_3D('',#10889,#8914,#8915);
#7201=AXIS2_PLACEMENT_3D('',#10891,#8917,#8918);
#7202=AXIS2_PLACEMENT_3D('',#10892,#8919,#8920);
#7203=AXIS2_PLACEMENT_3D('',#10895,#8923,#8924);
#7204=AXIS2_PLACEMENT_3D('',#10898,#8927,#8928);
#7205=AXIS2_PLACEMENT_3D('',#10900,#8930,#8931);
#7206=AXIS2_PLACEMENT_3D('',#10902,#8933,#8934);
#7207=AXIS2_PLACEMENT_3D('',#10903,#8935,#8936);
#7208=AXIS2_PLACEMENT_3D('',#10904,#8937,#8938);
#7209=AXIS2_PLACEMENT_3D('',#10905,#8939,#8940);
#7210=AXIS2_PLACEMENT_3D('',#10907,#8941,#8942);
#7211=AXIS2_PLACEMENT_3D('',#10911,#8945,#8946);
#7212=AXIS2_PLACEMENT_3D('',#10912,#8947,#8948);
#7213=AXIS2_PLACEMENT_3D('',#10913,#8949,#8950);
#7214=AXIS2_PLACEMENT_3D('',#10919,#8954,#8955);
#7215=AXIS2_PLACEMENT_3D('',#10921,#8956,#8957);
#7216=AXIS2_PLACEMENT_3D('',#10923,#8959,#8960);
#7217=AXIS2_PLACEMENT_3D('',#10924,#8961,#8962);
#7218=AXIS2_PLACEMENT_3D('',#10925,#8963,#8964);
#7219=AXIS2_PLACEMENT_3D('',#10928,#8966,#8967);
#7220=AXIS2_PLACEMENT_3D('',#10929,#8968,#8969);
#7221=AXIS2_PLACEMENT_3D('',#10933,#8973,#8974);
#7222=AXIS2_PLACEMENT_3D('',#10934,#8975,#8976);
#7223=AXIS2_PLACEMENT_3D('',#10936,#8978,#8979);
#7224=AXIS2_PLACEMENT_3D('',#10937,#8980,#8981);
#7225=AXIS2_PLACEMENT_3D('',#10938,#8982,#8983);
#7226=AXIS2_PLACEMENT_3D('',#10957,#8994,#8995);
#7227=AXIS2_PLACEMENT_3D('',#10974,#9005,#9006);
#7228=AXIS2_PLACEMENT_3D('',#10978,#9009,#9010);
#7229=AXIS2_PLACEMENT_3D('',#10984,#9014,#9015);
#7230=AXIS2_PLACEMENT_3D('',#10987,#9017,#9018);
#7231=AXIS2_PLACEMENT_3D('',#10989,#9019,#9020);
#7232=AXIS2_PLACEMENT_3D('',#10990,#9021,#9022);
#7233=AXIS2_PLACEMENT_3D('',#10994,#9025,#9026);
#7234=AXIS2_PLACEMENT_3D('',#10995,#9027,#9028);
#7235=AXIS2_PLACEMENT_3D('',#10999,#9030,#9031);
#7236=AXIS2_PLACEMENT_3D('',#11002,#9033,#9034);
#7237=AXIS2_PLACEMENT_3D('',#11003,#9035,#9036);
#7238=AXIS2_PLACEMENT_3D('',#11005,#9038,#9039);
#7239=AXIS2_PLACEMENT_3D('',#11009,#9041,#9042);
#7240=AXIS2_PLACEMENT_3D('',#11012,#9044,#9045);
#7241=AXIS2_PLACEMENT_3D('',#11013,#9046,#9047);
#7242=AXIS2_PLACEMENT_3D('',#11017,#9050,#9051);
#7243=AXIS2_PLACEMENT_3D('',#11021,#9054,#9055);
#7244=AXIS2_PLACEMENT_3D('',#11025,#9058,#9059);
#7245=AXIS2_PLACEMENT_3D('',#11029,#9062,#9063);
#7246=AXIS2_PLACEMENT_3D('',#11033,#9066,#9067);
#7247=AXIS2_PLACEMENT_3D('',#11037,#9070,#9071);
#7248=AXIS2_PLACEMENT_3D('',#11041,#9074,#9075);
#7249=AXIS2_PLACEMENT_3D('',#11043,#9076,#9077);
#7250=AXIS2_PLACEMENT_3D('',#11044,#9078,#9079);
#7251=AXIS2_PLACEMENT_3D('',#11046,#9080,#9081);
#7252=AXIS2_PLACEMENT_3D('',#11047,#9082,#9083);
#7253=AXIS2_PLACEMENT_3D('',#11049,#9085,#9086);
#7254=AXIS2_PLACEMENT_3D('',#11051,#9087,#9088);
#7255=AXIS2_PLACEMENT_3D('',#11052,#9089,#9090);
#7256=AXIS2_PLACEMENT_3D('',#11054,#9091,#9092);
#7257=AXIS2_PLACEMENT_3D('',#11055,#9093,#9094);
#7258=AXIS2_PLACEMENT_3D('',#11057,#9095,#9096);
#7259=AXIS2_PLACEMENT_3D('',#11059,#9097,#9098);
#7260=AXIS2_PLACEMENT_3D('',#11060,#9099,#9100);
#7261=AXIS2_PLACEMENT_3D('',#11062,#9101,#9102);
#7262=AXIS2_PLACEMENT_3D('',#11064,#9103,#9104);
#7263=AXIS2_PLACEMENT_3D('',#11065,#9105,#9106);
#7264=AXIS2_PLACEMENT_3D('',#11067,#9108,#9109);
#7265=AXIS2_PLACEMENT_3D('',#11069,#9111,#9112);
#7266=AXIS2_PLACEMENT_3D('',#11071,#9114,#9115);
#7267=AXIS2_PLACEMENT_3D('',#11077,#9119,#9120);
#7268=AXIS2_PLACEMENT_3D('',#11078,#9121,#9122);
#7269=AXIS2_PLACEMENT_3D('',#11079,#9123,#9124);
#7270=AXIS2_PLACEMENT_3D('',#11080,#9125,#9126);
#7271=AXIS2_PLACEMENT_3D('',#11081,#9127,#9128);
#7272=AXIS2_PLACEMENT_3D('',#11082,#9129,#9130);
#7273=AXIS2_PLACEMENT_3D('',#11083,#9131,#9132);
#7274=AXIS2_PLACEMENT_3D('',#11085,#9133,#9134);
#7275=AXIS2_PLACEMENT_3D('',#11086,#9135,#9136);
#7276=AXIS2_PLACEMENT_3D('',#11088,#9137,#9138);
#7277=AXIS2_PLACEMENT_3D('',#11090,#9139,#9140);
#7278=AXIS2_PLACEMENT_3D('',#11091,#9141,#9142);
#7279=AXIS2_PLACEMENT_3D('',#11093,#9144,#9145);
#7280=AXIS2_PLACEMENT_3D('',#11095,#9147,#9148);
#7281=AXIS2_PLACEMENT_3D('',#11097,#9149,#9150);
#7282=AXIS2_PLACEMENT_3D('',#11099,#9151,#9152);
#7283=AXIS2_PLACEMENT_3D('',#11100,#9153,#9154);
#7284=AXIS2_PLACEMENT_3D('',#11102,#9155,#9156);
#7285=AXIS2_PLACEMENT_3D('',#11104,#9157,#9158);
#7286=AXIS2_PLACEMENT_3D('',#11105,#9159,#9160);
#7287=AXIS2_PLACEMENT_3D('',#11107,#9162,#9163);
#7288=AXIS2_PLACEMENT_3D('',#11109,#9165,#9166);
#7289=AXIS2_PLACEMENT_3D('',#11111,#9167,#9168);
#7290=AXIS2_PLACEMENT_3D('',#11112,#9169,#9170);
#7291=AXIS2_PLACEMENT_3D('',#11114,#9171,#9172);
#7292=AXIS2_PLACEMENT_3D('',#11115,#9173,#9174);
#7293=AXIS2_PLACEMENT_3D('',#11116,#9175,#9176);
#7294=AXIS2_PLACEMENT_3D('',#11118,#9178,#9179);
#7295=AXIS2_PLACEMENT_3D('',#11119,#9180,#9181);
#7296=AXIS2_PLACEMENT_3D('',#11121,#9183,#9184);
#7297=AXIS2_PLACEMENT_3D('',#11123,#9186,#9187);
#7298=AXIS2_PLACEMENT_3D('',#11125,#9189,#9190);
#7299=AXIS2_PLACEMENT_3D('',#11127,#9192,#9193);
#7300=AXIS2_PLACEMENT_3D('',#11129,#9195,#9196);
#7301=AXIS2_PLACEMENT_3D('',#11132,#9198,#9199);
#7302=AXIS2_PLACEMENT_3D('',#11133,#9200,#9201);
#7303=AXIS2_PLACEMENT_3D('',#11136,#9203,#9204);
#7304=AXIS2_PLACEMENT_3D('',#11137,#9205,#9206);
#7305=AXIS2_PLACEMENT_3D('',#11139,#9208,#9209);
#7306=AXIS2_PLACEMENT_3D('',#11140,#9210,#9211);
#7307=AXIS2_PLACEMENT_3D('',#11141,#9212,#9213);
#7308=AXIS2_PLACEMENT_3D('',#11142,#9214,#9215);
#7309=AXIS2_PLACEMENT_3D('',#11143,#9216,#9217);
#7310=DIRECTION('axis',(0.,0.,1.));
#7311=DIRECTION('refdir',(1.,0.,0.));
#7312=DIRECTION('center_axis',(6.73596628910168E-17,-0.70710678118655,0.707106781186546));
#7313=DIRECTION('ref_axis',(1.,0.,-9.52609488173559E-17));
#7314=DIRECTION('',(0.,-0.707106781186545,-0.70710678118655));
#7315=DIRECTION('',(1.,9.52609488173553E-17,0.));
#7316=DIRECTION('',(0.,0.707106781186545,0.70710678118655));
#7317=DIRECTION('',(-1.,-9.52609488173553E-17,0.));
#7318=DIRECTION('center_axis',(0.,0.,-1.));
#7319=DIRECTION('ref_axis',(-1.,3.38999396832109E-16,0.));
#7320=DIRECTION('',(-0.707106781186547,0.,-0.707106781186547));
#7321=DIRECTION('center_axis',(0.,0.,1.));
#7322=DIRECTION('ref_axis',(-1.,3.38999396832109E-16,0.));
#7323=DIRECTION('center_axis',(0.,0.,-1.));
#7324=DIRECTION('ref_axis',(-1.,3.38999396832109E-16,0.));
#7325=DIRECTION('center_axis',(-0.707106781186549,-2.36663382586977E-17,
0.707106781186546));
#7326=DIRECTION('ref_axis',(0.707106781186546,0.,0.707106781186549));
#7327=DIRECTION('',(-0.707106781186546,0.,-0.707106781186549));
#7328=DIRECTION('',(3.34692565371595E-17,-1.,0.));
#7329=DIRECTION('',(-3.34692565371595E-17,1.,0.));
#7330=DIRECTION('center_axis',(0.,0.,-1.));
#7331=DIRECTION('ref_axis',(-1.21115239050017E-15,1.,0.));
#7332=DIRECTION('',(-7.85046229341887E-16,0.707106781186549,-0.707106781186546));
#7333=DIRECTION('center_axis',(0.,0.,1.));
#7334=DIRECTION('ref_axis',(-1.21115239050017E-15,1.,0.));
#7335=DIRECTION('center_axis',(0.,0.,-1.));
#7336=DIRECTION('ref_axis',(-1.21115239050017E-15,1.,0.));
#7337=DIRECTION('center_axis',(1.58395207755453E-16,0.707106781186542,0.707106781186553));
#7338=DIRECTION('ref_axis',(1.,0.,-2.24004651022663E-16));
#7339=DIRECTION('',(0.,0.707106781186553,-0.707106781186542));
#7340=DIRECTION('',(-1.,2.24004651022667E-16,0.));
#7341=DIRECTION('',(1.,-2.24004651022667E-16,0.));
#7342=DIRECTION('center_axis',(0.,0.,-1.));
#7343=DIRECTION('ref_axis',(1.,-3.22973970800046E-15,0.));
#7344=DIRECTION('',(0.707106781186549,0.,-0.707106781186546));
#7345=DIRECTION('center_axis',(0.,0.,1.));
#7346=DIRECTION('ref_axis',(1.,-3.22973970800046E-15,0.));
#7347=DIRECTION('center_axis',(0.,0.,-1.));
#7348=DIRECTION('ref_axis',(1.,-3.22973970800046E-15,0.));
#7349=DIRECTION('center_axis',(0.707106781186546,0.,0.707106781186549));
#7350=DIRECTION('ref_axis',(0.707106781186549,0.,-0.707106781186546));
#7351=DIRECTION('',(0.707106781186549,-1.04672830578918E-15,-0.707106781186546));
#7352=DIRECTION('',(0.,1.,0.));
#7353=DIRECTION('',(0.,-1.,0.));
#7354=DIRECTION('center_axis',(0.,0.,-1.));
#7355=DIRECTION('ref_axis',(-6.77998793664218E-16,-1.,0.));
#7356=DIRECTION('center_axis',(0.,0.,1.));
#7357=DIRECTION('ref_axis',(-6.77998793664218E-16,-1.,0.));
#7358=DIRECTION('center_axis',(0.,0.,-1.));
#7359=DIRECTION('ref_axis',(-6.77998793664218E-16,-1.,0.));
#7360=DIRECTION('center_axis',(0.,0.,1.));
#7361=DIRECTION('ref_axis',(1.,-3.22973970800046E-15,0.));
#7362=DIRECTION('',(0.,0.,1.));
#7363=DIRECTION('center_axis',(0.,0.,-1.));
#7364=DIRECTION('ref_axis',(1.,-3.22973970800046E-15,0.));
#7365=DIRECTION('',(0.,0.,1.));
#7366=DIRECTION('center_axis',(1.,0.,0.));
#7367=DIRECTION('ref_axis',(0.,1.,0.));
#7368=DIRECTION('',(0.,0.,1.));
#7369=DIRECTION('',(0.,-1.,0.));
#7370=DIRECTION('center_axis',(-1.,0.,0.));
#7371=DIRECTION('ref_axis',(0.,0.,1.));
#7372=DIRECTION('',(0.,1.,0.));
#7373=DIRECTION('center_axis',(-1.,0.,0.));
#7374=DIRECTION('ref_axis',(0.,1.,-7.93016446160833E-16));
#7375=DIRECTION('',(0.,-1.,0.));
#7376=DIRECTION('',(0.,0.17364817766693,-0.984807753012208));
#7377=DIRECTION('center_axis',(-1.,0.,0.));
#7378=DIRECTION('ref_axis',(0.,1.,0.));
#7379=DIRECTION('',(0.,-0.173648177666933,0.984807753012208));
#7380=DIRECTION('center_axis',(-1.,0.,0.));
#7381=DIRECTION('ref_axis',(0.,1.,0.));
#7382=DIRECTION('',(0.,0.17364817766693,-0.984807753012208));
#7383=DIRECTION('center_axis',(-1.,0.,0.));
#7384=DIRECTION('ref_axis',(0.,1.,0.));
#7385=DIRECTION('',(0.,-0.173648177666933,0.984807753012208));
#7386=DIRECTION('center_axis',(-1.,0.,0.));
#7387=DIRECTION('ref_axis',(0.,1.,0.));
#7388=DIRECTION('',(0.,0.17364817766693,-0.984807753012208));
#7389=DIRECTION('center_axis',(-1.,0.,0.));
#7390=DIRECTION('ref_axis',(0.,1.,0.));
#7391=DIRECTION('',(0.,-0.173648177666933,0.984807753012208));
#7392=DIRECTION('center_axis',(-1.,0.,0.));
#7393=DIRECTION('ref_axis',(0.,1.,0.));
#7394=DIRECTION('',(0.,0.17364817766693,-0.984807753012208));
#7395=DIRECTION('center_axis',(-1.,0.,0.));
#7396=DIRECTION('ref_axis',(0.,1.,0.));
#7397=DIRECTION('',(0.,-0.173648177666933,0.984807753012208));
#7398=DIRECTION('center_axis',(-1.,0.,0.));
#7399=DIRECTION('ref_axis',(0.,1.,0.));
#7400=DIRECTION('',(0.,0.17364817766693,-0.984807753012208));
#7401=DIRECTION('center_axis',(-1.,0.,0.));
#7402=DIRECTION('ref_axis',(0.,1.,0.));
#7403=DIRECTION('',(0.,-0.173648177666933,0.984807753012208));
#7404=DIRECTION('center_axis',(-1.,0.,0.));
#7405=DIRECTION('ref_axis',(0.,1.,0.));
#7406=DIRECTION('',(0.,0.17364817766693,-0.984807753012208));
#7407=DIRECTION('center_axis',(-1.,0.,0.));
#7408=DIRECTION('ref_axis',(0.,1.,0.));
#7409=DIRECTION('',(0.,-0.173648177666933,0.984807753012208));
#7410=DIRECTION('center_axis',(-1.,0.,0.));
#7411=DIRECTION('ref_axis',(0.,1.,0.));
#7412=DIRECTION('',(0.,0.17364817766693,-0.984807753012208));
#7413=DIRECTION('center_axis',(-1.,0.,0.));
#7414=DIRECTION('ref_axis',(0.,1.,0.));
#7415=DIRECTION('',(0.,-0.173648177666933,0.984807753012208));
#7416=DIRECTION('center_axis',(-1.,0.,0.));
#7417=DIRECTION('ref_axis',(0.,1.,0.));
#7418=DIRECTION('',(0.,-0.173648177666933,0.984807753012208));
#7419=DIRECTION('center_axis',(-1.,0.,0.));
#7420=DIRECTION('ref_axis',(0.,0.984807753012208,0.173648177666931));
#7421=DIRECTION('',(0.,0.17364817766693,-0.984807753012208));
#7422=DIRECTION('center_axis',(-1.,0.,0.));
#7423=DIRECTION('ref_axis',(0.,0.984807753012208,0.173648177666931));
#7424=DIRECTION('',(0.,0.,1.));
#7425=DIRECTION('center_axis',(-1.,0.,0.));
#7426=DIRECTION('ref_axis',(0.,0.,1.));
#7427=DIRECTION('',(0.,1.,0.));
#7428=DIRECTION('center_axis',(-1.,0.,0.));
#7429=DIRECTION('ref_axis',(0.,1.,-9.71445146547011E-15));
#7430=DIRECTION('',(0.,-1.17005350729547E-14,-1.));
#7431=DIRECTION('center_axis',(-1.,0.,0.));
#7432=DIRECTION('ref_axis',(0.,-2.22044604925036E-14,-1.));
#7433=DIRECTION('',(0.,-1.,-2.32657150651618E-15));
#7434=DIRECTION('center_axis',(-1.,0.,0.));
#7435=DIRECTION('ref_axis',(0.,-1.,-1.38777878078144E-15));
#7436=DIRECTION('center_axis',(0.,0.,1.));
#7437=DIRECTION('ref_axis',(-6.77998793664218E-16,-1.,0.));
#7438=DIRECTION('',(0.,0.,1.));
#7439=DIRECTION('center_axis',(0.,0.,-1.));
#7440=DIRECTION('ref_axis',(-6.77998793664218E-16,-1.,0.));
#7441=DIRECTION('center_axis',(9.52609488173553E-17,-1.,0.));
#7442=DIRECTION('ref_axis',(1.,9.52609488173553E-17,0.));
#7443=DIRECTION('',(0.,0.,1.));
#7444=DIRECTION('',(-1.,-9.52609488173553E-17,0.));
#7445=DIRECTION('center_axis',(-9.52609488173553E-17,1.,0.));
#7446=DIRECTION('ref_axis',(1.,0.,0.));
#7447=DIRECTION('',(-1.,-9.52609488173553E-17,0.));
#7448=DIRECTION('center_axis',(-9.52609488173553E-17,1.,0.));
#7449=DIRECTION('ref_axis',(0.,0.,1.));
#7450=DIRECTION('',(1.,9.52609488173553E-17,0.));
#7451=DIRECTION('center_axis',(-9.52609488173553E-17,1.,0.));
#7452=DIRECTION('ref_axis',(1.,0.,3.83867150574434E-15));
#7453=DIRECTION('',(-1.,-9.52609488173553E-17,0.));
#7454=DIRECTION('',(0.,0.,1.));
#7455=DIRECTION('center_axis',(-9.52609488173553E-17,1.,0.));
#7456=DIRECTION('ref_axis',(1.,0.,0.));
#7457=DIRECTION('',(3.5527136788005E-15,3.38434875918933E-31,-1.));
#7458=DIRECTION('center_axis',(-9.52609488173553E-17,1.,0.));
#7459=DIRECTION('ref_axis',(1.,0.,0.));
#7460=DIRECTION('',(0.,0.,1.));
#7461=DIRECTION('center_axis',(-9.52609488173553E-17,1.,0.));
#7462=DIRECTION('ref_axis',(0.,0.,1.));
#7463=DIRECTION('',(3.5527136788005E-15,3.38434875918933E-31,-1.));
#7464=DIRECTION('center_axis',(-9.52609488173553E-17,1.,0.));
#7465=DIRECTION('ref_axis',(0.,0.,1.));
#7466=DIRECTION('',(3.5527136788005E-15,3.38434875918933E-31,-1.));
#7467=DIRECTION('center_axis',(-9.52609488173553E-17,1.,0.));
#7468=DIRECTION('ref_axis',(0.,0.,1.));
#7469=DIRECTION('',(0.,0.,1.));
#7470=DIRECTION('center_axis',(-9.52609488173553E-17,1.,0.));
#7471=DIRECTION('ref_axis',(0.,0.,1.));
#7472=DIRECTION('',(3.5527136788005E-15,3.38434875918932E-31,-1.));
#7473=DIRECTION('center_axis',(-9.52609488173553E-17,1.,0.));
#7474=DIRECTION('ref_axis',(0.,0.,1.));
#7475=DIRECTION('',(0.,0.,1.));
#7476=DIRECTION('center_axis',(-9.52609488173553E-17,1.,0.));
#7477=DIRECTION('ref_axis',(0.,0.,1.));
#7478=DIRECTION('',(3.5527136788005E-15,3.38434875918932E-31,-1.));
#7479=DIRECTION('center_axis',(-9.52609488173553E-17,1.,0.));
#7480=DIRECTION('ref_axis',(1.,0.,0.));
#7481=DIRECTION('',(0.,0.,1.));
#7482=DIRECTION('center_axis',(-9.52609488173553E-17,1.,0.));
#7483=DIRECTION('ref_axis',(1.,0.,0.));
#7484=DIRECTION('',(0.,0.,1.));
#7485=DIRECTION('center_axis',(-9.52609488173553E-17,1.,0.));
#7486=DIRECTION('ref_axis',(1.,0.,0.));
#7487=DIRECTION('',(3.5527136788005E-15,3.38434875918932E-31,-1.));
#7488=DIRECTION('center_axis',(-9.52609488173553E-17,1.,0.));
#7489=DIRECTION('ref_axis',(1.,0.,0.));
#7490=DIRECTION('',(0.,0.,1.));
#7491=DIRECTION('center_axis',(-9.52609488173553E-17,1.,0.));
#7492=DIRECTION('ref_axis',(1.,0.,0.));
#7493=DIRECTION('',(3.5527136788005E-15,3.38434875918933E-31,-1.));
#7494=DIRECTION('center_axis',(-9.52609488173553E-17,1.,0.));
#7495=DIRECTION('ref_axis',(1.,0.,0.));
#7496=DIRECTION('',(0.,0.,1.));
#7497=DIRECTION('center_axis',(-9.52609488173553E-17,1.,0.));
#7498=DIRECTION('ref_axis',(0.,0.,1.));
#7499=DIRECTION('',(3.5527136788005E-15,3.38434875918932E-31,-1.));
#7500=DIRECTION('center_axis',(-9.52609488173553E-17,1.,0.));
#7501=DIRECTION('ref_axis',(0.,0.,1.));
#7502=DIRECTION('center_axis',(0.,0.,1.));
#7503=DIRECTION('ref_axis',(1.,0.,0.));
#7504=DIRECTION('',(-1.,0.,0.));
#7505=DIRECTION('center_axis',(0.,0.,-1.));
#7506=DIRECTION('ref_axis',(-1.,0.,0.));
#7507=DIRECTION('',(1.,3.5527136788005E-15,0.));
#7508=DIRECTION('center_axis',(0.,0.,-1.));
#7509=DIRECTION('ref_axis',(-1.,0.,0.));
#7510=DIRECTION('',(-1.,0.,0.));
#7511=DIRECTION('center_axis',(0.,0.,-1.));
#7512=DIRECTION('ref_axis',(-1.,0.,0.));
#7513=DIRECTION('',(1.,3.5527136788005E-15,0.));
#7514=DIRECTION('center_axis',(0.,0.,-1.));
#7515=DIRECTION('ref_axis',(-1.,0.,0.));
#7516=DIRECTION('',(1.,3.5527136788005E-15,0.));
#7517=DIRECTION('center_axis',(0.,0.,-1.));
#7518=DIRECTION('ref_axis',(-1.,0.,0.));
#7519=DIRECTION('',(-1.,0.,0.));
#7520=DIRECTION('center_axis',(0.,0.,-1.));
#7521=DIRECTION('ref_axis',(-1.,0.,0.));
#7522=DIRECTION('',(-1.,0.,0.));
#7523=DIRECTION('center_axis',(0.,0.,-1.));
#7524=DIRECTION('ref_axis',(-1.,0.,0.));
#7525=DIRECTION('',(1.,3.5527136788005E-15,0.));
#7526=DIRECTION('center_axis',(0.,0.,-1.));
#7527=DIRECTION('ref_axis',(-1.,0.,0.));
#7528=DIRECTION('',(1.,3.5527136788005E-15,0.));
#7529=DIRECTION('center_axis',(0.,0.,-1.));
#7530=DIRECTION('ref_axis',(-1.,0.,0.));
#7531=DIRECTION('',(-1.,0.,0.));
#7532=DIRECTION('center_axis',(0.,0.,-1.));
#7533=DIRECTION('ref_axis',(-1.,0.,0.));
#7534=DIRECTION('',(1.,3.5527136788005E-15,0.));
#7535=DIRECTION('center_axis',(0.,0.,-1.));
#7536=DIRECTION('ref_axis',(-1.,0.,0.));
#7537=DIRECTION('',(-1.,0.,0.));
#7538=DIRECTION('center_axis',(0.,0.,-1.));
#7539=DIRECTION('ref_axis',(-1.,0.,0.));
#7540=DIRECTION('',(-1.,0.,0.));
#7541=DIRECTION('center_axis',(0.,0.,-1.));
#7542=DIRECTION('ref_axis',(-1.,0.,0.));
#7543=DIRECTION('',(1.,3.5527136788005E-15,0.));
#7544=DIRECTION('center_axis',(0.,0.,-1.));
#7545=DIRECTION('ref_axis',(-1.,0.,0.));
#7546=DIRECTION('center_axis',(0.,0.,-1.));
#7547=DIRECTION('ref_axis',(-1.,0.,0.));
#7548=DIRECTION('center_axis',(0.,0.,-1.));
#7549=DIRECTION('ref_axis',(-1.,0.,0.));
#7550=DIRECTION('center_axis',(0.,0.,-1.));
#7551=DIRECTION('ref_axis',(-1.,0.,0.));
#7552=DIRECTION('center_axis',(0.,0.,-1.));
#7553=DIRECTION('ref_axis',(-1.,0.,0.));
#7554=DIRECTION('center_axis',(0.,0.,-1.));
#7555=DIRECTION('ref_axis',(-1.,0.,0.));
#7556=DIRECTION('center_axis',(0.,0.,-1.));
#7557=DIRECTION('ref_axis',(-1.,0.,0.));
#7558=DIRECTION('center_axis',(0.,0.,-1.));
#7559=DIRECTION('ref_axis',(2.22044604925032E-15,1.,0.));
#7560=DIRECTION('',(1.,0.,0.));
#7561=DIRECTION('center_axis',(0.,0.,1.));
#7562=DIRECTION('ref_axis',(1.48029736616688E-15,-1.,0.));
#7563=DIRECTION('',(0.690545364504141,0.723289084365196,0.));
#7564=DIRECTION('center_axis',(0.,0.,-1.));
#7565=DIRECTION('ref_axis',(0.,1.,0.));
#7566=DIRECTION('',(1.,0.,0.));
#7567=DIRECTION('',(-2.21631461982276E-16,-1.,0.));
#7568=DIRECTION('',(-1.,0.,0.));
#7569=DIRECTION('center_axis',(0.,0.,-1.));
#7570=DIRECTION('ref_axis',(-1.,0.,0.));
#7571=DIRECTION('',(0.,1.,0.));
#7572=DIRECTION('',(1.,3.5527136788005E-15,0.));
#7573=DIRECTION('center_axis',(0.,0.,-1.));
#7574=DIRECTION('ref_axis',(0.,-1.,0.));
#7575=DIRECTION('',(-1.,0.,0.));
#7576=DIRECTION('center_axis',(0.,0.,-1.));
#7577=DIRECTION('ref_axis',(0.,-1.,0.));
#7578=DIRECTION('',(-1.,0.,0.));
#7579=DIRECTION('center_axis',(0.,0.,-1.));
#7580=DIRECTION('ref_axis',(0.,-1.,0.));
#7581=DIRECTION('',(1.,3.5527136788005E-15,0.));
#7582=DIRECTION('center_axis',(0.,0.,-1.));
#7583=DIRECTION('ref_axis',(0.,-1.,0.));
#7584=DIRECTION('',(1.,3.5527136788005E-15,0.));
#7585=DIRECTION('center_axis',(0.,0.,-1.));
#7586=DIRECTION('ref_axis',(0.,-1.,0.));
#7587=DIRECTION('',(-1.,0.,0.));
#7588=DIRECTION('center_axis',(0.,0.,-1.));
#7589=DIRECTION('ref_axis',(0.,-1.,0.));
#7590=DIRECTION('',(1.,3.5527136788005E-15,0.));
#7591=DIRECTION('center_axis',(0.,0.,-1.));
#7592=DIRECTION('ref_axis',(0.,-1.,0.));
#7593=DIRECTION('',(-1.,0.,0.));
#7594=DIRECTION('center_axis',(0.,0.,-1.));
#7595=DIRECTION('ref_axis',(0.,-1.,0.));
#7596=DIRECTION('',(1.,3.5527136788005E-15,0.));
#7597=DIRECTION('center_axis',(0.,0.,-1.));
#7598=DIRECTION('ref_axis',(0.,-1.,0.));
#7599=DIRECTION('',(-1.,0.,0.));
#7600=DIRECTION('center_axis',(0.,0.,-1.));
#7601=DIRECTION('ref_axis',(0.,-1.,0.));
#7602=DIRECTION('',(1.,3.5527136788005E-15,0.));
#7603=DIRECTION('center_axis',(0.,0.,-1.));
#7604=DIRECTION('ref_axis',(0.,-1.,0.));
#7605=DIRECTION('',(-1.,0.,0.));
#7606=DIRECTION('center_axis',(0.,0.,-1.));
#7607=DIRECTION('ref_axis',(0.,-1.,0.));
#7608=DIRECTION('',(1.,3.5527136788005E-15,0.));
#7609=DIRECTION('center_axis',(0.,0.,-1.));
#7610=DIRECTION('ref_axis',(0.,-1.,0.));
#7611=DIRECTION('',(-1.,0.,0.));
#7612=DIRECTION('center_axis',(0.,0.,-1.));
#7613=DIRECTION('ref_axis',(0.,-1.,0.));
#7614=DIRECTION('center_axis',(1.,0.,3.5527136788005E-15));
#7615=DIRECTION('ref_axis',(3.5527136788005E-15,0.,-1.));
#7616=DIRECTION('',(-3.5527136788005E-15,-2.6151785866463E-31,1.));
#7617=DIRECTION('',(0.,1.,0.));
#7618=DIRECTION('',(0.,1.,0.));
#7619=DIRECTION('center_axis',(0.,1.,0.));
#7620=DIRECTION('ref_axis',(1.,0.,0.));
#7621=DIRECTION('center_axis',(7.36107331770473E-17,-1.,0.));
#7622=DIRECTION('ref_axis',(1.,0.,0.));
#7623=DIRECTION('',(0.,1.,0.));
#7624=DIRECTION('center_axis',(-1.,0.,0.));
#7625=DIRECTION('ref_axis',(0.,0.,1.));
#7626=DIRECTION('',(0.,0.,-1.));
#7627=DIRECTION('',(0.,1.,0.));
#7628=DIRECTION('center_axis',(0.,1.,0.));
#7629=DIRECTION('ref_axis',(1.,0.,0.));
#7630=DIRECTION('center_axis',(7.36107331770473E-17,-1.,0.));
#7631=DIRECTION('ref_axis',(1.,0.,0.));
#7632=DIRECTION('center_axis',(1.,0.,3.5527136788005E-15));
#7633=DIRECTION('ref_axis',(3.5527136788005E-15,0.,-1.));
#7634=DIRECTION('',(-3.5527136788005E-15,-2.6151785866463E-31,1.));
#7635=DIRECTION('',(0.,1.,0.));
#7636=DIRECTION('',(0.,1.,0.));
#7637=DIRECTION('center_axis',(0.,1.,0.));
#7638=DIRECTION('ref_axis',(0.,0.,1.));
#7639=DIRECTION('center_axis',(7.36107331770473E-17,-1.,0.));
#7640=DIRECTION('ref_axis',(0.,0.,1.));
#7641=DIRECTION('',(0.,1.,0.));
#7642=DIRECTION('center_axis',(-1.,0.,0.));
#7643=DIRECTION('ref_axis',(0.,0.,1.));
#7644=DIRECTION('',(0.,0.,-1.));
#7645=DIRECTION('',(0.,1.,0.));
#7646=DIRECTION('center_axis',(0.,1.,0.));
#7647=DIRECTION('ref_axis',(2.78699993901511E-15,0.,-1.));
#7648=DIRECTION('center_axis',(7.36107331770473E-17,-1.,0.));
#7649=DIRECTION('ref_axis',(0.,0.,1.));
#7650=DIRECTION('center_axis',(-1.,0.,0.));
#7651=DIRECTION('ref_axis',(0.,0.,1.));
#7652=DIRECTION('',(0.,0.,-1.));
#7653=DIRECTION('',(0.,1.,0.));
#7654=DIRECTION('',(0.,1.,0.));
#7655=DIRECTION('center_axis',(0.,1.,0.));
#7656=DIRECTION('ref_axis',(1.22464679914735E-16,0.,-1.));
#7657=DIRECTION('center_axis',(7.36107331770473E-17,-1.,0.));
#7658=DIRECTION('ref_axis',(0.,0.,1.));
#7659=DIRECTION('',(0.,1.,0.));
#7660=DIRECTION('center_axis',(1.,0.,3.5527136788005E-15));
#7661=DIRECTION('ref_axis',(3.5527136788005E-15,0.,-1.));
#7662=DIRECTION('',(-3.5527136788005E-15,-2.6151785866463E-31,1.));
#7663=DIRECTION('',(0.,1.,0.));
#7664=DIRECTION('center_axis',(0.,1.,0.));
#7665=DIRECTION('ref_axis',(0.,0.,1.));
#7666=DIRECTION('center_axis',(7.36107331770473E-17,-1.,0.));
#7667=DIRECTION('ref_axis',(0.,0.,1.));
#7668=DIRECTION('center_axis',(-1.,0.,0.));
#7669=DIRECTION('ref_axis',(0.,0.,1.));
#7670=DIRECTION('',(0.,0.,-1.));
#7671=DIRECTION('',(0.,1.,0.));
#7672=DIRECTION('',(0.,1.,0.));
#7673=DIRECTION('center_axis',(0.,1.,0.));
#7674=DIRECTION('ref_axis',(1.22464679914735E-16,0.,-1.));
#7675=DIRECTION('center_axis',(7.36107331770473E-17,-1.,0.));
#7676=DIRECTION('ref_axis',(0.,0.,1.));
#7677=DIRECTION('',(0.,1.,0.));
#7678=DIRECTION('center_axis',(1.,0.,3.5527136788005E-15));
#7679=DIRECTION('ref_axis',(3.5527136788005E-15,0.,-1.));
#7680=DIRECTION('',(-3.5527136788005E-15,-2.6151785866463E-31,1.));
#7681=DIRECTION('',(0.,1.,0.));
#7682=DIRECTION('center_axis',(0.,1.,0.));
#7683=DIRECTION('ref_axis',(0.,0.,1.));
#7684=DIRECTION('center_axis',(7.36107331770473E-17,-1.,0.));
#7685=DIRECTION('ref_axis',(0.,0.,1.));
#7686=DIRECTION('center_axis',(-1.,0.,0.));
#7687=DIRECTION('ref_axis',(0.,0.,1.));
#7688=DIRECTION('',(0.,0.,-1.));
#7689=DIRECTION('',(0.,1.,0.));
#7690=DIRECTION('',(0.,1.,0.));
#7691=DIRECTION('center_axis',(0.,1.,0.));
#7692=DIRECTION('ref_axis',(1.,0.,0.));
#7693=DIRECTION('center_axis',(7.36107331770473E-17,-1.,0.));
#7694=DIRECTION('ref_axis',(1.,0.,0.));
#7695=DIRECTION('',(0.,1.,0.));
#7696=DIRECTION('center_axis',(1.,0.,3.5527136788005E-15));
#7697=DIRECTION('ref_axis',(3.5527136788005E-15,0.,-1.));
#7698=DIRECTION('',(-3.5527136788005E-15,-2.6151785866463E-31,1.));
#7699=DIRECTION('',(0.,1.,0.));
#7700=DIRECTION('center_axis',(0.,1.,0.));
#7701=DIRECTION('ref_axis',(1.,0.,0.));
#7702=DIRECTION('center_axis',(7.36107331770473E-17,-1.,0.));
#7703=DIRECTION('ref_axis',(1.,0.,0.));
#7704=DIRECTION('center_axis',(1.,0.,3.5527136788005E-15));
#7705=DIRECTION('ref_axis',(3.5527136788005E-15,0.,-1.));
#7706=DIRECTION('',(-3.5527136788005E-15,-2.6151785866463E-31,1.));
#7707=DIRECTION('',(0.,1.,0.));
#7708=DIRECTION('',(0.,1.,0.));
#7709=DIRECTION('center_axis',(0.,1.,0.));
#7710=DIRECTION('ref_axis',(1.,0.,0.));
#7711=DIRECTION('center_axis',(7.36107331770473E-17,-1.,0.));
#7712=DIRECTION('ref_axis',(1.,0.,0.));
#7713=DIRECTION('',(0.,1.,0.));
#7714=DIRECTION('center_axis',(-1.,0.,0.));
#7715=DIRECTION('ref_axis',(0.,0.,1.));
#7716=DIRECTION('',(0.,0.,-1.));
#7717=DIRECTION('',(0.,1.,0.));
#7718=DIRECTION('center_axis',(0.,1.,0.));
#7719=DIRECTION('ref_axis',(1.,0.,0.));
#7720=DIRECTION('center_axis',(7.36107331770473E-17,-1.,0.));
#7721=DIRECTION('ref_axis',(1.,0.,0.));
#7722=DIRECTION('center_axis',(1.,0.,3.5527136788005E-15));
#7723=DIRECTION('ref_axis',(3.5527136788005E-15,0.,-1.));
#7724=DIRECTION('',(-3.5527136788005E-15,-2.6151785866463E-31,1.));
#7725=DIRECTION('',(0.,1.,0.));
#7726=DIRECTION('',(0.,1.,0.));
#7727=DIRECTION('center_axis',(0.,1.,0.));
#7728=DIRECTION('ref_axis',(1.,0.,0.));
#7729=DIRECTION('center_axis',(7.36107331770473E-17,-1.,0.));
#7730=DIRECTION('ref_axis',(1.,0.,0.));
#7731=DIRECTION('',(0.,1.,0.));
#7732=DIRECTION('center_axis',(-1.,0.,0.));
#7733=DIRECTION('ref_axis',(0.,0.,1.));
#7734=DIRECTION('',(0.,0.,-1.));
#7735=DIRECTION('',(0.,1.,0.));
#7736=DIRECTION('center_axis',(0.,1.,0.));
#7737=DIRECTION('ref_axis',(1.,0.,0.));
#7738=DIRECTION('center_axis',(7.36107331770473E-17,-1.,0.));
#7739=DIRECTION('ref_axis',(1.,0.,0.));
#7740=DIRECTION('center_axis',(1.,0.,3.5527136788005E-15));
#7741=DIRECTION('ref_axis',(3.5527136788005E-15,0.,-1.));
#7742=DIRECTION('',(-3.5527136788005E-15,-2.6151785866463E-31,1.));
#7743=DIRECTION('',(0.,1.,0.));
#7744=DIRECTION('',(0.,1.,0.));
#7745=DIRECTION('center_axis',(0.,1.,0.));
#7746=DIRECTION('ref_axis',(0.,0.,1.));
#7747=DIRECTION('center_axis',(7.36107331770473E-17,-1.,0.));
#7748=DIRECTION('ref_axis',(0.,0.,1.));
#7749=DIRECTION('',(0.,1.,0.));
#7750=DIRECTION('center_axis',(-1.,0.,0.));
#7751=DIRECTION('ref_axis',(0.,0.,1.));
#7752=DIRECTION('',(0.,0.,-1.));
#7753=DIRECTION('',(0.,1.,0.));
#7754=DIRECTION('center_axis',(0.,1.,0.));
#7755=DIRECTION('ref_axis',(1.22464679914735E-16,0.,-1.));
#7756=DIRECTION('center_axis',(7.36107331770473E-17,-1.,0.));
#7757=DIRECTION('ref_axis',(0.,0.,1.));
#7758=DIRECTION('center_axis',(-3.5527136788005E-15,1.,0.));
#7759=DIRECTION('ref_axis',(1.,3.5527136788005E-15,0.));
#7760=DIRECTION('',(-1.,-3.5527136788005E-15,0.));
#7761=DIRECTION('',(0.,0.,-1.));
#7762=DIRECTION('',(0.,0.,-1.));
#7763=DIRECTION('center_axis',(0.,0.,-1.));
#7764=DIRECTION('ref_axis',(-1.,0.,0.));
#7765=DIRECTION('center_axis',(0.,0.,1.));
#7766=DIRECTION('ref_axis',(-1.,0.,0.));
#7767=DIRECTION('',(0.,0.,-1.));
#7768=DIRECTION('center_axis',(0.,-1.,0.));
#7769=DIRECTION('ref_axis',(-1.,0.,0.));
#7770=DIRECTION('',(1.,0.,0.));
#7771=DIRECTION('',(0.,0.,-1.));
#7772=DIRECTION('center_axis',(0.,0.,-1.));
#7773=DIRECTION('ref_axis',(1.,1.22464679914735E-16,0.));
#7774=DIRECTION('center_axis',(0.,0.,1.));
#7775=DIRECTION('ref_axis',(-1.,0.,0.));
#7776=DIRECTION('center_axis',(-3.5527136788005E-15,1.,0.));
#7777=DIRECTION('ref_axis',(1.,3.5527136788005E-15,0.));
#7778=DIRECTION('',(-1.,-3.5527136788005E-15,0.));
#7779=DIRECTION('',(0.,0.,-1.));
#7780=DIRECTION('',(0.,0.,-1.));
#7781=DIRECTION('center_axis',(0.,0.,-1.));
#7782=DIRECTION('ref_axis',(-1.,0.,0.));
#7783=DIRECTION('center_axis',(0.,0.,1.));
#7784=DIRECTION('ref_axis',(-1.,0.,0.));
#7785=DIRECTION('',(0.,0.,-1.));
#7786=DIRECTION('center_axis',(0.,-1.,0.));
#7787=DIRECTION('ref_axis',(-1.,0.,0.));
#7788=DIRECTION('',(1.,0.,0.));
#7789=DIRECTION('',(0.,0.,-1.));
#7790=DIRECTION('center_axis',(0.,0.,-1.));
#7791=DIRECTION('ref_axis',(1.,3.23108914886517E-15,0.));
#7792=DIRECTION('center_axis',(0.,0.,1.));
#7793=DIRECTION('ref_axis',(-1.,0.,0.));
#7794=DIRECTION('center_axis',(0.,-1.,0.));
#7795=DIRECTION('ref_axis',(-1.,0.,0.));
#7796=DIRECTION('',(1.,0.,0.));
#7797=DIRECTION('',(0.,0.,-1.));
#7798=DIRECTION('',(0.,0.,-1.));
#7799=DIRECTION('center_axis',(0.,0.,-1.));
#7800=DIRECTION('ref_axis',(1.,1.22464679914735E-16,0.));
#7801=DIRECTION('center_axis',(0.,0.,1.));
#7802=DIRECTION('ref_axis',(-1.,0.,0.));
#7803=DIRECTION('',(0.,0.,-1.));
#7804=DIRECTION('center_axis',(-3.5527136788005E-15,1.,0.));
#7805=DIRECTION('ref_axis',(1.,3.5527136788005E-15,0.));
#7806=DIRECTION('',(-1.,-3.5527136788005E-15,0.));
#7807=DIRECTION('',(0.,0.,-1.));
#7808=DIRECTION('center_axis',(0.,0.,-1.));
#7809=DIRECTION('ref_axis',(-1.,0.,0.));
#7810=DIRECTION('center_axis',(0.,0.,1.));
#7811=DIRECTION('ref_axis',(-1.,0.,0.));
#7812=DIRECTION('center_axis',(-3.5527136788005E-15,1.,0.));
#7813=DIRECTION('ref_axis',(1.,3.5527136788005E-15,0.));
#7814=DIRECTION('',(-1.,-3.5527136788005E-15,0.));
#7815=DIRECTION('',(0.,0.,-1.));
#7816=DIRECTION('',(0.,0.,-1.));
#7817=DIRECTION('center_axis',(0.,0.,-1.));
#7818=DIRECTION('ref_axis',(-1.,0.,0.));
#7819=DIRECTION('center_axis',(0.,0.,1.));
#7820=DIRECTION('ref_axis',(-1.,0.,0.));
#7821=DIRECTION('',(0.,0.,-1.));
#7822=DIRECTION('center_axis',(0.,-1.,0.));
#7823=DIRECTION('ref_axis',(-1.,0.,0.));
#7824=DIRECTION('',(1.,0.,0.));
#7825=DIRECTION('',(0.,0.,-1.));
#7826=DIRECTION('center_axis',(0.,0.,-1.));
#7827=DIRECTION('ref_axis',(1.,1.22464679914735E-16,0.));
#7828=DIRECTION('center_axis',(0.,0.,1.));
#7829=DIRECTION('ref_axis',(-1.,0.,0.));
#7830=DIRECTION('center_axis',(0.,-1.,0.));
#7831=DIRECTION('ref_axis',(-1.,0.,0.));
#7832=DIRECTION('',(1.,0.,0.));
#7833=DIRECTION('',(0.,0.,-1.));
#7834=DIRECTION('',(0.,0.,-1.));
#7835=DIRECTION('center_axis',(0.,0.,-1.));
#7836=DIRECTION('ref_axis',(1.,1.22464679914735E-16,0.));
#7837=DIRECTION('center_axis',(0.,0.,1.));
#7838=DIRECTION('ref_axis',(-1.,0.,0.));
#7839=DIRECTION('',(0.,0.,-1.));
#7840=DIRECTION('center_axis',(-3.5527136788005E-15,1.,0.));
#7841=DIRECTION('ref_axis',(1.,3.5527136788005E-15,0.));
#7842=DIRECTION('',(-1.,-3.5527136788005E-15,0.));
#7843=DIRECTION('',(0.,0.,-1.));
#7844=DIRECTION('center_axis',(0.,0.,-1.));
#7845=DIRECTION('ref_axis',(-1.,0.,0.));
#7846=DIRECTION('center_axis',(0.,0.,1.));
#7847=DIRECTION('ref_axis',(-1.,0.,0.));
#7848=DIRECTION('center_axis',(0.,-1.,0.));
#7849=DIRECTION('ref_axis',(-1.,0.,0.));
#7850=DIRECTION('',(1.,0.,0.));
#7851=DIRECTION('',(0.,0.,-1.));
#7852=DIRECTION('',(0.,0.,-1.));
#7853=DIRECTION('center_axis',(0.,0.,-1.));
#7854=DIRECTION('ref_axis',(1.,1.22464679914735E-16,0.));
#7855=DIRECTION('center_axis',(0.,0.,1.));
#7856=DIRECTION('ref_axis',(-1.,0.,0.));
#7857=DIRECTION('',(0.,0.,-1.));
#7858=DIRECTION('center_axis',(-3.5527136788005E-15,1.,0.));
#7859=DIRECTION('ref_axis',(1.,3.5527136788005E-15,0.));
#7860=DIRECTION('',(-1.,-3.5527136788005E-15,0.));
#7861=DIRECTION('',(0.,0.,-1.));
#7862=DIRECTION('center_axis',(0.,0.,-1.));
#7863=DIRECTION('ref_axis',(-1.,0.,0.));
#7864=DIRECTION('center_axis',(0.,0.,1.));
#7865=DIRECTION('ref_axis',(-1.,0.,0.));
#7866=DIRECTION('center_axis',(-3.5527136788005E-15,1.,0.));
#7867=DIRECTION('ref_axis',(1.,3.5527136788005E-15,0.));
#7868=DIRECTION('',(-1.,-3.5527136788005E-15,0.));
#7869=DIRECTION('',(0.,0.,-1.));
#7870=DIRECTION('',(0.,0.,-1.));
#7871=DIRECTION('center_axis',(0.,0.,-1.));
#7872=DIRECTION('ref_axis',(-1.,0.,0.));
#7873=DIRECTION('center_axis',(0.,0.,1.));
#7874=DIRECTION('ref_axis',(-1.,0.,0.));
#7875=DIRECTION('',(0.,0.,-1.));
#7876=DIRECTION('center_axis',(0.,-1.,0.));
#7877=DIRECTION('ref_axis',(-1.,0.,0.));
#7878=DIRECTION('',(1.,0.,0.));
#7879=DIRECTION('',(0.,0.,-1.));
#7880=DIRECTION('center_axis',(0.,0.,-1.));
#7881=DIRECTION('ref_axis',(1.,1.22464679914735E-16,0.));
#7882=DIRECTION('center_axis',(0.,0.,1.));
#7883=DIRECTION('ref_axis',(-1.,0.,0.));
#7884=DIRECTION('center_axis',(0.,-1.,0.));
#7885=DIRECTION('ref_axis',(-1.,0.,0.));
#7886=DIRECTION('',(1.,0.,0.));
#7887=DIRECTION('',(0.,0.,-1.));
#7888=DIRECTION('',(0.,0.,-1.));
#7889=DIRECTION('center_axis',(0.,0.,-1.));
#7890=DIRECTION('ref_axis',(0.,-1.,0.));
#7891=DIRECTION('center_axis',(0.,0.,1.));
#7892=DIRECTION('ref_axis',(0.,-1.,0.));
#7893=DIRECTION('',(0.,0.,-1.));
#7894=DIRECTION('center_axis',(-3.5527136788005E-15,1.,0.));
#7895=DIRECTION('ref_axis',(1.,3.5527136788005E-15,0.));
#7896=DIRECTION('',(-1.,-3.5527136788005E-15,0.));
#7897=DIRECTION('',(0.,0.,-1.));
#7898=DIRECTION('center_axis',(0.,0.,-1.));
#7899=DIRECTION('ref_axis',(0.,-1.,0.));
#7900=DIRECTION('center_axis',(0.,0.,1.));
#7901=DIRECTION('ref_axis',(0.,-1.,0.));
#7902=DIRECTION('center_axis',(0.,-1.,0.));
#7903=DIRECTION('ref_axis',(-1.,0.,0.));
#7904=DIRECTION('',(1.,0.,0.));
#7905=DIRECTION('',(0.,0.,-1.));
#7906=DIRECTION('',(0.,0.,-1.));
#7907=DIRECTION('center_axis',(0.,0.,-1.));
#7908=DIRECTION('ref_axis',(0.,-1.,0.));
#7909=DIRECTION('center_axis',(0.,0.,1.));
#7910=DIRECTION('ref_axis',(0.,-1.,0.));
#7911=DIRECTION('',(0.,0.,-1.));
#7912=DIRECTION('center_axis',(-3.5527136788005E-15,1.,0.));
#7913=DIRECTION('ref_axis',(1.,3.5527136788005E-15,0.));
#7914=DIRECTION('',(-1.,-3.5527136788005E-15,0.));
#7915=DIRECTION('',(0.,0.,-1.));
#7916=DIRECTION('center_axis',(0.,0.,-1.));
#7917=DIRECTION('ref_axis',(0.,-1.,0.));
#7918=DIRECTION('center_axis',(0.,0.,1.));
#7919=DIRECTION('ref_axis',(0.,-1.,0.));
#7920=DIRECTION('center_axis',(0.,-1.,0.));
#7921=DIRECTION('ref_axis',(-1.,0.,0.));
#7922=DIRECTION('',(1.,0.,0.));
#7923=DIRECTION('',(0.,0.,-1.));
#7924=DIRECTION('',(0.,0.,-1.));
#7925=DIRECTION('center_axis',(0.,0.,-1.));
#7926=DIRECTION('ref_axis',(0.,-1.,0.));
#7927=DIRECTION('center_axis',(0.,0.,1.));
#7928=DIRECTION('ref_axis',(0.,-1.,0.));
#7929=DIRECTION('',(0.,0.,-1.));
#7930=DIRECTION('center_axis',(-3.5527136788005E-15,1.,0.));
#7931=DIRECTION('ref_axis',(1.,3.5527136788005E-15,0.));
#7932=DIRECTION('',(-1.,-3.5527136788005E-15,0.));
#7933=DIRECTION('',(0.,0.,-1.));
#7934=DIRECTION('center_axis',(0.,0.,-1.));
#7935=DIRECTION('ref_axis',(0.,-1.,0.));
#7936=DIRECTION('center_axis',(0.,0.,1.));
#7937=DIRECTION('ref_axis',(0.,-1.,0.));
#7938=DIRECTION('center_axis',(0.,-1.,0.));
#7939=DIRECTION('ref_axis',(-1.,0.,0.));
#7940=DIRECTION('',(1.,0.,0.));
#7941=DIRECTION('',(0.,0.,-1.));
#7942=DIRECTION('',(0.,0.,-1.));
#7943=DIRECTION('center_axis',(0.,0.,-1.));
#7944=DIRECTION('ref_axis',(0.,-1.,0.));
#7945=DIRECTION('center_axis',(0.,0.,1.));
#7946=DIRECTION('ref_axis',(0.,-1.,0.));
#7947=DIRECTION('',(0.,0.,-1.));
#7948=DIRECTION('center_axis',(-3.5527136788005E-15,1.,0.));
#7949=DIRECTION('ref_axis',(1.,3.5527136788005E-15,0.));
#7950=DIRECTION('',(-1.,-3.5527136788005E-15,0.));
#7951=DIRECTION('',(0.,0.,-1.));
#7952=DIRECTION('center_axis',(0.,0.,-1.));
#7953=DIRECTION('ref_axis',(0.,-1.,0.));
#7954=DIRECTION('center_axis',(0.,0.,1.));
#7955=DIRECTION('ref_axis',(0.,-1.,0.));
#7956=DIRECTION('center_axis',(0.,-1.,0.));
#7957=DIRECTION('ref_axis',(-1.,0.,0.));
#7958=DIRECTION('',(1.,0.,0.));
#7959=DIRECTION('',(0.,0.,-1.));
#7960=DIRECTION('',(0.,0.,-1.));
#7961=DIRECTION('center_axis',(0.,0.,-1.));
#7962=DIRECTION('ref_axis',(0.,-1.,0.));
#7963=DIRECTION('center_axis',(0.,0.,1.));
#7964=DIRECTION('ref_axis',(0.,-1.,0.));
#7965=DIRECTION('',(0.,0.,-1.));
#7966=DIRECTION('center_axis',(-3.5527136788005E-15,1.,0.));
#7967=DIRECTION('ref_axis',(1.,3.5527136788005E-15,0.));
#7968=DIRECTION('',(-1.,-3.5527136788005E-15,0.));
#7969=DIRECTION('',(0.,0.,-1.));
#7970=DIRECTION('center_axis',(0.,0.,-1.));
#7971=DIRECTION('ref_axis',(0.,-1.,0.));
#7972=DIRECTION('center_axis',(0.,0.,1.));
#7973=DIRECTION('ref_axis',(0.,-1.,0.));
#7974=DIRECTION('center_axis',(-3.5527136788005E-15,1.,0.));
#7975=DIRECTION('ref_axis',(1.,3.5527136788005E-15,0.));
#7976=DIRECTION('',(-1.,-3.5527136788005E-15,0.));
#7977=DIRECTION('',(0.,0.,-1.));
#7978=DIRECTION('',(0.,0.,-1.));
#7979=DIRECTION('center_axis',(0.,0.,-1.));
#7980=DIRECTION('ref_axis',(0.,-1.,0.));
#7981=DIRECTION('center_axis',(0.,0.,1.));
#7982=DIRECTION('ref_axis',(0.,-1.,0.));
#7983=DIRECTION('',(0.,0.,-1.));
#7984=DIRECTION('center_axis',(0.,-1.,0.));
#7985=DIRECTION('ref_axis',(-1.,0.,0.));
#7986=DIRECTION('',(1.,0.,0.));
#7987=DIRECTION('',(0.,0.,-1.));
#7988=DIRECTION('center_axis',(0.,0.,-1.));
#7989=DIRECTION('ref_axis',(0.,-1.,0.));
#7990=DIRECTION('center_axis',(0.,0.,1.));
#7991=DIRECTION('ref_axis',(0.,-1.,0.));
#7992=DIRECTION('center_axis',(0.,-1.,0.));
#7993=DIRECTION('ref_axis',(-1.,0.,0.));
#7994=DIRECTION('',(1.,0.,0.));
#7995=DIRECTION('',(0.,0.,-1.));
#7996=DIRECTION('',(0.,0.,-1.));
#7997=DIRECTION('center_axis',(0.,0.,-1.));
#7998=DIRECTION('ref_axis',(0.,-1.,0.));
#7999=DIRECTION('center_axis',(0.,0.,1.));
#8000=DIRECTION('ref_axis',(0.,-1.,0.));
#8001=DIRECTION('',(0.,0.,-1.));
#8002=DIRECTION('center_axis',(-3.5527136788005E-15,1.,0.));
#8003=DIRECTION('ref_axis',(1.,3.5527136788005E-15,0.));
#8004=DIRECTION('',(-1.,-3.5527136788005E-15,0.));
#8005=DIRECTION('',(0.,0.,-1.));
#8006=DIRECTION('center_axis',(0.,0.,-1.));
#8007=DIRECTION('ref_axis',(0.,-1.,0.));
#8008=DIRECTION('center_axis',(0.,0.,1.));
#8009=DIRECTION('ref_axis',(0.,-1.,0.));
#8010=DIRECTION('center_axis',(1.,0.,-3.5527136788005E-15));
#8011=DIRECTION('ref_axis',(3.5527136788005E-15,0.,1.));
#8012=DIRECTION('',(-3.5527136788005E-15,7.9582438780316E-31,-1.));
#8013=DIRECTION('',(0.,-1.,0.));
#8014=DIRECTION('',(3.5527136788005E-15,-7.9582438780316E-31,1.));
#8015=DIRECTION('',(0.,-1.,0.));
#8016=DIRECTION('center_axis',(0.,-1.,0.));
#8017=DIRECTION('ref_axis',(-1.,0.,0.));
#8018=DIRECTION('center_axis',(2.24004651022667E-16,1.,0.));
#8019=DIRECTION('ref_axis',(-1.,0.,0.));
#8020=DIRECTION('center_axis',(-2.24004651022667E-16,-1.,0.));
#8021=DIRECTION('ref_axis',(-1.,0.,0.));
#8022=DIRECTION('',(0.,-1.,0.));
#8023=DIRECTION('center_axis',(-1.,0.,0.));
#8024=DIRECTION('ref_axis',(0.,0.,-1.));
#8025=DIRECTION('',(0.,0.,1.));
#8026=DIRECTION('',(0.,0.,-1.));
#8027=DIRECTION('',(0.,-1.,0.));
#8028=DIRECTION('center_axis',(0.,-1.,0.));
#8029=DIRECTION('ref_axis',(-1.,0.,0.));
#8030=DIRECTION('center_axis',(2.24004651022667E-16,1.,0.));
#8031=DIRECTION('ref_axis',(-1.,0.,0.));
#8032=DIRECTION('center_axis',(-2.24004651022667E-16,-1.,0.));
#8033=DIRECTION('ref_axis',(-1.,0.,0.));
#8034=DIRECTION('center_axis',(1.,0.,-3.5527136788005E-15));
#8035=DIRECTION('ref_axis',(3.5527136788005E-15,0.,1.));
#8036=DIRECTION('',(-3.5527136788005E-15,7.9582438780316E-31,-1.));
#8037=DIRECTION('',(0.,-1.,0.));
#8038=DIRECTION('',(3.5527136788005E-15,-7.9582438780316E-31,1.));
#8039=DIRECTION('',(0.,-1.,0.));
#8040=DIRECTION('center_axis',(0.,-1.,0.));
#8041=DIRECTION('ref_axis',(-1.,0.,0.));
#8042=DIRECTION('center_axis',(2.24004651022667E-16,1.,0.));
#8043=DIRECTION('ref_axis',(-1.,0.,0.));
#8044=DIRECTION('center_axis',(-2.24004651022667E-16,-1.,0.));
#8045=DIRECTION('ref_axis',(-1.,0.,0.));
#8046=DIRECTION('',(0.,-1.,0.));
#8047=DIRECTION('center_axis',(-1.,0.,0.));
#8048=DIRECTION('ref_axis',(0.,0.,-1.));
#8049=DIRECTION('',(0.,0.,1.));
#8050=DIRECTION('',(0.,0.,-1.));
#8051=DIRECTION('',(0.,-1.,0.));
#8052=DIRECTION('center_axis',(0.,-1.,0.));
#8053=DIRECTION('ref_axis',(-1.,0.,0.));
#8054=DIRECTION('center_axis',(2.24004651022667E-16,1.,0.));
#8055=DIRECTION('ref_axis',(-1.,0.,0.));
#8056=DIRECTION('center_axis',(-2.24004651022667E-16,-1.,0.));
#8057=DIRECTION('ref_axis',(-1.,0.,0.));
#8058=DIRECTION('center_axis',(1.,0.,-3.5527136788005E-15));
#8059=DIRECTION('ref_axis',(3.5527136788005E-15,0.,1.));
#8060=DIRECTION('',(-3.5527136788005E-15,7.9582438780316E-31,-1.));
#8061=DIRECTION('',(0.,-1.,0.));
#8062=DIRECTION('',(3.5527136788005E-15,-7.9582438780316E-31,1.));
#8063=DIRECTION('',(0.,-1.,0.));
#8064=DIRECTION('center_axis',(0.,-1.,0.));
#8065=DIRECTION('ref_axis',(-1.,0.,0.));
#8066=DIRECTION('center_axis',(2.24004651022667E-16,1.,0.));
#8067=DIRECTION('ref_axis',(-1.,0.,0.));
#8068=DIRECTION('center_axis',(-2.24004651022667E-16,-1.,0.));
#8069=DIRECTION('ref_axis',(-1.,0.,0.));
#8070=DIRECTION('',(0.,-1.,0.));
#8071=DIRECTION('center_axis',(-1.,0.,0.));
#8072=DIRECTION('ref_axis',(0.,0.,-1.));
#8073=DIRECTION('',(0.,0.,1.));
#8074=DIRECTION('',(0.,0.,-1.));
#8075=DIRECTION('',(0.,-1.,0.));
#8076=DIRECTION('center_axis',(0.,-1.,0.));
#8077=DIRECTION('ref_axis',(-1.,0.,0.));
#8078=DIRECTION('center_axis',(2.24004651022667E-16,1.,0.));
#8079=DIRECTION('ref_axis',(-1.,0.,0.));
#8080=DIRECTION('center_axis',(-2.24004651022667E-16,-1.,0.));
#8081=DIRECTION('ref_axis',(-1.,0.,0.));
#8082=DIRECTION('center_axis',(-1.,0.,0.));
#8083=DIRECTION('ref_axis',(0.,0.,-1.));
#8084=DIRECTION('',(0.,0.,1.));
#8085=DIRECTION('',(0.,-1.,0.));
#8086=DIRECTION('',(0.,0.,-1.));
#8087=DIRECTION('',(0.,-1.,0.));
#8088=DIRECTION('center_axis',(0.,-1.,0.));
#8089=DIRECTION('ref_axis',(-1.,0.,0.));
#8090=DIRECTION('center_axis',(2.24004651022667E-16,1.,0.));
#8091=DIRECTION('ref_axis',(-1.,0.,0.));
#8092=DIRECTION('center_axis',(-2.24004651022667E-16,-1.,0.));
#8093=DIRECTION('ref_axis',(-1.,0.,0.));
#8094=DIRECTION('',(0.,-1.,0.));
#8095=DIRECTION('center_axis',(1.,0.,-3.5527136788005E-15));
#8096=DIRECTION('ref_axis',(3.5527136788005E-15,0.,1.));
#8097=DIRECTION('',(-3.5527136788005E-15,7.9582438780316E-31,-1.));
#8098=DIRECTION('',(3.5527136788005E-15,-7.9582438780316E-31,1.));
#8099=DIRECTION('',(0.,-1.,0.));
#8100=DIRECTION('center_axis',(0.,-1.,0.));
#8101=DIRECTION('ref_axis',(-1.,0.,0.));
#8102=DIRECTION('center_axis',(2.24004651022667E-16,1.,0.));
#8103=DIRECTION('ref_axis',(-1.,0.,0.));
#8104=DIRECTION('center_axis',(-2.24004651022667E-16,-1.,0.));
#8105=DIRECTION('ref_axis',(-1.,0.,0.));
#8106=DIRECTION('center_axis',(1.,0.,-3.5527136788005E-15));
#8107=DIRECTION('ref_axis',(3.5527136788005E-15,0.,1.));
#8108=DIRECTION('',(-3.5527136788005E-15,7.9582438780316E-31,-1.));
#8109=DIRECTION('',(0.,-1.,0.));
#8110=DIRECTION('',(3.5527136788005E-15,-7.9582438780316E-31,1.));
#8111=DIRECTION('',(0.,-1.,0.));
#8112=DIRECTION('center_axis',(0.,-1.,0.));
#8113=DIRECTION('ref_axis',(-1.,0.,0.));
#8114=DIRECTION('center_axis',(2.24004651022667E-16,1.,0.));
#8115=DIRECTION('ref_axis',(-1.,0.,0.));
#8116=DIRECTION('center_axis',(-2.24004651022667E-16,-1.,0.));
#8117=DIRECTION('ref_axis',(-1.,0.,0.));
#8118=DIRECTION('',(0.,-1.,0.));
#8119=DIRECTION('center_axis',(-1.,0.,0.));
#8120=DIRECTION('ref_axis',(0.,0.,-1.));
#8121=DIRECTION('',(0.,0.,1.));
#8122=DIRECTION('',(0.,0.,-1.));
#8123=DIRECTION('',(0.,-1.,0.));
#8124=DIRECTION('center_axis',(0.,-1.,0.));
#8125=DIRECTION('ref_axis',(-1.,0.,0.));
#8126=DIRECTION('center_axis',(2.24004651022667E-16,1.,0.));
#8127=DIRECTION('ref_axis',(-1.,0.,0.));
#8128=DIRECTION('center_axis',(-2.24004651022667E-16,-1.,0.));
#8129=DIRECTION('ref_axis',(-1.,0.,0.));
#8130=DIRECTION('center_axis',(1.,0.,-3.5527136788005E-15));
#8131=DIRECTION('ref_axis',(3.5527136788005E-15,0.,1.));
#8132=DIRECTION('',(-3.5527136788005E-15,7.9582438780316E-31,-1.));
#8133=DIRECTION('',(0.,-1.,0.));
#8134=DIRECTION('',(3.5527136788005E-15,-7.9582438780316E-31,1.));
#8135=DIRECTION('',(0.,-1.,0.));
#8136=DIRECTION('center_axis',(0.,-1.,0.));
#8137=DIRECTION('ref_axis',(-0.984807753012208,0.,-0.17364817766693));
#8138=DIRECTION('center_axis',(2.24004651022667E-16,1.,0.));
#8139=DIRECTION('ref_axis',(-0.984807753012208,0.,-0.17364817766693));
#8140=DIRECTION('center_axis',(-2.24004651022667E-16,-1.,0.));
#8141=DIRECTION('ref_axis',(-0.984807753012208,0.,-0.17364817766693));
#8142=DIRECTION('',(0.,-1.,0.));
#8143=DIRECTION('center_axis',(-1.,0.,0.));
#8144=DIRECTION('ref_axis',(0.,0.,-1.));
#8145=DIRECTION('',(0.,0.,1.));
#8146=DIRECTION('',(0.,0.,-1.));
#8147=DIRECTION('',(0.,-1.,0.));
#8148=DIRECTION('center_axis',(0.,-1.,0.));
#8149=DIRECTION('ref_axis',(1.15648231731787E-16,0.,1.));
#8150=DIRECTION('center_axis',(2.24004651022667E-16,1.,0.));
#8151=DIRECTION('ref_axis',(-0.984807753012208,0.,-0.17364817766693));
#8152=DIRECTION('center_axis',(-2.24004651022667E-16,-1.,0.));
#8153=DIRECTION('ref_axis',(-0.984807753012208,0.,-0.17364817766693));
#8154=DIRECTION('center_axis',(1.,0.,-3.5527136788005E-15));
#8155=DIRECTION('ref_axis',(3.5527136788005E-15,0.,1.));
#8156=DIRECTION('',(-3.5527136788005E-15,7.9582438780316E-31,-1.));
#8157=DIRECTION('',(0.,-1.,0.));
#8158=DIRECTION('',(3.5527136788005E-15,-7.9582438780316E-31,1.));
#8159=DIRECTION('',(0.,-1.,0.));
#8160=DIRECTION('center_axis',(0.,-1.,0.));
#8161=DIRECTION('ref_axis',(-1.,0.,0.));
#8162=DIRECTION('center_axis',(2.24004651022667E-16,1.,0.));
#8163=DIRECTION('ref_axis',(-1.,0.,0.));
#8164=DIRECTION('center_axis',(-2.24004651022667E-16,-1.,0.));
#8165=DIRECTION('ref_axis',(-1.,0.,0.));
#8166=DIRECTION('',(0.,-1.,0.));
#8167=DIRECTION('center_axis',(-1.,0.,0.));
#8168=DIRECTION('ref_axis',(0.,0.,-1.));
#8169=DIRECTION('',(0.,0.,1.));
#8170=DIRECTION('',(0.,0.,-1.));
#8171=DIRECTION('',(0.,-1.,0.));
#8172=DIRECTION('center_axis',(0.,-1.,0.));
#8173=DIRECTION('ref_axis',(-1.,0.,0.));
#8174=DIRECTION('center_axis',(2.24004651022667E-16,1.,0.));
#8175=DIRECTION('ref_axis',(-1.,0.,0.));
#8176=DIRECTION('center_axis',(-2.24004651022667E-16,-1.,0.));
#8177=DIRECTION('ref_axis',(-1.,0.,0.));
#8178=DIRECTION('center_axis',(0.,0.,1.));
#8179=DIRECTION('ref_axis',(1.,0.,0.));
#8180=DIRECTION('center_axis',(0.,0.,-1.));
#8181=DIRECTION('ref_axis',(1.,0.,0.));
#8182=DIRECTION('',(0.,0.,-1.));
#8183=DIRECTION('center_axis',(0.,0.,1.));
#8184=DIRECTION('ref_axis',(1.,0.,0.));
#8185=DIRECTION('center_axis',(0.,0.,-1.));
#8186=DIRECTION('ref_axis',(1.,0.,0.));
#8187=DIRECTION('center_axis',(0.,0.,-1.));
#8188=DIRECTION('ref_axis',(-1.,0.,0.));
#8189=DIRECTION('center_axis',(0.,1.,0.));
#8190=DIRECTION('ref_axis',(-1.,0.,0.));
#8191=DIRECTION('',(-1.,0.,0.));
#8192=DIRECTION('',(0.,0.,1.));
#8193=DIRECTION('',(1.,0.,0.));
#8194=DIRECTION('',(0.,0.,-1.));
#8195=DIRECTION('center_axis',(0.,0.,-1.));
#8196=DIRECTION('ref_axis',(-0.363061467601621,-0.931765190776602,0.));
#8197=DIRECTION('',(0.,0.,-1.));
#8198=DIRECTION('center_axis',(0.,0.,1.));
#8199=DIRECTION('ref_axis',(1.,0.,0.));
#8200=DIRECTION('',(0.,0.,-1.));
#8201=DIRECTION('center_axis',(0.,0.,-1.));
#8202=DIRECTION('ref_axis',(1.,0.,0.));
#8203=DIRECTION('',(0.,0.,1.));
#8204=DIRECTION('center_axis',(0.,0.,1.));
#8205=DIRECTION('ref_axis',(1.,0.,0.));
#8206=DIRECTION('',(0.,0.,-1.));
#8207=DIRECTION('center_axis',(0.,0.,-1.));
#8208=DIRECTION('ref_axis',(1.,0.,0.));
#8209=DIRECTION('center_axis',(-1.,0.,0.));
#8210=DIRECTION('ref_axis',(0.,0.984807753012208,0.173648177666931));
#8211=DIRECTION('center_axis',(-1.,0.,0.));
#8212=DIRECTION('ref_axis',(0.,0.984807753012208,0.173648177666931));
#8213=DIRECTION('center_axis',(0.,0.,-1.));
#8214=DIRECTION('ref_axis',(1.,0.,0.));
#8215=DIRECTION('',(0.,0.,1.));
#8216=DIRECTION('center_axis',(0.,0.,1.));
#8217=DIRECTION('ref_axis',(1.,0.,0.));
#8218=DIRECTION('',(0.,0.,-1.));
#8219=DIRECTION('center_axis',(0.,0.,-1.));
#8220=DIRECTION('ref_axis',(1.,0.,0.));
#8221=DIRECTION('',(0.,0.,1.));
#8222=DIRECTION('center_axis',(0.,0.,1.));
#8223=DIRECTION('ref_axis',(1.,0.,0.));
#8224=DIRECTION('',(0.,0.,1.));
#8225=DIRECTION('center_axis',(0.,0.,-1.));
#8226=DIRECTION('ref_axis',(1.,0.,0.));
#8227=DIRECTION('',(0.,0.,-1.));
#8228=DIRECTION('center_axis',(0.,0.,-1.));
#8229=DIRECTION('ref_axis',(1.,0.,0.));
#8230=DIRECTION('center_axis',(0.,-0.984807753012208,-0.173648177666933));
#8231=DIRECTION('ref_axis',(0.,-0.173648177666933,0.984807753012208));
#8232=DIRECTION('',(0.,0.173648177666933,-0.984807753012208));
#8233=DIRECTION('',(-1.,0.,0.));
#8234=DIRECTION('',(-1.,0.,0.));
#8235=DIRECTION('center_axis',(-1.,0.,0.));
#8236=DIRECTION('ref_axis',(0.,1.,0.));
#8237=DIRECTION('center_axis',(1.,0.,0.));
#8238=DIRECTION('ref_axis',(0.,1.,0.));
#8239=DIRECTION('',(-1.,0.,0.));
#8240=DIRECTION('center_axis',(0.,0.984807753012208,0.17364817766693));
#8241=DIRECTION('ref_axis',(0.,0.17364817766693,-0.984807753012208));
#8242=DIRECTION('',(0.,-0.17364817766693,0.984807753012208));
#8243=DIRECTION('',(-1.,0.,0.));
#8244=DIRECTION('center_axis',(-1.,0.,0.));
#8245=DIRECTION('ref_axis',(0.,-0.173648177666927,0.984807753012209));
#8246=DIRECTION('center_axis',(1.,0.,0.));
#8247=DIRECTION('ref_axis',(0.,1.,0.));
#8248=DIRECTION('center_axis',(0.,-0.984807753012208,-0.173648177666933));
#8249=DIRECTION('ref_axis',(0.,-0.173648177666933,0.984807753012208));
#8250=DIRECTION('',(0.,0.173648177666933,-0.984807753012208));
#8251=DIRECTION('',(-1.,0.,0.));
#8252=DIRECTION('',(-1.,0.,0.));
#8253=DIRECTION('center_axis',(-1.,0.,0.));
#8254=DIRECTION('ref_axis',(0.,1.,0.));
#8255=DIRECTION('center_axis',(1.,0.,0.));
#8256=DIRECTION('ref_axis',(0.,1.,0.));
#8257=DIRECTION('',(-1.,0.,0.));
#8258=DIRECTION('center_axis',(0.,0.984807753012208,0.17364817766693));
#8259=DIRECTION('ref_axis',(0.,0.17364817766693,-0.984807753012208));
#8260=DIRECTION('',(0.,-0.17364817766693,0.984807753012208));
#8261=DIRECTION('',(-1.,0.,0.));
#8262=DIRECTION('center_axis',(-1.,0.,0.));
#8263=DIRECTION('ref_axis',(0.,-0.173648177666927,0.984807753012209));
#8264=DIRECTION('center_axis',(1.,0.,0.));
#8265=DIRECTION('ref_axis',(0.,1.,0.));
#8266=DIRECTION('center_axis',(0.,-0.984807753012208,-0.173648177666933));
#8267=DIRECTION('ref_axis',(0.,-0.173648177666933,0.984807753012208));
#8268=DIRECTION('',(0.,0.173648177666933,-0.984807753012208));
#8269=DIRECTION('',(-1.,0.,0.));
#8270=DIRECTION('',(-1.,0.,0.));
#8271=DIRECTION('center_axis',(-1.,0.,0.));
#8272=DIRECTION('ref_axis',(0.,1.,0.));
#8273=DIRECTION('center_axis',(1.,0.,0.));
#8274=DIRECTION('ref_axis',(0.,1.,0.));
#8275=DIRECTION('',(-1.,0.,0.));
#8276=DIRECTION('center_axis',(0.,0.984807753012208,0.17364817766693));
#8277=DIRECTION('ref_axis',(0.,0.17364817766693,-0.984807753012208));
#8278=DIRECTION('',(0.,-0.17364817766693,0.984807753012208));
#8279=DIRECTION('',(-1.,0.,0.));
#8280=DIRECTION('center_axis',(-1.,0.,0.));
#8281=DIRECTION('ref_axis',(0.,-0.173648177666927,0.984807753012209));
#8282=DIRECTION('center_axis',(1.,0.,0.));
#8283=DIRECTION('ref_axis',(0.,1.,0.));
#8284=DIRECTION('center_axis',(0.,-0.984807753012208,-0.173648177666933));
#8285=DIRECTION('ref_axis',(0.,-0.173648177666933,0.984807753012208));
#8286=DIRECTION('',(0.,0.173648177666933,-0.984807753012208));
#8287=DIRECTION('',(-1.,0.,0.));
#8288=DIRECTION('',(-1.,0.,0.));
#8289=DIRECTION('center_axis',(-1.,0.,0.));
#8290=DIRECTION('ref_axis',(0.,1.,0.));
#8291=DIRECTION('center_axis',(1.,0.,0.));
#8292=DIRECTION('ref_axis',(0.,1.,0.));
#8293=DIRECTION('',(-1.,0.,0.));
#8294=DIRECTION('center_axis',(0.,0.984807753012208,0.17364817766693));
#8295=DIRECTION('ref_axis',(0.,0.17364817766693,-0.984807753012208));
#8296=DIRECTION('',(0.,-0.17364817766693,0.984807753012208));
#8297=DIRECTION('',(-1.,0.,0.));
#8298=DIRECTION('center_axis',(-1.,0.,0.));
#8299=DIRECTION('ref_axis',(0.,-0.173648177666927,0.984807753012209));
#8300=DIRECTION('center_axis',(1.,0.,0.));
#8301=DIRECTION('ref_axis',(0.,1.,0.));
#8302=DIRECTION('center_axis',(0.,-0.984807753012208,-0.173648177666933));
#8303=DIRECTION('ref_axis',(0.,-0.173648177666933,0.984807753012208));
#8304=DIRECTION('',(0.,0.173648177666933,-0.984807753012208));
#8305=DIRECTION('',(-1.,0.,0.));
#8306=DIRECTION('',(-1.,0.,0.));
#8307=DIRECTION('center_axis',(-1.,0.,0.));
#8308=DIRECTION('ref_axis',(0.,1.,0.));
#8309=DIRECTION('center_axis',(1.,0.,0.));
#8310=DIRECTION('ref_axis',(0.,1.,0.));
#8311=DIRECTION('',(-1.,0.,0.));
#8312=DIRECTION('center_axis',(0.,0.984807753012208,0.17364817766693));
#8313=DIRECTION('ref_axis',(0.,0.17364817766693,-0.984807753012208));
#8314=DIRECTION('',(0.,-0.17364817766693,0.984807753012208));
#8315=DIRECTION('',(-1.,0.,0.));
#8316=DIRECTION('center_axis',(-1.,0.,0.));
#8317=DIRECTION('ref_axis',(0.,-0.173648177666927,0.984807753012209));
#8318=DIRECTION('center_axis',(1.,0.,0.));
#8319=DIRECTION('ref_axis',(0.,1.,0.));
#8320=DIRECTION('center_axis',(0.,-0.984807753012208,-0.173648177666933));
#8321=DIRECTION('ref_axis',(0.,-0.173648177666933,0.984807753012208));
#8322=DIRECTION('',(0.,0.173648177666933,-0.984807753012208));
#8323=DIRECTION('',(-1.,0.,0.));
#8324=DIRECTION('',(-1.,0.,0.));
#8325=DIRECTION('center_axis',(-1.,0.,0.));
#8326=DIRECTION('ref_axis',(0.,1.,0.));
#8327=DIRECTION('center_axis',(1.,0.,0.));
#8328=DIRECTION('ref_axis',(0.,1.,0.));
#8329=DIRECTION('',(-1.,0.,0.));
#8330=DIRECTION('center_axis',(0.,0.984807753012208,0.17364817766693));
#8331=DIRECTION('ref_axis',(0.,0.17364817766693,-0.984807753012208));
#8332=DIRECTION('',(0.,-0.17364817766693,0.984807753012208));
#8333=DIRECTION('',(-1.,0.,0.));
#8334=DIRECTION('center_axis',(-1.,0.,0.));
#8335=DIRECTION('ref_axis',(0.,-0.173648177666927,0.984807753012209));
#8336=DIRECTION('center_axis',(1.,0.,0.));
#8337=DIRECTION('ref_axis',(0.,1.,0.));
#8338=DIRECTION('center_axis',(0.,-0.984807753012208,-0.173648177666933));
#8339=DIRECTION('ref_axis',(0.,-0.173648177666933,0.984807753012208));
#8340=DIRECTION('',(0.,0.173648177666933,-0.984807753012208));
#8341=DIRECTION('',(-1.,0.,0.));
#8342=DIRECTION('',(-1.,0.,0.));
#8343=DIRECTION('center_axis',(-1.,0.,0.));
#8344=DIRECTION('ref_axis',(0.,1.,0.));
#8345=DIRECTION('center_axis',(1.,0.,0.));
#8346=DIRECTION('ref_axis',(0.,1.,0.));
#8347=DIRECTION('',(-1.,0.,0.));
#8348=DIRECTION('center_axis',(0.,0.984807753012208,0.17364817766693));
#8349=DIRECTION('ref_axis',(0.,0.17364817766693,-0.984807753012208));
#8350=DIRECTION('',(0.,-0.17364817766693,0.984807753012208));
#8351=DIRECTION('',(-1.,0.,0.));
#8352=DIRECTION('center_axis',(-1.,0.,0.));
#8353=DIRECTION('ref_axis',(0.,-0.173648177666927,0.984807753012209));
#8354=DIRECTION('center_axis',(1.,0.,0.));
#8355=DIRECTION('ref_axis',(0.,1.,0.));
#8356=DIRECTION('center_axis',(1.,0.,0.));
#8357=DIRECTION('ref_axis',(0.,1.,0.));
#8358=DIRECTION('',(0.,-1.,0.));
#8359=DIRECTION('center_axis',(0.,0.984807753012208,0.17364817766693));
#8360=DIRECTION('ref_axis',(0.,0.17364817766693,-0.984807753012208));
#8361=DIRECTION('',(0.,-0.17364817766693,0.984807753012208));
#8362=DIRECTION('',(-1.,0.,0.));
#8363=DIRECTION('',(-1.,0.,0.));
#8364=DIRECTION('center_axis',(-1.,0.,0.));
#8365=DIRECTION('ref_axis',(0.,0.984807753012208,0.173648177666931));
#8366=DIRECTION('center_axis',(1.,0.,0.));
#8367=DIRECTION('ref_axis',(0.,0.984807753012208,0.173648177666931));
#8368=DIRECTION('',(-1.,0.,0.));
#8369=DIRECTION('center_axis',(0.,-0.984807753012208,-0.173648177666933));
#8370=DIRECTION('ref_axis',(0.,-0.173648177666933,0.984807753012208));
#8371=DIRECTION('',(0.,0.173648177666933,-0.984807753012208));
#8372=DIRECTION('',(-1.,0.,0.));
#8373=DIRECTION('center_axis',(-1.,0.,0.));
#8374=DIRECTION('ref_axis',(0.,0.984807753012208,0.173648177666931));
#8375=DIRECTION('center_axis',(1.,0.,0.));
#8376=DIRECTION('ref_axis',(0.,0.984807753012208,0.173648177666931));
#8377=DIRECTION('center_axis',(0.,0.,-1.));
#8378=DIRECTION('ref_axis',(1.,0.,0.));
#8379=DIRECTION('',(0.,1.,0.));
#8380=DIRECTION('',(0.696163111483418,0.717883641135335,0.));
#8381=DIRECTION('center_axis',(0.,0.,-1.));
#8382=DIRECTION('ref_axis',(1.,0.,0.));
#8383=DIRECTION('center_axis',(0.,-1.,0.));
#8384=DIRECTION('ref_axis',(1.,0.,0.));
#8385=DIRECTION('',(0.,0.,1.));
#8386=DIRECTION('',(1.,0.,0.));
#8387=DIRECTION('',(0.,0.,-1.));
#8388=DIRECTION('',(1.,0.,0.));
#8389=DIRECTION('center_axis',(0.,-1.,0.));
#8390=DIRECTION('ref_axis',(1.,0.,0.));
#8391=DIRECTION('',(0.,0.,1.));
#8392=DIRECTION('',(1.,0.,0.));
#8393=DIRECTION('',(0.,0.,-1.));
#8394=DIRECTION('',(1.,0.,0.));
#8395=DIRECTION('center_axis',(0.,0.,-1.));
#8396=DIRECTION('ref_axis',(6.12323399573677E-17,-1.,0.));
#8397=DIRECTION('center_axis',(0.,0.,1.));
#8398=DIRECTION('ref_axis',(1.,0.,0.));
#8399=DIRECTION('center_axis',(0.,0.,-1.));
#8400=DIRECTION('ref_axis',(1.,0.,0.));
#8401=DIRECTION('center_axis',(0.,0.,1.));
#8402=DIRECTION('ref_axis',(1.,0.,0.));
#8403=DIRECTION('',(0.,-1.,0.));
#8404=DIRECTION('',(0.696163111483418,0.717883641135335,0.));
#8405=DIRECTION('',(-1.,0.,0.));
#8406=DIRECTION('',(0.,-1.,0.));
#8407=DIRECTION('',(1.,0.,0.));
#8408=DIRECTION('',(0.,1.,0.));
#8409=DIRECTION('center_axis',(0.,0.,1.));
#8410=DIRECTION('ref_axis',(-7.79103876929934E-16,-1.,0.));
#8411=DIRECTION('',(1.,7.36107331770473E-17,0.));
#8412=DIRECTION('center_axis',(0.,0.,1.));
#8413=DIRECTION('ref_axis',(-1.,3.89551938464968E-16,0.));
#8414=DIRECTION('',(4.06412400808365E-17,-1.,0.));
#8415=DIRECTION('',(1.,0.,0.));
#8416=DIRECTION('',(0.,-1.,0.));
#8417=DIRECTION('',(-1.,0.,0.));
#8418=DIRECTION('',(0.,1.,0.));
#8419=DIRECTION('',(1.,0.,0.));
#8420=DIRECTION('',(0.,-1.,0.));
#8421=DIRECTION('',(-1.,0.,0.));
#8422=DIRECTION('',(0.,1.,0.));
#8423=DIRECTION('',(-1.,0.,0.));
#8424=DIRECTION('center_axis',(0.,0.,1.));
#8425=DIRECTION('ref_axis',(-1.75298372309236E-15,1.,0.));
#8426=DIRECTION('',(-1.,2.24004651022667E-16,0.));
#8427=DIRECTION('center_axis',(0.,0.,1.));
#8428=DIRECTION('ref_axis',(1.,0.,0.));
#8429=DIRECTION('',(0.,-1.,0.));
#8430=DIRECTION('',(1.,0.,0.));
#8431=DIRECTION('',(0.,1.,0.));
#8432=DIRECTION('center_axis',(0.,0.,-1.));
#8433=DIRECTION('ref_axis',(-1.,0.,0.));
#8434=DIRECTION('',(0.,-1.,0.));
#8435=DIRECTION('',(1.,0.,0.));
#8436=DIRECTION('',(0.,1.,0.));
#8437=DIRECTION('center_axis',(0.,0.,1.));
#8438=DIRECTION('ref_axis',(1.,0.,0.));
#8439=DIRECTION('',(-1.,2.24004651022667E-16,0.));
#8440=DIRECTION('center_axis',(0.,0.,1.));
#8441=DIRECTION('ref_axis',(1.,0.,0.));
#8442=DIRECTION('',(0.,-1.,0.));
#8443=DIRECTION('',(1.,0.,0.));
#8444=DIRECTION('',(0.,1.,0.));
#8445=DIRECTION('center_axis',(0.,0.,-1.));
#8446=DIRECTION('ref_axis',(-1.,0.,0.));
#8447=DIRECTION('',(0.,-1.,0.));
#8448=DIRECTION('',(1.,0.,0.));
#8449=DIRECTION('',(0.,1.,0.));
#8450=DIRECTION('',(0.,1.,0.));
#8451=DIRECTION('',(-1.,0.,0.));
#8452=DIRECTION('center_axis',(0.,0.,1.));
#8453=DIRECTION('ref_axis',(1.,0.,0.));
#8454=DIRECTION('',(1.,0.,0.));
#8455=DIRECTION('',(0.,1.,0.));
#8456=DIRECTION('',(-1.,0.,0.));
#8457=DIRECTION('center_axis',(0.,0.,1.));
#8458=DIRECTION('ref_axis',(1.,0.,0.));
#8459=DIRECTION('',(0.,1.,0.));
#8460=DIRECTION('',(-1.,0.,0.));
#8461=DIRECTION('',(0.,-1.,0.));
#8462=DIRECTION('center_axis',(0.,0.,1.));
#8463=DIRECTION('ref_axis',(1.,0.,0.));
#8464=DIRECTION('',(0.,1.,0.));
#8465=DIRECTION('center_axis',(0.,0.,1.));
#8466=DIRECTION('ref_axis',(2.22044604925032E-15,1.,0.));
#8467=DIRECTION('',(0.,-1.,0.));
#8468=DIRECTION('center_axis',(0.,0.,1.));
#8469=DIRECTION('ref_axis',(-1.,0.,0.));
#8470=DIRECTION('',(1.,0.,0.));
#8471=DIRECTION('',(2.21631461982276E-16,1.,0.));
#8472=DIRECTION('',(-1.,0.,0.));
#8473=DIRECTION('center_axis',(0.,0.,1.));
#8474=DIRECTION('ref_axis',(0.,1.,0.));
#8475=DIRECTION('',(-0.690545364504141,-0.723289084365196,0.));
#8476=DIRECTION('center_axis',(0.,0.,-1.));
#8477=DIRECTION('ref_axis',(1.48029736616688E-15,-1.,0.));
#8478=DIRECTION('',(-1.,0.,0.));
#8479=DIRECTION('center_axis',(0.,0.,1.));
#8480=DIRECTION('ref_axis',(1.,0.,0.));
#8481=DIRECTION('center_axis',(0.,1.,0.));
#8482=DIRECTION('ref_axis',(1.,0.,0.));
#8483=DIRECTION('',(0.,0.,-1.));
#8484=DIRECTION('',(0.,0.,-1.));
#8485=DIRECTION('center_axis',(0.,0.,-1.));
#8486=DIRECTION('ref_axis',(0.,1.,0.));
#8487=DIRECTION('',(0.,0.,-1.));
#8488=DIRECTION('center_axis',(-0.723289084365196,0.690545364504141,0.));
#8489=DIRECTION('ref_axis',(0.690545364504141,0.723289084365196,0.));
#8490=DIRECTION('',(0.,0.,-1.));
#8491=DIRECTION('center_axis',(0.,0.,-1.));
#8492=DIRECTION('ref_axis',(1.48029736616688E-15,-1.,0.));
#8493=DIRECTION('',(0.,0.,-1.));
#8494=DIRECTION('center_axis',(0.,1.,0.));
#8495=DIRECTION('ref_axis',(1.,0.,0.));
#8496=DIRECTION('',(0.,0.,-1.));
#8497=DIRECTION('center_axis',(0.,0.,-1.));
#8498=DIRECTION('ref_axis',(2.22044604925032E-15,1.,0.));
#8499=DIRECTION('',(0.,0.,-1.));
#8500=DIRECTION('center_axis',(-1.,0.,0.));
#8501=DIRECTION('ref_axis',(0.,1.,0.));
#8502=DIRECTION('',(0.,0.,-1.));
#8503=DIRECTION('center_axis',(0.,0.,-1.));
#8504=DIRECTION('ref_axis',(-1.,0.,0.));
#8505=DIRECTION('',(0.,0.,-1.));
#8506=DIRECTION('center_axis',(0.,-1.,0.));
#8507=DIRECTION('ref_axis',(-1.,0.,0.));
#8508=DIRECTION('',(0.,0.,-1.));
#8509=DIRECTION('center_axis',(1.,-2.21631461982276E-16,0.));
#8510=DIRECTION('ref_axis',(-2.21631461982276E-16,-1.,0.));
#8511=DIRECTION('center_axis',(-1.,0.,0.));
#8512=DIRECTION('ref_axis',(0.,1.,0.));
#8513=DIRECTION('',(0.,0.,-1.));
#8514=DIRECTION('',(0.,1.,0.));
#8515=DIRECTION('center_axis',(0.,1.,0.));
#8516=DIRECTION('ref_axis',(1.,0.,0.));
#8517=DIRECTION('',(0.,0.,-1.));
#8518=DIRECTION('',(1.,0.,0.));
#8519=DIRECTION('center_axis',(1.,0.,0.));
#8520=DIRECTION('ref_axis',(0.,-1.,0.));
#8521=DIRECTION('',(0.,-1.,0.));
#8522=DIRECTION('center_axis',(0.,0.,-1.));
#8523=DIRECTION('ref_axis',(-1.,0.,0.));
#8524=DIRECTION('center_axis',(0.,-1.,0.));
#8525=DIRECTION('ref_axis',(-1.,0.,0.));
#8526=DIRECTION('',(0.,0.,-1.));
#8527=DIRECTION('',(-1.,0.,0.));
#8528=DIRECTION('center_axis',(0.,1.,0.));
#8529=DIRECTION('ref_axis',(1.,0.,0.));
#8530=DIRECTION('',(1.,0.,0.));
#8531=DIRECTION('',(0.,0.,-1.));
#8532=DIRECTION('center_axis',(-1.,0.,0.));
#8533=DIRECTION('ref_axis',(0.,1.,0.));
#8534=DIRECTION('',(0.,1.,0.));
#8535=DIRECTION('center_axis',(0.,0.,-1.));
#8536=DIRECTION('ref_axis',(-1.,0.,0.));
#8537=DIRECTION('center_axis',(0.,0.,-1.));
#8538=DIRECTION('ref_axis',(1.,0.,0.));
#8539=DIRECTION('',(0.,0.,-1.));
#8540=DIRECTION('center_axis',(0.,0.,1.));
#8541=DIRECTION('ref_axis',(1.,0.,0.));
#8542=DIRECTION('',(0.,0.,1.));
#8543=DIRECTION('',(0.,0.,-1.));
#8544=DIRECTION('center_axis',(0.,0.,-1.));
#8545=DIRECTION('ref_axis',(1.,0.,0.));
#8546=DIRECTION('',(0.,0.,1.));
#8547=DIRECTION('',(0.,0.,-1.));
#8548=DIRECTION('center_axis',(0.,0.,-1.));
#8549=DIRECTION('ref_axis',(1.,0.,0.));
#8550=DIRECTION('',(0.,0.,1.));
#8551=DIRECTION('center_axis',(0.,-1.,0.));
#8552=DIRECTION('ref_axis',(-1.,0.,0.));
#8553=DIRECTION('',(-1.,0.,0.));
#8554=DIRECTION('',(0.,0.,-1.));
#8555=DIRECTION('center_axis',(0.,0.,-1.));
#8556=DIRECTION('ref_axis',(-1.,0.,0.));
#8557=DIRECTION('',(1.,0.,0.));
#8558=DIRECTION('',(0.,-1.,0.));
#8559=DIRECTION('center_axis',(0.,1.,0.));
#8560=DIRECTION('ref_axis',(1.,0.,0.));
#8561=DIRECTION('',(0.,0.,-1.));
#8562=DIRECTION('center_axis',(1.,0.,0.));
#8563=DIRECTION('ref_axis',(0.,-1.,0.));
#8564=DIRECTION('center_axis',(-1.,0.,0.));
#8565=DIRECTION('ref_axis',(0.,1.,0.));
#8566=DIRECTION('',(0.,0.,-1.));
#8567=DIRECTION('',(0.,1.,0.));
#8568=DIRECTION('center_axis',(1.,0.,0.));
#8569=DIRECTION('ref_axis',(0.,-1.,0.));
#8570=DIRECTION('',(0.,-1.,0.));
#8571=DIRECTION('',(0.,0.,-1.));
#8572=DIRECTION('center_axis',(0.,1.,0.));
#8573=DIRECTION('ref_axis',(1.,0.,0.));
#8574=DIRECTION('',(1.,0.,0.));
#8575=DIRECTION('center_axis',(0.,0.,-1.));
#8576=DIRECTION('ref_axis',(-1.,0.,0.));
#8577=DIRECTION('center_axis',(0.,0.,-1.));
#8578=DIRECTION('ref_axis',(1.,0.,0.));
#8579=DIRECTION('',(1.,0.,0.));
#8580=DIRECTION('center_axis',(0.,0.,1.));
#8581=DIRECTION('ref_axis',(1.,0.,0.));
#8582=DIRECTION('center_axis',(0.,0.,1.));
#8583=DIRECTION('ref_axis',(1.,0.,0.));
#8584=DIRECTION('center_axis',(0.,0.,-1.));
#8585=DIRECTION('ref_axis',(1.,0.,0.));
#8586=DIRECTION('center_axis',(0.,-1.,0.));
#8587=DIRECTION('ref_axis',(0.,0.,-1.));
#8588=DIRECTION('',(0.,0.,-1.));
#8589=DIRECTION('',(-1.,0.,0.));
#8590=DIRECTION('',(0.,0.,1.));
#8591=DIRECTION('center_axis',(0.,0.,-1.));
#8592=DIRECTION('ref_axis',(1.,0.,0.));
#8593=DIRECTION('center_axis',(0.,0.,1.));
#8594=DIRECTION('ref_axis',(1.,0.,0.));
#8595=DIRECTION('center_axis',(0.,0.,1.));
#8596=DIRECTION('ref_axis',(1.,0.,0.));
#8597=DIRECTION('center_axis',(0.,0.,-1.));
#8598=DIRECTION('ref_axis',(1.,0.,0.));
#8599=DIRECTION('',(0.,0.,-1.));
#8600=DIRECTION('center_axis',(0.,1.,-1.17005350729547E-14));
#8601=DIRECTION('ref_axis',(0.,-1.17005350729547E-14,-1.));
#8602=DIRECTION('',(0.,1.17005350729547E-14,1.));
#8603=DIRECTION('',(-1.,0.,0.));
#8604=DIRECTION('',(-1.,0.,0.));
#8605=DIRECTION('center_axis',(-1.,0.,0.));
#8606=DIRECTION('ref_axis',(0.,1.,-9.71445146547011E-15));
#8607=DIRECTION('center_axis',(1.,0.,0.));
#8608=DIRECTION('ref_axis',(0.,1.,-9.71445146547011E-15));
#8609=DIRECTION('',(-1.,0.,0.));
#8610=DIRECTION('center_axis',(0.,0.,1.));
#8611=DIRECTION('ref_axis',(0.,1.,0.));
#8612=DIRECTION('',(0.,-1.,0.));
#8613=DIRECTION('',(-1.,0.,0.));
#8614=DIRECTION('center_axis',(-1.,0.,0.));
#8615=DIRECTION('ref_axis',(0.,0.,1.));
#8616=DIRECTION('center_axis',(1.,0.,0.));
#8617=DIRECTION('ref_axis',(0.,0.,1.));
#8618=DIRECTION('',(-1.,0.,0.));
#8619=DIRECTION('center_axis',(0.,-1.,0.));
#8620=DIRECTION('ref_axis',(0.,0.,1.));
#8621=DIRECTION('',(0.,0.,-1.));
#8622=DIRECTION('',(-1.,0.,0.));
#8623=DIRECTION('center_axis',(-1.,0.,0.));
#8624=DIRECTION('ref_axis',(0.,-1.,-1.38777878078144E-15));
#8625=DIRECTION('center_axis',(1.,0.,0.));
#8626=DIRECTION('ref_axis',(0.,-1.,-1.38777878078144E-15));
#8627=DIRECTION('',(-1.,0.,0.));
#8628=DIRECTION('center_axis',(0.,2.32657150651618E-15,-1.));
#8629=DIRECTION('ref_axis',(0.,-1.,-2.32657150651618E-15));
#8630=DIRECTION('',(0.,1.,2.32657150651618E-15));
#8631=DIRECTION('',(-1.,0.,0.));
#8632=DIRECTION('center_axis',(-1.,0.,0.));
#8633=DIRECTION('ref_axis',(0.,-2.22044604925036E-14,-1.));
#8634=DIRECTION('center_axis',(1.,0.,0.));
#8635=DIRECTION('ref_axis',(0.,-2.22044604925036E-14,-1.));
#8636=DIRECTION('center_axis',(1.,0.,0.));
#8637=DIRECTION('ref_axis',(0.,0.,1.));
#8638=DIRECTION('',(0.,0.,-1.));
#8639=DIRECTION('',(0.,-1.,0.));
#8640=DIRECTION('',(0.,0.,1.));
#8641=DIRECTION('',(0.,1.,0.));
#8642=DIRECTION('center_axis',(-4.27008868840372E-16,0.,1.));
#8643=DIRECTION('ref_axis',(-1.,0.,-4.27008868840372E-16));
#8644=DIRECTION('',(1.,-2.24004651022667E-16,4.27008868840372E-16));
#8645=DIRECTION('',(0.,-1.,0.));
#8646=DIRECTION('',(-1.,2.24004651022667E-16,-4.27008868840372E-16));
#8647=DIRECTION('',(0.,-1.,0.));
#8648=DIRECTION('center_axis',(0.,-1.,0.));
#8649=DIRECTION('ref_axis',(0.,0.,1.));
#8650=DIRECTION('center_axis',(2.24004651022667E-16,1.,0.));
#8651=DIRECTION('ref_axis',(0.,0.,1.));
#8652=DIRECTION('center_axis',(-2.24004651022667E-16,-1.,0.));
#8653=DIRECTION('ref_axis',(0.,0.,1.));
#8654=DIRECTION('center_axis',(-1.,0.,0.));
#8655=DIRECTION('ref_axis',(0.,0.,-1.));
#8656=DIRECTION('',(0.,0.,1.));
#8657=DIRECTION('',(0.,-1.,0.));
#8658=DIRECTION('',(0.,0.,-1.));
#8659=DIRECTION('',(0.,-1.,0.));
#8660=DIRECTION('center_axis',(0.,-1.,0.));
#8661=DIRECTION('ref_axis',(-1.,0.,-5.97812397875085E-15));
#8662=DIRECTION('center_axis',(2.24004651022667E-16,1.,0.));
#8663=DIRECTION('ref_axis',(-1.,0.,-5.97812397875085E-15));
#8664=DIRECTION('center_axis',(-2.24004651022667E-16,-1.,0.));
#8665=DIRECTION('ref_axis',(-1.,0.,-5.97812397875085E-15));
#8666=DIRECTION('center_axis',(1.,0.,0.));
#8667=DIRECTION('ref_axis',(0.,0.,1.));
#8668=DIRECTION('',(0.,0.,-1.));
#8669=DIRECTION('',(0.,-1.,0.));
#8670=DIRECTION('',(0.,0.,1.));
#8671=DIRECTION('',(0.,1.,0.));
#8672=DIRECTION('center_axis',(0.,0.,1.));
#8673=DIRECTION('ref_axis',(-1.,0.,0.));
#8674=DIRECTION('',(1.,-2.24004651022667E-16,0.));
#8675=DIRECTION('',(0.,-1.,0.));
#8676=DIRECTION('',(-1.,2.24004651022667E-16,0.));
#8677=DIRECTION('',(0.,-1.,0.));
#8678=DIRECTION('center_axis',(0.,-1.,0.));
#8679=DIRECTION('ref_axis',(0.,0.,1.));
#8680=DIRECTION('center_axis',(2.24004651022667E-16,1.,0.));
#8681=DIRECTION('ref_axis',(0.,0.,1.));
#8682=DIRECTION('center_axis',(-2.24004651022667E-16,-1.,0.));
#8683=DIRECTION('ref_axis',(0.,0.,1.));
#8684=DIRECTION('center_axis',(-1.,0.,0.));
#8685=DIRECTION('ref_axis',(0.,0.,-1.));
#8686=DIRECTION('',(0.,0.,1.));
#8687=DIRECTION('',(0.,-1.,0.));
#8688=DIRECTION('',(0.,0.,-1.));
#8689=DIRECTION('',(0.,-1.,0.));
#8690=DIRECTION('center_axis',(0.,-1.,0.));
#8691=DIRECTION('ref_axis',(-1.,0.,-4.27008855625061E-15));
#8692=DIRECTION('center_axis',(2.24004651022667E-16,1.,0.));
#8693=DIRECTION('ref_axis',(-1.,0.,-4.27008855625061E-15));
#8694=DIRECTION('center_axis',(-2.24004651022667E-16,-1.,0.));
#8695=DIRECTION('ref_axis',(-1.,0.,-4.27008855625061E-15));
#8696=DIRECTION('center_axis',(1.,0.,0.));
#8697=DIRECTION('ref_axis',(0.,0.,1.));
#8698=DIRECTION('',(0.,0.,-1.));
#8699=DIRECTION('',(0.,-1.,0.));
#8700=DIRECTION('',(0.,0.,1.));
#8701=DIRECTION('',(0.,1.,0.));
#8702=DIRECTION('center_axis',(0.,0.,1.));
#8703=DIRECTION('ref_axis',(-1.,0.,0.));
#8704=DIRECTION('',(1.,-2.24004651022667E-16,0.));
#8705=DIRECTION('',(0.,-1.,0.));
#8706=DIRECTION('',(-1.,2.24004651022667E-16,0.));
#8707=DIRECTION('',(0.,-1.,0.));
#8708=DIRECTION('center_axis',(0.,-1.,0.));
#8709=DIRECTION('ref_axis',(0.,0.,1.));
#8710=DIRECTION('center_axis',(2.24004651022667E-16,1.,0.));
#8711=DIRECTION('ref_axis',(0.,0.,1.));
#8712=DIRECTION('center_axis',(-2.24004651022667E-16,-1.,0.));
#8713=DIRECTION('ref_axis',(0.,0.,1.));
#8714=DIRECTION('center_axis',(-1.,0.,0.));
#8715=DIRECTION('ref_axis',(0.,0.,-1.));
#8716=DIRECTION('',(0.,0.,1.));
#8717=DIRECTION('',(0.,-1.,0.));
#8718=DIRECTION('',(0.,0.,-1.));
#8719=DIRECTION('',(0.,-1.,0.));
#8720=DIRECTION('center_axis',(0.,-1.,0.));
#8721=DIRECTION('ref_axis',(-1.,0.,1.5372318802502E-14));
#8722=DIRECTION('center_axis',(2.24004651022667E-16,1.,0.));
#8723=DIRECTION('ref_axis',(-1.,0.,1.5372318802502E-14));
#8724=DIRECTION('center_axis',(-2.24004651022667E-16,-1.,0.));
#8725=DIRECTION('ref_axis',(-1.,0.,1.5372318802502E-14));
#8726=DIRECTION('center_axis',(2.24004651022667E-16,1.,0.));
#8727=DIRECTION('ref_axis',(-1.,2.24004651022667E-16,0.));
#8728=DIRECTION('',(1.,-2.24004651022667E-16,0.));
#8729=DIRECTION('',(1.,-2.24004651022667E-16,0.));
#8730=DIRECTION('',(1.,-2.24004651022667E-16,0.));
#8731=DIRECTION('',(1.,-2.24004651022667E-16,0.));
#8732=DIRECTION('',(0.,0.,1.));
#8733=DIRECTION('center_axis',(0.,0.,1.));
#8734=DIRECTION('ref_axis',(1.,0.,0.));
#8735=DIRECTION('',(-1.,0.,0.));
#8736=DIRECTION('',(0.,1.,0.));
#8737=DIRECTION('center_axis',(0.,0.,1.));
#8738=DIRECTION('ref_axis',(1.,-4.67462326157962E-15,0.));
#8739=DIRECTION('',(-1.,2.24004651022667E-16,0.));
#8740=DIRECTION('center_axis',(0.,0.,1.));
#8741=DIRECTION('ref_axis',(1.,0.,0.));
#8742=DIRECTION('',(-1.,2.24004651022667E-16,0.));
#8743=DIRECTION('center_axis',(0.,0.,1.));
#8744=DIRECTION('ref_axis',(-1.75298372309236E-15,1.,0.));
#8745=DIRECTION('',(-1.,0.,0.));
#8746=DIRECTION('center_axis',(0.,0.,-1.));
#8747=DIRECTION('ref_axis',(-1.21115239050017E-15,1.,0.));
#8748=DIRECTION('center_axis',(0.,0.,1.));
#8749=DIRECTION('ref_axis',(1.,0.,0.));
#8750=DIRECTION('',(-1.,2.24004651022667E-16,0.));
#8751=DIRECTION('center_axis',(0.,0.,1.));
#8752=DIRECTION('ref_axis',(1.,0.,0.));
#8753=DIRECTION('',(-1.,2.24004651022667E-16,0.));
#8754=DIRECTION('center_axis',(0.,0.,1.));
#8755=DIRECTION('ref_axis',(0.,1.,0.));
#8756=DIRECTION('',(0.,-1.,0.));
#8757=DIRECTION('',(-1.,0.,0.));
#8758=DIRECTION('',(-1.,0.,0.));
#8759=DIRECTION('center_axis',(-1.,0.,0.));
#8760=DIRECTION('ref_axis',(0.,0.,1.));
#8761=DIRECTION('center_axis',(1.,0.,0.));
#8762=DIRECTION('ref_axis',(0.,0.,1.));
#8763=DIRECTION('',(1.,0.,0.));
#8764=DIRECTION('center_axis',(-1.,0.,0.));
#8765=DIRECTION('ref_axis',(0.,1.,-7.93016446160833E-16));
#8766=DIRECTION('center_axis',(1.,0.,0.));
#8767=DIRECTION('ref_axis',(0.,1.,-7.93016446160833E-16));
#8768=DIRECTION('center_axis',(1.,0.,0.));
#8769=DIRECTION('ref_axis',(0.,1.,0.));
#8770=DIRECTION('',(0.,1.,0.));
#8771=DIRECTION('',(0.,0.,1.));
#8772=DIRECTION('',(0.,0.,-1.));
#8773=DIRECTION('',(0.,1.,0.));
#8774=DIRECTION('',(0.,0.,1.));
#8775=DIRECTION('center_axis',(0.,0.,1.));
#8776=DIRECTION('ref_axis',(1.,0.,0.));
#8777=DIRECTION('',(0.,1.,0.));
#8778=DIRECTION('',(1.,7.36107331770473E-17,0.));
#8779=DIRECTION('center_axis',(0.,0.,1.));
#8780=DIRECTION('ref_axis',(-7.79103876929934E-16,-1.,0.));
#8781=DIRECTION('center_axis',(0.,-1.,0.));
#8782=DIRECTION('ref_axis',(0.,0.,-1.));
#8783=DIRECTION('',(0.,0.,1.));
#8784=DIRECTION('',(-1.,0.,0.));
#8785=DIRECTION('',(0.,0.,-1.));
#8786=DIRECTION('',(1.,0.,0.));
#8787=DIRECTION('',(0.,0.,-1.));
#8788=DIRECTION('center_axis',(0.,-1.,0.));
#8789=DIRECTION('ref_axis',(0.,0.,-1.));
#8790=DIRECTION('',(0.,0.,1.));
#8791=DIRECTION('',(1.,0.,0.));
#8792=DIRECTION('',(0.,0.,-1.));
#8793=DIRECTION('center_axis',(-1.,0.,0.));
#8794=DIRECTION('ref_axis',(0.,-1.,0.));
#8795=DIRECTION('',(0.,-1.,0.));
#8796=DIRECTION('',(0.,0.,1.));
#8797=DIRECTION('',(0.,-1.,0.));
#8798=DIRECTION('center_axis',(-1.,0.,0.));
#8799=DIRECTION('ref_axis',(0.,-1.,0.));
#8800=DIRECTION('',(0.,0.,-1.));
#8801=DIRECTION('',(0.,-1.,0.));
#8802=DIRECTION('',(0.,0.,1.));
#8803=DIRECTION('',(0.,-1.,0.));
#8804=DIRECTION('center_axis',(0.,0.,1.));
#8805=DIRECTION('ref_axis',(1.,0.,0.));
#8806=DIRECTION('',(0.,1.,0.));
#8807=DIRECTION('',(1.,0.,0.));
#8808=DIRECTION('center_axis',(0.,0.,1.));
#8809=DIRECTION('ref_axis',(1.,0.,0.));
#8810=DIRECTION('',(-1.,0.,0.));
#8811=DIRECTION('',(0.,1.,0.));
#8812=DIRECTION('',(1.,0.,0.));
#8813=DIRECTION('center_axis',(-1.,-4.06412400808365E-17,0.));
#8814=DIRECTION('ref_axis',(4.06412400808365E-17,-1.,0.));
#8815=DIRECTION('',(4.06412400808365E-17,-1.,0.));
#8816=DIRECTION('',(0.,0.,1.));
#8817=DIRECTION('',(4.06412400808365E-17,-1.,0.));
#8818=DIRECTION('',(3.72812738441176E-32,-9.17326188127235E-16,1.));
#8819=DIRECTION('center_axis',(-1.,-4.06412400808365E-17,0.));
#8820=DIRECTION('ref_axis',(0.,-1.,-9.251858538543E-16));
#8821=DIRECTION('',(-4.06412400808365E-17,1.,-4.55631810124553E-16));
#8822=DIRECTION('center_axis',(-1.,-4.06412400808365E-17,0.));
#8823=DIRECTION('ref_axis',(0.,-7.40148683083445E-15,1.));
#8824=DIRECTION('',(3.72812738441177E-32,-9.17326188127237E-16,-1.));
#8825=DIRECTION('',(4.06412400808365E-17,-1.,0.));
#8826=DIRECTION('',(3.72812738441176E-32,-9.17326188127235E-16,1.));
#8827=DIRECTION('center_axis',(-1.,-4.06412400808365E-17,0.));
#8828=DIRECTION('ref_axis',(0.,-1.,-9.251858538543E-16));
#8829=DIRECTION('',(-4.06412400808365E-17,1.,-4.55631810124553E-16));
#8830=DIRECTION('center_axis',(-1.,-4.06412400808365E-17,0.));
#8831=DIRECTION('ref_axis',(0.,-7.40148683083445E-15,1.));
#8832=DIRECTION('',(0.,0.,-1.));
#8833=DIRECTION('center_axis',(0.,0.,1.));
#8834=DIRECTION('ref_axis',(1.,0.,0.));
#8835=DIRECTION('',(1.,0.,0.));
#8836=DIRECTION('',(-3.34692565371595E-17,1.,0.));
#8837=DIRECTION('',(1.,0.,0.));
#8838=DIRECTION('center_axis',(0.,1.,0.));
#8839=DIRECTION('ref_axis',(0.,0.,1.));
#8840=DIRECTION('',(0.,0.,1.));
#8841=DIRECTION('',(0.,0.,-1.));
#8842=DIRECTION('center_axis',(0.,0.,1.));
#8843=DIRECTION('ref_axis',(1.,0.,0.));
#8844=DIRECTION('',(1.,0.,0.));
#8845=DIRECTION('',(-3.34692565371595E-17,1.,0.));
#8846=DIRECTION('center_axis',(0.,1.,0.));
#8847=DIRECTION('ref_axis',(-5.5226896680421E-49,0.,1.));
#8848=DIRECTION('',(0.,0.,1.));
#8849=DIRECTION('',(0.,0.,-1.));
#8850=DIRECTION('center_axis',(0.,1.,0.));
#8851=DIRECTION('ref_axis',(0.,0.,1.));
#8852=DIRECTION('',(0.,0.,1.));
#8853=DIRECTION('',(0.,0.,1.));
#8854=DIRECTION('',(1.,0.,0.));
#8855=DIRECTION('center_axis',(1.,0.,0.));
#8856=DIRECTION('ref_axis',(0.,0.,-1.));
#8857=DIRECTION('',(0.,0.,1.));
#8858=DIRECTION('',(-4.06412400808365E-17,1.,0.));
#8859=DIRECTION('center_axis',(1.,0.,0.));
#8860=DIRECTION('ref_axis',(0.,0.,-1.));
#8861=DIRECTION('center_axis',(0.,0.,1.));
#8862=DIRECTION('ref_axis',(-1.75298372309236E-15,1.,0.));
#8863=DIRECTION('',(0.,0.,-1.));
#8864=DIRECTION('',(0.,0.,1.));
#8865=DIRECTION('center_axis',(0.,0.,-1.));
#8866=DIRECTION('ref_axis',(-1.75298372309236E-15,1.,0.));
#8867=DIRECTION('center_axis',(-1.,-3.34692565371595E-17,0.));
#8868=DIRECTION('ref_axis',(3.34692565371595E-17,-1.,0.));
#8869=DIRECTION('',(0.,0.,1.));
#8870=DIRECTION('',(3.34692565371595E-17,-1.,0.));
#8871=DIRECTION('',(0.,0.,-1.));
#8872=DIRECTION('',(-3.34692565371595E-17,1.,0.));
#8873=DIRECTION('',(0.,0.,1.));
#8874=DIRECTION('center_axis',(1.,3.34692565371595E-17,0.));
#8875=DIRECTION('ref_axis',(0.,-7.40148683083445E-15,1.));
#8876=DIRECTION('',(3.34692565371595E-17,-1.,4.55631810124553E-16));
#8877=DIRECTION('center_axis',(1.,3.34692565371595E-17,0.));
#8878=DIRECTION('ref_axis',(0.,-1.,-9.251858538543E-16));
#8879=DIRECTION('',(-3.07022255186851E-32,9.17326188127235E-16,-1.));
#8880=DIRECTION('',(-3.34692565371595E-17,1.,0.));
#8881=DIRECTION('',(-3.07022255186851E-32,9.17326188127237E-16,1.));
#8882=DIRECTION('center_axis',(1.,3.34692565371595E-17,0.));
#8883=DIRECTION('ref_axis',(0.,-7.40148683083445E-15,1.));
#8884=DIRECTION('',(3.34692565371595E-17,-1.,4.55631810124553E-16));
#8885=DIRECTION('center_axis',(1.,3.34692565371595E-17,0.));
#8886=DIRECTION('ref_axis',(0.,-1.,-9.251858538543E-16));
#8887=DIRECTION('',(-3.07022255186851E-32,9.17326188127235E-16,-1.));
#8888=DIRECTION('',(-3.34692565371595E-17,1.,0.));
#8889=DIRECTION('',(0.,0.,1.));
#8890=DIRECTION('center_axis',(0.,0.,1.));
#8891=DIRECTION('ref_axis',(0.,-1.,0.));
#8892=DIRECTION('center_axis',(0.,0.,1.));
#8893=DIRECTION('ref_axis',(-1.21115239050017E-15,1.,0.));
#8894=DIRECTION('',(1.,0.,0.));
#8895=DIRECTION('',(1.,0.,0.));
#8896=DIRECTION('center_axis',(0.,1.,0.));
#8897=DIRECTION('ref_axis',(0.,0.,1.));
#8898=DIRECTION('',(0.,0.,1.));
#8899=DIRECTION('center_axis',(0.,-1.,0.));
#8900=DIRECTION('ref_axis',(0.,0.,-1.));
#8901=DIRECTION('center_axis',(0.,0.,1.));
#8902=DIRECTION('ref_axis',(1.,0.,0.));
#8903=DIRECTION('',(-1.,0.,0.));
#8904=DIRECTION('center_axis',(0.,1.,0.));
#8905=DIRECTION('ref_axis',(0.,0.,1.));
#8906=DIRECTION('',(1.,0.,0.));
#8907=DIRECTION('center_axis',(0.,-1.,-9.17326188127235E-16));
#8908=DIRECTION('ref_axis',(0.,9.17326188127235E-16,-1.));
#8909=DIRECTION('',(1.,0.,0.));
#8910=DIRECTION('',(1.,0.,0.));
#8911=DIRECTION('center_axis',(1.,0.,0.));
#8912=DIRECTION('ref_axis',(0.,-1.,-9.251858538543E-16));
#8913=DIRECTION('',(1.,0.,0.));
#8914=DIRECTION('center_axis',(0.,4.55631810124553E-16,1.));
#8915=DIRECTION('ref_axis',(0.,-1.,4.55631810124553E-16));
#8916=DIRECTION('',(1.,0.,0.));
#8917=DIRECTION('center_axis',(1.,0.,0.));
#8918=DIRECTION('ref_axis',(0.,-7.40148683083445E-15,1.));
#8919=DIRECTION('center_axis',(0.,1.,-9.17326188127237E-16));
#8920=DIRECTION('ref_axis',(0.,9.17326188127237E-16,1.));
#8921=DIRECTION('',(1.,0.,0.));
#8922=DIRECTION('',(-1.,0.,0.));
#8923=DIRECTION('center_axis',(1.,0.,0.));
#8924=DIRECTION('ref_axis',(0.,-1.,-9.251858538543E-16));
#8925=DIRECTION('',(1.,0.,0.));
#8926=DIRECTION('',(1.,0.,0.));
#8927=DIRECTION('center_axis',(0.,-1.,-9.17326188127235E-16));
#8928=DIRECTION('ref_axis',(0.,9.17326188127235E-16,-1.));
#8929=DIRECTION('',(1.,0.,0.));
#8930=DIRECTION('center_axis',(0.,4.55631810124553E-16,1.));
#8931=DIRECTION('ref_axis',(0.,-1.,4.55631810124553E-16));
#8932=DIRECTION('',(1.,0.,0.));
#8933=DIRECTION('center_axis',(1.,0.,0.));
#8934=DIRECTION('ref_axis',(0.,-7.40148683083445E-15,1.));
#8935=DIRECTION('center_axis',(0.,0.,-1.));
#8936=DIRECTION('ref_axis',(6.12323399573677E-17,-1.,0.));
#8937=DIRECTION('center_axis',(0.,0.,-1.));
#8938=DIRECTION('ref_axis',(1.,0.,0.));
#8939=DIRECTION('center_axis',(0.,0.,1.));
#8940=DIRECTION('ref_axis',(1.,0.,0.));
#8941=DIRECTION('center_axis',(0.,0.,1.));
#8942=DIRECTION('ref_axis',(-1.,3.89551938464968E-16,0.));
#8943=DIRECTION('',(1.,7.36107331770473E-17,0.));
#8944=DIRECTION('',(0.,-1.,0.));
#8945=DIRECTION('center_axis',(0.,0.,-1.));
#8946=DIRECTION('ref_axis',(-1.,3.38999396832109E-16,0.));
#8947=DIRECTION('center_axis',(0.,0.,1.));
#8948=DIRECTION('ref_axis',(1.,0.,0.));
#8949=DIRECTION('center_axis',(0.,0.,1.));
#8950=DIRECTION('ref_axis',(1.,0.,0.));
#8951=DIRECTION('',(-1.,-7.36107331770473E-17,0.));
#8952=DIRECTION('',(0.,1.,0.));
#8953=DIRECTION('',(0.,1.,0.));
#8954=DIRECTION('center_axis',(0.,1.,0.));
#8955=DIRECTION('ref_axis',(0.,0.,1.));
#8956=DIRECTION('center_axis',(7.36107331770473E-17,-1.,0.));
#8957=DIRECTION('ref_axis',(0.,0.,1.));
#8958=DIRECTION('',(0.,-1.,0.));
#8959=DIRECTION('center_axis',(0.,1.,0.));
#8960=DIRECTION('ref_axis',(1.,0.,3.83867150574434E-15));
#8961=DIRECTION('center_axis',(7.36107331770473E-17,-1.,0.));
#8962=DIRECTION('ref_axis',(1.,0.,3.83867150574434E-15));
#8963=DIRECTION('center_axis',(0.,1.,0.));
#8964=DIRECTION('ref_axis',(1.,0.,0.));
#8965=DIRECTION('',(0.,1.,0.));
#8966=DIRECTION('center_axis',(7.36107331770473E-17,-1.,0.));
#8967=DIRECTION('ref_axis',(1.,0.,0.));
#8968=DIRECTION('center_axis',(7.36107331770473E-17,-1.,0.));
#8969=DIRECTION('ref_axis',(1.,7.36107331770473E-17,0.));
#8970=DIRECTION('',(1.,7.36107331770473E-17,0.));
#8971=DIRECTION('',(0.,0.,1.));
#8972=DIRECTION('',(0.,0.,1.));
#8973=DIRECTION('center_axis',(0.,0.,1.));
#8974=DIRECTION('ref_axis',(1.,0.,0.));
#8975=DIRECTION('center_axis',(0.,0.,-1.));
#8976=DIRECTION('ref_axis',(1.,0.,0.));
#8977=DIRECTION('',(0.,-1.,0.));
#8978=DIRECTION('center_axis',(1.,0.,0.));
#8979=DIRECTION('ref_axis',(0.,1.,0.));
#8980=DIRECTION('center_axis',(0.717883641135335,-0.696163111483418,0.));
#8981=DIRECTION('ref_axis',(0.696163111483418,0.717883641135335,0.));
#8982=DIRECTION('center_axis',(0.,1.,0.));
#8983=DIRECTION('ref_axis',(0.,0.,1.));
#8984=DIRECTION('',(0.,0.,1.));
#8985=DIRECTION('',(-1.,0.,0.));
#8986=DIRECTION('',(0.,0.,1.));
#8987=DIRECTION('',(-1.,0.,0.));
#8988=DIRECTION('',(0.,0.,-1.));
#8989=DIRECTION('',(-1.,0.,0.));
#8990=DIRECTION('',(0.,0.,-1.));
#8991=DIRECTION('',(0.,0.,1.));
#8992=DIRECTION('',(1.,0.,0.));
#8993=DIRECTION('',(0.,0.,-1.));
#8994=DIRECTION('center_axis',(0.,1.,0.));
#8995=DIRECTION('ref_axis',(0.,0.,1.));
#8996=DIRECTION('',(0.,0.,-1.));
#8997=DIRECTION('',(0.,0.,1.));
#8998=DIRECTION('',(-1.,0.,0.));
#8999=DIRECTION('',(0.,0.,1.));
#9000=DIRECTION('',(-1.,0.,0.));
#9001=DIRECTION('',(0.,0.,-1.));
#9002=DIRECTION('',(-1.,0.,0.));
#9003=DIRECTION('',(0.,0.,1.));
#9004=DIRECTION('',(1.,0.,0.));
#9005=DIRECTION('center_axis',(1.,0.,0.));
#9006=DIRECTION('ref_axis',(0.,0.,1.));
#9007=DIRECTION('',(0.,-1.,0.));
#9008=DIRECTION('',(0.,0.,-1.));
#9009=DIRECTION('center_axis',(1.,0.,0.));
#9010=DIRECTION('ref_axis',(0.,0.,1.));
#9011=DIRECTION('',(0.,-1.,0.));
#9012=DIRECTION('',(0.,0.,-1.));
#9013=DIRECTION('',(0.,-1.,0.));
#9014=DIRECTION('center_axis',(0.,0.,-1.));
#9015=DIRECTION('ref_axis',(1.,0.,0.));
#9016=DIRECTION('',(0.,-1.,0.));
#9017=DIRECTION('center_axis',(0.,0.,1.));
#9018=DIRECTION('ref_axis',(1.,0.,0.));
#9019=DIRECTION('center_axis',(0.,0.,-1.));
#9020=DIRECTION('ref_axis',(1.,0.,0.));
#9021=DIRECTION('center_axis',(-1.,0.,0.));
#9022=DIRECTION('ref_axis',(0.,0.,-1.));
#9023=DIRECTION('',(0.,-1.,0.));
#9024=DIRECTION('',(0.,0.,1.));
#9025=DIRECTION('center_axis',(0.,0.,-1.));
#9026=DIRECTION('ref_axis',(1.,0.,0.));
#9027=DIRECTION('center_axis',(0.,0.,-1.));
#9028=DIRECTION('ref_axis',(1.,0.,0.));
#9029=DIRECTION('',(0.,-1.,0.));
#9030=DIRECTION('center_axis',(0.,0.,-1.));
#9031=DIRECTION('ref_axis',(1.,0.,0.));
#9032=DIRECTION('',(-1.,2.24004651022667E-16,0.));
#9033=DIRECTION('center_axis',(0.,0.,-1.));
#9034=DIRECTION('ref_axis',(1.,0.,0.));
#9035=DIRECTION('center_axis',(-1.,0.,0.));
#9036=DIRECTION('ref_axis',(0.,0.,-1.));
#9037=DIRECTION('',(0.,0.,1.));
#9038=DIRECTION('center_axis',(0.,0.,-1.));
#9039=DIRECTION('ref_axis',(1.,0.,0.));
#9040=DIRECTION('',(0.,-1.,0.));
#9041=DIRECTION('center_axis',(0.,0.,1.));
#9042=DIRECTION('ref_axis',(1.,0.,0.));
#9043=DIRECTION('',(0.,-1.,0.));
#9044=DIRECTION('center_axis',(0.,0.,-1.));
#9045=DIRECTION('ref_axis',(1.,0.,0.));
#9046=DIRECTION('center_axis',(-1.,0.,0.));
#9047=DIRECTION('ref_axis',(0.,0.,-1.));
#9048=DIRECTION('',(0.,-1.,0.));
#9049=DIRECTION('',(0.,0.,1.));
#9050=DIRECTION('center_axis',(-1.,0.,0.));
#9051=DIRECTION('ref_axis',(0.,0.,-1.));
#9052=DIRECTION('',(0.,0.,1.));
#9053=DIRECTION('',(0.,-1.,0.));
#9054=DIRECTION('center_axis',(1.,0.,0.));
#9055=DIRECTION('ref_axis',(0.,0.,1.));
#9056=DIRECTION('',(0.,-1.,0.));
#9057=DIRECTION('',(0.,0.,-1.));
#9058=DIRECTION('center_axis',(-1.,0.,0.));
#9059=DIRECTION('ref_axis',(0.,0.,-1.));
#9060=DIRECTION('',(0.,0.,1.));
#9061=DIRECTION('',(0.,-1.,0.));
#9062=DIRECTION('center_axis',(1.,0.,0.));
#9063=DIRECTION('ref_axis',(0.,0.,1.));
#9064=DIRECTION('',(0.,0.,-1.));
#9065=DIRECTION('',(0.,-1.,0.));
#9066=DIRECTION('center_axis',(1.,0.,0.));
#9067=DIRECTION('ref_axis',(0.,0.,1.));
#9068=DIRECTION('',(0.,-1.,0.));
#9069=DIRECTION('',(0.,0.,-1.));
#9070=DIRECTION('center_axis',(-1.,0.,0.));
#9071=DIRECTION('ref_axis',(0.,0.,-1.));
#9072=DIRECTION('',(0.,0.,1.));
#9073=DIRECTION('',(0.,-1.,0.));
#9074=DIRECTION('center_axis',(0.,0.,1.));
#9075=DIRECTION('ref_axis',(-1.,0.,0.));
#9076=DIRECTION('center_axis',(0.,0.,-1.));
#9077=DIRECTION('ref_axis',(-1.,0.,0.));
#9078=DIRECTION('center_axis',(0.,0.,-1.));
#9079=DIRECTION('ref_axis',(-1.,0.,0.));
#9080=DIRECTION('center_axis',(0.,0.,-1.));
#9081=DIRECTION('ref_axis',(1.,0.,0.));
#9082=DIRECTION('center_axis',(0.,0.,-1.));
#9083=DIRECTION('ref_axis',(-1.,0.,0.));
#9084=DIRECTION('',(0.,0.,-1.));
#9085=DIRECTION('center_axis',(0.,0.,1.));
#9086=DIRECTION('ref_axis',(-1.,0.,0.));
#9087=DIRECTION('center_axis',(0.,0.,-1.));
#9088=DIRECTION('ref_axis',(-1.,0.,0.));
#9089=DIRECTION('center_axis',(0.,0.,-1.));
#9090=DIRECTION('ref_axis',(-1.,0.,0.));
#9091=DIRECTION('center_axis',(0.,0.,-1.));
#9092=DIRECTION('ref_axis',(1.,0.,0.));
#9093=DIRECTION('center_axis',(0.,0.,-1.));
#9094=DIRECTION('ref_axis',(1.,0.,0.));
#9095=DIRECTION('center_axis',(0.,0.,1.));
#9096=DIRECTION('ref_axis',(1.,0.,0.));
#9097=DIRECTION('center_axis',(0.,0.,-1.));
#9098=DIRECTION('ref_axis',(1.,0.,0.));
#9099=DIRECTION('center_axis',(0.,0.,-1.));
#9100=DIRECTION('ref_axis',(1.,0.,0.));
#9101=DIRECTION('center_axis',(0.,0.,1.));
#9102=DIRECTION('ref_axis',(1.,0.,0.));
#9103=DIRECTION('center_axis',(0.,0.,-1.));
#9104=DIRECTION('ref_axis',(1.,0.,0.));
#9105=DIRECTION('center_axis',(0.,0.,-1.));
#9106=DIRECTION('ref_axis',(-1.,0.,0.));
#9107=DIRECTION('',(0.,0.,-1.));
#9108=DIRECTION('center_axis',(0.,0.,-1.));
#9109=DIRECTION('ref_axis',(-0.947145637423824,0.320803898836997,0.));
#9110=DIRECTION('',(0.,0.,1.));
#9111=DIRECTION('center_axis',(0.,0.,-1.));
#9112=DIRECTION('ref_axis',(1.,0.,0.));
#9113=DIRECTION('',(0.,0.,-1.));
#9114=DIRECTION('center_axis',(2.24004651022667E-16,1.,0.));
#9115=DIRECTION('ref_axis',(-1.,2.24004651022667E-16,0.));
#9116=DIRECTION('',(0.,0.,1.));
#9117=DIRECTION('',(-1.,2.24004651022667E-16,0.));
#9118=DIRECTION('',(0.,0.,1.));
#9119=DIRECTION('center_axis',(0.,0.,-1.));
#9120=DIRECTION('ref_axis',(-0.946859508460792,0.32164743312731,0.));
#9121=DIRECTION('center_axis',(0.,0.,-1.));
#9122=DIRECTION('ref_axis',(1.,0.,0.));
#9123=DIRECTION('center_axis',(0.,0.,-1.));
#9124=DIRECTION('ref_axis',(1.,0.,0.));
#9125=DIRECTION('center_axis',(0.,0.,-1.));
#9126=DIRECTION('ref_axis',(1.,0.,0.));
#9127=DIRECTION('center_axis',(0.,0.,1.));
#9128=DIRECTION('ref_axis',(1.,-4.67462326157962E-15,0.));
#9129=DIRECTION('center_axis',(0.,0.,1.));
#9130=DIRECTION('ref_axis',(1.,-4.67462326157962E-15,0.));
#9131=DIRECTION('center_axis',(0.,0.,1.));
#9132=DIRECTION('ref_axis',(-1.,0.,0.));
#9133=DIRECTION('center_axis',(0.,0.,1.));
#9134=DIRECTION('ref_axis',(1.,0.,0.));
#9135=DIRECTION('center_axis',(0.,0.,1.));
#9136=DIRECTION('ref_axis',(-1.,0.,0.));
#9137=DIRECTION('center_axis',(0.,0.,-1.));
#9138=DIRECTION('ref_axis',(-1.,0.,0.));
#9139=DIRECTION('center_axis',(0.,0.,1.));
#9140=DIRECTION('ref_axis',(1.,0.,0.));
#9141=DIRECTION('center_axis',(0.,0.,-1.));
#9142=DIRECTION('ref_axis',(-1.,0.,0.));
#9143=DIRECTION('',(0.,0.,-1.));
#9144=DIRECTION('center_axis',(0.,0.,-1.));
#9145=DIRECTION('ref_axis',(-1.,0.,0.));
#9146=DIRECTION('',(0.,0.,-1.));
#9147=DIRECTION('center_axis',(0.,0.,1.));
#9148=DIRECTION('ref_axis',(-1.,0.,0.));
#9149=DIRECTION('center_axis',(0.,0.,-1.));
#9150=DIRECTION('ref_axis',(-1.,0.,0.));
#9151=DIRECTION('center_axis',(0.,0.,1.));
#9152=DIRECTION('ref_axis',(1.,0.,0.));
#9153=DIRECTION('center_axis',(0.,0.,1.));
#9154=DIRECTION('ref_axis',(-1.,0.,0.));
#9155=DIRECTION('center_axis',(0.,0.,-1.));
#9156=DIRECTION('ref_axis',(-1.,0.,0.));
#9157=DIRECTION('center_axis',(0.,0.,1.));
#9158=DIRECTION('ref_axis',(1.,0.,0.));
#9159=DIRECTION('center_axis',(0.,0.,-1.));
#9160=DIRECTION('ref_axis',(-1.,0.,0.));
#9161=DIRECTION('',(0.,0.,-1.));
#9162=DIRECTION('center_axis',(0.,0.,-1.));
#9163=DIRECTION('ref_axis',(-1.,0.,0.));
#9164=DIRECTION('',(0.,0.,-1.));
#9165=DIRECTION('center_axis',(0.,0.,-1.));
#9166=DIRECTION('ref_axis',(1.,0.,0.));
#9167=DIRECTION('center_axis',(0.,0.,-1.));
#9168=DIRECTION('ref_axis',(1.,0.,0.));
#9169=DIRECTION('center_axis',(0.,0.,-1.));
#9170=DIRECTION('ref_axis',(1.,0.,0.));
#9171=DIRECTION('center_axis',(0.,0.,-1.));
#9172=DIRECTION('ref_axis',(1.,0.,0.));
#9173=DIRECTION('center_axis',(0.,0.,1.));
#9174=DIRECTION('ref_axis',(-1.83697019872103E-16,1.,0.));
#9175=DIRECTION('center_axis',(0.,0.,1.));
#9176=DIRECTION('ref_axis',(1.,0.,0.));
#9177=DIRECTION('',(0.,0.,-1.));
#9178=DIRECTION('center_axis',(0.,0.,1.));
#9179=DIRECTION('ref_axis',(-1.83697019872103E-16,1.,0.));
#9180=DIRECTION('center_axis',(0.,0.,1.));
#9181=DIRECTION('ref_axis',(1.,0.,0.));
#9182=DIRECTION('',(0.,0.,-1.));
#9183=DIRECTION('center_axis',(0.,0.,1.));
#9184=DIRECTION('ref_axis',(1.,0.,0.));
#9185=DIRECTION('',(0.,0.,-1.));
#9186=DIRECTION('center_axis',(0.,0.,1.));
#9187=DIRECTION('ref_axis',(1.,0.,0.));
#9188=DIRECTION('',(0.,0.,-1.));
#9189=DIRECTION('center_axis',(0.,0.,1.));
#9190=DIRECTION('ref_axis',(1.,0.,0.));
#9191=DIRECTION('',(0.,0.,-1.));
#9192=DIRECTION('center_axis',(0.,0.,1.));
#9193=DIRECTION('ref_axis',(1.,0.,0.));
#9194=DIRECTION('',(0.,0.,-1.));
#9195=DIRECTION('center_axis',(0.,0.,1.));
#9196=DIRECTION('ref_axis',(1.,0.,0.));
#9197=DIRECTION('',(0.,0.,-1.));
#9198=DIRECTION('center_axis',(0.,0.,1.));
#9199=DIRECTION('ref_axis',(1.,0.,0.));
#9200=DIRECTION('center_axis',(0.,0.,1.));
#9201=DIRECTION('ref_axis',(1.,0.,0.));
#9202=DIRECTION('',(0.,0.,-1.));
#9203=DIRECTION('center_axis',(0.,0.,-1.));
#9204=DIRECTION('ref_axis',(1.,0.,0.));
#9205=DIRECTION('center_axis',(0.,0.,1.));
#9206=DIRECTION('ref_axis',(1.,0.,0.));
#9207=DIRECTION('',(0.,0.,-1.));
#9208=DIRECTION('center_axis',(0.,0.,1.));
#9209=DIRECTION('ref_axis',(-1.,3.89551938464968E-16,0.));
#9210=DIRECTION('center_axis',(0.,0.,-1.));
#9211=DIRECTION('ref_axis',(1.,0.,0.));
#9212=DIRECTION('center_axis',(0.,0.,1.));
#9213=DIRECTION('ref_axis',(-7.79103876929934E-16,-1.,0.));
#9214=DIRECTION('center_axis',(0.,0.,1.));
#9215=DIRECTION('ref_axis',(-1.21115239050017E-15,1.,0.));
#9216=DIRECTION('center_axis',(0.,0.,1.));
#9217=DIRECTION('ref_axis',(-1.,3.38999396832109E-16,0.));
#9218=CARTESIAN_POINT('',(0.,0.,0.));
#9219=CARTESIAN_POINT('Origin',(27.1249995177612,-1.25,24.25));
#9220=CARTESIAN_POINT('',(11.1,-0.500000000000009,25.));
#9221=CARTESIAN_POINT('',(11.1,-2.,23.5));
#9222=CARTESIAN_POINT('',(11.1,-0.500000000000009,25.));
#9223=CARTESIAN_POINT('',(75.1999980710447,-1.99999999999999,23.5));
#9224=CARTESIAN_POINT('',(27.1249995177612,-2.,23.5));
#9225=CARTESIAN_POINT('',(75.1999980710447,-0.500000000000003,25.));
#9226=CARTESIAN_POINT('',(75.1999980710447,-1.99999999999999,23.5));
#9227=CARTESIAN_POINT('',(27.1249995177612,-0.500000000000007,25.));
#9228=CARTESIAN_POINT('Origin',(11.1,11.1,24.25));
#9229=CARTESIAN_POINT('',(-0.499999999999998,11.1,25.));
#9230=CARTESIAN_POINT('',(-2.,11.1,23.5));
#9231=CARTESIAN_POINT('',(-0.499999999999998,11.1,25.));
#9232=CARTESIAN_POINT('Origin',(11.1,11.1,23.5));
#9233=CARTESIAN_POINT('Origin',(11.1,11.1,25.));
#9234=CARTESIAN_POINT('Origin',(-1.25,96.2749978089705,24.25));
#9235=CARTESIAN_POINT('',(-0.500000000000008,127.199997078627,25.));
#9236=CARTESIAN_POINT('',(-2.,127.199997078627,23.5));
#9237=CARTESIAN_POINT('',(-0.500000000000008,127.199997078627,25.));
#9238=CARTESIAN_POINT('',(-2.,96.2749978089705,23.5));
#9239=CARTESIAN_POINT('',(-0.500000000000007,96.2749978089705,25.));
#9240=CARTESIAN_POINT('Origin',(3.49999999999999,127.199997078627,24.25));
#9241=CARTESIAN_POINT('',(3.49999999999999,131.199997078627,25.));
#9242=CARTESIAN_POINT('',(3.49999999999999,132.699997078627,23.5));
#9243=CARTESIAN_POINT('',(3.49999999999999,131.199997078627,25.));
#9244=CARTESIAN_POINT('Origin',(3.49999999999999,127.199997078627,23.5));
#9245=CARTESIAN_POINT('Origin',(3.49999999999999,127.199997078627,25.));
#9246=CARTESIAN_POINT('Origin',(62.9749985532835,131.949997078627,24.25));
#9247=CARTESIAN_POINT('',(82.7999980710447,131.199997078627,25.));
#9248=CARTESIAN_POINT('',(82.7999980710447,132.699997078627,23.5));
#9249=CARTESIAN_POINT('',(82.7999980710447,131.199997078627,25.));
#9250=CARTESIAN_POINT('',(62.9749985532835,132.699997078627,23.5));
#9251=CARTESIAN_POINT('',(62.9749985532835,131.199997078627,25.));
#9252=CARTESIAN_POINT('Origin',(82.7999980710447,127.199997078627,24.25));
#9253=CARTESIAN_POINT('',(86.7999980710447,127.199997078627,25.));
#9254=CARTESIAN_POINT('',(88.2999980710447,127.199997078627,23.5));
#9255=CARTESIAN_POINT('',(86.7999980710447,127.199997078627,25.));
#9256=CARTESIAN_POINT('Origin',(82.7999980710447,127.199997078627,23.5));
#9257=CARTESIAN_POINT('Origin',(82.7999980710447,127.199997078627,25.));
#9258=CARTESIAN_POINT('Origin',(87.5499980710447,38.2249992696568,24.25));
#9259=CARTESIAN_POINT('',(86.7999980710447,11.1,25.));
#9260=CARTESIAN_POINT('',(88.2999980710447,11.1,23.5));
#9261=CARTESIAN_POINT('',(86.7999980710447,11.1,25.));
#9262=CARTESIAN_POINT('',(88.2999980710447,38.2249992696568,23.5));
#9263=CARTESIAN_POINT('',(86.7999980710447,38.2249992696568,25.));
#9264=CARTESIAN_POINT('Origin',(75.1999980710447,11.1,24.25));
#9265=CARTESIAN_POINT('Origin',(75.1999980710447,11.1,23.5));
#9266=CARTESIAN_POINT('Origin',(75.1999980710447,11.1,25.));
#9267=CARTESIAN_POINT('Origin',(82.7999980710447,127.199997078627,0.));
#9268=CARTESIAN_POINT('',(88.2999980710447,127.199997078627,4.1));
#9269=CARTESIAN_POINT('',(88.2999980710447,127.199997078627,0.));
#9270=CARTESIAN_POINT('',(82.7999980710447,132.699997078627,4.1));
#9271=CARTESIAN_POINT('Origin',(82.7999980710447,127.199997078627,4.1));
#9272=CARTESIAN_POINT('',(82.7999980710447,132.699997078627,0.));
#9273=CARTESIAN_POINT('Origin',(88.2999980710447,11.1,0.));
#9274=CARTESIAN_POINT('',(88.2999980710447,11.1,4.1));
#9275=CARTESIAN_POINT('',(88.2999980710447,11.1,0.));
#9276=CARTESIAN_POINT('',(88.2999980710447,94.6035774058979,4.1));
#9277=CARTESIAN_POINT('',(88.2999980710447,38.2249992696568,4.1));
#9278=CARTESIAN_POINT('',(88.2999980710447,96.0000014156103,5.4000000745058));
#9279=CARTESIAN_POINT('Origin',(88.2999980710447,96.0000014156103,4.00000007450581));
#9280=CARTESIAN_POINT('',(88.2999980710447,108.000001624227,5.4000000745058));
#9281=CARTESIAN_POINT('',(88.2999980710447,53.5500007078052,5.4000000745058));
#9282=CARTESIAN_POINT('',(88.2999980710447,109.396425633939,4.1));
#9283=CARTESIAN_POINT('Origin',(88.2999980710447,108.000001624227,4.00000007450581));
#9284=CARTESIAN_POINT('',(88.2999980710447,38.2249992696568,4.1));
#9285=CARTESIAN_POINT('',(88.2999980710447,114.520304290084,17.9829642135545));
#9286=CARTESIAN_POINT('',(88.2999980710447,115.388545178419,13.0589254484935));
#9287=CARTESIAN_POINT('',(88.2999980710447,114.498686412205,18.105565291352));
#9288=CARTESIAN_POINT('',(88.2999980710447,112.434121919382,12.5379809154927));
#9289=CARTESIAN_POINT('Origin',(88.2999980710447,113.911333548901,12.7984531819931));
#9290=CARTESIAN_POINT('',(88.2999980710447,111.565881031048,17.4620196805537));
#9291=CARTESIAN_POINT('',(88.2999980710447,111.978383597335,15.1226013758209));
#9292=CARTESIAN_POINT('Origin',(88.2999980710447,113.043092660566,17.7224919470541));
#9293=CARTESIAN_POINT('',(88.2999980710447,119.520304290084,17.9829642135545));
#9294=CARTESIAN_POINT('',(88.2999980710447,120.388545178419,13.0589254484935));
#9295=CARTESIAN_POINT('',(88.2999980710447,119.423302188187,18.5330904705091));
#9296=CARTESIAN_POINT('',(88.2999980710447,117.434121919382,12.5379809154927));
#9297=CARTESIAN_POINT('Origin',(88.2999980710447,118.911333548901,12.7984531819931));
#9298=CARTESIAN_POINT('',(88.2999980710447,116.565881031048,17.4620196805537));
#9299=CARTESIAN_POINT('',(88.2999980710447,116.902999373318,15.550126554978));
#9300=CARTESIAN_POINT('Origin',(88.2999980710447,118.043092660566,17.7224919470541));
#9301=CARTESIAN_POINT('',(88.2999980710447,99.5203042900843,17.9829642135545));
#9302=CARTESIAN_POINT('',(88.2999980710447,100.388545178419,13.0589254484935));
#9303=CARTESIAN_POINT('',(88.2999980710447,99.7248390842575,16.8229897538808));
#9304=CARTESIAN_POINT('',(88.2999980710447,97.4341219193823,12.5379809154927));
#9305=CARTESIAN_POINT('Origin',(88.2999980710447,98.9113335489006,12.7984531819931));
#9306=CARTESIAN_POINT('',(88.2999980710447,96.5658810310476,17.4620196805537));
#9307=CARTESIAN_POINT('',(88.2999980710447,97.2045362693882,13.8400258383496));
#9308=CARTESIAN_POINT('Origin',(88.2999980710447,98.0430926605659,17.7224919470541));
#9309=CARTESIAN_POINT('',(88.2999980710447,94.5203042900843,17.9829642135545));
#9310=CARTESIAN_POINT('',(88.2999980710447,95.3885451784189,13.0589254484935));
#9311=CARTESIAN_POINT('',(88.2999980710447,94.8002233082751,16.3954645747237));
#9312=CARTESIAN_POINT('',(88.2999980710447,92.4341219193823,12.5379809154927));
#9313=CARTESIAN_POINT('Origin',(88.2999980710447,93.9113335489006,12.7984531819931));
#9314=CARTESIAN_POINT('',(88.2999980710447,91.5658810310476,17.4620196805537));
#9315=CARTESIAN_POINT('',(88.2999980710447,92.2799204934058,13.4125006591925));
#9316=CARTESIAN_POINT('Origin',(88.2999980710447,93.0430926605659,17.7224919470541));
#9317=CARTESIAN_POINT('',(88.2999980710447,104.520304290084,17.9829642135545));
#9318=CARTESIAN_POINT('',(88.2999980710447,105.388545178419,13.0589254484935));
#9319=CARTESIAN_POINT('',(88.2999980710447,104.64945486024,17.2505149330379));
#9320=CARTESIAN_POINT('',(88.2999980710447,102.434121919382,12.5379809154927));
#9321=CARTESIAN_POINT('Origin',(88.2999980710447,103.911333548901,12.7984531819931));
#9322=CARTESIAN_POINT('',(88.2999980710447,101.565881031048,17.4620196805537));
#9323=CARTESIAN_POINT('',(88.2999980710447,102.129152045371,14.2675510175067));
#9324=CARTESIAN_POINT('Origin',(88.2999980710447,103.043092660566,17.7224919470541));
#9325=CARTESIAN_POINT('',(88.2999980710447,109.520304290084,17.9829642135545));
#9326=CARTESIAN_POINT('',(88.2999980710447,110.388545178419,13.0589254484935));
#9327=CARTESIAN_POINT('',(88.2999980710447,109.574070636222,17.678040112195));
#9328=CARTESIAN_POINT('',(88.2999980710447,107.434121919382,12.5379809154927));
#9329=CARTESIAN_POINT('Origin',(88.2999980710447,108.911333548901,12.7984531819931));
#9330=CARTESIAN_POINT('',(88.2999980710447,106.565881031048,17.4620196805537));
#9331=CARTESIAN_POINT('',(88.2999980710447,107.053767821353,14.6950761966638));
#9332=CARTESIAN_POINT('Origin',(88.2999980710447,108.043092660566,17.7224919470541));
#9333=CARTESIAN_POINT('',(88.2999980710447,89.5203042900843,17.9829642135545));
#9334=CARTESIAN_POINT('',(88.2999980710447,90.3885451784189,13.0589254484935));
#9335=CARTESIAN_POINT('',(88.2999980710447,89.8756075322927,15.9679393955666));
#9336=CARTESIAN_POINT('',(88.2999980710447,87.4341219193823,12.5379809154927));
#9337=CARTESIAN_POINT('Origin',(88.2999980710447,88.9113335489006,12.7984531819931));
#9338=CARTESIAN_POINT('',(88.2999980710447,86.5658810310476,17.4620196805537));
#9339=CARTESIAN_POINT('',(88.2999980710447,87.3553047174234,12.9849754800354));
#9340=CARTESIAN_POINT('Origin',(88.2999980710447,88.0430926605659,17.7224919470541));
#9341=CARTESIAN_POINT('',(88.2999980710447,82.4341219193823,12.5379809154927));
#9342=CARTESIAN_POINT('',(88.2999980710447,81.5658810310477,17.4620196805537));
#9343=CARTESIAN_POINT('',(88.2999980710447,82.430688941441,12.5574503008783));
#9344=CARTESIAN_POINT('',(88.2999980710447,84.5203042900843,17.9829642135545));
#9345=CARTESIAN_POINT('Origin',(88.2999980710447,83.0430926605659,17.7224919470541));
#9346=CARTESIAN_POINT('',(88.2999980710447,85.3885451784189,13.0589254484935));
#9347=CARTESIAN_POINT('',(88.2999980710447,84.9509917563103,15.5404142164095));
#9348=CARTESIAN_POINT('Origin',(88.2999980710447,83.9113335489006,12.7984531819931));
#9349=CARTESIAN_POINT('',(88.2999980710447,109.714033774457,5.99999988377095));
#9350=CARTESIAN_POINT('',(88.2999980710447,109.714033774457,7.51818416194658));
#9351=CARTESIAN_POINT('',(88.2999980710447,109.714033774457,2.99999994188547));
#9352=CARTESIAN_POINT('',(88.2999980710447,110.514033774457,8.31818416194657));
#9353=CARTESIAN_POINT('Origin',(88.2999980710447,110.514033774457,7.51818416194657));
#9354=CARTESIAN_POINT('',(88.2999980710447,112.899997458607,8.31818416194658));
#9355=CARTESIAN_POINT('',(88.2999980710447,60.8070168872285,8.31818416194657));
#9356=CARTESIAN_POINT('',(88.2999980710447,113.699997458607,7.51818416194657));
#9357=CARTESIAN_POINT('Origin',(88.2999980710447,112.899997458607,7.51818416194658));
#9358=CARTESIAN_POINT('',(88.2999980710447,113.699997458607,5.99999988377094));
#9359=CARTESIAN_POINT('',(88.2999980710447,113.699997458607,3.75909208097269));
#9360=CARTESIAN_POINT('',(88.2999980710447,112.899997458607,5.19999988377095));
#9361=CARTESIAN_POINT('Origin',(88.2999980710447,112.899997458607,5.99999988377094));
#9362=CARTESIAN_POINT('',(88.2999980710447,110.514033774457,5.19999988377095));
#9363=CARTESIAN_POINT('',(88.2999980710447,61.9999987293035,5.19999988377083));
#9364=CARTESIAN_POINT('Origin',(88.2999980710447,110.514033774457,5.99999988377095));
#9365=CARTESIAN_POINT('Origin',(75.1999980710447,11.1,0.));
#9366=CARTESIAN_POINT('',(75.1999980710447,-1.99999999999999,4.1));
#9367=CARTESIAN_POINT('',(75.1999980710447,-1.99999999999999,0.));
#9368=CARTESIAN_POINT('Origin',(75.1999980710447,11.1,4.1));
#9369=CARTESIAN_POINT('Origin',(11.1,-2.,0.));
#9370=CARTESIAN_POINT('',(11.1,-1.99999999999999,4.1));
#9371=CARTESIAN_POINT('',(11.1,-2.,0.));
#9372=CARTESIAN_POINT('',(31.8256423389109,-1.99999999999999,4.1));
#9373=CARTESIAN_POINT('',(27.1249995177612,-2.,4.1));
#9374=CARTESIAN_POINT('',(38.8254166058919,-1.99999999999999,4.1));
#9375=CARTESIAN_POINT('Origin',(35.3255294724014,-2.,4.0718921216047));
#9376=CARTESIAN_POINT('',(59.1414468500279,-1.99999999999999,4.1));
#9377=CARTESIAN_POINT('',(27.1249995177612,-2.,4.1));
#9378=CARTESIAN_POINT('',(60.3716125982979,-2.,5.3));
#9379=CARTESIAN_POINT('Origin',(60.6912917246374,-2.,3.74173983685997));
#9380=CARTESIAN_POINT('',(68.026348430162,-2.,5.3));
#9381=CARTESIAN_POINT('',(35.7358062991489,-2.,5.3));
#9382=CARTESIAN_POINT('',(69.256514178432,-1.99999999999999,4.1));
#9383=CARTESIAN_POINT('Origin',(67.7066693038225,-2.,3.74173983685997));
#9384=CARTESIAN_POINT('',(27.1249995177612,-2.,4.1));
#9385=CARTESIAN_POINT('',(67.888545178419,-2.,11.5589254484935));
#9386=CARTESIAN_POINT('',(67.8885451784189,-2.,16.5589254484935));
#9387=CARTESIAN_POINT('',(67.8885451784189,-1.99999999999999,5.77946272424675));
#9388=CARTESIAN_POINT('',(70.8885451784189,-2.,16.5589254484935));
#9389=CARTESIAN_POINT('Origin',(69.3885451784189,-2.,16.5589254484935));
#9390=CARTESIAN_POINT('',(70.888545178419,-2.,11.5589254484935));
#9391=CARTESIAN_POINT('',(70.888545178419,-1.99999999999999,8.27946272424686));
#9392=CARTESIAN_POINT('Origin',(69.388545178419,-2.,11.5589254484935));
#9393=CARTESIAN_POINT('',(29.8885451784189,-2.,11.5589254484935));
#9394=CARTESIAN_POINT('',(29.8885451784189,-2.,16.5589254484935));
#9395=CARTESIAN_POINT('',(29.8885451784189,-2.,5.77946272424675));
#9396=CARTESIAN_POINT('',(32.8885451784189,-2.,16.5589254484935));
#9397=CARTESIAN_POINT('Origin',(31.3885451784189,-2.,16.5589254484935));
#9398=CARTESIAN_POINT('',(32.888545178419,-2.,11.5589254484935));
#9399=CARTESIAN_POINT('',(32.888545178419,-2.,8.27946272424679));
#9400=CARTESIAN_POINT('Origin',(31.388545178419,-2.,11.5589254484935));
#9401=CARTESIAN_POINT('',(17.8885451784189,-2.,16.5589254484935));
#9402=CARTESIAN_POINT('',(17.888545178419,-2.,11.5589254484935));
#9403=CARTESIAN_POINT('',(17.888545178419,-2.,8.27946272424676));
#9404=CARTESIAN_POINT('',(14.8885451784189,-2.,11.5589254484935));
#9405=CARTESIAN_POINT('Origin',(16.3885451784189,-2.,11.5589254484935));
#9406=CARTESIAN_POINT('',(14.8885451784189,-2.,16.5589254484935));
#9407=CARTESIAN_POINT('',(14.8885451784189,-2.,5.77946272424675));
#9408=CARTESIAN_POINT('Origin',(16.3885451784189,-2.,16.5589254484935));
#9409=CARTESIAN_POINT('',(22.8885451784189,-2.,16.5589254484935));
#9410=CARTESIAN_POINT('',(22.888545178419,-2.,11.5589254484935));
#9411=CARTESIAN_POINT('',(22.888545178419,-2.,8.27946272424677));
#9412=CARTESIAN_POINT('',(19.8885451784189,-2.,11.5589254484935));
#9413=CARTESIAN_POINT('Origin',(21.3885451784189,-2.,11.5589254484935));
#9414=CARTESIAN_POINT('',(19.8885451784189,-2.,16.5589254484935));
#9415=CARTESIAN_POINT('',(19.8885451784189,-2.,5.77946272424675));
#9416=CARTESIAN_POINT('Origin',(21.3885451784189,-2.,16.5589254484935));
#9417=CARTESIAN_POINT('',(65.8885451784189,-2.,16.5589254484935));
#9418=CARTESIAN_POINT('',(65.888545178419,-2.,11.5589254484935));
#9419=CARTESIAN_POINT('',(65.888545178419,-1.99999999999999,8.27946272424685));
#9420=CARTESIAN_POINT('',(62.8885451784189,-2.,11.5589254484935));
#9421=CARTESIAN_POINT('Origin',(64.3885451784189,-2.,11.5589254484935));
#9422=CARTESIAN_POINT('',(62.8885451784189,-2.,16.5589254484935));
#9423=CARTESIAN_POINT('',(62.8885451784189,-1.99999999999999,5.77946272424675));
#9424=CARTESIAN_POINT('Origin',(64.3885451784189,-2.,16.5589254484935));
#9425=CARTESIAN_POINT('',(57.8885451784189,-2.,11.5589254484935));
#9426=CARTESIAN_POINT('',(57.8885451784189,-2.,16.5589254484935));
#9427=CARTESIAN_POINT('',(57.8885451784189,-2.,5.77946272424675));
#9428=CARTESIAN_POINT('',(60.8885451784189,-2.,16.5589254484935));
#9429=CARTESIAN_POINT('Origin',(59.3885451784189,-2.,16.5589254484935));
#9430=CARTESIAN_POINT('',(60.8885451784189,-2.,11.5589254484935));
#9431=CARTESIAN_POINT('',(60.888545178419,-1.99999999999999,8.27946272424684));
#9432=CARTESIAN_POINT('Origin',(59.3885451784189,-2.,11.5589254484935));
#9433=CARTESIAN_POINT('',(52.8885451784189,-2.,11.5589254484935));
#9434=CARTESIAN_POINT('',(52.8885451784189,-2.,16.5589254484935));
#9435=CARTESIAN_POINT('',(52.8885451784189,-2.,5.77946272424675));
#9436=CARTESIAN_POINT('',(55.8885451784189,-2.,16.5589254484935));
#9437=CARTESIAN_POINT('Origin',(54.3885451784189,-2.,16.5589254484935));
#9438=CARTESIAN_POINT('',(55.888545178419,-2.,11.5589254484935));
#9439=CARTESIAN_POINT('',(55.888545178419,-2.,8.27946272424683));
#9440=CARTESIAN_POINT('Origin',(54.3885451784189,-2.,11.5589254484935));
#9441=CARTESIAN_POINT('',(24.8885451784189,-2.,11.5589254484935));
#9442=CARTESIAN_POINT('',(24.8885451784189,-2.,16.5589254484935));
#9443=CARTESIAN_POINT('',(24.8885451784189,-2.,5.77946272424675));
#9444=CARTESIAN_POINT('',(27.8885451784189,-2.,16.5589254484935));
#9445=CARTESIAN_POINT('Origin',(26.3885451784189,-2.,16.5589254484935));
#9446=CARTESIAN_POINT('',(27.8885451784189,-2.,11.5589254484935));
#9447=CARTESIAN_POINT('',(27.888545178419,-2.,8.27946272424678));
#9448=CARTESIAN_POINT('Origin',(26.3885451784189,-2.,11.5589254484935));
#9449=CARTESIAN_POINT('Origin',(43.1499990355223,65.3499985393137,25.));
#9450=CARTESIAN_POINT('',(69.6114548215811,47.9410745515065,25.));
#9451=CARTESIAN_POINT('',(64.6114548215811,47.9410745515065,25.));
#9452=CARTESIAN_POINT('',(56.3807269285517,47.9410745515065,25.));
#9453=CARTESIAN_POINT('',(64.6114548215811,50.9410745515065,25.));
#9454=CARTESIAN_POINT('Origin',(64.6114548215811,49.4410745515065,25.));
#9455=CARTESIAN_POINT('',(69.6114548215811,50.9410745515065,25.));
#9456=CARTESIAN_POINT('',(53.8807269285517,50.9410745515065,25.));
#9457=CARTESIAN_POINT('Origin',(69.6114548215811,49.4410745515065,25.));
#9458=CARTESIAN_POINT('',(69.6114548215811,57.9410745515065,25.));
#9459=CARTESIAN_POINT('',(64.6114548215811,57.9410745515065,25.));
#9460=CARTESIAN_POINT('',(56.3807269285517,57.9410745515065,25.));
#9461=CARTESIAN_POINT('',(64.6114548215811,60.9410745515065,25.));
#9462=CARTESIAN_POINT('Origin',(64.6114548215811,59.4410745515065,25.));
#9463=CARTESIAN_POINT('',(69.6114548215811,60.9410745515065,25.));
#9464=CARTESIAN_POINT('',(53.8807269285517,60.9410745515065,25.));
#9465=CARTESIAN_POINT('Origin',(69.6114548215811,59.4410745515065,25.));
#9466=CARTESIAN_POINT('',(64.6114548215811,55.9410745515065,25.));
#9467=CARTESIAN_POINT('',(69.6114548215811,55.9410745515065,25.));
#9468=CARTESIAN_POINT('',(53.8807269285517,55.9410745515065,25.));
#9469=CARTESIAN_POINT('',(69.6114548215811,52.9410745515065,25.));
#9470=CARTESIAN_POINT('Origin',(69.6114548215811,54.4410745515065,25.));
#9471=CARTESIAN_POINT('',(64.6114548215811,52.9410745515065,25.));
#9472=CARTESIAN_POINT('',(56.3807269285517,52.9410745515065,25.));
#9473=CARTESIAN_POINT('Origin',(64.6114548215811,54.4410745515065,25.));
#9474=CARTESIAN_POINT('',(69.6114548215811,42.9410745515065,25.));
#9475=CARTESIAN_POINT('',(64.6114548215811,42.9410745515065,25.));
#9476=CARTESIAN_POINT('',(56.3807269285517,42.9410745515065,25.));
#9477=CARTESIAN_POINT('',(64.6114548215811,45.9410745515065,25.));
#9478=CARTESIAN_POINT('Origin',(64.6114548215811,44.4410745515065,25.));
#9479=CARTESIAN_POINT('',(69.6114548215811,45.9410745515065,25.));
#9480=CARTESIAN_POINT('',(53.8807269285517,45.9410745515065,25.));
#9481=CARTESIAN_POINT('Origin',(69.6114548215811,44.4410745515065,25.));
#9482=CARTESIAN_POINT('',(64.6114548215811,30.9410745515065,25.));
#9483=CARTESIAN_POINT('',(69.6114548215811,30.9410745515065,25.));
#9484=CARTESIAN_POINT('',(53.8807269285518,30.9410745515065,25.));
#9485=CARTESIAN_POINT('',(69.6114548215811,27.9410745515065,25.));
#9486=CARTESIAN_POINT('Origin',(69.6114548215811,29.4410745515065,25.));
#9487=CARTESIAN_POINT('',(64.6114548215811,27.9410745515065,25.));
#9488=CARTESIAN_POINT('',(56.3807269285517,27.9410745515065,25.));
#9489=CARTESIAN_POINT('Origin',(64.6114548215811,29.4410745515065,25.));
#9490=CARTESIAN_POINT('',(64.6114548215811,35.9410745515065,25.));
#9491=CARTESIAN_POINT('',(69.6114548215811,35.9410745515065,25.));
#9492=CARTESIAN_POINT('',(53.8807269285518,35.9410745515065,25.));
#9493=CARTESIAN_POINT('',(69.6114548215811,32.9410745515065,25.));
#9494=CARTESIAN_POINT('Origin',(69.6114548215811,34.4410745515065,25.));
#9495=CARTESIAN_POINT('',(64.6114548215811,32.9410745515065,25.));
#9496=CARTESIAN_POINT('',(56.3807269285517,32.9410745515065,25.));
#9497=CARTESIAN_POINT('Origin',(64.6114548215811,34.4410745515065,25.));
#9498=CARTESIAN_POINT('',(69.6114548215811,37.9410745515065,25.));
#9499=CARTESIAN_POINT('',(64.6114548215811,37.9410745515065,25.));
#9500=CARTESIAN_POINT('',(56.3807269285517,37.9410745515065,25.));
#9501=CARTESIAN_POINT('',(64.6114548215811,40.9410745515065,25.));
#9502=CARTESIAN_POINT('Origin',(64.6114548215811,39.4410745515065,25.));
#9503=CARTESIAN_POINT('',(69.6114548215811,40.9410745515065,25.));
#9504=CARTESIAN_POINT('',(53.8807269285518,40.9410745515065,25.));
#9505=CARTESIAN_POINT('Origin',(69.6114548215811,39.4410745515065,25.));
#9506=CARTESIAN_POINT('',(85.700162560325,126.60015494031,25.));
#9507=CARTESIAN_POINT('Origin',(82.200162560325,126.60015494031,25.));
#9508=CARTESIAN_POINT('',(27.6999994590878,126.599997170269,25.));
#9509=CARTESIAN_POINT('Origin',(24.1999994590878,126.599997170269,25.));
#9510=CARTESIAN_POINT('',(81.599998254329,12.0999997295439,25.));
#9511=CARTESIAN_POINT('Origin',(78.099998254329,12.0999997295439,25.));
#9512=CARTESIAN_POINT('',(11.6999998167157,12.0999997295439,25.));
#9513=CARTESIAN_POINT('Origin',(8.19999981671572,12.0999997295439,25.));
#9514=CARTESIAN_POINT('',(27.6999994590878,77.5999982655048,25.));
#9515=CARTESIAN_POINT('Origin',(24.1999994590878,77.5999982655048,25.));
#9516=CARTESIAN_POINT('',(85.6999981626868,77.5999982655048,25.));
#9517=CARTESIAN_POINT('Origin',(82.1999981626868,77.5999982655048,25.));
#9518=CARTESIAN_POINT('',(27.6999993808568,110.12988735401,25.));
#9519=CARTESIAN_POINT('',(29.6999993808568,112.12988735401,25.));
#9520=CARTESIAN_POINT('Origin',(29.6999993808567,110.12988735401,25.));
#9521=CARTESIAN_POINT('',(39.4294471183885,112.12988735401,25.));
#9522=CARTESIAN_POINT('',(36.4249992081895,112.12988735401,25.));
#9523=CARTESIAN_POINT('',(41.5993143714841,113.058251260498,25.));
#9524=CARTESIAN_POINT('Origin',(39.4294471183885,115.12988735401,25.));
#9525=CARTESIAN_POINT('',(48.461858780578,120.246198232864,25.));
#9526=CARTESIAN_POINT('',(30.0547630460299,100.96628976628,25.));
#9527=CARTESIAN_POINT('',(50.6317260336736,121.174562139352,25.));
#9528=CARTESIAN_POINT('Origin',(50.6317260336736,118.174562139352,25.));
#9529=CARTESIAN_POINT('',(78.8999982364476,121.174562139352,25.));
#9530=CARTESIAN_POINT('',(46.890862534598,121.174562139352,25.));
#9531=CARTESIAN_POINT('',(78.8999982364476,81.0999981872737,25.));
#9532=CARTESIAN_POINT('',(78.8999982364476,93.2622803393327,25.));
#9533=CARTESIAN_POINT('',(29.6999993808568,81.0999981872737,25.));
#9534=CARTESIAN_POINT('',(61.024998635985,81.0999981872737,25.));
#9535=CARTESIAN_POINT('',(27.6999993808568,83.0999981872737,25.));
#9536=CARTESIAN_POINT('Origin',(29.6999993808567,83.0999981872737,25.));
#9537=CARTESIAN_POINT('',(27.6999993808568,74.2249983632937,25.));
#9538=CARTESIAN_POINT('',(74.6114548215811,55.9410745515065,25.));
#9539=CARTESIAN_POINT('',(79.6114548215811,55.9410745515065,25.));
#9540=CARTESIAN_POINT('',(58.8807269285517,55.9410745515065,25.));
#9541=CARTESIAN_POINT('',(79.6114548215811,52.9410745515065,25.));
#9542=CARTESIAN_POINT('Origin',(79.6114548215811,54.4410745515065,25.));
#9543=CARTESIAN_POINT('',(74.6114548215811,52.9410745515065,25.));
#9544=CARTESIAN_POINT('',(61.3807269285517,52.9410745515065,25.));
#9545=CARTESIAN_POINT('Origin',(74.6114548215811,54.4410745515065,25.));
#9546=CARTESIAN_POINT('',(79.6114548215811,37.9410745515065,25.));
#9547=CARTESIAN_POINT('',(74.6114548215811,37.9410745515065,25.));
#9548=CARTESIAN_POINT('',(61.3807269285517,37.9410745515065,25.));
#9549=CARTESIAN_POINT('',(74.6114548215811,40.9410745515065,25.));
#9550=CARTESIAN_POINT('Origin',(74.6114548215811,39.4410745515065,25.));
#9551=CARTESIAN_POINT('',(79.6114548215811,40.9410745515065,25.));
#9552=CARTESIAN_POINT('',(58.8807269285518,40.9410745515065,25.));
#9553=CARTESIAN_POINT('Origin',(79.6114548215811,39.4410745515065,25.));
#9554=CARTESIAN_POINT('',(74.6114548215811,30.9410745515065,25.));
#9555=CARTESIAN_POINT('',(79.6114548215811,30.9410745515065,25.));
#9556=CARTESIAN_POINT('',(58.8807269285518,30.9410745515065,25.));
#9557=CARTESIAN_POINT('',(79.6114548215811,27.9410745515065,25.));
#9558=CARTESIAN_POINT('Origin',(79.6114548215811,29.4410745515065,25.));
#9559=CARTESIAN_POINT('',(74.6114548215811,27.9410745515065,25.));
#9560=CARTESIAN_POINT('',(61.3807269285517,27.9410745515065,25.));
#9561=CARTESIAN_POINT('Origin',(74.6114548215811,29.4410745515065,25.));
#9562=CARTESIAN_POINT('',(74.6114548215811,45.9410745515065,25.));
#9563=CARTESIAN_POINT('',(79.6114548215811,45.9410745515065,25.));
#9564=CARTESIAN_POINT('',(58.8807269285517,45.9410745515065,25.));
#9565=CARTESIAN_POINT('',(79.6114548215811,42.9410745515065,25.));
#9566=CARTESIAN_POINT('Origin',(79.6114548215811,44.4410745515065,25.));
#9567=CARTESIAN_POINT('',(74.6114548215811,42.9410745515065,25.));
#9568=CARTESIAN_POINT('',(61.3807269285517,42.9410745515065,25.));
#9569=CARTESIAN_POINT('Origin',(74.6114548215811,44.4410745515065,25.));
#9570=CARTESIAN_POINT('',(74.6114548215811,50.9410745515065,25.));
#9571=CARTESIAN_POINT('',(79.6114548215811,50.9410745515065,25.));
#9572=CARTESIAN_POINT('',(58.8807269285517,50.9410745515065,25.));
#9573=CARTESIAN_POINT('',(79.6114548215811,47.9410745515065,25.));
#9574=CARTESIAN_POINT('Origin',(79.6114548215811,49.4410745515065,25.));
#9575=CARTESIAN_POINT('',(74.6114548215811,47.9410745515065,25.));
#9576=CARTESIAN_POINT('',(61.3807269285517,47.9410745515065,25.));
#9577=CARTESIAN_POINT('Origin',(74.6114548215811,49.4410745515065,25.));
#9578=CARTESIAN_POINT('',(74.6114548215811,60.9410745515065,25.));
#9579=CARTESIAN_POINT('',(79.6114548215811,60.9410745515065,25.));
#9580=CARTESIAN_POINT('',(58.8807269285517,60.9410745515065,25.));
#9581=CARTESIAN_POINT('',(79.6114548215811,57.9410745515065,25.));
#9582=CARTESIAN_POINT('Origin',(79.6114548215811,59.4410745515065,25.));
#9583=CARTESIAN_POINT('',(74.6114548215811,57.9410745515065,25.));
#9584=CARTESIAN_POINT('',(61.3807269285517,57.9410745515065,25.));
#9585=CARTESIAN_POINT('Origin',(74.6114548215811,59.4410745515065,25.));
#9586=CARTESIAN_POINT('',(74.6114548215811,35.9410745515065,25.));
#9587=CARTESIAN_POINT('',(79.6114548215811,35.9410745515065,25.));
#9588=CARTESIAN_POINT('',(58.8807269285518,35.9410745515065,25.));
#9589=CARTESIAN_POINT('',(79.6114548215811,32.9410745515065,25.));
#9590=CARTESIAN_POINT('Origin',(79.6114548215811,34.4410745515065,25.));
#9591=CARTESIAN_POINT('',(74.6114548215811,32.9410745515065,25.));
#9592=CARTESIAN_POINT('',(61.3807269285517,32.9410745515065,25.));
#9593=CARTESIAN_POINT('Origin',(74.6114548215811,34.4410745515065,25.));
#9594=CARTESIAN_POINT('Origin',(70.8885451784189,-2.,16.5589254484935));
#9595=CARTESIAN_POINT('',(70.888545178419,-0.299999999999994,11.5589254484935));
#9596=CARTESIAN_POINT('',(70.8885451784189,-0.299999999999994,16.5589254484935));
#9597=CARTESIAN_POINT('',(70.888545178419,-0.299999999999994,8.27946272424686));
#9598=CARTESIAN_POINT('',(70.888545178419,-2.,11.5589254484935));
#9599=CARTESIAN_POINT('',(70.8885451784189,-2.,16.5589254484935));
#9600=CARTESIAN_POINT('Origin',(69.3885451784189,-2.,16.5589254484935));
#9601=CARTESIAN_POINT('',(67.8885451784189,-0.299999999999994,16.5589254484935));
#9602=CARTESIAN_POINT('Origin',(69.3885451784189,-0.299999999999998,16.5589254484935));
#9603=CARTESIAN_POINT('',(67.8885451784189,-2.,16.5589254484935));
#9604=CARTESIAN_POINT('Origin',(67.8885451784189,-2.,11.5589254484935));
#9605=CARTESIAN_POINT('',(67.888545178419,-0.299999999999994,11.5589254484935));
#9606=CARTESIAN_POINT('',(67.8885451784189,-0.299999999999994,5.77946272424675));
#9607=CARTESIAN_POINT('',(67.888545178419,-2.,11.5589254484935));
#9608=CARTESIAN_POINT('Origin',(69.388545178419,-2.,11.5589254484935));
#9609=CARTESIAN_POINT('Origin',(69.388545178419,-0.299999999999998,11.5589254484935));
#9610=CARTESIAN_POINT('Origin',(32.8885451784189,-2.,16.5589254484935));
#9611=CARTESIAN_POINT('',(32.888545178419,-0.299999999999996,11.5589254484935));
#9612=CARTESIAN_POINT('',(32.8885451784189,-0.299999999999996,16.5589254484935));
#9613=CARTESIAN_POINT('',(32.888545178419,-0.299999999999996,8.27946272424679));
#9614=CARTESIAN_POINT('',(32.888545178419,-2.,11.5589254484935));
#9615=CARTESIAN_POINT('',(32.8885451784189,-2.,16.5589254484935));
#9616=CARTESIAN_POINT('Origin',(31.3885451784189,-2.,16.5589254484935));
#9617=CARTESIAN_POINT('',(29.8885451784189,-0.299999999999997,16.5589254484935));
#9618=CARTESIAN_POINT('Origin',(31.3885451784189,-0.299999999999998,16.5589254484935));
#9619=CARTESIAN_POINT('',(29.8885451784189,-2.,16.5589254484935));
#9620=CARTESIAN_POINT('Origin',(29.8885451784189,-2.,11.5589254484935));
#9621=CARTESIAN_POINT('',(29.8885451784189,-0.299999999999997,11.5589254484935));
#9622=CARTESIAN_POINT('',(29.8885451784189,-0.299999999999997,5.77946272424675));
#9623=CARTESIAN_POINT('',(29.8885451784189,-2.,11.5589254484935));
#9624=CARTESIAN_POINT('Origin',(31.388545178419,-2.,11.5589254484935));
#9625=CARTESIAN_POINT('Origin',(31.388545178419,-0.299999999999998,11.5589254484935));
#9626=CARTESIAN_POINT('Origin',(14.8885451784189,-2.,11.5589254484935));
#9627=CARTESIAN_POINT('',(14.8885451784189,-0.299999999999998,16.5589254484935));
#9628=CARTESIAN_POINT('',(14.8885451784189,-0.299999999999998,11.5589254484935));
#9629=CARTESIAN_POINT('',(14.8885451784189,-0.299999999999998,5.77946272424675));
#9630=CARTESIAN_POINT('',(14.8885451784189,-2.,16.5589254484935));
#9631=CARTESIAN_POINT('',(14.8885451784189,-2.,11.5589254484935));
#9632=CARTESIAN_POINT('Origin',(16.3885451784189,-2.,11.5589254484935));
#9633=CARTESIAN_POINT('',(17.888545178419,-0.299999999999997,11.5589254484935));
#9634=CARTESIAN_POINT('Origin',(16.3885451784189,-0.299999999999998,11.5589254484935));
#9635=CARTESIAN_POINT('',(17.888545178419,-2.,11.5589254484935));
#9636=CARTESIAN_POINT('Origin',(17.8885451784189,-2.,16.5589254484935));
#9637=CARTESIAN_POINT('',(17.8885451784189,-0.299999999999997,16.5589254484935));
#9638=CARTESIAN_POINT('',(17.888545178419,-0.299999999999997,8.27946272424676));
#9639=CARTESIAN_POINT('',(17.8885451784189,-2.,16.5589254484935));
#9640=CARTESIAN_POINT('Origin',(16.3885451784189,-2.,16.5589254484935));
#9641=CARTESIAN_POINT('Origin',(16.3885451784189,-0.299999999999998,16.5589254484935));
#9642=CARTESIAN_POINT('Origin',(19.8885451784189,-2.,11.5589254484935));
#9643=CARTESIAN_POINT('',(19.8885451784189,-0.299999999999997,16.5589254484935));
#9644=CARTESIAN_POINT('',(19.8885451784189,-0.299999999999997,11.5589254484935));
#9645=CARTESIAN_POINT('',(19.8885451784189,-0.299999999999997,5.77946272424675));
#9646=CARTESIAN_POINT('',(19.8885451784189,-2.,16.5589254484935));
#9647=CARTESIAN_POINT('',(19.8885451784189,-2.,11.5589254484935));
#9648=CARTESIAN_POINT('Origin',(21.3885451784189,-2.,11.5589254484935));
#9649=CARTESIAN_POINT('',(22.888545178419,-0.299999999999997,11.5589254484935));
#9650=CARTESIAN_POINT('Origin',(21.3885451784189,-0.299999999999998,11.5589254484935));
#9651=CARTESIAN_POINT('',(22.888545178419,-2.,11.5589254484935));
#9652=CARTESIAN_POINT('Origin',(22.8885451784189,-2.,16.5589254484935));
#9653=CARTESIAN_POINT('',(22.8885451784189,-0.299999999999997,16.5589254484935));
#9654=CARTESIAN_POINT('',(22.888545178419,-0.299999999999997,8.27946272424677));
#9655=CARTESIAN_POINT('',(22.8885451784189,-2.,16.5589254484935));
#9656=CARTESIAN_POINT('Origin',(21.3885451784189,-2.,16.5589254484935));
#9657=CARTESIAN_POINT('Origin',(21.3885451784189,-0.299999999999998,16.5589254484935));
#9658=CARTESIAN_POINT('Origin',(62.8885451784189,-2.,11.5589254484935));
#9659=CARTESIAN_POINT('',(62.8885451784189,-0.299999999999994,16.5589254484935));
#9660=CARTESIAN_POINT('',(62.8885451784189,-0.299999999999994,11.5589254484935));
#9661=CARTESIAN_POINT('',(62.8885451784189,-0.299999999999994,5.77946272424675));
#9662=CARTESIAN_POINT('',(62.8885451784189,-2.,16.5589254484935));
#9663=CARTESIAN_POINT('',(62.8885451784189,-2.,11.5589254484935));
#9664=CARTESIAN_POINT('Origin',(64.3885451784189,-2.,11.5589254484935));
#9665=CARTESIAN_POINT('',(65.888545178419,-0.299999999999994,11.5589254484935));
#9666=CARTESIAN_POINT('Origin',(64.3885451784189,-0.299999999999998,11.5589254484935));
#9667=CARTESIAN_POINT('',(65.888545178419,-2.,11.5589254484935));
#9668=CARTESIAN_POINT('Origin',(65.8885451784189,-2.,16.5589254484935));
#9669=CARTESIAN_POINT('',(65.8885451784189,-0.299999999999994,16.5589254484935));
#9670=CARTESIAN_POINT('',(65.888545178419,-0.299999999999994,8.27946272424685));
#9671=CARTESIAN_POINT('',(65.8885451784189,-2.,16.5589254484935));
#9672=CARTESIAN_POINT('Origin',(64.3885451784189,-2.,16.5589254484935));
#9673=CARTESIAN_POINT('Origin',(64.3885451784189,-0.299999999999998,16.5589254484935));
#9674=CARTESIAN_POINT('Origin',(60.8885451784189,-2.,16.5589254484935));
#9675=CARTESIAN_POINT('',(60.8885451784189,-0.299999999999994,11.5589254484935));
#9676=CARTESIAN_POINT('',(60.8885451784189,-0.299999999999994,16.5589254484935));
#9677=CARTESIAN_POINT('',(60.888545178419,-0.299999999999994,8.27946272424684));
#9678=CARTESIAN_POINT('',(60.8885451784189,-2.,11.5589254484935));
#9679=CARTESIAN_POINT('',(60.8885451784189,-2.,16.5589254484935));
#9680=CARTESIAN_POINT('Origin',(59.3885451784189,-2.,16.5589254484935));
#9681=CARTESIAN_POINT('',(57.8885451784189,-0.299999999999995,16.5589254484935));
#9682=CARTESIAN_POINT('Origin',(59.3885451784189,-0.299999999999998,16.5589254484935));
#9683=CARTESIAN_POINT('',(57.8885451784189,-2.,16.5589254484935));
#9684=CARTESIAN_POINT('Origin',(57.8885451784189,-2.,11.5589254484935));
#9685=CARTESIAN_POINT('',(57.8885451784189,-0.299999999999995,11.5589254484935));
#9686=CARTESIAN_POINT('',(57.8885451784189,-0.299999999999995,5.77946272424675));
#9687=CARTESIAN_POINT('',(57.8885451784189,-2.,11.5589254484935));
#9688=CARTESIAN_POINT('Origin',(59.3885451784189,-2.,11.5589254484935));
#9689=CARTESIAN_POINT('Origin',(59.3885451784189,-0.299999999999998,11.5589254484935));
#9690=CARTESIAN_POINT('Origin',(55.8885451784189,-2.,16.5589254484935));
#9691=CARTESIAN_POINT('',(55.888545178419,-0.299999999999995,11.5589254484935));
#9692=CARTESIAN_POINT('',(55.8885451784189,-0.299999999999995,16.5589254484935));
#9693=CARTESIAN_POINT('',(55.888545178419,-0.299999999999995,8.27946272424683));
#9694=CARTESIAN_POINT('',(55.888545178419,-2.,11.5589254484935));
#9695=CARTESIAN_POINT('',(55.8885451784189,-2.,16.5589254484935));
#9696=CARTESIAN_POINT('Origin',(54.3885451784189,-2.,16.5589254484935));
#9697=CARTESIAN_POINT('',(52.8885451784189,-0.299999999999995,16.5589254484935));
#9698=CARTESIAN_POINT('Origin',(54.3885451784189,-0.299999999999998,16.5589254484935));
#9699=CARTESIAN_POINT('',(52.8885451784189,-2.,16.5589254484935));
#9700=CARTESIAN_POINT('Origin',(52.8885451784189,-2.,11.5589254484935));
#9701=CARTESIAN_POINT('',(52.8885451784189,-0.299999999999995,11.5589254484935));
#9702=CARTESIAN_POINT('',(52.8885451784189,-0.299999999999995,5.77946272424675));
#9703=CARTESIAN_POINT('',(52.8885451784189,-2.,11.5589254484935));
#9704=CARTESIAN_POINT('Origin',(54.3885451784189,-2.,11.5589254484935));
#9705=CARTESIAN_POINT('Origin',(54.3885451784189,-0.299999999999998,11.5589254484935));
#9706=CARTESIAN_POINT('Origin',(27.8885451784189,-2.,16.5589254484935));
#9707=CARTESIAN_POINT('',(27.8885451784189,-0.299999999999997,11.5589254484935));
#9708=CARTESIAN_POINT('',(27.8885451784189,-0.299999999999997,16.5589254484935));
#9709=CARTESIAN_POINT('',(27.888545178419,-0.299999999999997,8.27946272424678));
#9710=CARTESIAN_POINT('',(27.8885451784189,-2.,11.5589254484935));
#9711=CARTESIAN_POINT('',(27.8885451784189,-2.,16.5589254484935));
#9712=CARTESIAN_POINT('Origin',(26.3885451784189,-2.,16.5589254484935));
#9713=CARTESIAN_POINT('',(24.8885451784189,-0.299999999999997,16.5589254484935));
#9714=CARTESIAN_POINT('Origin',(26.3885451784189,-0.299999999999998,16.5589254484935));
#9715=CARTESIAN_POINT('',(24.8885451784189,-2.,16.5589254484935));
#9716=CARTESIAN_POINT('Origin',(24.8885451784189,-2.,11.5589254484935));
#9717=CARTESIAN_POINT('',(24.8885451784189,-0.299999999999997,11.5589254484935));
#9718=CARTESIAN_POINT('',(24.8885451784189,-0.299999999999997,5.77946272424675));
#9719=CARTESIAN_POINT('',(24.8885451784189,-2.,11.5589254484935));
#9720=CARTESIAN_POINT('Origin',(26.3885451784189,-2.,11.5589254484935));
#9721=CARTESIAN_POINT('Origin',(26.3885451784189,-0.299999999999998,11.5589254484935));
#9722=CARTESIAN_POINT('Origin',(64.6114548215811,50.9410745515065,25.));
#9723=CARTESIAN_POINT('',(69.6114548215811,50.9410745515065,21.8));
#9724=CARTESIAN_POINT('',(64.6114548215811,50.9410745515065,21.8));
#9725=CARTESIAN_POINT('',(53.8807269285517,50.9410745515065,21.8));
#9726=CARTESIAN_POINT('',(69.6114548215811,50.9410745515065,25.));
#9727=CARTESIAN_POINT('',(64.6114548215811,50.9410745515065,25.));
#9728=CARTESIAN_POINT('Origin',(64.6114548215811,49.4410745515065,25.));
#9729=CARTESIAN_POINT('',(64.6114548215811,47.9410745515065,21.8));
#9730=CARTESIAN_POINT('Origin',(64.6114548215811,49.4410745515065,21.8));
#9731=CARTESIAN_POINT('',(64.6114548215811,47.9410745515065,25.));
#9732=CARTESIAN_POINT('Origin',(69.6114548215811,47.9410745515065,25.));
#9733=CARTESIAN_POINT('',(69.6114548215811,47.9410745515065,21.8));
#9734=CARTESIAN_POINT('',(56.3807269285517,47.9410745515065,21.8));
#9735=CARTESIAN_POINT('',(69.6114548215811,47.9410745515065,25.));
#9736=CARTESIAN_POINT('Origin',(69.6114548215811,49.4410745515065,25.));
#9737=CARTESIAN_POINT('Origin',(69.6114548215811,49.4410745515065,21.8));
#9738=CARTESIAN_POINT('Origin',(64.6114548215811,60.9410745515065,25.));
#9739=CARTESIAN_POINT('',(69.6114548215811,60.9410745515065,21.8));
#9740=CARTESIAN_POINT('',(64.6114548215811,60.9410745515065,21.8));
#9741=CARTESIAN_POINT('',(53.8807269285517,60.9410745515065,21.8));
#9742=CARTESIAN_POINT('',(69.6114548215811,60.9410745515065,25.));
#9743=CARTESIAN_POINT('',(64.6114548215811,60.9410745515065,25.));
#9744=CARTESIAN_POINT('Origin',(64.6114548215811,59.4410745515065,25.));
#9745=CARTESIAN_POINT('',(64.6114548215811,57.9410745515065,21.8));
#9746=CARTESIAN_POINT('Origin',(64.6114548215811,59.4410745515065,21.8));
#9747=CARTESIAN_POINT('',(64.6114548215811,57.9410745515065,25.));
#9748=CARTESIAN_POINT('Origin',(69.6114548215811,57.9410745515065,25.));
#9749=CARTESIAN_POINT('',(69.6114548215811,57.9410745515065,21.8));
#9750=CARTESIAN_POINT('',(56.3807269285517,57.9410745515065,21.8));
#9751=CARTESIAN_POINT('',(69.6114548215811,57.9410745515065,25.));
#9752=CARTESIAN_POINT('Origin',(69.6114548215811,59.4410745515065,25.));
#9753=CARTESIAN_POINT('Origin',(69.6114548215811,59.4410745515065,21.8));
#9754=CARTESIAN_POINT('Origin',(69.6114548215811,52.9410745515065,25.));
#9755=CARTESIAN_POINT('',(64.6114548215811,52.9410745515065,21.8));
#9756=CARTESIAN_POINT('',(69.6114548215811,52.9410745515065,21.8));
#9757=CARTESIAN_POINT('',(56.3807269285517,52.9410745515065,21.8));
#9758=CARTESIAN_POINT('',(64.6114548215811,52.9410745515065,25.));
#9759=CARTESIAN_POINT('',(69.6114548215811,52.9410745515065,25.));
#9760=CARTESIAN_POINT('Origin',(69.6114548215811,54.4410745515065,25.));
#9761=CARTESIAN_POINT('',(69.6114548215811,55.9410745515065,21.8));
#9762=CARTESIAN_POINT('Origin',(69.6114548215811,54.4410745515065,21.8));
#9763=CARTESIAN_POINT('',(69.6114548215811,55.9410745515065,25.));
#9764=CARTESIAN_POINT('Origin',(64.6114548215811,55.9410745515065,25.));
#9765=CARTESIAN_POINT('',(64.6114548215811,55.9410745515065,21.8));
#9766=CARTESIAN_POINT('',(53.8807269285517,55.9410745515065,21.8));
#9767=CARTESIAN_POINT('',(64.6114548215811,55.9410745515065,25.));
#9768=CARTESIAN_POINT('Origin',(64.6114548215811,54.4410745515065,25.));
#9769=CARTESIAN_POINT('Origin',(64.6114548215811,54.4410745515065,21.8));
#9770=CARTESIAN_POINT('Origin',(64.6114548215811,45.9410745515065,25.));
#9771=CARTESIAN_POINT('',(69.6114548215811,45.9410745515065,21.8));
#9772=CARTESIAN_POINT('',(64.6114548215811,45.9410745515065,21.8));
#9773=CARTESIAN_POINT('',(53.8807269285517,45.9410745515065,21.8));
#9774=CARTESIAN_POINT('',(69.6114548215811,45.9410745515065,25.));
#9775=CARTESIAN_POINT('',(64.6114548215811,45.9410745515065,25.));
#9776=CARTESIAN_POINT('Origin',(64.6114548215811,44.4410745515065,25.));
#9777=CARTESIAN_POINT('',(64.6114548215811,42.9410745515065,21.8));
#9778=CARTESIAN_POINT('Origin',(64.6114548215811,44.4410745515065,21.8));
#9779=CARTESIAN_POINT('',(64.6114548215811,42.9410745515065,25.));
#9780=CARTESIAN_POINT('Origin',(69.6114548215811,42.9410745515065,25.));
#9781=CARTESIAN_POINT('',(69.6114548215811,42.9410745515065,21.8));
#9782=CARTESIAN_POINT('',(56.3807269285517,42.9410745515065,21.8));
#9783=CARTESIAN_POINT('',(69.6114548215811,42.9410745515065,25.));
#9784=CARTESIAN_POINT('Origin',(69.6114548215811,44.4410745515065,25.));
#9785=CARTESIAN_POINT('Origin',(69.6114548215811,44.4410745515065,21.8));
#9786=CARTESIAN_POINT('Origin',(69.6114548215811,27.9410745515065,25.));
#9787=CARTESIAN_POINT('',(64.6114548215811,27.9410745515065,21.8));
#9788=CARTESIAN_POINT('',(69.6114548215811,27.9410745515065,21.8));
#9789=CARTESIAN_POINT('',(56.3807269285517,27.9410745515065,21.8));
#9790=CARTESIAN_POINT('',(64.6114548215811,27.9410745515065,25.));
#9791=CARTESIAN_POINT('',(69.6114548215811,27.9410745515065,25.));
#9792=CARTESIAN_POINT('Origin',(69.6114548215811,29.4410745515065,25.));
#9793=CARTESIAN_POINT('',(69.6114548215811,30.9410745515065,21.8));
#9794=CARTESIAN_POINT('Origin',(69.6114548215811,29.4410745515065,21.8));
#9795=CARTESIAN_POINT('',(69.6114548215811,30.9410745515065,25.));
#9796=CARTESIAN_POINT('Origin',(64.6114548215811,30.9410745515065,25.));
#9797=CARTESIAN_POINT('',(64.6114548215811,30.9410745515065,21.8));
#9798=CARTESIAN_POINT('',(53.8807269285518,30.9410745515065,21.8));
#9799=CARTESIAN_POINT('',(64.6114548215811,30.9410745515065,25.));
#9800=CARTESIAN_POINT('Origin',(64.6114548215811,29.4410745515065,25.));
#9801=CARTESIAN_POINT('Origin',(64.6114548215811,29.4410745515065,21.8));
#9802=CARTESIAN_POINT('Origin',(69.6114548215811,32.9410745515065,25.));
#9803=CARTESIAN_POINT('',(64.6114548215811,32.9410745515065,21.8));
#9804=CARTESIAN_POINT('',(69.6114548215811,32.9410745515065,21.8));
#9805=CARTESIAN_POINT('',(56.3807269285517,32.9410745515065,21.8));
#9806=CARTESIAN_POINT('',(64.6114548215811,32.9410745515065,25.));
#9807=CARTESIAN_POINT('',(69.6114548215811,32.9410745515065,25.));
#9808=CARTESIAN_POINT('Origin',(69.6114548215811,34.4410745515065,25.));
#9809=CARTESIAN_POINT('',(69.6114548215811,35.9410745515065,21.8));
#9810=CARTESIAN_POINT('Origin',(69.6114548215811,34.4410745515065,21.8));
#9811=CARTESIAN_POINT('',(69.6114548215811,35.9410745515065,25.));
#9812=CARTESIAN_POINT('Origin',(64.6114548215811,35.9410745515065,25.));
#9813=CARTESIAN_POINT('',(64.6114548215811,35.9410745515065,21.8));
#9814=CARTESIAN_POINT('',(53.8807269285518,35.9410745515065,21.8));
#9815=CARTESIAN_POINT('',(64.6114548215811,35.9410745515065,25.));
#9816=CARTESIAN_POINT('Origin',(64.6114548215811,34.4410745515065,25.));
#9817=CARTESIAN_POINT('Origin',(64.6114548215811,34.4410745515065,21.8));
#9818=CARTESIAN_POINT('Origin',(64.6114548215811,40.9410745515065,25.));
#9819=CARTESIAN_POINT('',(69.6114548215811,40.9410745515065,21.8));
#9820=CARTESIAN_POINT('',(64.6114548215811,40.9410745515065,21.8));
#9821=CARTESIAN_POINT('',(53.8807269285517,40.9410745515065,21.8));
#9822=CARTESIAN_POINT('',(69.6114548215811,40.9410745515065,25.));
#9823=CARTESIAN_POINT('',(64.6114548215811,40.9410745515065,25.));
#9824=CARTESIAN_POINT('Origin',(64.6114548215811,39.4410745515065,25.));
#9825=CARTESIAN_POINT('',(64.6114548215811,37.9410745515065,21.8));
#9826=CARTESIAN_POINT('Origin',(64.6114548215811,39.4410745515065,21.8));
#9827=CARTESIAN_POINT('',(64.6114548215811,37.9410745515065,25.));
#9828=CARTESIAN_POINT('Origin',(69.6114548215811,37.9410745515065,25.));
#9829=CARTESIAN_POINT('',(69.6114548215811,37.9410745515065,21.8));
#9830=CARTESIAN_POINT('',(56.3807269285517,37.9410745515065,21.8));
#9831=CARTESIAN_POINT('',(69.6114548215811,37.9410745515065,25.));
#9832=CARTESIAN_POINT('Origin',(69.6114548215811,39.4410745515065,25.));
#9833=CARTESIAN_POINT('Origin',(69.6114548215811,39.4410745515065,21.8));
#9834=CARTESIAN_POINT('Origin',(79.6114548215811,32.9410745515065,25.));
#9835=CARTESIAN_POINT('',(74.6114548215811,32.9410745515065,21.8));
#9836=CARTESIAN_POINT('',(79.6114548215811,32.9410745515065,21.8));
#9837=CARTESIAN_POINT('',(61.3807269285517,32.9410745515065,21.8));
#9838=CARTESIAN_POINT('',(74.6114548215811,32.9410745515065,25.));
#9839=CARTESIAN_POINT('',(79.6114548215811,32.9410745515065,25.));
#9840=CARTESIAN_POINT('Origin',(79.6114548215811,34.4410745515065,25.));
#9841=CARTESIAN_POINT('',(79.6114548215811,35.9410745515065,21.8));
#9842=CARTESIAN_POINT('Origin',(79.6114548215811,34.4410745515065,21.8));
#9843=CARTESIAN_POINT('',(79.6114548215811,35.9410745515065,25.));
#9844=CARTESIAN_POINT('Origin',(74.6114548215811,35.9410745515065,25.));
#9845=CARTESIAN_POINT('',(74.6114548215811,35.9410745515065,21.8));
#9846=CARTESIAN_POINT('',(58.8807269285518,35.9410745515065,21.8));
#9847=CARTESIAN_POINT('',(74.6114548215811,35.9410745515065,25.));
#9848=CARTESIAN_POINT('Origin',(74.6114548215811,34.4410745515065,25.));
#9849=CARTESIAN_POINT('Origin',(74.6114548215811,34.4410745515065,21.8));
#9850=CARTESIAN_POINT('Origin',(79.6114548215811,57.9410745515065,25.));
#9851=CARTESIAN_POINT('',(74.6114548215811,57.9410745515065,21.8));
#9852=CARTESIAN_POINT('',(79.6114548215811,57.9410745515065,21.8));
#9853=CARTESIAN_POINT('',(61.3807269285517,57.9410745515065,21.8));
#9854=CARTESIAN_POINT('',(74.6114548215811,57.9410745515065,25.));
#9855=CARTESIAN_POINT('',(79.6114548215811,57.9410745515065,25.));
#9856=CARTESIAN_POINT('Origin',(79.6114548215811,59.4410745515065,25.));
#9857=CARTESIAN_POINT('',(79.6114548215811,60.9410745515065,21.8));
#9858=CARTESIAN_POINT('Origin',(79.6114548215811,59.4410745515065,21.8));
#9859=CARTESIAN_POINT('',(79.6114548215811,60.9410745515065,25.));
#9860=CARTESIAN_POINT('Origin',(74.6114548215811,60.9410745515065,25.));
#9861=CARTESIAN_POINT('',(74.6114548215811,60.9410745515065,21.8));
#9862=CARTESIAN_POINT('',(58.8807269285517,60.9410745515065,21.8));
#9863=CARTESIAN_POINT('',(74.6114548215811,60.9410745515065,25.));
#9864=CARTESIAN_POINT('Origin',(74.6114548215811,59.4410745515065,25.));
#9865=CARTESIAN_POINT('Origin',(74.6114548215811,59.4410745515065,21.8));
#9866=CARTESIAN_POINT('Origin',(79.6114548215811,47.9410745515065,25.));
#9867=CARTESIAN_POINT('',(74.6114548215811,47.9410745515065,21.8));
#9868=CARTESIAN_POINT('',(79.6114548215811,47.9410745515065,21.8));
#9869=CARTESIAN_POINT('',(61.3807269285517,47.9410745515065,21.8));
#9870=CARTESIAN_POINT('',(74.6114548215811,47.9410745515065,25.));
#9871=CARTESIAN_POINT('',(79.6114548215811,47.9410745515065,25.));
#9872=CARTESIAN_POINT('Origin',(79.6114548215811,49.4410745515065,25.));
#9873=CARTESIAN_POINT('',(79.6114548215811,50.9410745515065,21.8));
#9874=CARTESIAN_POINT('Origin',(79.6114548215811,49.4410745515065,21.8));
#9875=CARTESIAN_POINT('',(79.6114548215811,50.9410745515065,25.));
#9876=CARTESIAN_POINT('Origin',(74.6114548215811,50.9410745515065,25.));
#9877=CARTESIAN_POINT('',(74.6114548215811,50.9410745515065,21.8));
#9878=CARTESIAN_POINT('',(58.8807269285517,50.9410745515065,21.8));
#9879=CARTESIAN_POINT('',(74.6114548215811,50.9410745515065,25.));
#9880=CARTESIAN_POINT('Origin',(74.6114548215811,49.4410745515065,25.));
#9881=CARTESIAN_POINT('Origin',(74.6114548215811,49.4410745515065,21.8));
#9882=CARTESIAN_POINT('Origin',(79.6114548215811,42.9410745515065,25.));
#9883=CARTESIAN_POINT('',(74.6114548215811,42.9410745515065,21.8));
#9884=CARTESIAN_POINT('',(79.6114548215811,42.9410745515065,21.8));
#9885=CARTESIAN_POINT('',(61.3807269285517,42.9410745515065,21.8));
#9886=CARTESIAN_POINT('',(74.6114548215811,42.9410745515065,25.));
#9887=CARTESIAN_POINT('',(79.6114548215811,42.9410745515065,25.));
#9888=CARTESIAN_POINT('Origin',(79.6114548215811,44.4410745515065,25.));
#9889=CARTESIAN_POINT('',(79.6114548215811,45.9410745515065,21.8));
#9890=CARTESIAN_POINT('Origin',(79.6114548215811,44.4410745515065,21.8));
#9891=CARTESIAN_POINT('',(79.6114548215811,45.9410745515065,25.));
#9892=CARTESIAN_POINT('Origin',(74.6114548215811,45.9410745515065,25.));
#9893=CARTESIAN_POINT('',(74.6114548215811,45.9410745515065,21.8));
#9894=CARTESIAN_POINT('',(58.8807269285517,45.9410745515065,21.8));
#9895=CARTESIAN_POINT('',(74.6114548215811,45.9410745515065,25.));
#9896=CARTESIAN_POINT('Origin',(74.6114548215811,44.4410745515065,25.));
#9897=CARTESIAN_POINT('Origin',(74.6114548215811,44.4410745515065,21.8));
#9898=CARTESIAN_POINT('Origin',(79.6114548215811,27.9410745515065,25.));
#9899=CARTESIAN_POINT('',(74.6114548215811,27.9410745515065,21.8));
#9900=CARTESIAN_POINT('',(79.6114548215811,27.9410745515065,21.8));
#9901=CARTESIAN_POINT('',(61.3807269285517,27.9410745515065,21.8));
#9902=CARTESIAN_POINT('',(74.6114548215811,27.9410745515065,25.));
#9903=CARTESIAN_POINT('',(79.6114548215811,27.9410745515065,25.));
#9904=CARTESIAN_POINT('Origin',(79.6114548215811,29.4410745515065,25.));
#9905=CARTESIAN_POINT('',(79.6114548215811,30.9410745515065,21.8));
#9906=CARTESIAN_POINT('Origin',(79.6114548215811,29.4410745515065,21.8));
#9907=CARTESIAN_POINT('',(79.6114548215811,30.9410745515065,25.));
#9908=CARTESIAN_POINT('Origin',(74.6114548215811,30.9410745515065,25.));
#9909=CARTESIAN_POINT('',(74.6114548215811,30.9410745515065,21.8));
#9910=CARTESIAN_POINT('',(58.8807269285518,30.9410745515065,21.8));
#9911=CARTESIAN_POINT('',(74.6114548215811,30.9410745515065,25.));
#9912=CARTESIAN_POINT('Origin',(74.6114548215811,29.4410745515065,25.));
#9913=CARTESIAN_POINT('Origin',(74.6114548215811,29.4410745515065,21.8));
#9914=CARTESIAN_POINT('Origin',(74.6114548215811,40.9410745515065,25.));
#9915=CARTESIAN_POINT('',(79.6114548215811,40.9410745515065,21.8));
#9916=CARTESIAN_POINT('',(74.6114548215811,40.9410745515065,21.8));
#9917=CARTESIAN_POINT('',(58.8807269285517,40.9410745515065,21.8));
#9918=CARTESIAN_POINT('',(79.6114548215811,40.9410745515065,25.));
#9919=CARTESIAN_POINT('',(74.6114548215811,40.9410745515065,25.));
#9920=CARTESIAN_POINT('Origin',(74.6114548215811,39.4410745515065,25.));
#9921=CARTESIAN_POINT('',(74.6114548215811,37.9410745515065,21.8));
#9922=CARTESIAN_POINT('Origin',(74.6114548215811,39.4410745515065,21.8));
#9923=CARTESIAN_POINT('',(74.6114548215811,37.9410745515065,25.));
#9924=CARTESIAN_POINT('Origin',(79.6114548215811,37.9410745515065,25.));
#9925=CARTESIAN_POINT('',(79.6114548215811,37.9410745515065,21.8));
#9926=CARTESIAN_POINT('',(61.3807269285517,37.9410745515065,21.8));
#9927=CARTESIAN_POINT('',(79.6114548215811,37.9410745515065,25.));
#9928=CARTESIAN_POINT('Origin',(79.6114548215811,39.4410745515065,25.));
#9929=CARTESIAN_POINT('Origin',(79.6114548215811,39.4410745515065,21.8));
#9930=CARTESIAN_POINT('Origin',(79.6114548215811,52.9410745515065,25.));
#9931=CARTESIAN_POINT('',(74.6114548215811,52.9410745515065,21.8));
#9932=CARTESIAN_POINT('',(79.6114548215811,52.9410745515065,21.8));
#9933=CARTESIAN_POINT('',(61.3807269285517,52.9410745515065,21.8));
#9934=CARTESIAN_POINT('',(74.6114548215811,52.9410745515065,25.));
#9935=CARTESIAN_POINT('',(79.6114548215811,52.9410745515065,25.));
#9936=CARTESIAN_POINT('Origin',(79.6114548215811,54.4410745515065,25.));
#9937=CARTESIAN_POINT('',(79.6114548215811,55.9410745515065,21.8));
#9938=CARTESIAN_POINT('Origin',(79.6114548215811,54.4410745515065,21.8));
#9939=CARTESIAN_POINT('',(79.6114548215811,55.9410745515065,25.));
#9940=CARTESIAN_POINT('Origin',(74.6114548215811,55.9410745515065,25.));
#9941=CARTESIAN_POINT('',(74.6114548215811,55.9410745515065,21.8));
#9942=CARTESIAN_POINT('',(58.8807269285517,55.9410745515065,21.8));
#9943=CARTESIAN_POINT('',(74.6114548215811,55.9410745515065,25.));
#9944=CARTESIAN_POINT('Origin',(74.6114548215811,54.4410745515065,25.));
#9945=CARTESIAN_POINT('Origin',(74.6114548215811,54.4410745515065,21.8));
#9946=CARTESIAN_POINT('Origin',(37.6114548215811,132.699997078627,13.0589254484935));
#9947=CARTESIAN_POINT('',(37.6114548215811,130.999997078627,18.0589254484935));
#9948=CARTESIAN_POINT('',(37.6114548215811,130.999997078627,13.0589254484935));
#9949=CARTESIAN_POINT('',(37.6114548215811,130.999997078627,6.52946272424683));
#9950=CARTESIAN_POINT('',(37.6114548215811,132.699997078627,18.0589254484935));
#9951=CARTESIAN_POINT('',(37.6114548215811,132.699997078627,18.0589254484935));
#9952=CARTESIAN_POINT('',(37.6114548215811,132.699997078627,13.0589254484935));
#9953=CARTESIAN_POINT('',(37.6114548215811,132.699997078627,6.52946272424683));
#9954=CARTESIAN_POINT('',(37.6114548215811,132.699997078627,13.0589254484935));
#9955=CARTESIAN_POINT('Origin',(36.1114548215811,132.699997078627,13.0589254484935));
#9956=CARTESIAN_POINT('',(34.6114548215811,130.999997078627,13.0589254484935));
#9957=CARTESIAN_POINT('Origin',(36.1114548215811,130.999997078627,13.0589254484935));
#9958=CARTESIAN_POINT('',(34.6114548215811,132.699997078627,13.0589254484935));
#9959=CARTESIAN_POINT('Origin',(36.1114548215811,132.699997078627,13.0589254484935));
#9960=CARTESIAN_POINT('',(34.6114548215811,132.699997078627,13.0589254484935));
#9961=CARTESIAN_POINT('Origin',(34.6114548215811,132.699997078627,18.0589254484935));
#9962=CARTESIAN_POINT('',(34.6114548215811,130.999997078627,18.0589254484935));
#9963=CARTESIAN_POINT('',(34.6114548215811,130.999997078627,9.02946272424675));
#9964=CARTESIAN_POINT('',(34.6114548215811,132.699997078627,18.0589254484935));
#9965=CARTESIAN_POINT('',(34.6114548215811,132.699997078627,9.02946272424675));
#9966=CARTESIAN_POINT('',(34.6114548215811,132.699997078627,18.0589254484935));
#9967=CARTESIAN_POINT('Origin',(36.1114548215811,132.699997078627,18.0589254484935));
#9968=CARTESIAN_POINT('Origin',(36.1114548215811,130.999997078627,18.0589254484935));
#9969=CARTESIAN_POINT('Origin',(36.1114548215811,132.699997078627,18.0589254484935));
#9970=CARTESIAN_POINT('Origin',(57.6114548215811,132.699997078627,13.0589254484935));
#9971=CARTESIAN_POINT('',(57.6114548215811,130.999997078627,18.0589254484935));
#9972=CARTESIAN_POINT('',(57.6114548215811,130.999997078627,13.0589254484935));
#9973=CARTESIAN_POINT('',(57.6114548215811,130.999997078627,6.52946272424679));
#9974=CARTESIAN_POINT('',(57.6114548215811,132.699997078627,18.0589254484935));
#9975=CARTESIAN_POINT('',(57.6114548215811,132.699997078627,18.0589254484935));
#9976=CARTESIAN_POINT('',(57.6114548215811,132.699997078627,13.0589254484935));
#9977=CARTESIAN_POINT('',(57.6114548215811,132.699997078627,6.52946272424679));
#9978=CARTESIAN_POINT('',(57.6114548215811,132.699997078627,13.0589254484935));
#9979=CARTESIAN_POINT('Origin',(56.1114548215811,132.699997078627,13.0589254484935));
#9980=CARTESIAN_POINT('',(54.6114548215811,130.999997078627,13.0589254484935));
#9981=CARTESIAN_POINT('Origin',(56.1114548215811,130.999997078627,13.0589254484935));
#9982=CARTESIAN_POINT('',(54.6114548215811,132.699997078627,13.0589254484935));
#9983=CARTESIAN_POINT('Origin',(56.1114548215811,132.699997078627,13.0589254484935));
#9984=CARTESIAN_POINT('',(54.6114548215811,132.699997078627,13.0589254484935));
#9985=CARTESIAN_POINT('Origin',(54.6114548215811,132.699997078627,18.0589254484935));
#9986=CARTESIAN_POINT('',(54.6114548215811,130.999997078627,18.0589254484935));
#9987=CARTESIAN_POINT('',(54.6114548215811,130.999997078627,9.02946272424675));
#9988=CARTESIAN_POINT('',(54.6114548215811,132.699997078627,18.0589254484935));
#9989=CARTESIAN_POINT('',(54.6114548215811,132.699997078627,9.02946272424675));
#9990=CARTESIAN_POINT('',(54.6114548215811,132.699997078627,18.0589254484935));
#9991=CARTESIAN_POINT('Origin',(56.1114548215811,132.699997078627,18.0589254484935));
#9992=CARTESIAN_POINT('Origin',(56.1114548215811,130.999997078627,18.0589254484935));
#9993=CARTESIAN_POINT('Origin',(56.1114548215811,132.699997078627,18.0589254484935));
#9994=CARTESIAN_POINT('Origin',(47.6114548215811,132.699997078627,13.0589254484935));
#9995=CARTESIAN_POINT('',(47.6114548215811,130.999997078627,18.0589254484935));
#9996=CARTESIAN_POINT('',(47.6114548215811,130.999997078627,13.0589254484935));
#9997=CARTESIAN_POINT('',(47.6114548215811,130.999997078627,6.52946272424681));
#9998=CARTESIAN_POINT('',(47.6114548215811,132.699997078627,18.0589254484935));
#9999=CARTESIAN_POINT('',(47.6114548215811,132.699997078627,18.0589254484935));
#10000=CARTESIAN_POINT('',(47.6114548215811,132.699997078627,13.0589254484935));
#10001=CARTESIAN_POINT('',(47.6114548215811,132.699997078627,6.52946272424681));
#10002=CARTESIAN_POINT('',(47.6114548215811,132.699997078627,13.0589254484935));
#10003=CARTESIAN_POINT('Origin',(46.1114548215811,132.699997078627,13.0589254484935));
#10004=CARTESIAN_POINT('',(44.6114548215811,130.999997078627,13.0589254484935));
#10005=CARTESIAN_POINT('Origin',(46.1114548215811,130.999997078627,13.0589254484935));
#10006=CARTESIAN_POINT('',(44.6114548215811,132.699997078627,13.0589254484935));
#10007=CARTESIAN_POINT('Origin',(46.1114548215811,132.699997078627,13.0589254484935));
#10008=CARTESIAN_POINT('',(44.6114548215811,132.699997078627,13.0589254484935));
#10009=CARTESIAN_POINT('Origin',(44.6114548215811,132.699997078627,18.0589254484935));
#10010=CARTESIAN_POINT('',(44.6114548215811,130.999997078627,18.0589254484935));
#10011=CARTESIAN_POINT('',(44.6114548215811,130.999997078627,9.02946272424675));
#10012=CARTESIAN_POINT('',(44.6114548215811,132.699997078627,18.0589254484935));
#10013=CARTESIAN_POINT('',(44.6114548215811,132.699997078627,9.02946272424675));
#10014=CARTESIAN_POINT('',(44.6114548215811,132.699997078627,18.0589254484935));
#10015=CARTESIAN_POINT('Origin',(46.1114548215811,132.699997078627,18.0589254484935));
#10016=CARTESIAN_POINT('Origin',(46.1114548215811,130.999997078627,18.0589254484935));
#10017=CARTESIAN_POINT('Origin',(46.1114548215811,132.699997078627,18.0589254484935));
#10018=CARTESIAN_POINT('Origin',(29.6114548215811,132.699997078627,18.0589254484935));
#10019=CARTESIAN_POINT('',(29.6114548215811,130.999997078627,13.0589254484935));
#10020=CARTESIAN_POINT('',(29.6114548215811,130.999997078627,18.0589254484935));
#10021=CARTESIAN_POINT('',(29.6114548215811,130.999997078627,9.02946272424675));
#10022=CARTESIAN_POINT('',(29.6114548215811,132.699997078627,13.0589254484935));
#10023=CARTESIAN_POINT('',(29.6114548215811,132.699997078627,13.0589254484935));
#10024=CARTESIAN_POINT('',(29.6114548215811,132.699997078627,18.0589254484935));
#10025=CARTESIAN_POINT('',(29.6114548215811,132.699997078627,9.02946272424675));
#10026=CARTESIAN_POINT('',(29.6114548215811,132.699997078627,18.0589254484935));
#10027=CARTESIAN_POINT('Origin',(31.1114548215811,132.699997078627,18.0589254484935));
#10028=CARTESIAN_POINT('',(32.6114548215811,130.999997078627,18.0589254484935));
#10029=CARTESIAN_POINT('Origin',(31.1114548215811,130.999997078627,18.0589254484935));
#10030=CARTESIAN_POINT('',(32.6114548215811,132.699997078627,18.0589254484935));
#10031=CARTESIAN_POINT('Origin',(31.1114548215811,132.699997078627,18.0589254484935));
#10032=CARTESIAN_POINT('',(32.6114548215811,132.699997078627,18.0589254484935));
#10033=CARTESIAN_POINT('Origin',(32.6114548215811,132.699997078627,13.0589254484935));
#10034=CARTESIAN_POINT('',(32.6114548215811,130.999997078627,13.0589254484935));
#10035=CARTESIAN_POINT('',(32.6114548215811,130.999997078627,6.52946272424684));
#10036=CARTESIAN_POINT('',(32.6114548215811,132.699997078627,13.0589254484935));
#10037=CARTESIAN_POINT('',(32.6114548215811,132.699997078627,6.52946272424684));
#10038=CARTESIAN_POINT('',(32.6114548215811,132.699997078627,13.0589254484935));
#10039=CARTESIAN_POINT('Origin',(31.1114548215811,132.699997078627,13.0589254484935));
#10040=CARTESIAN_POINT('Origin',(31.1114548215811,130.999997078627,13.0589254484935));
#10041=CARTESIAN_POINT('Origin',(31.1114548215811,132.699997078627,13.0589254484935));
#10042=CARTESIAN_POINT('Origin',(52.6114548215811,132.699997078627,13.0589254484935));
#10043=CARTESIAN_POINT('',(52.6114548215811,130.999997078627,18.0589254484935));
#10044=CARTESIAN_POINT('',(52.6114548215811,130.999997078627,13.0589254484935));
#10045=CARTESIAN_POINT('',(52.6114548215811,130.999997078627,6.5294627242468));
#10046=CARTESIAN_POINT('',(52.6114548215811,132.699997078627,18.0589254484935));
#10047=CARTESIAN_POINT('',(52.6114548215811,132.699997078627,18.0589254484935));
#10048=CARTESIAN_POINT('',(52.6114548215811,132.699997078627,13.0589254484935));
#10049=CARTESIAN_POINT('',(52.6114548215811,132.699997078627,6.5294627242468));
#10050=CARTESIAN_POINT('',(52.6114548215811,132.699997078627,13.0589254484935));
#10051=CARTESIAN_POINT('Origin',(51.1114548215811,132.699997078627,13.0589254484935));
#10052=CARTESIAN_POINT('',(49.6114548215811,130.999997078627,13.0589254484935));
#10053=CARTESIAN_POINT('Origin',(51.1114548215811,130.999997078627,13.0589254484935));
#10054=CARTESIAN_POINT('',(49.6114548215811,132.699997078627,13.0589254484935));
#10055=CARTESIAN_POINT('Origin',(51.1114548215811,132.699997078627,13.0589254484935));
#10056=CARTESIAN_POINT('',(49.6114548215811,132.699997078627,13.0589254484935));
#10057=CARTESIAN_POINT('Origin',(49.6114548215811,132.699997078627,18.0589254484935));
#10058=CARTESIAN_POINT('',(49.6114548215811,130.999997078627,18.0589254484935));
#10059=CARTESIAN_POINT('',(49.6114548215811,130.999997078627,9.02946272424675));
#10060=CARTESIAN_POINT('',(49.6114548215811,132.699997078627,18.0589254484935));
#10061=CARTESIAN_POINT('',(49.6114548215811,132.699997078627,9.02946272424675));
#10062=CARTESIAN_POINT('',(49.6114548215811,132.699997078627,18.0589254484935));
#10063=CARTESIAN_POINT('Origin',(51.1114548215811,132.699997078627,18.0589254484935));
#10064=CARTESIAN_POINT('Origin',(51.1114548215811,130.999997078627,18.0589254484935));
#10065=CARTESIAN_POINT('Origin',(51.1114548215811,132.699997078627,18.0589254484935));
#10066=CARTESIAN_POINT('Origin',(62.6114548215811,132.699997078627,13.0589254484935));
#10067=CARTESIAN_POINT('',(62.6114548215811,130.999997078627,18.0589254484935));
#10068=CARTESIAN_POINT('',(62.6114548215811,130.999997078627,13.0589254484935));
#10069=CARTESIAN_POINT('',(62.6114548215811,130.999997078627,6.52946272424678));
#10070=CARTESIAN_POINT('',(62.6114548215811,132.699997078627,18.0589254484935));
#10071=CARTESIAN_POINT('',(62.6114548215811,132.699997078627,18.0589254484935));
#10072=CARTESIAN_POINT('',(62.6114548215811,132.699997078627,13.0589254484935));
#10073=CARTESIAN_POINT('',(62.6114548215811,132.699997078627,6.52946272424678));
#10074=CARTESIAN_POINT('',(62.6114548215811,132.699997078627,13.0589254484935));
#10075=CARTESIAN_POINT('Origin',(61.1114548215811,132.699997078627,13.0589254484935));
#10076=CARTESIAN_POINT('',(59.6114548215811,130.999997078627,13.0589254484935));
#10077=CARTESIAN_POINT('Origin',(61.1114548215811,130.999997078627,13.0589254484935));
#10078=CARTESIAN_POINT('',(59.6114548215811,132.699997078627,13.0589254484935));
#10079=CARTESIAN_POINT('Origin',(61.1114548215811,132.699997078627,13.0589254484935));
#10080=CARTESIAN_POINT('',(59.6114548215811,132.699997078627,13.0589254484935));
#10081=CARTESIAN_POINT('Origin',(59.6114548215811,132.699997078627,18.0589254484935));
#10082=CARTESIAN_POINT('',(59.6114548215811,130.999997078627,18.0589254484935));
#10083=CARTESIAN_POINT('',(59.6114548215811,130.999997078627,9.02946272424675));
#10084=CARTESIAN_POINT('',(59.6114548215811,132.699997078627,18.0589254484935));
#10085=CARTESIAN_POINT('',(59.6114548215811,132.699997078627,9.02946272424675));
#10086=CARTESIAN_POINT('',(59.6114548215811,132.699997078627,18.0589254484935));
#10087=CARTESIAN_POINT('Origin',(61.1114548215811,132.699997078627,18.0589254484935));
#10088=CARTESIAN_POINT('Origin',(61.1114548215811,130.999997078627,18.0589254484935));
#10089=CARTESIAN_POINT('Origin',(61.1114548215811,132.699997078627,18.0589254484935));
#10090=CARTESIAN_POINT('Origin',(42.6114548215811,132.699997078627,13.0589254484935));
#10091=CARTESIAN_POINT('',(42.6114548215811,130.999997078627,18.0589254484935));
#10092=CARTESIAN_POINT('',(42.6114548215811,130.999997078627,13.0589254484935));
#10093=CARTESIAN_POINT('',(42.6114548215811,130.999997078627,6.52946272424682));
#10094=CARTESIAN_POINT('',(42.6114548215811,132.699997078627,18.0589254484935));
#10095=CARTESIAN_POINT('',(42.6114548215811,132.699997078627,18.0589254484935));
#10096=CARTESIAN_POINT('',(42.6114548215811,132.699997078627,13.0589254484935));
#10097=CARTESIAN_POINT('',(42.6114548215811,132.699997078627,6.52946272424682));
#10098=CARTESIAN_POINT('',(42.6114548215811,132.699997078627,13.0589254484935));
#10099=CARTESIAN_POINT('Origin',(41.1114548215811,132.699997078627,13.0589254484935));
#10100=CARTESIAN_POINT('',(39.6114548215811,130.999997078627,13.0589254484935));
#10101=CARTESIAN_POINT('Origin',(41.1114548215811,130.999997078627,13.0589254484935));
#10102=CARTESIAN_POINT('',(39.6114548215811,132.699997078627,13.0589254484935));
#10103=CARTESIAN_POINT('Origin',(41.1114548215811,132.699997078627,13.0589254484935));
#10104=CARTESIAN_POINT('',(39.6114548215811,132.699997078627,13.0589254484935));
#10105=CARTESIAN_POINT('Origin',(39.6114548215811,132.699997078627,18.0589254484935));
#10106=CARTESIAN_POINT('',(39.6114548215811,130.999997078627,18.0589254484935));
#10107=CARTESIAN_POINT('',(39.6114548215811,130.999997078627,9.02946272424675));
#10108=CARTESIAN_POINT('',(39.6114548215811,132.699997078627,18.0589254484935));
#10109=CARTESIAN_POINT('',(39.6114548215811,132.699997078627,9.02946272424675));
#10110=CARTESIAN_POINT('',(39.6114548215811,132.699997078627,18.0589254484935));
#10111=CARTESIAN_POINT('Origin',(41.1114548215811,132.699997078627,18.0589254484935));
#10112=CARTESIAN_POINT('Origin',(41.1114548215811,130.999997078627,18.0589254484935));
#10113=CARTESIAN_POINT('Origin',(41.1114548215811,132.699997078627,18.0589254484935));
#10114=CARTESIAN_POINT('Origin',(82.200162560325,77.60015494031,14.3));
#10115=CARTESIAN_POINT('',(79.200162560325,77.60015494031,19.6));
#10116=CARTESIAN_POINT('Origin',(82.200162560325,77.60015494031,19.6));
#10117=CARTESIAN_POINT('',(79.200162560325,77.60015494031,17.610050800102));
#10118=CARTESIAN_POINT('',(79.200162560325,77.60015494031,14.3));
#10119=CARTESIAN_POINT('Origin',(82.200162560325,77.60015494031,17.610050800102));
#10120=CARTESIAN_POINT('Origin',(81.9000803156848,77.60015494031,19.6));
#10121=CARTESIAN_POINT('',(85.6999981626868,77.5999982655048,19.6));
#10122=CARTESIAN_POINT('Origin',(82.1999981626868,77.5999982655048,19.6));
#10123=CARTESIAN_POINT('Origin',(84.3308852045841,82.1234304142604,14.3));
#10124=CARTESIAN_POINT('',(84.3308852045841,82.1234304142604,18.9074904081165));
#10125=CARTESIAN_POINT('',(84.2999980710447,82.1234304142604,18.9074904081165));
#10126=CARTESIAN_POINT('',(88.2999980710447,82.1234304142604,18.9074904081165));
#10127=CARTESIAN_POINT('',(84.3308852045841,82.1234304142604,14.3));
#10128=CARTESIAN_POINT('',(84.3308852045841,82.1234304142604,14.3));
#10129=CARTESIAN_POINT('',(84.2999980710447,82.1234304142604,14.3));
#10130=CARTESIAN_POINT('',(85.1000391933648,82.1234304142604,14.3));
#10131=CARTESIAN_POINT('',(84.2999980710447,82.1234304142604,14.7802362822618));
#10132=CARTESIAN_POINT('Origin',(82.200162560325,77.60015494031,21.8));
#10133=CARTESIAN_POINT('',(86.5999980710447,75.22498179323,21.8));
#10134=CARTESIAN_POINT('',(86.5999980710447,75.22498179323,14.3));
#10135=CARTESIAN_POINT('',(86.5999980710447,75.22498179323,21.8));
#10136=CARTESIAN_POINT('',(77.2363117064373,77.0000010430813,21.8));
#10137=CARTESIAN_POINT('Origin',(82.200162560325,77.60015494031,21.8));
#10138=CARTESIAN_POINT('',(77.2363117064373,77.0000010430813,14.8));
#10139=CARTESIAN_POINT('',(77.2363117064373,77.0000010430813,21.8));
#10140=CARTESIAN_POINT('',(77.2818013503967,78.5000010430813,14.8));
#10141=CARTESIAN_POINT('Origin',(82.200162560325,77.60015494031,14.8));
#10142=CARTESIAN_POINT('',(77.2818013503967,78.5000010430813,21.8));
#10143=CARTESIAN_POINT('',(77.2818013503967,78.5000010430813,21.8));
#10144=CARTESIAN_POINT('',(77.353258297326,78.8279656200657,21.8));
#10145=CARTESIAN_POINT('Origin',(82.200162560325,77.60015494031,21.8));
#10146=CARTESIAN_POINT('',(77.353258297326,78.8279656200657,14.3));
#10147=CARTESIAN_POINT('',(77.353258297326,78.8279656200657,21.8));
#10148=CARTESIAN_POINT('Origin',(82.200162560325,77.60015494031,14.3));
#10149=CARTESIAN_POINT('Origin',(88.2999980710447,83.0430926605659,17.7224919470541));
#10150=CARTESIAN_POINT('',(84.2999980710447,82.1378515837537,18.9185431971483));
#10151=CARTESIAN_POINT('Origin',(84.2999980710447,83.0430926605659,17.7224919470541));
#10152=CARTESIAN_POINT('Ctrl Pts',(84.3308852045842,82.1234304142604,18.9074904081165));
#10153=CARTESIAN_POINT('Ctrl Pts',(84.3206362420422,82.1282582644973,18.9112372413316));
#10154=CARTESIAN_POINT('Ctrl Pts',(84.3103402336053,82.1330657106757,18.914920970343));
#10155=CARTESIAN_POINT('Ctrl Pts',(84.2999980710447,82.1378515837538,18.9185431971483));
#10156=CARTESIAN_POINT('Origin',(82.200162560325,77.60015494031,21.8));
#10157=CARTESIAN_POINT('',(80.8240640753712,82.4070617377951,14.3));
#10158=CARTESIAN_POINT('',(80.8240640753712,82.4070617377951,21.8));
#10159=CARTESIAN_POINT('',(80.8240640753712,82.4070617377951,21.8));
#10160=CARTESIAN_POINT('',(81.5500012069941,82.5577037514298,21.8));
#10161=CARTESIAN_POINT('Origin',(82.200162560325,77.60015494031,21.8));
#10162=CARTESIAN_POINT('',(81.5500012069941,82.5577037514298,14.8));
#10163=CARTESIAN_POINT('',(81.5500012069941,82.5577037514298,21.8));
#10164=CARTESIAN_POINT('',(83.0500012069941,82.5274030845207,14.8));
#10165=CARTESIAN_POINT('Origin',(82.200162560325,77.60015494031,14.8));
#10166=CARTESIAN_POINT('',(83.0500012069941,82.5274030845207,21.8));
#10167=CARTESIAN_POINT('',(83.0500012069941,82.5274030845207,21.8));
#10168=CARTESIAN_POINT('',(86.5999980710447,79.97532808739,21.8));
#10169=CARTESIAN_POINT('Origin',(82.200162560325,77.60015494031,21.8));
#10170=CARTESIAN_POINT('',(86.5999980710447,79.97532808739,14.3));
#10171=CARTESIAN_POINT('',(86.5999980710447,79.97532808739,21.8));
#10172=CARTESIAN_POINT('Origin',(82.200162560325,77.60015494031,14.3));
#10173=CARTESIAN_POINT('',(84.2999980710447,82.1378515837538,14.3));
#10174=CARTESIAN_POINT('',(84.2999980710447,82.1378515837538,21.8));
#10175=CARTESIAN_POINT('Origin',(82.200162560325,77.60015494031,14.3));
#10176=CARTESIAN_POINT('Origin',(88.2999980710447,112.434121919382,12.5379809154927));
#10177=CARTESIAN_POINT('',(86.5999980710447,111.565881031048,17.4620196805537));
#10178=CARTESIAN_POINT('',(86.5999980710447,112.434121919382,12.5379809154927));
#10179=CARTESIAN_POINT('',(86.5999980710447,111.978383597335,15.1226013758209));
#10180=CARTESIAN_POINT('',(88.2999980710447,111.565881031048,17.4620196805537));
#10181=CARTESIAN_POINT('',(88.2999980710447,112.434121919382,12.5379809154927));
#10182=CARTESIAN_POINT('Origin',(88.2999980710447,113.911333548901,12.7984531819931));
#10183=CARTESIAN_POINT('',(86.5999980710447,115.388545178419,13.0589254484935));
#10184=CARTESIAN_POINT('Origin',(86.5999980710447,113.911333548901,12.7984531819931));
#10185=CARTESIAN_POINT('',(88.2999980710447,115.388545178419,13.0589254484935));
#10186=CARTESIAN_POINT('Origin',(88.2999980710447,114.520304290084,17.9829642135545));
#10187=CARTESIAN_POINT('',(86.5999980710447,114.520304290084,17.9829642135545));
#10188=CARTESIAN_POINT('',(86.5999980710447,114.498686412205,18.105565291352));
#10189=CARTESIAN_POINT('',(88.2999980710447,114.520304290084,17.9829642135545));
#10190=CARTESIAN_POINT('Origin',(88.2999980710447,113.043092660566,17.7224919470541));
#10191=CARTESIAN_POINT('Origin',(86.5999980710447,113.043092660566,17.7224919470541));
#10192=CARTESIAN_POINT('Origin',(88.2999980710447,117.434121919382,12.5379809154927));
#10193=CARTESIAN_POINT('',(86.5999980710447,116.565881031048,17.4620196805537));
#10194=CARTESIAN_POINT('',(86.5999980710447,117.434121919382,12.5379809154927));
#10195=CARTESIAN_POINT('',(86.5999980710447,116.902999373318,15.550126554978));
#10196=CARTESIAN_POINT('',(88.2999980710447,116.565881031048,17.4620196805537));
#10197=CARTESIAN_POINT('',(88.2999980710447,117.434121919382,12.5379809154927));
#10198=CARTESIAN_POINT('Origin',(88.2999980710447,118.911333548901,12.7984531819931));
#10199=CARTESIAN_POINT('',(86.5999980710447,120.388545178419,13.0589254484935));
#10200=CARTESIAN_POINT('Origin',(86.5999980710447,118.911333548901,12.7984531819931));
#10201=CARTESIAN_POINT('',(88.2999980710447,120.388545178419,13.0589254484935));
#10202=CARTESIAN_POINT('Origin',(88.2999980710447,119.520304290084,17.9829642135545));
#10203=CARTESIAN_POINT('',(86.5999980710447,119.520304290084,17.9829642135545));
#10204=CARTESIAN_POINT('',(86.5999980710447,119.423302188187,18.5330904705091));
#10205=CARTESIAN_POINT('',(88.2999980710447,119.520304290084,17.9829642135545));
#10206=CARTESIAN_POINT('Origin',(88.2999980710447,118.043092660566,17.7224919470541));
#10207=CARTESIAN_POINT('Origin',(86.5999980710447,118.043092660566,17.7224919470541));
#10208=CARTESIAN_POINT('Origin',(88.2999980710447,97.4341219193823,12.5379809154927));
#10209=CARTESIAN_POINT('',(86.5999980710447,96.5658810310476,17.4620196805537));
#10210=CARTESIAN_POINT('',(86.5999980710447,97.4341219193823,12.5379809154927));
#10211=CARTESIAN_POINT('',(86.5999980710447,97.2045362693882,13.8400258383496));
#10212=CARTESIAN_POINT('',(88.2999980710447,96.5658810310476,17.4620196805537));
#10213=CARTESIAN_POINT('',(88.2999980710447,97.4341219193823,12.5379809154927));
#10214=CARTESIAN_POINT('Origin',(88.2999980710447,98.9113335489006,12.7984531819931));
#10215=CARTESIAN_POINT('',(86.5999980710447,100.388545178419,13.0589254484935));
#10216=CARTESIAN_POINT('Origin',(86.5999980710447,98.9113335489006,12.7984531819931));
#10217=CARTESIAN_POINT('',(88.2999980710447,100.388545178419,13.0589254484935));
#10218=CARTESIAN_POINT('Origin',(88.2999980710447,99.5203042900843,17.9829642135545));
#10219=CARTESIAN_POINT('',(86.5999980710447,99.5203042900843,17.9829642135545));
#10220=CARTESIAN_POINT('',(86.5999980710447,99.7248390842575,16.8229897538808));
#10221=CARTESIAN_POINT('',(88.2999980710447,99.5203042900843,17.9829642135545));
#10222=CARTESIAN_POINT('Origin',(88.2999980710447,98.0430926605659,17.7224919470541));
#10223=CARTESIAN_POINT('Origin',(86.5999980710447,98.0430926605659,17.7224919470541));
#10224=CARTESIAN_POINT('Origin',(88.2999980710447,92.4341219193823,12.5379809154927));
#10225=CARTESIAN_POINT('',(86.5999980710447,91.5658810310476,17.4620196805537));
#10226=CARTESIAN_POINT('',(86.5999980710447,92.4341219193823,12.5379809154927));
#10227=CARTESIAN_POINT('',(86.5999980710447,92.2799204934058,13.4125006591925));
#10228=CARTESIAN_POINT('',(88.2999980710447,91.5658810310476,17.4620196805537));
#10229=CARTESIAN_POINT('',(88.2999980710447,92.4341219193823,12.5379809154927));
#10230=CARTESIAN_POINT('Origin',(88.2999980710447,93.9113335489006,12.7984531819931));
#10231=CARTESIAN_POINT('',(86.5999980710447,95.3885451784189,13.0589254484935));
#10232=CARTESIAN_POINT('Origin',(86.5999980710447,93.9113335489006,12.7984531819931));
#10233=CARTESIAN_POINT('',(88.2999980710447,95.3885451784189,13.0589254484935));
#10234=CARTESIAN_POINT('Origin',(88.2999980710447,94.5203042900843,17.9829642135545));
#10235=CARTESIAN_POINT('',(86.5999980710447,94.5203042900843,17.9829642135545));
#10236=CARTESIAN_POINT('',(86.5999980710447,94.8002233082751,16.3954645747237));
#10237=CARTESIAN_POINT('',(88.2999980710447,94.5203042900843,17.9829642135545));
#10238=CARTESIAN_POINT('Origin',(88.2999980710447,93.0430926605659,17.7224919470541));
#10239=CARTESIAN_POINT('Origin',(86.5999980710447,93.0430926605659,17.7224919470541));
#10240=CARTESIAN_POINT('Origin',(88.2999980710447,102.434121919382,12.5379809154927));
#10241=CARTESIAN_POINT('',(86.5999980710447,101.565881031048,17.4620196805537));
#10242=CARTESIAN_POINT('',(86.5999980710447,102.434121919382,12.5379809154927));
#10243=CARTESIAN_POINT('',(86.5999980710447,102.129152045371,14.2675510175067));
#10244=CARTESIAN_POINT('',(88.2999980710447,101.565881031048,17.4620196805537));
#10245=CARTESIAN_POINT('',(88.2999980710447,102.434121919382,12.5379809154927));
#10246=CARTESIAN_POINT('Origin',(88.2999980710447,103.911333548901,12.7984531819931));
#10247=CARTESIAN_POINT('',(86.5999980710447,105.388545178419,13.0589254484935));
#10248=CARTESIAN_POINT('Origin',(86.5999980710447,103.911333548901,12.7984531819931));
#10249=CARTESIAN_POINT('',(88.2999980710447,105.388545178419,13.0589254484935));
#10250=CARTESIAN_POINT('Origin',(88.2999980710447,104.520304290084,17.9829642135545));
#10251=CARTESIAN_POINT('',(86.5999980710447,104.520304290084,17.9829642135545));
#10252=CARTESIAN_POINT('',(86.5999980710447,104.64945486024,17.2505149330379));
#10253=CARTESIAN_POINT('',(88.2999980710447,104.520304290084,17.9829642135545));
#10254=CARTESIAN_POINT('Origin',(88.2999980710447,103.043092660566,17.7224919470541));
#10255=CARTESIAN_POINT('Origin',(86.5999980710447,103.043092660566,17.7224919470541));
#10256=CARTESIAN_POINT('Origin',(88.2999980710447,107.434121919382,12.5379809154927));
#10257=CARTESIAN_POINT('',(86.5999980710447,106.565881031048,17.4620196805537));
#10258=CARTESIAN_POINT('',(86.5999980710447,107.434121919382,12.5379809154927));
#10259=CARTESIAN_POINT('',(86.5999980710447,107.053767821353,14.6950761966638));
#10260=CARTESIAN_POINT('',(88.2999980710447,106.565881031048,17.4620196805537));
#10261=CARTESIAN_POINT('',(88.2999980710447,107.434121919382,12.5379809154927));
#10262=CARTESIAN_POINT('Origin',(88.2999980710447,108.911333548901,12.7984531819931));
#10263=CARTESIAN_POINT('',(86.5999980710447,110.388545178419,13.0589254484935));
#10264=CARTESIAN_POINT('Origin',(86.5999980710447,108.911333548901,12.7984531819931));
#10265=CARTESIAN_POINT('',(88.2999980710447,110.388545178419,13.0589254484935));
#10266=CARTESIAN_POINT('Origin',(88.2999980710447,109.520304290084,17.9829642135545));
#10267=CARTESIAN_POINT('',(86.5999980710447,109.520304290084,17.9829642135545));
#10268=CARTESIAN_POINT('',(86.5999980710447,109.574070636222,17.678040112195));
#10269=CARTESIAN_POINT('',(88.2999980710447,109.520304290084,17.9829642135545));
#10270=CARTESIAN_POINT('Origin',(88.2999980710447,108.043092660566,17.7224919470541));
#10271=CARTESIAN_POINT('Origin',(86.5999980710447,108.043092660566,17.7224919470541));
#10272=CARTESIAN_POINT('Origin',(88.2999980710447,87.4341219193823,12.5379809154927));
#10273=CARTESIAN_POINT('',(86.5999980710447,86.5658810310476,17.4620196805537));
#10274=CARTESIAN_POINT('',(86.5999980710447,87.4341219193823,12.5379809154927));
#10275=CARTESIAN_POINT('',(86.5999980710447,87.3553047174234,12.9849754800354));
#10276=CARTESIAN_POINT('',(88.2999980710447,86.5658810310476,17.4620196805537));
#10277=CARTESIAN_POINT('',(88.2999980710447,87.4341219193823,12.5379809154927));
#10278=CARTESIAN_POINT('Origin',(88.2999980710447,88.9113335489006,12.7984531819931));
#10279=CARTESIAN_POINT('',(86.5999980710447,90.3885451784189,13.0589254484935));
#10280=CARTESIAN_POINT('Origin',(86.5999980710447,88.9113335489006,12.7984531819931));
#10281=CARTESIAN_POINT('',(88.2999980710447,90.3885451784189,13.0589254484935));
#10282=CARTESIAN_POINT('Origin',(88.2999980710447,89.5203042900843,17.9829642135545));
#10283=CARTESIAN_POINT('',(86.5999980710447,89.5203042900843,17.9829642135545));
#10284=CARTESIAN_POINT('',(86.5999980710447,89.8756075322927,15.9679393955666));
#10285=CARTESIAN_POINT('',(88.2999980710447,89.5203042900843,17.9829642135545));
#10286=CARTESIAN_POINT('Origin',(88.2999980710447,88.0430926605659,17.7224919470541));
#10287=CARTESIAN_POINT('Origin',(86.5999980710447,88.0430926605659,17.7224919470541));
#10288=CARTESIAN_POINT('Origin',(84.2999980710447,83.4772131047333,15.2604725645236));
#10289=CARTESIAN_POINT('',(84.2999980710447,80.5386840225217,14.3));
#10290=CARTESIAN_POINT('Origin',(88.2999980710447,84.5203042900843,17.9829642135545));
#10291=CARTESIAN_POINT('',(86.5999980710447,85.3885451784189,13.0589254484935));
#10292=CARTESIAN_POINT('',(86.5999980710447,84.5203042900843,17.9829642135545));
#10293=CARTESIAN_POINT('',(86.5999980710447,84.9509917563103,15.5404142164095));
#10294=CARTESIAN_POINT('',(88.2999980710447,85.3885451784189,13.0589254484935));
#10295=CARTESIAN_POINT('',(88.2999980710447,84.5203042900843,17.9829642135545));
#10296=CARTESIAN_POINT('Origin',(88.2999980710447,83.0430926605659,17.7224919470541));
#10297=CARTESIAN_POINT('',(86.5999980710447,81.5658810310477,17.4620196805537));
#10298=CARTESIAN_POINT('Origin',(86.5999980710447,83.0430926605659,17.7224919470541));
#10299=CARTESIAN_POINT('',(88.2999980710447,81.5658810310477,17.4620196805537));
#10300=CARTESIAN_POINT('Origin',(88.2999980710447,82.4341219193823,12.5379809154927));
#10301=CARTESIAN_POINT('',(86.5999980710447,82.4341219193823,12.5379809154927));
#10302=CARTESIAN_POINT('',(86.5999980710447,82.430688941441,12.5574503008783));
#10303=CARTESIAN_POINT('',(88.2999980710447,82.4341219193823,12.5379809154927));
#10304=CARTESIAN_POINT('Origin',(88.2999980710447,83.9113335489006,12.7984531819931));
#10305=CARTESIAN_POINT('Origin',(86.5999980710447,83.9113335489006,12.7984531819931));
#10306=CARTESIAN_POINT('Origin',(81.9000803156848,77.60015494031,14.3));
#10307=CARTESIAN_POINT('',(86.5999980710447,44.350077470155,14.3));
#10308=CARTESIAN_POINT('',(78.148243350521,79.647754481644,14.3));
#10309=CARTESIAN_POINT('',(79.200162560325,77.60015494031,14.3));
#10310=CARTESIAN_POINT('Origin',(82.200162560325,77.60015494031,14.3));
#10311=CARTESIAN_POINT('Origin',(4.00000005960464,16.4625494183846,6.8));
#10312=CARTESIAN_POINT('',(10.6430383729107,16.4625494183846,6.8));
#10313=CARTESIAN_POINT('',(10.6430383729107,16.4625494183846,21.8));
#10314=CARTESIAN_POINT('',(10.6430383729107,16.4625494183846,21.8));
#10315=CARTESIAN_POINT('',(5.75699210714931,16.4625494183846,6.8));
#10316=CARTESIAN_POINT('',(6.10000764981732,16.4625494183846,6.8));
#10317=CARTESIAN_POINT('',(5.75699210714931,16.4625494183846,21.8));
#10318=CARTESIAN_POINT('',(5.75699210714931,16.4625494183846,21.8));
#10319=CARTESIAN_POINT('',(82.0000012218952,16.4625494183846,21.8));
#10320=CARTESIAN_POINT('Origin',(4.00000005960464,16.4625494183846,6.8));
#10321=CARTESIAN_POINT('',(80.5429800824226,16.4625494183846,6.8));
#10322=CARTESIAN_POINT('',(80.5429800824226,16.4625494183846,21.8));
#10323=CARTESIAN_POINT('',(80.5429800824226,16.4625494183846,21.8));
#10324=CARTESIAN_POINT('',(75.6570164262353,16.4625494183846,6.8));
#10325=CARTESIAN_POINT('',(41.0499991569668,16.4625494183846,6.8));
#10326=CARTESIAN_POINT('',(75.6570164262353,16.4625494183846,21.8));
#10327=CARTESIAN_POINT('',(75.6570164262353,16.4625494183846,21.8));
#10328=CARTESIAN_POINT('',(82.0000012218952,16.4625494183846,21.8));
#10329=CARTESIAN_POINT('Origin',(78.099998254329,12.0999997295439,21.8));
#10330=CARTESIAN_POINT('Origin',(78.099998254329,12.0999997295439,21.8));
#10331=CARTESIAN_POINT('Origin',(78.099998254329,12.0999997295439,6.8));
#10332=CARTESIAN_POINT('Origin',(43.1499990355223,65.3499985393137,21.8));
#10333=CARTESIAN_POINT('',(81.5500012069941,85.5000010430813,21.8));
#10334=CARTESIAN_POINT('',(81.5500012069941,73.4249997911975,21.8));
#10335=CARTESIAN_POINT('',(77.353258297326,78.8279656200657,21.8));
#10336=CARTESIAN_POINT('',(74.2500012069941,78.5000010430813,21.8));
#10337=CARTESIAN_POINT('',(58.7000001212582,78.5000010430813,21.8));
#10338=CARTESIAN_POINT('',(74.2500012069941,77.0000010430813,21.8));
#10339=CARTESIAN_POINT('',(74.2500012069941,71.1749997911975,21.8));
#10340=CARTESIAN_POINT('',(60.7000001212582,77.0000010430813,21.8));
#10341=CARTESIAN_POINT('',(86.5999980710447,11.1,21.8));
#10342=CARTESIAN_POINT('',(86.5999980710447,38.2249992696568,21.8));
#10343=CARTESIAN_POINT('',(75.1999980710447,-0.299999999999994,21.8));
#10344=CARTESIAN_POINT('Origin',(75.1999980710447,11.1,21.8));
#10345=CARTESIAN_POINT('',(11.1,-0.299999999999994,21.8));
#10346=CARTESIAN_POINT('',(27.1249995177612,-0.299999999999998,21.8));
#10347=CARTESIAN_POINT('',(-0.299999999999994,11.1,21.8));
#10348=CARTESIAN_POINT('Origin',(11.1,11.1,21.8));
#10349=CARTESIAN_POINT('',(-0.300000000000002,75.3793079203082,21.8));
#10350=CARTESIAN_POINT('',(-0.300000000000002,96.2749978089705,21.8));
#10351=CARTESIAN_POINT('',(-2.,75.3793079203082,21.8));
#10352=CARTESIAN_POINT('',(5.,75.3793079203082,21.8));
#10353=CARTESIAN_POINT('',(-2.,90.7760011373666,21.8));
#10354=CARTESIAN_POINT('',(-2.,74.2138265340755,21.8));
#10355=CARTESIAN_POINT('',(6.7,90.7760011373666,21.8));
#10356=CARTESIAN_POINT('',(5.,90.7760011373666,21.8));
#10357=CARTESIAN_POINT('',(6.7,93.3795534054609,21.8));
#10358=CARTESIAN_POINT('',(6.7,96.2749978089705,21.8));
#10359=CARTESIAN_POINT('',(-2.,93.3795534054609,21.8));
#10360=CARTESIAN_POINT('',(5.,93.3795534054609,21.8));
#10361=CARTESIAN_POINT('',(-2.,108.808582237757,21.8));
#10362=CARTESIAN_POINT('',(-2.,83.2220331804614,21.8));
#10363=CARTESIAN_POINT('',(6.7,108.808582237757,21.8));
#10364=CARTESIAN_POINT('',(5.,108.808582237757,21.8));
#10365=CARTESIAN_POINT('',(6.70000000000001,127.199997078627,21.8));
#10366=CARTESIAN_POINT('',(6.7,96.2749978089705,21.8));
#10367=CARTESIAN_POINT('',(-0.299999999999994,127.199997078627,21.8));
#10368=CARTESIAN_POINT('',(21.4249995177612,127.199997078627,21.8));
#10369=CARTESIAN_POINT('',(3.5,130.999997078627,21.8));
#10370=CARTESIAN_POINT('Origin',(3.49999999999999,127.199997078627,21.8));
#10371=CARTESIAN_POINT('',(21.8107875395015,130.999997078627,21.8));
#10372=CARTESIAN_POINT('',(62.9749985532835,130.999997078627,21.8));
#10373=CARTESIAN_POINT('',(19.6284974978045,124.55697534454,21.799999512732));
#10374=CARTESIAN_POINT('Origin',(24.1908079131269,126.602781707381,21.8));
#10375=CARTESIAN_POINT('',(19.6284974978045,123.85697534454,21.799999512732));
#10376=CARTESIAN_POINT('',(19.6284974978045,94.9534869419267,21.8));
#10377=CARTESIAN_POINT('',(21.3581581863226,123.85697534454,21.799999512732));
#10378=CARTESIAN_POINT('',(46.8207236821841,123.85697534454,21.8));
#10379=CARTESIAN_POINT('',(21.3581581863226,124.55697534454,21.799999512732));
#10380=CARTESIAN_POINT('',(21.3581581863226,94.9534869419267,21.8));
#10381=CARTESIAN_POINT('',(27.0418407318531,124.55697534454,21.799999512732));
#10382=CARTESIAN_POINT('Origin',(24.1999994590878,126.599997170269,21.799999512732));
#10383=CARTESIAN_POINT('',(27.0418407318531,123.85697534454,21.799999512732));
#10384=CARTESIAN_POINT('',(27.0418407318531,94.9534869419267,21.8));
#10385=CARTESIAN_POINT('',(28.7531183284493,123.85697534454,21.799999512732));
#10386=CARTESIAN_POINT('',(46.8207236821841,123.85697534454,21.8));
#10387=CARTESIAN_POINT('',(28.7531183284493,124.55697534454,21.799999512732));
#10388=CARTESIAN_POINT('',(28.7531183284493,94.9534869419267,21.8));
#10389=CARTESIAN_POINT('',(26.5708282867523,130.999997078627,21.8));
#10390=CARTESIAN_POINT('Origin',(24.1908079131269,126.602781707381,21.8));
#10391=CARTESIAN_POINT('',(79.8251295754907,130.999997078627,21.8));
#10392=CARTESIAN_POINT('',(62.9749985532835,130.999997078627,21.8));
#10393=CARTESIAN_POINT('',(77.6364401407491,124.55697534454,21.799999512732));
#10394=CARTESIAN_POINT('Origin',(82.1999981626868,126.599997170269,21.8));
#10395=CARTESIAN_POINT('',(77.6364401407491,123.85697534454,21.799999512732));
#10396=CARTESIAN_POINT('',(77.6364401407491,94.9534869419267,21.8));
#10397=CARTESIAN_POINT('',(79.3584347163139,123.85697534454,21.799999512732));
#10398=CARTESIAN_POINT('',(46.8207236821841,123.85697534454,21.8));
#10399=CARTESIAN_POINT('',(79.3584347163139,124.55697534454,21.799999512732));
#10400=CARTESIAN_POINT('',(79.3584347163139,94.9534869419267,21.8));
#10401=CARTESIAN_POINT('',(85.0418904043361,124.55697534454,21.799999512732));
#10402=CARTESIAN_POINT('Origin',(82.200162560325,126.60015494031,21.799999512732));
#10403=CARTESIAN_POINT('',(85.0418904043361,123.85697534454,21.799999512732));
#10404=CARTESIAN_POINT('',(85.0418904043361,94.9534869419267,21.8));
#10405=CARTESIAN_POINT('',(86.5999980643392,123.85697534454,21.799999512732));
#10406=CARTESIAN_POINT('',(46.8207236821841,123.85697534454,21.8));
#10407=CARTESIAN_POINT('',(86.5999980710447,38.2249992696568,21.8));
#10408=CARTESIAN_POINT('',(83.0500012069941,85.5000010430813,21.8));
#10409=CARTESIAN_POINT('',(83.0500012069941,75.4249997911975,21.8));
#10410=CARTESIAN_POINT('',(62.3500001212582,85.5000010430813,21.8));
#10411=CARTESIAN_POINT('',(20.2700009627733,74.5091342667676,21.8));
#10412=CARTESIAN_POINT('',(29.1764546643925,77.1145792193834,21.8));
#10413=CARTESIAN_POINT('Origin',(24.200088900178,77.60015494031,21.8));
#10414=CARTESIAN_POINT('',(32.1463819263899,77.1145792193834,21.8));
#10415=CARTESIAN_POINT('',(37.6481904809561,77.1145792193834,21.8));
#10416=CARTESIAN_POINT('',(32.1463819263899,78.1145792193834,21.8));
#10417=CARTESIAN_POINT('',(32.1463819263899,71.7322888793485,21.8));
#10418=CARTESIAN_POINT('',(29.1735552628973,78.1145792193834,21.8));
#10419=CARTESIAN_POINT('',(36.0031817964107,78.1145792193834,21.8));
#10420=CARTESIAN_POINT('',(24.7000003650784,82.5751010231596,21.8));
#10421=CARTESIAN_POINT('Origin',(24.200088900178,77.60015494031,21.8));
#10422=CARTESIAN_POINT('',(24.7000003650784,85.5000012740493,21.8));
#10423=CARTESIAN_POINT('',(24.7000003650784,75.4249999066815,21.8));
#10424=CARTESIAN_POINT('',(23.7000003650784,85.5000012740493,21.8));
#10425=CARTESIAN_POINT('',(33.4249997003004,85.5000012740493,21.8));
#10426=CARTESIAN_POINT('',(23.7000003650784,82.575083226935,21.8));
#10427=CARTESIAN_POINT('',(23.7000003650784,73.7799912221361,21.8));
#10428=CARTESIAN_POINT('',(20.2700009627733,80.6911756138524,21.8));
#10429=CARTESIAN_POINT('Origin',(24.200088900178,77.60015494031,21.8));
#10430=CARTESIAN_POINT('',(20.2700009627733,80.7100038335193,21.8));
#10431=CARTESIAN_POINT('',(29.6999993808568,112.12988735401,21.8));
#10432=CARTESIAN_POINT('',(27.6999993808568,110.12988735401,21.8));
#10433=CARTESIAN_POINT('Origin',(29.6999993808567,110.12988735401,21.8));
#10434=CARTESIAN_POINT('',(27.6999993808568,83.0999981872737,21.8));
#10435=CARTESIAN_POINT('',(27.6999993808568,74.2249983632937,21.8));
#10436=CARTESIAN_POINT('',(29.6999993808568,81.0999981872737,21.8));
#10437=CARTESIAN_POINT('Origin',(29.6999993808567,83.0999981872737,21.8));
#10438=CARTESIAN_POINT('',(78.8999982364476,81.0999981872737,21.8));
#10439=CARTESIAN_POINT('',(61.024998635985,81.0999981872737,21.8));
#10440=CARTESIAN_POINT('',(78.8999982364476,121.174562139352,21.8));
#10441=CARTESIAN_POINT('',(78.8999982364476,93.2622803393327,21.8));
#10442=CARTESIAN_POINT('',(50.6317260336736,121.174562139352,21.8));
#10443=CARTESIAN_POINT('',(46.890862534598,121.174562139352,21.8));
#10444=CARTESIAN_POINT('',(48.461858780578,120.246198232864,21.8));
#10445=CARTESIAN_POINT('Origin',(50.6317260336736,118.174562139352,21.8));
#10446=CARTESIAN_POINT('',(41.5993143714841,113.058251260498,21.8));
#10447=CARTESIAN_POINT('',(30.0547630460299,100.96628976628,21.8));
#10448=CARTESIAN_POINT('',(39.4294471183885,112.12988735401,21.8));
#10449=CARTESIAN_POINT('Origin',(39.4294471183885,115.12988735401,21.8));
#10450=CARTESIAN_POINT('',(36.4249992081895,112.12988735401,21.8));
#10451=CARTESIAN_POINT('Origin',(8.20001524003,12.100022860046,21.8));
#10452=CARTESIAN_POINT('Origin',(50.6317260336736,121.174562139352,25.));
#10453=CARTESIAN_POINT('',(78.8999982364476,121.174562139352,25.));
#10454=CARTESIAN_POINT('',(50.6317260336736,121.174562139352,25.));
#10455=CARTESIAN_POINT('Origin',(50.6317260336736,118.174562139352,25.));
#10456=CARTESIAN_POINT('',(48.461858780578,120.246198232864,25.));
#10457=CARTESIAN_POINT('Origin',(41.5993143714841,113.058251260498,25.));
#10458=CARTESIAN_POINT('',(41.5993143714841,113.058251260498,25.));
#10459=CARTESIAN_POINT('Origin',(39.4294471183885,115.12988735401,25.));
#10460=CARTESIAN_POINT('',(39.4294471183885,112.12988735401,25.));
#10461=CARTESIAN_POINT('Origin',(29.6999993808568,112.12988735401,25.));
#10462=CARTESIAN_POINT('',(29.6999993808568,112.12988735401,25.));
#10463=CARTESIAN_POINT('Origin',(29.6999993808567,110.12988735401,25.));
#10464=CARTESIAN_POINT('',(27.6999993808568,110.12988735401,25.));
#10465=CARTESIAN_POINT('Origin',(27.6999993808568,83.0999981872737,25.));
#10466=CARTESIAN_POINT('',(27.6999993808568,83.0999981872737,25.));
#10467=CARTESIAN_POINT('Origin',(29.6999993808567,83.0999981872737,25.));
#10468=CARTESIAN_POINT('',(29.6999993808568,81.0999981872737,25.));
#10469=CARTESIAN_POINT('Origin',(78.8999982364476,81.0999981872737,25.));
#10470=CARTESIAN_POINT('',(78.8999982364476,81.0999981872737,25.));
#10471=CARTESIAN_POINT('Origin',(78.8999982364476,121.174562139352,25.));
#10472=CARTESIAN_POINT('Origin',(81.5500012069941,81.5000010430813,21.8));
#10473=CARTESIAN_POINT('',(81.5500012069941,85.5000010430813,14.8));
#10474=CARTESIAN_POINT('',(81.5500012069941,85.5000010430813,21.8));
#10475=CARTESIAN_POINT('',(81.5500012069941,85.5000010430813,14.8));
#10476=CARTESIAN_POINT('Origin',(81.5500012069941,85.5000010430813,21.8));
#10477=CARTESIAN_POINT('',(83.0500012069941,85.5000010430813,14.8));
#10478=CARTESIAN_POINT('',(83.0500012069941,85.5000010430813,21.8));
#10479=CARTESIAN_POINT('',(83.0500012069941,85.5000010430813,14.8));
#10480=CARTESIAN_POINT('Origin',(83.0500012069941,85.5000010430813,21.8));
#10481=CARTESIAN_POINT('',(83.0500012069941,81.5000010430813,14.8));
#10482=CARTESIAN_POINT('Origin',(82.300001206994,83.5000010430813,14.8));
#10483=CARTESIAN_POINT('Origin',(78.2500012069941,77.0000010430813,21.8));
#10484=CARTESIAN_POINT('',(74.2500012069941,77.0000010430813,14.8));
#10485=CARTESIAN_POINT('',(74.2500012069941,77.0000010430813,21.8));
#10486=CARTESIAN_POINT('',(74.2500012069941,77.0000010430813,14.8));
#10487=CARTESIAN_POINT('Origin',(74.2500012069941,78.5000010430813,21.8));
#10488=CARTESIAN_POINT('',(74.2500012069941,78.5000010430813,14.8));
#10489=CARTESIAN_POINT('',(78.2500012069941,78.5000010430813,14.8));
#10490=CARTESIAN_POINT('',(74.2500012069941,78.5000010430813,21.8));
#10491=CARTESIAN_POINT('Origin',(74.2500012069941,77.0000010430813,21.8));
#10492=CARTESIAN_POINT('',(74.2500012069941,78.5000010430813,14.8));
#10493=CARTESIAN_POINT('Origin',(76.2500012069941,77.7500010430813,14.8));
#10494=CARTESIAN_POINT('Origin',(24.200088900178,77.60015494031,21.8));
#10495=CARTESIAN_POINT('',(20.2700009627733,74.5091342667676,16.));
#10496=CARTESIAN_POINT('',(20.2700009627733,74.5091342667676,21.8));
#10497=CARTESIAN_POINT('',(20.2700009627733,80.6911756138524,16.));
#10498=CARTESIAN_POINT('Origin',(24.200088900178,77.60015494031,16.));
#10499=CARTESIAN_POINT('',(20.2700009627733,80.6911756138524,21.8));
#10500=CARTESIAN_POINT('',(23.7000003650784,82.575083226935,16.3));
#10501=CARTESIAN_POINT('',(23.7000003650784,82.575083226935,21.8));
#10502=CARTESIAN_POINT('',(24.7000003650784,82.5751010231596,16.3));
#10503=CARTESIAN_POINT('Origin',(24.200088900178,77.60015494031,16.3));
#10504=CARTESIAN_POINT('',(24.7000003650784,82.5751010231596,21.8));
#10505=CARTESIAN_POINT('',(29.1735552628973,78.1145792193834,16.3));
#10506=CARTESIAN_POINT('',(29.1735552628973,78.1145792193834,21.8));
#10507=CARTESIAN_POINT('',(29.1764546643925,77.1145792193834,16.3));
#10508=CARTESIAN_POINT('Origin',(24.200088900178,77.60015494031,16.3));
#10509=CARTESIAN_POINT('',(29.1764546643925,77.1145792193834,21.8));
#10510=CARTESIAN_POINT('Origin',(32.1463819263899,77.1145792193834,21.8));
#10511=CARTESIAN_POINT('',(32.1463819263899,77.1145792193834,16.3));
#10512=CARTESIAN_POINT('',(28.8563645572991,77.1145792193834,16.3));
#10513=CARTESIAN_POINT('',(32.1463819263899,77.1145792193834,21.8));
#10514=CARTESIAN_POINT('Origin',(30.5013732418445,77.6145792193834,16.3));
#10515=CARTESIAN_POINT('',(32.1463819263899,78.1145792193834,16.3));
#10516=CARTESIAN_POINT('',(32.1463819263899,78.1145792193834,16.3));
#10517=CARTESIAN_POINT('',(32.1463819263899,77.1145792193834,16.3));
#10518=CARTESIAN_POINT('Origin',(28.8563645572991,78.1145792193834,21.8));
#10519=CARTESIAN_POINT('',(32.1463819263899,78.1145792193834,21.8));
#10520=CARTESIAN_POINT('Origin',(32.1463819263899,78.1145792193834,21.8));
#10521=CARTESIAN_POINT('Origin',(23.7000003650784,82.2099839049585,21.8));
#10522=CARTESIAN_POINT('',(23.7000003650784,85.5000012740493,16.3));
#10523=CARTESIAN_POINT('',(23.7000003650784,85.5000012740493,21.8));
#10524=CARTESIAN_POINT('',(23.7000003650784,85.5000012740493,16.3));
#10525=CARTESIAN_POINT('Origin',(24.7000003650784,85.5000012740493,21.8));
#10526=CARTESIAN_POINT('',(24.7000003650784,85.5000012740493,16.3));
#10527=CARTESIAN_POINT('',(24.7000003650784,82.2099839049585,16.3));
#10528=CARTESIAN_POINT('',(24.7000003650784,85.5000012740493,21.8));
#10529=CARTESIAN_POINT('Origin',(23.7000003650784,85.5000012740493,21.8));
#10530=CARTESIAN_POINT('',(24.7000003650784,85.5000012740493,16.3));
#10531=CARTESIAN_POINT('Origin',(24.2000003650784,83.8549925895039,16.3));
#10532=CARTESIAN_POINT('Origin',(24.200088900178,77.60015494031,7.810050800102));
#10533=CARTESIAN_POINT('',(22.1603120471582,79.7999982051551,7.810050800102));
#10534=CARTESIAN_POINT('',(26.2398657531978,79.7999982051551,7.810050800102));
#10535=CARTESIAN_POINT('',(24.8540855257944,79.7999982051551,7.810050800102));
#10536=CARTESIAN_POINT('',(21.200088900178,77.60015494031,7.810050800102));
#10537=CARTESIAN_POINT('Origin',(24.200088900178,77.60015494031,7.810050800102));
#10538=CARTESIAN_POINT('Origin',(24.200088900178,77.60015494031,7.810050800102));
#10539=CARTESIAN_POINT('',(22.850162560325,77.60015494031,7.810050800102));
#10540=CARTESIAN_POINT('Origin',(24.200162560325,77.60015494031,7.810050800102));
#10541=CARTESIAN_POINT('Origin',(22.8920956489453,79.7999982051551,7.810050800102));
#10542=CARTESIAN_POINT('',(22.1603120471582,79.7999982051551,15.510050800102));
#10543=CARTESIAN_POINT('',(22.1603120471582,79.7999982051551,1.610050800102));
#10544=CARTESIAN_POINT('',(26.2398657531978,79.7999982051551,15.510050800102));
#10545=CARTESIAN_POINT('',(22.8920956489453,79.7999982051551,15.510050800102));
#10546=CARTESIAN_POINT('',(26.2398657531978,79.7999982051551,1.610050800102));
#10547=CARTESIAN_POINT('Origin',(24.200088900178,80.4500765727326,15.510050800102));
#10548=CARTESIAN_POINT('Origin',(24.200088900178,77.60015494031,15.510050800102));
#10549=CARTESIAN_POINT('Origin',(24.200088900178,77.60015494031,1.610050800102));
#10550=CARTESIAN_POINT('',(21.200088900178,77.60015494031,16.));
#10551=CARTESIAN_POINT('Origin',(24.200088900178,77.60015494031,16.));
#10552=CARTESIAN_POINT('',(21.200088900178,77.60015494031,1.610050800102));
#10553=CARTESIAN_POINT('Origin',(88.2999980710447,113.699997458607,7.51818416194657));
#10554=CARTESIAN_POINT('',(86.5999980710447,113.699997458607,5.99999988377094));
#10555=CARTESIAN_POINT('',(86.5999980710447,113.699997458607,7.51818416194657));
#10556=CARTESIAN_POINT('',(86.5999980710447,113.699997458607,3.75909208097269));
#10557=CARTESIAN_POINT('',(88.2999980710447,113.699997458607,5.99999988377094));
#10558=CARTESIAN_POINT('',(88.2999980710447,113.699997458607,7.51818416194657));
#10559=CARTESIAN_POINT('Origin',(88.2999980710447,112.899997458607,7.51818416194658));
#10560=CARTESIAN_POINT('',(86.5999980710447,112.899997458607,8.31818416194658));
#10561=CARTESIAN_POINT('Origin',(86.5999980710447,112.899997458607,7.51818416194658));
#10562=CARTESIAN_POINT('',(88.2999980710447,112.899997458607,8.31818416194658));
#10563=CARTESIAN_POINT('Origin',(88.2999980710447,110.514033774457,8.31818416194657));
#10564=CARTESIAN_POINT('',(86.5999980710447,110.514033774457,8.31818416194657));
#10565=CARTESIAN_POINT('',(86.5999980710447,60.8070168872285,8.31818416194657));
#10566=CARTESIAN_POINT('',(88.2999980710447,110.514033774457,8.31818416194657));
#10567=CARTESIAN_POINT('Origin',(88.2999980710447,110.514033774457,7.51818416194657));
#10568=CARTESIAN_POINT('',(86.5999980710447,109.714033774457,7.51818416194658));
#10569=CARTESIAN_POINT('Origin',(86.5999980710447,110.514033774457,7.51818416194657));
#10570=CARTESIAN_POINT('',(88.2999980710447,109.714033774457,7.51818416194658));
#10571=CARTESIAN_POINT('Origin',(88.2999980710447,109.714033774457,5.99999988377095));
#10572=CARTESIAN_POINT('',(86.5999980710447,109.714033774457,5.99999988377095));
#10573=CARTESIAN_POINT('',(86.5999980710447,109.714033774457,2.99999994188547));
#10574=CARTESIAN_POINT('',(88.2999980710447,109.714033774457,5.99999988377095));
#10575=CARTESIAN_POINT('Origin',(88.2999980710447,110.514033774457,5.99999988377095));
#10576=CARTESIAN_POINT('',(86.5999980710447,110.514033774457,5.19999988377095));
#10577=CARTESIAN_POINT('Origin',(86.5999980710447,110.514033774457,5.99999988377095));
#10578=CARTESIAN_POINT('',(88.2999980710447,110.514033774457,5.19999988377095));
#10579=CARTESIAN_POINT('Origin',(88.2999980710447,112.899997458607,5.19999988377095));
#10580=CARTESIAN_POINT('',(86.5999980710447,112.899997458607,5.19999988377095));
#10581=CARTESIAN_POINT('',(86.5999980710447,61.9999987293035,5.19999988377083));
#10582=CARTESIAN_POINT('',(88.2999980710447,112.899997458607,5.19999988377095));
#10583=CARTESIAN_POINT('Origin',(88.2999980710447,112.899997458607,5.99999988377094));
#10584=CARTESIAN_POINT('Origin',(86.5999980710447,112.899997458607,5.99999988377094));
#10585=CARTESIAN_POINT('Origin',(63.7999985806644,132.699997078627,3.99999990388751));
#10586=CARTESIAN_POINT('',(63.7999985806644,130.999997078627,7.42045606102294));
#10587=CARTESIAN_POINT('',(63.7999985806644,130.999997078627,4.1));
#10588=CARTESIAN_POINT('',(63.7999985806644,130.999997078627,1.99999995194376));
#10589=CARTESIAN_POINT('',(63.7999985806644,132.699997078627,7.42045606102294));
#10590=CARTESIAN_POINT('',(63.7999985806644,132.699997078627,7.42045606102294));
#10591=CARTESIAN_POINT('',(63.7999985806644,132.699997078627,4.1));
#10592=CARTESIAN_POINT('',(63.7999985806644,132.699997078627,1.99999995194376));
#10593=CARTESIAN_POINT('',(63.7999985806644,99.0249978089705,4.1));
#10594=CARTESIAN_POINT('Origin',(62.4999985806644,132.699997078627,8.72045606102294));
#10595=CARTESIAN_POINT('',(57.2999987415969,130.999997078627,8.72045606102294));
#10596=CARTESIAN_POINT('',(62.4999985806644,130.999997078627,8.72045606102294));
#10597=CARTESIAN_POINT('',(72.6499983258545,130.999997078627,8.72045606102295));
#10598=CARTESIAN_POINT('',(57.2999987415969,132.699997078627,8.72045606102294));
#10599=CARTESIAN_POINT('',(57.2999987415969,132.699997078627,8.72045606102294));
#10600=CARTESIAN_POINT('',(62.4999985806644,132.699997078627,8.72045606102294));
#10601=CARTESIAN_POINT('',(72.6499983258545,132.699997078627,8.72045606102295));
#10602=CARTESIAN_POINT('',(62.4999985806644,132.699997078627,8.72045606102294));
#10603=CARTESIAN_POINT('Origin',(62.4999985806644,132.699997078627,7.42045606102295));
#10604=CARTESIAN_POINT('Origin',(62.4999985806644,130.999997078627,7.42045606102295));
#10605=CARTESIAN_POINT('Origin',(62.4999985806644,132.699997078627,7.42045606102295));
#10606=CARTESIAN_POINT('Origin',(55.9999987415969,132.699997078627,7.42045606102294));
#10607=CARTESIAN_POINT('',(55.9999987415969,130.999997078627,4.1));
#10608=CARTESIAN_POINT('',(55.9999987415969,130.999997078627,7.42045606102294));
#10609=CARTESIAN_POINT('',(55.9999987415969,130.999997078627,3.71022803051147));
#10610=CARTESIAN_POINT('',(55.9999987415969,132.699997078627,4.1));
#10611=CARTESIAN_POINT('',(55.9999987415969,99.0249978089705,4.1));
#10612=CARTESIAN_POINT('',(55.9999987415969,132.699997078627,7.42045606102294));
#10613=CARTESIAN_POINT('',(55.9999987415969,132.699997078627,3.71022803051147));
#10614=CARTESIAN_POINT('',(55.9999987415969,132.699997078627,7.42045606102294));
#10615=CARTESIAN_POINT('Origin',(57.2999987415969,132.699997078627,7.42045606102295));
#10616=CARTESIAN_POINT('Origin',(57.2999987415969,130.999997078627,7.42045606102295));
#10617=CARTESIAN_POINT('Origin',(57.2999987415969,132.699997078627,7.42045606102295));
#10618=CARTESIAN_POINT('Origin',(50.3999985806644,132.699997078627,3.99999990388751));
#10619=CARTESIAN_POINT('',(50.3999985806644,130.999997078627,7.42045606102294));
#10620=CARTESIAN_POINT('',(50.3999985806644,130.999997078627,4.1));
#10621=CARTESIAN_POINT('',(50.3999985806644,130.999997078627,1.99999995194376));
#10622=CARTESIAN_POINT('',(50.3999985806644,132.699997078627,7.42045606102294));
#10623=CARTESIAN_POINT('',(50.3999985806644,132.699997078627,7.42045606102294));
#10624=CARTESIAN_POINT('',(50.3999985806644,132.699997078627,4.1));
#10625=CARTESIAN_POINT('',(50.3999985806644,132.699997078627,1.99999995194376));
#10626=CARTESIAN_POINT('',(50.3999985806644,99.0249978089705,4.1));
#10627=CARTESIAN_POINT('Origin',(49.0999985806644,132.699997078627,8.72045606102294));
#10628=CARTESIAN_POINT('',(43.8999987415969,130.999997078627,8.72045606102294));
#10629=CARTESIAN_POINT('',(49.0999985806644,130.999997078627,8.72045606102294));
#10630=CARTESIAN_POINT('',(65.9499983258546,130.999997078627,8.72045606102294));
#10631=CARTESIAN_POINT('',(43.8999987415969,132.699997078627,8.72045606102294));
#10632=CARTESIAN_POINT('',(43.8999987415969,132.699997078627,8.72045606102294));
#10633=CARTESIAN_POINT('',(49.0999985806644,132.699997078627,8.72045606102294));
#10634=CARTESIAN_POINT('',(65.9499983258546,132.699997078627,8.72045606102294));
#10635=CARTESIAN_POINT('',(49.0999985806644,132.699997078627,8.72045606102294));
#10636=CARTESIAN_POINT('Origin',(49.0999985806644,132.699997078627,7.42045606102295));
#10637=CARTESIAN_POINT('Origin',(49.0999985806644,130.999997078627,7.42045606102295));
#10638=CARTESIAN_POINT('Origin',(49.0999985806644,132.699997078627,7.42045606102295));
#10639=CARTESIAN_POINT('Origin',(42.5999987415969,132.699997078627,7.42045606102294));
#10640=CARTESIAN_POINT('',(42.5999987415969,130.999997078627,4.1));
#10641=CARTESIAN_POINT('',(42.5999987415969,130.999997078627,7.42045606102294));
#10642=CARTESIAN_POINT('',(42.5999987415969,130.999997078627,3.71022803051147));
#10643=CARTESIAN_POINT('',(42.5999987415969,132.699997078627,4.1));
#10644=CARTESIAN_POINT('',(42.5999987415969,99.0249978089705,4.1));
#10645=CARTESIAN_POINT('',(42.5999987415969,132.699997078627,7.42045606102294));
#10646=CARTESIAN_POINT('',(42.5999987415969,132.699997078627,3.71022803051147));
#10647=CARTESIAN_POINT('',(42.5999987415969,132.699997078627,7.42045606102294));
#10648=CARTESIAN_POINT('Origin',(43.8999987415969,132.699997078627,7.42045606102295));
#10649=CARTESIAN_POINT('Origin',(43.8999987415969,130.999997078627,7.42045606102295));
#10650=CARTESIAN_POINT('Origin',(43.8999987415969,132.699997078627,7.42045606102295));
#10651=CARTESIAN_POINT('Origin',(79.170003746124,132.699997078627,1.99999994859099));
#10652=CARTESIAN_POINT('',(79.170003746124,130.999997078627,7.22305344413062));
#10653=CARTESIAN_POINT('',(79.170003746124,130.999997078627,4.1));
#10654=CARTESIAN_POINT('',(79.170003746124,130.999997078627,0.999999974295497));
#10655=CARTESIAN_POINT('',(79.170003746124,132.699997078627,7.22305344413062));
#10656=CARTESIAN_POINT('',(79.170003746124,132.699997078627,7.22305344413062));
#10657=CARTESIAN_POINT('',(79.170003746124,132.699997078627,4.1));
#10658=CARTESIAN_POINT('',(79.170003746124,132.699997078627,0.999999974295497));
#10659=CARTESIAN_POINT('',(79.170003746124,99.0249978089705,4.1));
#10660=CARTESIAN_POINT('Origin',(77.870003746124,132.699997078627,8.52305344413062));
#10661=CARTESIAN_POINT('',(71.1278073838601,130.999997078627,8.52305344413062));
#10662=CARTESIAN_POINT('',(77.870003746124,130.999997078627,8.52305344413062));
#10663=CARTESIAN_POINT('',(80.3350009085843,130.999997078627,8.52305344413062));
#10664=CARTESIAN_POINT('',(71.1278073838601,132.699997078627,8.52305344413062));
#10665=CARTESIAN_POINT('',(71.1278073838601,132.699997078627,8.52305344413062));
#10666=CARTESIAN_POINT('',(77.870003746124,132.699997078627,8.52305344413062));
#10667=CARTESIAN_POINT('',(80.3350009085843,132.699997078627,8.52305344413062));
#10668=CARTESIAN_POINT('',(77.870003746124,132.699997078627,8.52305344413062));
#10669=CARTESIAN_POINT('Origin',(77.870003746124,132.699997078627,7.22305344413062));
#10670=CARTESIAN_POINT('Origin',(77.870003746124,130.999997078627,7.22305344413062));
#10671=CARTESIAN_POINT('Origin',(77.870003746124,132.699997078627,7.22305344413062));
#10672=CARTESIAN_POINT('Origin',(69.82780738386,132.699997078627,7.22305344413062));
#10673=CARTESIAN_POINT('',(69.82780738386,130.999997078627,4.1));
#10674=CARTESIAN_POINT('',(69.82780738386,130.999997078627,7.22305344413062));
#10675=CARTESIAN_POINT('',(69.82780738386,130.999997078627,3.61152672206531));
#10676=CARTESIAN_POINT('',(69.82780738386,132.699997078627,4.1));
#10677=CARTESIAN_POINT('',(69.82780738386,99.0249978089705,4.1));
#10678=CARTESIAN_POINT('',(69.82780738386,132.699997078627,7.22305344413062));
#10679=CARTESIAN_POINT('',(69.82780738386,132.699997078627,3.61152672206531));
#10680=CARTESIAN_POINT('',(69.82780738386,132.699997078627,7.22305344413062));
#10681=CARTESIAN_POINT('Origin',(71.1278073838601,132.699997078627,7.2230534441306));
#10682=CARTESIAN_POINT('Origin',(71.1278073838601,130.999997078627,7.2230534441306));
#10683=CARTESIAN_POINT('Origin',(71.1278073838601,132.699997078627,7.2230534441306));
#10684=CARTESIAN_POINT('Origin',(82.7999980710447,132.699997078627,0.));
#10685=CARTESIAN_POINT('',(62.9749985532835,132.699997078627,4.1));
#10686=CARTESIAN_POINT('',(62.9749985532835,132.699997078627,4.1));
#10687=CARTESIAN_POINT('',(62.9749985532835,132.699997078627,4.1));
#10688=CARTESIAN_POINT('',(3.5,132.699997078627,4.1));
#10689=CARTESIAN_POINT('',(62.9749985532835,132.699997078627,4.1));
#10690=CARTESIAN_POINT('',(3.49999999999999,132.699997078627,0.));
#10691=CARTESIAN_POINT('Origin',(43.1499990355223,65.3499985393137,4.1));
#10692=CARTESIAN_POINT('',(86.5999980710447,109.396425633939,4.1));
#10693=CARTESIAN_POINT('',(88.2999980710447,109.396425633939,4.1));
#10694=CARTESIAN_POINT('',(86.5999980710447,127.199997078627,4.1));
#10695=CARTESIAN_POINT('',(86.5999980710447,38.2249992696568,4.1));
#10696=CARTESIAN_POINT('',(82.7999980710447,130.999997078627,4.1));
#10697=CARTESIAN_POINT('Origin',(82.7999980710447,127.199997078627,4.1));
#10698=CARTESIAN_POINT('',(62.9749985532835,130.999997078627,4.1));
#10699=CARTESIAN_POINT('Origin',(43.1499990355223,65.3499985393137,4.1));
#10700=CARTESIAN_POINT('',(3.5,130.999997078627,4.1));
#10701=CARTESIAN_POINT('',(62.9749985532835,130.999997078627,4.1));
#10702=CARTESIAN_POINT('',(-0.210233519996198,128.021073949022,4.1));
#10703=CARTESIAN_POINT('Origin',(3.49999999999999,127.199997078627,4.1));
#10704=CARTESIAN_POINT('',(-1.93836673762476,128.021073949022,4.1));
#10705=CARTESIAN_POINT('',(20.6058161489488,128.021073949022,4.1));
#10706=CARTESIAN_POINT('Origin',(3.49999999999999,127.199997078627,4.1));
#10707=CARTESIAN_POINT('Origin',(43.1499990355223,65.3499985393137,4.1));
#10708=CARTESIAN_POINT('',(62.9749985532835,130.999997078627,4.1));
#10709=CARTESIAN_POINT('Origin',(43.1499990355223,65.3499985393137,4.1));
#10710=CARTESIAN_POINT('',(62.9749985532835,130.999997078627,4.1));
#10711=CARTESIAN_POINT('Origin',(88.2999980710447,96.0000014156103,5.4000000745058));
#10712=CARTESIAN_POINT('',(86.5999980710447,108.000001624227,5.4000000745058));
#10713=CARTESIAN_POINT('',(86.5999980710447,96.0000014156103,5.4000000745058));
#10714=CARTESIAN_POINT('',(86.5999980710447,53.5500007078052,5.4000000745058));
#10715=CARTESIAN_POINT('',(88.2999980710447,108.000001624227,5.4000000745058));
#10716=CARTESIAN_POINT('',(88.2999980710447,96.0000014156103,5.4000000745058));
#10717=CARTESIAN_POINT('Origin',(88.2999980710447,96.0000014156103,4.00000007450581));
#10718=CARTESIAN_POINT('',(86.5999980710447,94.6035774058979,4.1));
#10719=CARTESIAN_POINT('Origin',(86.5999980710447,96.0000014156103,4.00000007450581));
#10720=CARTESIAN_POINT('',(88.2999980710447,94.6035774058979,4.1));
#10721=CARTESIAN_POINT('Origin',(88.2999980710447,108.000001624227,4.00000007450581));
#10722=CARTESIAN_POINT('Origin',(86.5999980710447,108.000001624227,4.00000007450581));
#10723=CARTESIAN_POINT('Origin',(86.5999980710447,11.1,0.));
#10724=CARTESIAN_POINT('',(86.5999980710447,11.1,4.1));
#10725=CARTESIAN_POINT('',(86.5999980710447,38.2249992696568,4.1));
#10726=CARTESIAN_POINT('',(86.5999980710447,11.1,0.));
#10727=CARTESIAN_POINT('',(86.5999980643392,123.85697534454,9.8));
#10728=CARTESIAN_POINT('',(86.5999980710447,123.85697534454,7.3749998351559));
#10729=CARTESIAN_POINT('',(86.5999980710447,127.199997078627,9.8));
#10730=CARTESIAN_POINT('',(86.5999980710447,69.3392431287023,9.8));
#10731=CARTESIAN_POINT('',(86.5999980710447,127.199997078627,0.));
#10732=CARTESIAN_POINT('Origin',(43.1499990355223,65.3499985393137,4.1));
#10733=CARTESIAN_POINT('',(69.256514178432,-0.299999999999995,4.1));
#10734=CARTESIAN_POINT('',(69.256514178432,-1.99999999999999,4.1));
#10735=CARTESIAN_POINT('',(75.1999980710447,-0.299999999999994,4.1));
#10736=CARTESIAN_POINT('',(27.1249995177612,-0.299999999999998,4.1));
#10737=CARTESIAN_POINT('Origin',(75.1999980710447,11.1,4.1));
#10738=CARTESIAN_POINT('Origin',(-2.,93.3795534054609,22.0957277843493));
#10739=CARTESIAN_POINT('',(6.7,93.3795534054609,6.1));
#10740=CARTESIAN_POINT('',(6.7,93.3795534054609,11.0478638921747));
#10741=CARTESIAN_POINT('',(-0.299999993294477,93.3795534054609,6.1));
#10742=CARTESIAN_POINT('',(0.925000031478703,93.3795534054609,6.1));
#10743=CARTESIAN_POINT('',(-0.299999993294477,93.3795534054609,4.1));
#10744=CARTESIAN_POINT('',(-0.299999993294477,93.3795534054609,13.0978638921747));
#10745=CARTESIAN_POINT('',(-2.,93.3795534054609,4.1));
#10746=CARTESIAN_POINT('',(-0.300000000000001,93.3795534054609,4.1));
#10747=CARTESIAN_POINT('',(-2.,93.379553405461,11.0478638921747));
#10748=CARTESIAN_POINT('Origin',(-2.,75.3793079203082,22.1153086667307));
#10749=CARTESIAN_POINT('',(-0.300000000000002,75.3793079203082,4.1));
#10750=CARTESIAN_POINT('',(-0.3,75.3793079203082,11.0576543333654));
#10751=CARTESIAN_POINT('',(-2.,75.3793079203082,4.1));
#10752=CARTESIAN_POINT('',(20.5749995177612,75.3793079203082,4.1));
#10753=CARTESIAN_POINT('',(-2.,75.3793079203082,11.0576543333654));
#10754=CARTESIAN_POINT('Origin',(-0.299999993294477,117.000001743436,4.1));
#10755=CARTESIAN_POINT('',(-0.299999993294477,90.7760011373666,6.1));
#10756=CARTESIAN_POINT('',(-0.299999993294477,117.000001743436,6.1));
#10757=CARTESIAN_POINT('',(-0.299999993294477,90.7760011373666,4.1));
#10758=CARTESIAN_POINT('',(-0.299999993294477,90.7760011373666,4.1));
#10759=CARTESIAN_POINT('',(-0.299999993294477,91.1750001413748,4.1));
#10760=CARTESIAN_POINT('Origin',(-0.299999993294477,117.000001743436,4.1));
#10761=CARTESIAN_POINT('',(-0.299999993294477,111.69999750331,6.1));
#10762=CARTESIAN_POINT('',(-0.299999993294477,111.69999750331,4.1));
#10763=CARTESIAN_POINT('',(-0.299999993294477,111.69999750331,11.7884481680814));
#10764=CARTESIAN_POINT('',(-0.299999993294477,108.808582237757,6.1));
#10765=CARTESIAN_POINT('',(-0.299999993294477,117.000001743436,6.1));
#10766=CARTESIAN_POINT('',(-0.299999993294477,108.808582237757,4.1));
#10767=CARTESIAN_POINT('',(-0.299999993294477,108.808582237757,4.1));
#10768=CARTESIAN_POINT('',(-0.299999993294477,91.1750001413748,4.1));
#10769=CARTESIAN_POINT('Origin',(3.85000006295741,95.5500000435859,6.1));
#10770=CARTESIAN_POINT('',(6.7,90.7760011373666,6.1));
#10771=CARTESIAN_POINT('',(6.7,111.374998561107,6.1));
#10772=CARTESIAN_POINT('',(0.925000031478703,90.7760011373666,6.1));
#10773=CARTESIAN_POINT('Origin',(3.85000006295741,95.5500000435859,6.1));
#10774=CARTESIAN_POINT('',(6.7,111.69999750331,6.1));
#10775=CARTESIAN_POINT('',(0.925000031478703,111.69999750331,6.1));
#10776=CARTESIAN_POINT('',(6.7,108.808582237757,6.1));
#10777=CARTESIAN_POINT('',(6.7,111.374998561107,6.1));
#10778=CARTESIAN_POINT('',(0.925000031478703,108.808582237757,6.1));
#10779=CARTESIAN_POINT('Origin',(-0.300000000000002,127.199997078627,0.));
#10780=CARTESIAN_POINT('',(-0.300000000000001,53.6242133933984,4.1));
#10781=CARTESIAN_POINT('',(-0.300000000000002,96.2749978089705,4.1));
#10782=CARTESIAN_POINT('',(-0.299999999999994,11.1,4.1));
#10783=CARTESIAN_POINT('',(-0.299999999999998,11.1,0.));
#10784=CARTESIAN_POINT('',(-0.299999999999999,17.0408780779639,4.1));
#10785=CARTESIAN_POINT('',(-0.300000000000002,96.2749978089705,4.1));
#10786=CARTESIAN_POINT('',(-0.299999999999998,17.0408780779639,7.94906372298738));
#10787=CARTESIAN_POINT('',(-0.299999999999998,17.0408780779639,3.97453186149364));
#10788=CARTESIAN_POINT('',(-0.299999999999998,18.2408780779639,9.14906372298737));
#10789=CARTESIAN_POINT('Origin',(-0.300000000000002,18.2408780779639,7.94906372298738));
#10790=CARTESIAN_POINT('',(-0.299999999999999,30.4242133933984,9.14906372298737));
#10791=CARTESIAN_POINT('',(-0.300000000000001,78.8121052360129,9.14906372298735));
#10792=CARTESIAN_POINT('',(-0.299999999999999,31.6242133933984,7.94906372298737));
#10793=CARTESIAN_POINT('Origin',(-0.300000000000002,30.4242133933984,7.94906372298738));
#10794=CARTESIAN_POINT('',(-0.3,31.6242133933984,4.1));
#10795=CARTESIAN_POINT('',(-0.299999999999999,31.6242133933984,1.55396862238741));
#10796=CARTESIAN_POINT('',(-0.3,39.0408780779639,4.1));
#10797=CARTESIAN_POINT('',(-0.300000000000002,96.2749978089705,4.1));
#10798=CARTESIAN_POINT('',(-0.299999999999999,39.0408780779639,7.94906372298738));
#10799=CARTESIAN_POINT('',(-0.299999999999999,39.0408780779639,3.97453186149365));
#10800=CARTESIAN_POINT('',(-0.299999999999999,40.2408780779639,9.14906372298737));
#10801=CARTESIAN_POINT('Origin',(-0.300000000000002,40.2408780779639,7.94906372298738));
#10802=CARTESIAN_POINT('',(-0.299999999999999,52.4242133933984,9.14906372298737));
#10803=CARTESIAN_POINT('',(-0.300000000000001,89.8121052360129,9.14906372298735));
#10804=CARTESIAN_POINT('',(-0.299999999999999,53.6242133933984,7.94906372298737));
#10805=CARTESIAN_POINT('Origin',(-0.300000000000002,52.4242133933984,7.94906372298738));
#10806=CARTESIAN_POINT('',(-0.299999999999999,53.6242133933984,1.55396862238737));
#10807=CARTESIAN_POINT('Origin',(43.1499990355223,65.3499985393137,4.1));
#10808=CARTESIAN_POINT('',(-2.,108.808582237757,4.1));
#10809=CARTESIAN_POINT('',(-0.300000000000002,108.808582237757,4.1));
#10810=CARTESIAN_POINT('',(-2.,111.69999750331,4.1));
#10811=CARTESIAN_POINT('',(-2.,96.2749978089705,4.1));
#10812=CARTESIAN_POINT('',(-0.300000000000002,111.69999750331,4.1));
#10813=CARTESIAN_POINT('Origin',(-2.,108.808582237757,4.1));
#10814=CARTESIAN_POINT('',(-2.,108.808582237757,2.05));
#10815=CARTESIAN_POINT('',(6.7,108.808582237757,2.05));
#10816=CARTESIAN_POINT('Origin',(43.1499990355223,65.3499985393137,4.1));
#10817=CARTESIAN_POINT('',(-2.,90.7760011373666,4.1));
#10818=CARTESIAN_POINT('',(-0.300000000000002,90.7760011373666,4.1));
#10819=CARTESIAN_POINT('',(-2.,96.2749978089705,4.1));
#10820=CARTESIAN_POINT('Origin',(-2.,90.7760011373666,4.1));
#10821=CARTESIAN_POINT('',(-2.,90.7760011373666,2.05));
#10822=CARTESIAN_POINT('',(6.7,90.7760011373666,2.05));
#10823=CARTESIAN_POINT('Origin',(-0.300000000000002,127.199997078627,19.4768963361627));
#10824=CARTESIAN_POINT('',(-0.300000000000002,127.199997078627,19.4768963361627));
#10825=CARTESIAN_POINT('',(-0.300000000000002,127.199997078627,0.));
#10826=CARTESIAN_POINT('',(6.7,127.199997078627,19.4768963361627));
#10827=CARTESIAN_POINT('',(6.7,127.199997078627,0.));
#10828=CARTESIAN_POINT('',(-0.300000000000002,127.199997078627,19.4768963361627));
#10829=CARTESIAN_POINT('Origin',(6.7,127.199997078627,0.));
#10830=CARTESIAN_POINT('',(6.7,111.69999750331,19.4768963361627));
#10831=CARTESIAN_POINT('',(6.7,111.69999750331,2.11966529184187));
#10832=CARTESIAN_POINT('',(6.7,127.610535513825,19.4768963361627));
#10833=CARTESIAN_POINT('Origin',(6.7,127.199997078627,0.));
#10834=CARTESIAN_POINT('Origin',(3.49999999999999,127.199997078627,0.));
#10835=CARTESIAN_POINT('',(-0.210233519996198,128.021073949022,19.4768963361627));
#10836=CARTESIAN_POINT('',(-0.210233519996198,128.021073949022,0.));
#10837=CARTESIAN_POINT('',(3.49999999999999,130.999997078627,0.));
#10838=CARTESIAN_POINT('Origin',(3.49999999999999,127.199997078627,19.4768963361627));
#10839=CARTESIAN_POINT('Origin',(-2.,127.199997078627,0.));
#10840=CARTESIAN_POINT('',(-2.,127.199997078627,19.4768963361627));
#10841=CARTESIAN_POINT('',(-2.,127.199997078627,0.));
#10842=CARTESIAN_POINT('',(-2.,111.69999750331,19.4768963361627));
#10843=CARTESIAN_POINT('',(-2.,127.610535513825,19.4768963361627));
#10844=CARTESIAN_POINT('',(-2.,111.69999750331,2.11966529184187));
#10845=CARTESIAN_POINT('',(-2.,53.6242133933984,4.1));
#10846=CARTESIAN_POINT('',(-2.,96.2749978089705,4.1));
#10847=CARTESIAN_POINT('',(-2.,53.6242133933984,7.94906372298737));
#10848=CARTESIAN_POINT('',(-2.,53.6242133933984,1.55396862238737));
#10849=CARTESIAN_POINT('',(-2.,52.4242133933984,9.14906372298737));
#10850=CARTESIAN_POINT('Origin',(-2.,52.4242133933984,7.94906372298738));
#10851=CARTESIAN_POINT('',(-2.,40.2408780779639,9.14906372298737));
#10852=CARTESIAN_POINT('',(-2.,89.8121052360129,9.14906372298735));
#10853=CARTESIAN_POINT('',(-2.,39.0408780779639,7.94906372298738));
#10854=CARTESIAN_POINT('Origin',(-2.,40.2408780779639,7.94906372298738));
#10855=CARTESIAN_POINT('',(-2.,39.0408780779639,4.1));
#10856=CARTESIAN_POINT('',(-2.,39.0408780779639,3.97453186149365));
#10857=CARTESIAN_POINT('',(-2.,31.6242133933984,4.1));
#10858=CARTESIAN_POINT('',(-2.,96.2749978089705,4.1));
#10859=CARTESIAN_POINT('',(-2.,31.6242133933984,7.94906372298737));
#10860=CARTESIAN_POINT('',(-2.,31.6242133933984,1.55396862238741));
#10861=CARTESIAN_POINT('',(-2.,30.4242133933984,9.14906372298737));
#10862=CARTESIAN_POINT('Origin',(-2.,30.4242133933984,7.94906372298738));
#10863=CARTESIAN_POINT('',(-2.,18.2408780779639,9.14906372298737));
#10864=CARTESIAN_POINT('',(-2.,78.8121052360129,9.14906372298735));
#10865=CARTESIAN_POINT('',(-2.,17.0408780779639,7.94906372298738));
#10866=CARTESIAN_POINT('Origin',(-2.,18.2408780779639,7.94906372298738));
#10867=CARTESIAN_POINT('',(-2.,17.0408780779639,4.1));
#10868=CARTESIAN_POINT('',(-2.,17.0408780779639,3.97453186149364));
#10869=CARTESIAN_POINT('',(-1.99999999999999,11.1,4.1));
#10870=CARTESIAN_POINT('',(-2.,96.2749978089705,4.1));
#10871=CARTESIAN_POINT('',(-2.,11.1,0.));
#10872=CARTESIAN_POINT('Origin',(-2.,128.021073949022,19.4768963361627));
#10873=CARTESIAN_POINT('',(-1.93836673762476,128.021073949022,19.4768963361627));
#10874=CARTESIAN_POINT('Origin',(3.49999999999999,127.199997078627,19.4768963361627));
#10875=CARTESIAN_POINT('',(-2.,128.021073949022,19.4768963361627));
#10876=CARTESIAN_POINT('',(-2.,111.69999750331,19.4768963361627));
#10877=CARTESIAN_POINT('Origin',(-2.,128.021073949022,4.23933058368374));
#10878=CARTESIAN_POINT('',(-1.93836673762476,128.021073949022,0.));
#10879=CARTESIAN_POINT('Origin',(-2.,111.69999750331,19.4768963361627));
#10880=CARTESIAN_POINT('Origin',(43.1499990355223,65.3499985393137,4.1));
#10881=CARTESIAN_POINT('',(20.5749995177612,53.6242133933984,4.1));
#10882=CARTESIAN_POINT('Origin',(-2.,53.6242133933984,3.10793724477474));
#10883=CARTESIAN_POINT('',(-2.,53.6242133933984,7.94906372298737));
#10884=CARTESIAN_POINT('Origin',(-2.,39.0408780779639,7.94906372298738));
#10885=CARTESIAN_POINT('',(20.5749995177612,39.0408780779639,4.1));
#10886=CARTESIAN_POINT('',(-2.,39.0408780779639,7.94906372298738));
#10887=CARTESIAN_POINT('Origin',(-2.,40.2408780779639,7.94906372298738));
#10888=CARTESIAN_POINT('',(-2.,40.2408780779639,9.14906372298737));
#10889=CARTESIAN_POINT('Origin',(-2.,52.4242133933984,9.14906372298737));
#10890=CARTESIAN_POINT('',(-2.,52.4242133933984,9.14906372298737));
#10891=CARTESIAN_POINT('Origin',(-2.,52.4242133933984,7.94906372298738));
#10892=CARTESIAN_POINT('Origin',(-2.,31.6242133933984,3.10793724477474));
#10893=CARTESIAN_POINT('',(-2.,31.6242133933984,7.94906372298737));
#10894=CARTESIAN_POINT('',(20.5749995177612,31.6242133933984,4.1));
#10895=CARTESIAN_POINT('Origin',(-2.,18.2408780779639,7.94906372298738));
#10896=CARTESIAN_POINT('',(-2.,17.0408780779639,7.94906372298738));
#10897=CARTESIAN_POINT('',(-2.,18.2408780779639,9.14906372298737));
#10898=CARTESIAN_POINT('Origin',(-2.,17.0408780779639,7.94906372298738));
#10899=CARTESIAN_POINT('',(20.5749995177612,17.0408780779639,4.1));
#10900=CARTESIAN_POINT('Origin',(-2.,30.4242133933984,9.14906372298737));
#10901=CARTESIAN_POINT('',(-2.,30.4242133933984,9.14906372298737));
#10902=CARTESIAN_POINT('Origin',(-2.,30.4242133933984,7.94906372298738));
#10903=CARTESIAN_POINT('Origin',(8.20001524003,12.100022860046,21.8));
#10904=CARTESIAN_POINT('Origin',(8.20001524003,12.100022860046,6.8));
#10905=CARTESIAN_POINT('Origin',(43.1499990355223,65.3499985393137,4.1));
#10906=CARTESIAN_POINT('',(11.1,-0.299999999999994,4.1));
#10907=CARTESIAN_POINT('Origin',(11.1,11.1,4.1));
#10908=CARTESIAN_POINT('',(31.8256423389109,-0.299999999999998,4.1));
#10909=CARTESIAN_POINT('',(27.1249995177612,-0.299999999999998,4.1));
#10910=CARTESIAN_POINT('',(31.8256423389109,-1.99999999999999,4.1));
#10911=CARTESIAN_POINT('Origin',(11.1,11.1,4.1));
#10912=CARTESIAN_POINT('Origin',(43.1499990355223,65.3499985393137,4.1));
#10913=CARTESIAN_POINT('Origin',(60.3716125982979,-2.,5.3));
#10914=CARTESIAN_POINT('',(68.026348430162,-0.299999999999994,5.3));
#10915=CARTESIAN_POINT('',(60.3716125982979,-0.299999999999994,5.3));
#10916=CARTESIAN_POINT('',(35.7358062991489,-0.299999999999996,5.3));
#10917=CARTESIAN_POINT('',(68.026348430162,-2.,5.3));
#10918=CARTESIAN_POINT('',(60.3716125982979,-2.,5.3));
#10919=CARTESIAN_POINT('Origin',(60.6912917246374,-2.,3.74173983685997));
#10920=CARTESIAN_POINT('',(59.1414468500279,-0.299999999999996,4.1));
#10921=CARTESIAN_POINT('Origin',(60.6912917246374,-0.299999999999998,3.74173983685997));
#10922=CARTESIAN_POINT('',(59.1414468500279,-1.99999999999999,4.1));
#10923=CARTESIAN_POINT('Origin',(67.7066693038225,-2.,3.74173983685997));
#10924=CARTESIAN_POINT('Origin',(67.7066693038225,-0.299999999999998,3.74173983685997));
#10925=CARTESIAN_POINT('Origin',(35.3255294724014,-2.,4.0718921216047));
#10926=CARTESIAN_POINT('',(38.8254166058919,-0.299999999999997,4.1));
#10927=CARTESIAN_POINT('',(38.8254166058919,-1.99999999999999,4.1));
#10928=CARTESIAN_POINT('Origin',(35.3255294724014,-0.299999999999998,4.0718921216047));
#10929=CARTESIAN_POINT('Origin',(11.1,-0.299999999999998,0.));
#10930=CARTESIAN_POINT('',(27.1249995177612,-0.299999999999998,4.1));
#10931=CARTESIAN_POINT('',(11.1,-0.299999999999998,0.));
#10932=CARTESIAN_POINT('',(75.1999980710447,-0.299999999999994,0.));
#10933=CARTESIAN_POINT('Origin',(43.1499990355223,65.3499985393137,4.1));
#10934=CARTESIAN_POINT('Origin',(24.200088900178,77.60015494031,16.));
#10935=CARTESIAN_POINT('',(20.2700009627733,76.0546446035388,16.));
#10936=CARTESIAN_POINT('Origin',(20.2700009627733,74.5091342667676,15.));
#10937=CARTESIAN_POINT('Origin',(77.353258297326,78.8279656200657,14.3));
#10938=CARTESIAN_POINT('Origin',(50.4914483288458,123.85697534454,14.7499996703118));
#10939=CARTESIAN_POINT('',(19.6284974978045,123.85697534454,9.8));
#10940=CARTESIAN_POINT('',(19.6284974978045,123.85697534454,18.2749995915219));
#10941=CARTESIAN_POINT('',(22.0034793470628,123.85697534454,9.8));
#10942=CARTESIAN_POINT('',(37.3411281209864,123.85697534454,9.8));
#10943=CARTESIAN_POINT('',(22.0034793470628,123.85697534454,7.810050800102));
#10944=CARTESIAN_POINT('',(22.0034793470628,123.85697534454,12.2749998351559));
#10945=CARTESIAN_POINT('',(26.3968457735872,123.85697534454,7.810050800102));
#10946=CARTESIAN_POINT('',(37.3458054445854,123.85697534454,7.810050800102));
#10947=CARTESIAN_POINT('',(26.3968457735872,123.85697534454,9.8));
#10948=CARTESIAN_POINT('',(26.3968457735872,123.85697534454,11.2800252352069));
#10949=CARTESIAN_POINT('',(28.7531183284493,123.85697534454,9.8));
#10950=CARTESIAN_POINT('',(37.3411281209864,123.85697534454,9.8));
#10951=CARTESIAN_POINT('',(28.7531183284493,123.85697534454,12.2749998351559));
#10952=CARTESIAN_POINT('',(27.0418407318531,123.85697534454,14.610050800102));
#10953=CARTESIAN_POINT('',(27.0418407318531,123.85697534454,18.2749995915219));
#10954=CARTESIAN_POINT('',(21.3581581863226,123.85697534454,14.610050800102));
#10955=CARTESIAN_POINT('',(37.3457238939668,123.85697534454,14.610050800102));
#10956=CARTESIAN_POINT('',(21.3581581863226,123.85697534454,14.6800252352069));
#10957=CARTESIAN_POINT('Origin',(50.4914483288458,123.85697534454,14.7499996703118));
#10958=CARTESIAN_POINT('',(79.3584347163139,123.85697534454,14.610050800102));
#10959=CARTESIAN_POINT('',(79.3584347163139,123.85697534454,14.6800252352069));
#10960=CARTESIAN_POINT('',(77.6364401407491,123.85697534454,9.8));
#10961=CARTESIAN_POINT('',(77.6364401407491,123.85697534454,18.2749995915219));
#10962=CARTESIAN_POINT('',(80.0034793470628,123.85697534454,9.8));
#10963=CARTESIAN_POINT('',(66.3457232457663,123.85697534454,9.8));
#10964=CARTESIAN_POINT('',(80.0034793470628,123.85697534454,7.810050800102));
#10965=CARTESIAN_POINT('',(80.0034793470628,123.85697534454,12.2749998351559));
#10966=CARTESIAN_POINT('',(84.3968457735872,123.85697534454,7.810050800102));
#10967=CARTESIAN_POINT('',(66.3458054445854,123.85697534454,7.810050800102));
#10968=CARTESIAN_POINT('',(84.3968457735872,123.85697534454,9.8));
#10969=CARTESIAN_POINT('',(84.3968457735872,123.85697534454,11.2800252352069));
#10970=CARTESIAN_POINT('',(66.3457232457663,123.85697534454,9.8));
#10971=CARTESIAN_POINT('',(85.0418904043361,123.85697534454,14.610050800102));
#10972=CARTESIAN_POINT('',(85.0418904043361,123.85697534454,18.2749995915219));
#10973=CARTESIAN_POINT('',(66.3458054445854,123.85697534454,14.610050800102));
#10974=CARTESIAN_POINT('Origin',(28.7531183284493,124.55697534454,9.8));
#10975=CARTESIAN_POINT('',(28.7531183284493,124.55697534454,9.8));
#10976=CARTESIAN_POINT('',(28.7531183284493,124.55697534454,9.8));
#10977=CARTESIAN_POINT('',(28.7531183284493,124.55697534454,21.8));
#10978=CARTESIAN_POINT('Origin',(26.3968457735872,124.55697534454,7.810050800102));
#10979=CARTESIAN_POINT('',(26.3968457735872,124.55697534454,7.810050800102));
#10980=CARTESIAN_POINT('',(26.3968457735872,124.55697534454,7.810050800102));
#10981=CARTESIAN_POINT('',(26.3968457735872,124.55697534454,9.8));
#10982=CARTESIAN_POINT('',(26.3968457735872,124.55697534454,1.610050800102));
#10983=CARTESIAN_POINT('',(26.3968457735872,124.55697534454,9.8));
#10984=CARTESIAN_POINT('Origin',(24.200162560325,126.60015494031,7.810050800102));
#10985=CARTESIAN_POINT('',(22.0034793470628,124.55697534454,7.810050800102));
#10986=CARTESIAN_POINT('',(22.0034793470628,124.55697534454,7.810050800102));
#10987=CARTESIAN_POINT('Origin',(24.200162560325,126.60015494031,7.810050800102));
#10988=CARTESIAN_POINT('',(22.850162560325,126.60015494031,7.810050800102));
#10989=CARTESIAN_POINT('Origin',(24.200162560325,126.60015494031,7.810050800102));
#10990=CARTESIAN_POINT('Origin',(22.0034793470628,124.55697534454,9.8));
#10991=CARTESIAN_POINT('',(22.0034793470628,124.55697534454,9.8));
#10992=CARTESIAN_POINT('',(22.0034793470628,124.55697534454,9.8));
#10993=CARTESIAN_POINT('',(22.0034793470628,124.55697534454,1.610050800102));
#10994=CARTESIAN_POINT('Origin',(24.1908079131269,127.60180794915,9.8));
#10995=CARTESIAN_POINT('Origin',(24.200162560325,126.60015494031,9.8));
#10996=CARTESIAN_POINT('',(19.6284974978045,124.55697534454,9.8));
#10997=CARTESIAN_POINT('',(19.6284974978045,124.55697534454,9.8));
#10998=CARTESIAN_POINT('',(21.8107875395015,130.999997078627,9.8));
#10999=CARTESIAN_POINT('Origin',(24.1908079131269,126.602781707381,9.8));
#11000=CARTESIAN_POINT('',(26.5708282867523,130.999997078627,9.8));
#11001=CARTESIAN_POINT('',(53.4954029920858,130.999997078627,9.8));
#11002=CARTESIAN_POINT('Origin',(24.1908079131269,126.602781707381,9.8));
#11003=CARTESIAN_POINT('Origin',(19.6284974978045,124.55697534454,21.799999512732));
#11004=CARTESIAN_POINT('',(19.6284974978045,124.55697534454,21.8));
#11005=CARTESIAN_POINT('Origin',(82.200162560325,126.60015494031,7.810050800102));
#11006=CARTESIAN_POINT('',(80.0034793470628,124.55697534454,7.810050800102));
#11007=CARTESIAN_POINT('',(80.0034793470628,124.55697534454,7.810050800102));
#11008=CARTESIAN_POINT('',(84.3968457735872,124.55697534454,7.810050800102));
#11009=CARTESIAN_POINT('Origin',(82.200162560325,126.60015494031,7.810050800102));
#11010=CARTESIAN_POINT('',(84.3968457735872,124.55697534454,7.810050800102));
#11011=CARTESIAN_POINT('',(80.850162560325,126.60015494031,7.810050800102));
#11012=CARTESIAN_POINT('Origin',(82.200162560325,126.60015494031,7.810050800102));
#11013=CARTESIAN_POINT('Origin',(80.0034793470628,124.55697534454,9.8));
#11014=CARTESIAN_POINT('',(80.0034793470628,124.55697534454,9.8));
#11015=CARTESIAN_POINT('',(80.0034793470628,124.55697534454,9.8));
#11016=CARTESIAN_POINT('',(80.0034793470628,124.55697534454,1.610050800102));
#11017=CARTESIAN_POINT('Origin',(77.6364401407491,124.55697534454,21.799999512732));
#11018=CARTESIAN_POINT('',(77.6364401407491,124.55697534454,9.8));
#11019=CARTESIAN_POINT('',(77.6364401407491,124.55697534454,21.8));
#11020=CARTESIAN_POINT('',(77.6364401407491,124.55697534454,9.8));
#11021=CARTESIAN_POINT('Origin',(79.3584347163139,124.55697534454,14.610050800102));
#11022=CARTESIAN_POINT('',(79.3584347163139,124.55697534454,14.610050800102));
#11023=CARTESIAN_POINT('',(79.3584347163139,124.55697534454,14.610050800102));
#11024=CARTESIAN_POINT('',(79.3584347163139,124.55697534454,26.610050800102));
#11025=CARTESIAN_POINT('Origin',(85.0418904043361,124.55697534454,21.799999512732));
#11026=CARTESIAN_POINT('',(85.0418904043361,124.55697534454,14.610050800102));
#11027=CARTESIAN_POINT('',(85.0418904043361,124.55697534454,26.610050800102));
#11028=CARTESIAN_POINT('',(85.0418904043361,124.55697534454,14.610050800102));
#11029=CARTESIAN_POINT('Origin',(84.3968457735872,124.55697534454,7.810050800102));
#11030=CARTESIAN_POINT('',(84.3968457735872,124.55697534454,9.8));
#11031=CARTESIAN_POINT('',(84.3968457735872,124.55697534454,1.610050800102));
#11032=CARTESIAN_POINT('',(84.3968457735872,124.55697534454,9.8));
#11033=CARTESIAN_POINT('Origin',(21.3581581863226,124.55697534454,14.610050800102));
#11034=CARTESIAN_POINT('',(21.3581581863226,124.55697534454,14.610050800102));
#11035=CARTESIAN_POINT('',(21.3581581863226,124.55697534454,14.610050800102));
#11036=CARTESIAN_POINT('',(21.3581581863226,124.55697534454,26.610050800102));
#11037=CARTESIAN_POINT('Origin',(27.0418407318531,124.55697534454,21.799999512732));
#11038=CARTESIAN_POINT('',(27.0418407318531,124.55697534454,14.610050800102));
#11039=CARTESIAN_POINT('',(27.0418407318531,124.55697534454,26.610050800102));
#11040=CARTESIAN_POINT('',(27.0418407318531,124.55697534454,14.610050800102));
#11041=CARTESIAN_POINT('Origin',(24.1999994590878,126.599997170269,14.610050800102));
#11042=CARTESIAN_POINT('',(27.6999994590878,126.599997170269,14.610050800102));
#11043=CARTESIAN_POINT('Origin',(24.1999994590878,126.599997170269,14.610050800102));
#11044=CARTESIAN_POINT('Origin',(24.1999994590878,126.599997170269,14.610050800102));
#11045=CARTESIAN_POINT('',(22.850162560325,126.60015494031,14.610050800102));
#11046=CARTESIAN_POINT('Origin',(24.200162560325,126.60015494031,14.610050800102));
#11047=CARTESIAN_POINT('Origin',(24.1999994590878,126.599997170269,26.610050800102));
#11048=CARTESIAN_POINT('',(27.6999994590878,126.599997170269,26.610050800102));
#11049=CARTESIAN_POINT('Origin',(82.200162560325,126.60015494031,14.610050800102));
#11050=CARTESIAN_POINT('',(85.700162560325,126.60015494031,14.610050800102));
#11051=CARTESIAN_POINT('Origin',(82.200162560325,126.60015494031,14.610050800102));
#11052=CARTESIAN_POINT('Origin',(82.200162560325,126.60015494031,14.610050800102));
#11053=CARTESIAN_POINT('',(80.850162560325,126.60015494031,14.610050800102));
#11054=CARTESIAN_POINT('Origin',(82.200162560325,126.60015494031,14.610050800102));
#11055=CARTESIAN_POINT('Origin',(8.20001524003,12.100022860046,4.110050800102));
#11056=CARTESIAN_POINT('',(5.20001524003,12.100022860046,4.110050800102));
#11057=CARTESIAN_POINT('Origin',(8.20001524003,12.100022860046,4.110050800102));
#11058=CARTESIAN_POINT('',(6.84999825432896,12.0999997295439,4.110050800102));
#11059=CARTESIAN_POINT('Origin',(8.19999825432896,12.0999997295439,4.110050800102));
#11060=CARTESIAN_POINT('Origin',(78.099998254329,12.0999997295439,4.110050800102));
#11061=CARTESIAN_POINT('',(75.099998254329,12.0999997295439,4.110050800102));
#11062=CARTESIAN_POINT('Origin',(78.099998254329,12.0999997295439,4.110050800102));
#11063=CARTESIAN_POINT('',(76.749998254329,12.0999997295439,4.110050800102));
#11064=CARTESIAN_POINT('Origin',(78.099998254329,12.0999997295439,4.110050800102));
#11065=CARTESIAN_POINT('Origin',(82.200162560325,126.60015494031,26.610050800102));
#11066=CARTESIAN_POINT('',(85.700162560325,126.60015494031,26.610050800102));
#11067=CARTESIAN_POINT('Origin',(24.1908079131269,126.602781707381,21.8));
#11068=CARTESIAN_POINT('',(21.8107875395015,130.999997078627,21.8));
#11069=CARTESIAN_POINT('Origin',(24.1908079131269,126.602781707381,21.8));
#11070=CARTESIAN_POINT('',(26.5708282867523,130.999997078627,21.8));
#11071=CARTESIAN_POINT('Origin',(82.7999980710447,130.999997078627,0.));
#11072=CARTESIAN_POINT('',(82.7999980710447,130.999997078627,9.8));
#11073=CARTESIAN_POINT('',(82.7999980710447,130.999997078627,0.));
#11074=CARTESIAN_POINT('',(79.8251295754907,130.999997078627,9.8));
#11075=CARTESIAN_POINT('',(82.4999981168658,130.999997078627,9.8));
#11076=CARTESIAN_POINT('',(79.8251295754907,130.999997078627,21.8));
#11077=CARTESIAN_POINT('Origin',(82.1999981626868,126.599997170269,21.8));
#11078=CARTESIAN_POINT('Origin',(82.1999981626868,126.599997170269,9.8));
#11079=CARTESIAN_POINT('Origin',(82.1999981626868,127.578486257405,9.8));
#11080=CARTESIAN_POINT('Origin',(82.200162560325,126.60015494031,9.8));
#11081=CARTESIAN_POINT('Origin',(82.7999980710447,127.199997078627,9.8));
#11082=CARTESIAN_POINT('Origin',(82.7999980710447,127.199997078627,0.));
#11083=CARTESIAN_POINT('Origin',(82.1999981626868,77.5999982655048,17.610050800102));
#11084=CARTESIAN_POINT('',(80.850162560325,77.60015494031,17.610050800102));
#11085=CARTESIAN_POINT('Origin',(82.200162560325,77.60015494031,17.610050800102));
#11086=CARTESIAN_POINT('Origin',(24.1999994590878,77.5999982655048,17.610050800102));
#11087=CARTESIAN_POINT('',(27.6999994590878,77.5999982655048,17.610050800102));
#11088=CARTESIAN_POINT('Origin',(24.1999994590878,77.5999982655048,17.610050800102));
#11089=CARTESIAN_POINT('',(22.850162560325,77.60015494031,17.610050800102));
#11090=CARTESIAN_POINT('Origin',(24.200162560325,77.60015494031,17.610050800102));
#11091=CARTESIAN_POINT('Origin',(82.1999981626868,77.5999982655048,26.610050800102));
#11092=CARTESIAN_POINT('',(85.6999981626868,77.5999982655048,26.610050800102));
#11093=CARTESIAN_POINT('Origin',(24.1999994590878,77.5999982655048,26.610050800102));
#11094=CARTESIAN_POINT('',(27.6999994590878,77.5999982655048,26.610050800102));
#11095=CARTESIAN_POINT('Origin',(8.19999981671572,12.0999997295439,14.110050800102));
#11096=CARTESIAN_POINT('',(11.6999998167157,12.0999997295439,14.110050800102));
#11097=CARTESIAN_POINT('Origin',(8.19999981671572,12.0999997295439,14.110050800102));
#11098=CARTESIAN_POINT('',(6.84999825432896,12.0999997295439,14.110050800102));
#11099=CARTESIAN_POINT('Origin',(8.19999825432896,12.0999997295439,14.110050800102));
#11100=CARTESIAN_POINT('Origin',(78.099998254329,12.0999997295439,14.110050800102));
#11101=CARTESIAN_POINT('',(81.599998254329,12.0999997295439,14.110050800102));
#11102=CARTESIAN_POINT('Origin',(78.099998254329,12.0999997295439,14.110050800102));
#11103=CARTESIAN_POINT('',(76.749998254329,12.0999997295439,14.110050800102));
#11104=CARTESIAN_POINT('Origin',(78.099998254329,12.0999997295439,14.110050800102));
#11105=CARTESIAN_POINT('Origin',(78.099998254329,12.0999997295439,26.610050800102));
#11106=CARTESIAN_POINT('',(81.599998254329,12.0999997295439,26.610050800102));
#11107=CARTESIAN_POINT('Origin',(8.19999981671572,12.0999997295439,26.610050800102));
#11108=CARTESIAN_POINT('',(11.6999998167157,12.0999997295439,26.610050800102));
#11109=CARTESIAN_POINT('Origin',(78.099998254329,12.0999997295439,6.8));
#11110=CARTESIAN_POINT('',(75.099998254329,12.0999997295439,6.8));
#11111=CARTESIAN_POINT('Origin',(78.099998254329,12.0999997295439,6.8));
#11112=CARTESIAN_POINT('Origin',(8.20001524003,12.100022860046,6.8));
#11113=CARTESIAN_POINT('',(5.20001524003,12.100022860046,6.8));
#11114=CARTESIAN_POINT('Origin',(8.20001524003,12.100022860046,6.8));
#11115=CARTESIAN_POINT('Origin',(24.200162560325,126.60015494031,1.610050800102));
#11116=CARTESIAN_POINT('Origin',(24.200162560325,126.60015494031,1.610050800102));
#11117=CARTESIAN_POINT('',(22.850162560325,126.60015494031,1.610050800102));
#11118=CARTESIAN_POINT('Origin',(82.200162560325,126.60015494031,1.610050800102));
#11119=CARTESIAN_POINT('Origin',(82.200162560325,126.60015494031,1.610050800102));
#11120=CARTESIAN_POINT('',(80.850162560325,126.60015494031,1.610050800102));
#11121=CARTESIAN_POINT('Origin',(8.20001524003,12.100022860046,1.610050800102));
#11122=CARTESIAN_POINT('',(5.20001524003,12.100022860046,1.610050800102));
#11123=CARTESIAN_POINT('Origin',(8.19999825432896,12.0999997295439,1.610050800102));
#11124=CARTESIAN_POINT('',(6.84999825432896,12.0999997295439,1.610050800102));
#11125=CARTESIAN_POINT('Origin',(78.099998254329,12.0999997295439,1.610050800102));
#11126=CARTESIAN_POINT('',(75.099998254329,12.0999997295439,1.610050800102));
#11127=CARTESIAN_POINT('Origin',(78.099998254329,12.0999997295439,1.610050800102));
#11128=CARTESIAN_POINT('',(76.749998254329,12.0999997295439,1.610050800102));
#11129=CARTESIAN_POINT('Origin',(82.200162560325,77.60015494031,1.610050800102));
#11130=CARTESIAN_POINT('',(79.200162560325,77.60015494031,7.810050800102));
#11131=CARTESIAN_POINT('',(79.200162560325,77.60015494031,1.610050800102));
#11132=CARTESIAN_POINT('Origin',(82.200162560325,77.60015494031,7.810050800102));
#11133=CARTESIAN_POINT('Origin',(82.200162560325,77.60015494031,1.610050800102));
#11134=CARTESIAN_POINT('',(80.850162560325,77.60015494031,7.810050800102));
#11135=CARTESIAN_POINT('',(80.850162560325,77.60015494031,1.610050800102));
#11136=CARTESIAN_POINT('Origin',(82.200162560325,77.60015494031,7.810050800102));
#11137=CARTESIAN_POINT('Origin',(24.200162560325,77.60015494031,1.610050800102));
#11138=CARTESIAN_POINT('',(22.850162560325,77.60015494031,1.610050800102));
#11139=CARTESIAN_POINT('Origin',(11.1,11.1,0.));
#11140=CARTESIAN_POINT('Origin',(82.200162560325,77.60015494031,7.810050800102));
#11141=CARTESIAN_POINT('Origin',(75.1999980710447,11.1,0.));
#11142=CARTESIAN_POINT('Origin',(3.49999999999999,127.199997078627,0.));
#11143=CARTESIAN_POINT('Origin',(11.1,11.1,0.));
#11144=UNCERTAINTY_MEASURE_WITH_UNIT(LENGTH_MEASURE(0.01),#11148,
'DISTANCE_ACCURACY_VALUE',
'Maximum model space distance between geometric entities at asserted c
onnectivities');
#11145=UNCERTAINTY_MEASURE_WITH_UNIT(LENGTH_MEASURE(0.01),#11148,
'DISTANCE_ACCURACY_VALUE',
'Maximum model space distance between geometric entities at asserted c
onnectivities');
#11146=(
GEOMETRIC_REPRESENTATION_CONTEXT(3)
GLOBAL_UNCERTAINTY_ASSIGNED_CONTEXT((#11144))
GLOBAL_UNIT_ASSIGNED_CONTEXT((#11148,#11150,#11151))
REPRESENTATION_CONTEXT('','3D')
);
#11147=(
GEOMETRIC_REPRESENTATION_CONTEXT(3)
GLOBAL_UNCERTAINTY_ASSIGNED_CONTEXT((#11145))
GLOBAL_UNIT_ASSIGNED_CONTEXT((#11148,#11150,#11151))
REPRESENTATION_CONTEXT('','3D')
);
#11148=(
LENGTH_UNIT()
NAMED_UNIT(*)
SI_UNIT(.MILLI.,.METRE.)
);
#11149=(
LENGTH_UNIT()
NAMED_UNIT(*)
SI_UNIT($,.METRE.)
);
#11150=(
NAMED_UNIT(*)
PLANE_ANGLE_UNIT()
SI_UNIT($,.RADIAN.)
);
#11151=(
NAMED_UNIT(*)
SI_UNIT($,.STERADIAN.)
SOLID_ANGLE_UNIT()
);
#11152=SHAPE_DEFINITION_REPRESENTATION(#11153,#11154);
#11153=PRODUCT_DEFINITION_SHAPE('',$,#11156);
#11154=SHAPE_REPRESENTATION('',(#6690),#11146);
#11155=PRODUCT_DEFINITION_CONTEXT('part definition',#11160,'design');
#11156=PRODUCT_DEFINITION('2026-08-23-13-01-12-686','FusionComponent',#11157,
#11155);
#11157=PRODUCT_DEFINITION_FORMATION('',$,#11162);
#11158=PRODUCT_RELATED_PRODUCT_CATEGORY('FusionComponent',
'FusionComponent',(#11162));
#11159=APPLICATION_PROTOCOL_DEFINITION('international standard',
'automotive_design',2009,#11160);
#11160=APPLICATION_CONTEXT(
'Core Data for Automotive Mechanical Design Process');
#11161=PRODUCT_CONTEXT('part definition',#11160,'mechanical');
#11162=PRODUCT('2026-08-23-13-01-12-686','FusionComponent',$,(#11161));
#11163=PRESENTATION_STYLE_ASSIGNMENT((#11164));
#11164=SURFACE_STYLE_USAGE(.BOTH.,#11165);
#11165=SURFACE_SIDE_STYLE('',(#11166));
#11166=SURFACE_STYLE_FILL_AREA(#11167);
#11167=FILL_AREA_STYLE('Steel - Satin',(#11168));
#11168=FILL_AREA_STYLE_COLOUR('Steel - Satin',#11169);
#11169=COLOUR_RGB('Steel - Satin',0.627450980392157,0.627450980392157,0.627450980392157);
ENDSEC;
END-ISO-10303-21;
