// File tự động tạo bởi Python Script
// Kích thước mỗi ảnh: 71x64 (RGB565 Big-Endian)
#ifndef IMAGE_DATA_H
#define IMAGE_DATA_H

#include <Arduino.h>

#define IMAGE_WIDTH 71
#define IMAGE_HEIGHT 64
#define IMAGE_PIXEL_COUNT 4544
#define TOTAL_IMAGES 6

// Image: reze_frame_001.png
const uint16_t reze_frame_001[4544] PROGMEM = {
    0x414B, 0x416D, 0x392C, 0x412C, 0x416D, 0x496D, 0x518E, 0x518F, 0x496E, 0x59B0, 0x410D, 0x9C54,
    0xFFFF, 0xFF9E, 0xFF9E, 0xFFFF, 0xA4B4, 0x38EB, 0x414C, 0x412C, 0x392C, 0x392C, 0x412D, 0x414D,
    0x496F, 0x494F, 0x6195, 0x81DB, 0x6996, 0x81FB, 0x9A5F, 0x923E, 0x8A1C, 0x925E, 0x925F, 0x923E,
    0x923F, 0x923D, 0x923E, 0x921E, 0x923E, 0x71B7, 0x6174, 0x6996, 0x5972, 0x5151, 0x5151, 0x5151,
    0x59B1, 0x72B1, 0xA476, 0xFFBE, 0xDE7A, 0xFFFF, 0xD5F8, 0x59CE, 0x496F, 0x496F, 0x496E, 0x516F,
    0x498E, 0x414C, 0x414C, 0x496D, 0x496D, 0x498E, 0x414D, 0x414C, 0x414C, 0x414C, 0x414C, 0x414C,
    0x416C, 0x392B, 0x414B, 0x498D, 0x498D, 0x51AF, 0x518F, 0x496E, 0x51AF, 0x496D, 0xDE9B, 0xFFFF,
    0xFFBE, 0xFFBE, 0xFFFF, 0xE6BB, 0x416C, 0x414C, 0x414C, 0x414D, 0x414C, 0x412C, 0x414D, 0x494E,
    0x496F, 0x494F, 0x5973, 0x6175, 0x71B7, 0x923F, 0x923F, 0x81FB, 0x923E, 0x8A1C, 0x71B7, 0x81FC,
    0x8A1C, 0x925E, 0x923E, 0x921D, 0x6996, 0x6174, 0x6174, 0x5972, 0x5171, 0x5151, 0x5151, 0x59D1,
    0x7AB2, 0xB4F7, 0xFFFF, 0xE69A, 0xFFFF, 0xF71C, 0x8332, 0x414D, 0x496E, 0x496E, 0x498E, 0x498E,
    0x414C, 0x392B, 0x498C, 0x416C, 0x496D, 0x414C, 0x414B, 0x394B, 0x390A, 0x390B, 0x394B, 0x416C,
    0x394B, 0x392B, 0x498D, 0x498D, 0x518E, 0x496E, 0x51AF, 0x494E, 0x6ACF, 0xFFDF, 0xFF9E, 0xFF9E,
    0xFF9E, 0xFF9E, 0xFFFF, 0x7310, 0x38EC, 0x498D, 0x416C, 0x392B, 0x414C, 0x416D, 0x416D, 0x414D,
    0x414D, 0x496D, 0x6194, 0x5952, 0x79D9, 0x9A5F, 0x81FB, 0x79D8, 0x6193, 0x5171, 0x5953, 0x81DA,
    0x8A3D, 0x8A1D, 0x81FB, 0x6175, 0x6174, 0x5972, 0x5170, 0x5170, 0x5150, 0x5151, 0x61F1, 0x7AD1,
    0x9C35, 0xD5F9, 0x9C14, 0x9C14, 0x7AF1, 0x622E, 0x390B, 0x390B, 0x390C, 0x498D, 0x498E, 0x390A,
    0x310A, 0x416C, 0x414C, 0x416D, 0x394B, 0x392A, 0x392A, 0x392B, 0x390A, 0x414B, 0x416C, 0x414B,
    0x392B, 0x498D, 0x498D, 0x518E, 0x496E, 0x51AF, 0x410C, 0xB516, 0xFFFF, 0xFFFF, 0xFFFF, 0xFFFF,
    0xFFFF, 0xFFFF, 0xC5B8, 0x390B, 0x498D, 0x498D, 0x392B, 0x414B, 0x416C, 0x416C, 0x414D, 0x414D,
    0x416C, 0x5170, 0x5973, 0x6173, 0x925D, 0x71D8, 0x5972, 0x5972, 0x5991, 0x5171, 0x6195, 0x79D9,
    0x7198, 0x6996, 0x6174, 0x6174, 0x5972, 0x5171, 0x5170, 0x5171, 0x5992, 0x5190, 0x498D, 0x622E,
    0x8B51, 0x7290, 0x8332, 0x7B11, 0x8B72, 0x72B0, 0x414C, 0x414D, 0x498E, 0x518E, 0x416C, 0x310A,
    0x416C, 0x414C, 0x416C, 0x414B, 0x392A, 0x392B, 0x392B, 0x392A, 0x414C, 0x416C, 0x394B, 0x392B,
    0x498D, 0x498D, 0x498E, 0x498E, 0x498E, 0x51CD, 0xE67B, 0xE6DC, 0xD63A, 0xCDD9, 0xC5B8, 0xCDD9,
    0xD65A, 0xDE3A, 0x49AC, 0x414C, 0x498D, 0x414C, 0x392B, 0x416C, 0x416D, 0x414D, 0x414C, 0x496D,
    0x496D, 0x5994, 0x5151, 0x69B5, 0x6194, 0x4950, 0x5170, 0x5171, 0x5171, 0x5171, 0x6996, 0x6997,
    0x6175, 0x5973, 0x5973, 0x5972, 0x5972, 0x5973, 0x5992, 0x5171, 0x496F, 0x416C, 0x8B72, 0xD5B9,
    0xB495, 0xE61A, 0xEE3A, 0xEE7B, 0xDDF9, 0x6A6E, 0x496D, 0x498E, 0x498D, 0x51AD, 0x49AC, 0x392B,
    0x414C, 0x416C, 0x414B, 0x392B, 0x392B, 0x392A, 0x392A, 0x414C, 0x416C, 0x414B, 0x390B, 0x498C,
    0x49AD, 0x498D, 0x416D, 0x416C, 0x414A, 0x49AB, 0x414A, 0x416B, 0x496C, 0x51AD, 0x59EE, 0x6A4F,
    0x7AD0, 0x498C, 0x390B, 0x498D, 0x416C, 0x392B, 0x414B, 0x496D, 0x416D, 0x414C, 0x496D, 0x416C,
    0x5172, 0x5972, 0x494F, 0x5972, 0x5150, 0x494F, 0x5170, 0x5170, 0x5991, 0x5972, 0x6175, 0x6173,
    0x5171, 0x5171, 0x5171, 0x5972, 0x6173, 0x5171, 0x496F, 0x498E, 0x498D, 0xC517, 0xF6BC, 0xC516,
    0xF65A, 0xEE19, 0xE5D8, 0xEE5A, 0xAC73, 0x390A, 0x498E, 0x498E, 0x498D, 0x626E, 0x392B, 0x392B,
    0x416C, 0x414B, 0x392A, 0x392B, 0x392A, 0x390A, 0x392B, 0x416C, 0x414B, 0x390A, 0x416C, 0x498C,
    0x498D, 0x496C, 0x414A, 0x8BB1, 0xBD57, 0xB4D6, 0xB4F6, 0xAC95, 0xA434, 0xA474, 0xA474, 0xB4B5,
    0x9BF3, 0x392A, 0x498D, 0x51AE, 0x416C, 0x394B, 0x416C, 0x496E, 0x416D, 0x414D, 0x416C, 0x516F,
    0x5972, 0x496F, 0x494F, 0x5171, 0x494F, 0x5170, 0x5170, 0x5171, 0x5171, 0x5973, 0x6174, 0x5171,
    0x5170, 0x5170, 0x5170, 0x5170, 0x516F, 0x516F, 0x51AE, 0x498D, 0xCD57, 0xF67A, 0xC515, 0xEE19,
    0xEDF9, 0xEDF8, 0xE5D8, 0xEE19, 0x6A6D, 0x392B, 0x51AE, 0x494D, 0x6A90, 0x414B, 0x30EA, 0x416C,
    0x416B, 0x30EA, 0x394B, 0x390A, 0x30E9, 0x414B, 0x416C, 0x416C, 0x390A, 0x416C, 0x498C, 0x498C,
    0x416C, 0x59EC, 0xE619, 0xFF5D, 0xFEFC, 0xFF1D, 0xFF1D, 0xFF1D, 0xFF1D, 0xFF1D, 0xFF3D, 0xFEFC,
    0x624D, 0x414B, 0x51AE, 0x416C, 0x414C, 0x414C, 0x498E, 0x496D, 0x414D, 0x416D, 0x496D, 0x5191,
    0x5170, 0x494E, 0x5170, 0x496F, 0x496F, 0x516F, 0x5170, 0x5171, 0x5971, 0x5972, 0x5170, 0x5170,
    0x5170, 0x5170, 0x5190, 0x516F, 0x494F, 0x59EE, 0x5A0D, 0xCD78, 0xEE3A, 0xC516, 0xEE19, 0xE5F8,
    0xE5D8, 0xE5D8, 0xEE19, 0xCD36, 0x418B, 0x498D, 0x414D, 0x6A8F, 0x5A2D, 0x28A9, 0x416C, 0x414C,
    0x30C9, 0x392A, 0x392A, 0x390A, 0x414C, 0x416C, 0x416C, 0x390A, 0x416C, 0x49AD, 0x416C, 0x414B,
    0x7AEF, 0xE5B8, 0xE5B8, 0xE5B8, 0xE5D8, 0xEDF9, 0xEE3A, 0xF65A, 0xF65A, 0xF65A, 0xFEFC, 0xAC74,
    0x392A, 0x498D, 0x414B, 0x394B, 0x392C, 0x496D, 0x496E, 0x496D, 0x496D, 0x416D, 0x496F, 0x5170,
    0x496F, 0x494F, 0x5170, 0x496F, 0x516F, 0x5170, 0x5170, 0x5170, 0x5170, 0x5170, 0x5170, 0x5150,
    0x5170, 0x5190, 0x516F, 0x496F, 0x59EE, 0x5A0D, 0xC517, 0xE5D8, 0xCD16, 0xEE19, 0xEE19, 0xE5F8,
    0xE5F8, 0xDD97, 0xE597, 0x7ACD, 0x392A, 0x496E, 0x624F, 0x7B0E, 0x2087, 0x414B, 0x414B, 0x28C8,
    0x310A, 0x392A, 0x392A, 0x416C, 0x416C, 0x416C, 0x392B, 0x414B, 0x498D, 0x414B, 0x414B, 0xA3F2,
    0xEDB8, 0xDD77, 0xE597, 0xE5B8, 0xE5D8, 0xE5F9, 0xEDF9, 0xEDF8, 0xE5D8, 0xEE19, 0xDDB8, 0x6A8D,
    0x414B, 0x498D, 0x310A, 0x392B, 0x392C, 0x518E, 0x496D, 0x416C, 0x416D, 0x416D, 0x496E, 0x496F,
    0x496E, 0x516F, 0x496F, 0x518E, 0x516F, 0x5170, 0x5170, 0x5150, 0x5170, 0x5170, 0x5170, 0x5170,
    0x5170, 0x516F, 0x496E, 0x624F, 0x72B0, 0xC4F6, 0xEDF9, 0xD556, 0xE5D8, 0xDD77, 0xD536, 0xD515,
    0xCCD4, 0xCCD5, 0xAC12, 0x414B, 0x498E, 0x51AC, 0x72AC, 0x28A7, 0x310A, 0x394B, 0x28C8, 0x310A,
    0x392B, 0x390A, 0x416C, 0x416C, 0x498C, 0x392B, 0x414B, 0x498D, 0x392B, 0x51AC, 0xBC94, 0xE5B8,
    0xE597, 0xE5D8, 0xEDF9, 0xE5F8, 0xEDF9, 0xEE5A, 0xF6BB, 0xEE7A, 0xE5F9, 0xE5F9, 0xAC73, 0x416A,
    0x498D, 0x30E9, 0x414C, 0x392B, 0x498D, 0x498E, 0x412C, 0x416C, 0x416C, 0x496D, 0x416D, 0x416D,
    0x494E, 0x496F, 0x498E, 0x496E, 0x516F, 0x5170, 0x494F, 0x516F, 0x5170, 0x516F, 0x5170, 0x5170,
    0x5190, 0x518F, 0x7AF2, 0x7AF0, 0xC537, 0xDDB8, 0xC4D4, 0xDD77, 0xE5B8, 0xEE3A, 0xF65A, 0xEDB8,
    0xF5F9, 0xB453, 0x59EC, 0x498E, 0x390B, 0x8B91, 0x416A, 0x28A8, 0x394B, 0x28C8, 0x28C8, 0x392A,
    0x310A, 0x416C, 0x414B, 0x498C, 0x394B, 0x392B, 0x414B, 0x3109, 0x626D, 0xD536, 0xE598, 0xE5B8,
    0xE5B8, 0xDD97, 0xDDB8, 0xEE7A, 0xF73D, 0xFF7E, 0xFF9E, 0xFF7E, 0xEEBB, 0xD577, 0x7AEE, 0x412B,
    0x392B, 0x390A, 0x414C, 0x392B, 0x51AE, 0x416C, 0x416C, 0x416C, 0x416C, 0x416D, 0x414D, 0x414D,
    0x494D, 0x498E, 0x496E, 0x496F, 0x516F, 0x496F, 0x496F, 0x516F, 0x516F, 0x516F, 0x5170, 0x516F,
    0x518F, 0x8312, 0x72CF, 0xC517, 0xE5D8, 0xD556, 0xEE19, 0xEDF9, 0xEE39, 0xCD15, 0xCCF5, 0x9B90,
    0x7B0E, 0x8311, 0x414C, 0x310A, 0x6A6D, 0x49AB, 0x20A7, 0x392B, 0x30E9, 0x28C8, 0x392B, 0x310A,
    0x416C, 0x414B, 0x498C, 0x414C, 0x414B, 0x3909, 0x3109, 0x8350, 0xE5D8, 0xDD56, 0xDD36, 0xD536,
    0xDD57, 0xEE39, 0xEE7A, 0xF71C, 0xEE9B, 0xE5F9, 0xD5B8, 0xC4F5, 0xC494, 0xABD1, 0x498B, 0x414B,
    0x414A, 0x498D, 0x392B, 0x496D, 0x498D, 0x414C, 0x416C, 0x416C, 0x414C, 0x414C, 0x416D, 0x414C,
    0x496D, 0x498E, 0x496E, 0x498E, 0x498E, 0x494D, 0x496F, 0x516F, 0x516F, 0x5170, 0x5190, 0x5150,
    0x7AD2, 0x72CE, 0xCD57, 0xF639, 0xCD15, 0xDD77, 0xEE19, 0xC4F5, 0xBCB4, 0xDDB8, 0x2905, 0x49E9,
    0x3948, 0x392A, 0x3109, 0x2066, 0x2065, 0x28C8, 0x392A, 0x28C9, 0x28C8, 0x394B, 0x392B, 0x416B,
    0x414B, 0x416C, 0x416C, 0x416B, 0x3909, 0x3929, 0x9BD1, 0xBC94, 0xD515, 0xD515, 0xCCF5, 0xE5B8,
    0xE5D8, 0xEE39, 0xEEBB, 0xEE5A, 0xF65A, 0xF65A, 0xE5D8, 0xD4F5, 0xC473, 0x7AEE, 0x390A, 0x51ED,
    0x498C, 0x414C, 0x414C, 0x51AE, 0x414C, 0x416C, 0x416C, 0x414C, 0x414C, 0x416C, 0x416C, 0x414C,
    0x498D, 0x498D, 0x496E, 0x518E, 0x496D, 0x496E, 0x518E, 0x518F, 0x516F, 0x5190, 0x5150, 0x6A51,
    0x6AAE, 0xC4F6, 0xD536, 0xBCB4, 0xF65A, 0xEE3A, 0x72CC, 0x8BD0, 0x4167, 0x0000, 0x0000, 0x0001,
    0x28A8, 0x30E9, 0x20A7, 0x1004, 0x28A7, 0x30E9, 0x28C9, 0x28A8, 0x28C8, 0x30E9, 0x414B, 0x392B,
    0x416C, 0x416C, 0x390A, 0x30E8, 0x3907, 0x830E, 0x936F, 0x7ACD, 0xCCD4, 0x9B6F, 0x9B90, 0xE598,
    0xCCD4, 0xC4D4, 0xCD15, 0xC4D4, 0xD536, 0xD577, 0xDDB8, 0xEE19, 0xBCB4, 0x498B, 0x498C, 0x51CC,
    0x414D, 0x392C, 0x498E, 0x498D, 0x414B, 0x416C, 0x416C, 0x416C, 0x414C, 0x416C, 0x416C, 0x416C,
    0x498D, 0x414D, 0x498E, 0x498E, 0x498E, 0x498E, 0x498E, 0x496E, 0x516F, 0x516F, 0x59B0, 0x51CD,
    0xA3D1, 0xDD77, 0xD557, 0xA432, 0x3906, 0x1002, 0x0801, 0x18E2, 0x3A05, 0x4266, 0x4286, 0x520A,
    0x414C, 0x49AC, 0x624C, 0x3929, 0x394B, 0x394B, 0x28C9, 0x392A, 0x392A, 0x392B, 0x392A, 0x416C,
    0x416C, 0x30E9, 0x392A, 0x30E7, 0x4167, 0x624B, 0x3927, 0x51C9, 0x7B2E, 0x28E5, 0xA432, 0xE619,
    0xAC32, 0xF63A, 0xFEFC, 0xF67A, 0xCD15, 0xABF1, 0xB452, 0xC4B4, 0x8B50, 0x392A, 0x3109, 0x414B,
    0x416C, 0x414B, 0x496C, 0x394B, 0x416C, 0x416C, 0x416C, 0x414B, 0x414C, 0x416C, 0x416C, 0x498D,
    0x416C, 0x496D, 0x498E, 0x496D, 0x498E, 0x498E, 0x496E, 0x518E, 0x496E, 0x5170, 0x498D, 0xC516,
    0xCD36, 0x51C9, 0x0801, 0x2103, 0x4246, 0x6CA9, 0x852B, 0xB651, 0xAE4E, 0x6C29, 0x8B8F, 0x624F,
    0x498C, 0xB4B5, 0x624F, 0x392B, 0x416C, 0x28C9, 0x414C, 0x498C, 0x394B, 0x394B, 0x414B, 0x416C,
    0x28A8, 0x30E9, 0x3107, 0x1863, 0x1042, 0x1843, 0x0000, 0x0000, 0x0000, 0x0000, 0x3947, 0x626C,
    0x624C, 0xBCF5, 0xDE19, 0xEE5A, 0xEDF9, 0xD536, 0xB412, 0x9B90, 0x49AB, 0x30E9, 0x3949, 0x416C,
    0x416B, 0x416C, 0x414B, 0x414C, 0x416C, 0x416C, 0x414C, 0x414C, 0x416C, 0x416C, 0x416C, 0x416C,
    0x414C, 0x498E, 0x416D, 0x496D, 0x498E, 0x498E, 0x496E, 0x59CF, 0x622F, 0x498D, 0x7AEE, 0x28C5,
    0x18E3, 0x4246, 0x7469, 0x85AA, 0x8629, 0xA66D, 0xE6D9, 0xAE4F, 0x7C6B, 0xAC93, 0x8351, 0x390B,
    0x9BD3, 0x8332, 0x392C, 0x498D, 0x30E9, 0x414C, 0x496D, 0x394B, 0x414B, 0x392B, 0x414B, 0x28A8,
    0x28A7, 0x2065, 0x1863, 0x1843, 0x1863, 0x20A4, 0x18E3, 0x31C4, 0x31C5, 0x10A2, 0x0822, 0x0802,
    0x2085, 0x496A, 0x72CD, 0xB453, 0xDD77, 0xDD77, 0xC4D4, 0x7ACD, 0x394A, 0x626D, 0x392B, 0x416C,
    0x416C, 0x416C, 0x392B, 0x416C, 0x416C, 0x416C, 0x414B, 0x416C, 0x416C, 0x416C, 0x416C, 0x414B,
    0x414C, 0x498D, 0x496D, 0x498E, 0x498E, 0x496D, 0x51AE, 0x6A8F, 0x418B, 0x20C4, 0x3A25, 0x7D0A,
    0x1063, 0x0842, 0x8DCA, 0x968A, 0x966A, 0xA68C, 0x85E9, 0x950E, 0xD598, 0xAC75, 0x412C, 0x8352,
    0x9BF3, 0x392C, 0x414C, 0x30E9, 0x394B, 0x498D, 0x392A, 0x392A, 0x30E9, 0x390A, 0x28C8, 0x2087,
    0x3948, 0x624C, 0xA432, 0xDDB8, 0xBCD5, 0x6BCA, 0x9EAB, 0x968A, 0x7D09, 0x858A, 0x63E8, 0x3A26,
    0x31A6, 0x20C4, 0x30C6, 0x7A8C, 0xB453, 0xC4B4, 0xABF1, 0x49AA, 0x72CE, 0x626D, 0x392B, 0x416C,
    0x498C, 0x392B, 0x394B, 0x416C, 0x416C, 0x416C, 0x414B, 0x416C, 0x416B, 0x414B, 0x414C, 0x394B,
    0x496C, 0x496C, 0x496D, 0x496D, 0x496D, 0x51AE, 0x414C, 0x394A, 0x83EE, 0x84EC, 0x9689, 0x74A8,
    0x7CC8, 0xAF2A, 0xA709, 0x9ECA, 0x966B, 0x956D, 0xC596, 0xE61A, 0xD5B8, 0x622F, 0x620E, 0x6AAE,
    0x30EA, 0x392B, 0x310A, 0x414B, 0x416C, 0x310A, 0x392A, 0x3109, 0x392A, 0x310A, 0x2086, 0x93B1,
    0xEE5A, 0xFEFD, 0xFEFC, 0xEE3A, 0x7BCC, 0x8E0A, 0x966A, 0x860A, 0x968A, 0x31C5, 0x0801, 0x74E9,
    0x7D6A, 0x5347, 0x20C3, 0x4126, 0x7A8C, 0x9BD0, 0x7AEE, 0x51AA, 0xAC54, 0x416B, 0x416C, 0x416C,
    0x416C, 0x310A, 0x416C, 0x416C, 0x416C, 0x416C, 0x416C, 0x416C, 0x416C, 0x414B, 0x414B, 0x414B,
    0x416C, 0x496D, 0x498E, 0x496D, 0x496D, 0x5A0E, 0x626E, 0x9C33, 0x952E, 0xAF0A, 0xC76B, 0xC74D,
    0xBEEC, 0xB6EC, 0xA64D, 0x9D0F, 0xC4F5, 0xDD77, 0xC4D5, 0x936F, 0x59EC, 0x518C, 0x620A, 0x498C,
    0x496D, 0x390B, 0x392B, 0x498C, 0x310A, 0x392A, 0x310A, 0x416B, 0x416C, 0x3909, 0xC536, 0xFEFC,
    0xF69B, 0xF69B, 0xFEDC, 0x9C91, 0x7D68, 0x96AA, 0x966A, 0x8E4A, 0x6C69, 0x5B68, 0x8E0A, 0x96AA,
    0xA6AC, 0x742A, 0x9BF0, 0x82EE, 0x51C9, 0x8B4F, 0x51EB, 0x8B71, 0x8B72, 0x392C, 0x498C, 0x49AC,
    0x392A, 0x310A, 0x416C, 0x416C, 0x416B, 0x416C, 0x416C, 0x416C, 0x414B, 0x414B, 0x416C, 0x414C,
    0x416C, 0x498D, 0x498E, 0x498E, 0x49AD, 0x6A8F, 0x7AF0, 0xB4B2, 0xCD54, 0xD555, 0xD556, 0xD515,
    0xCCD4, 0xD536, 0xC454, 0xAB6F, 0x9B0E, 0x9ACD, 0xA32E, 0x6A0B, 0x59AD, 0xA3D1, 0x5A0D, 0x496E,
    0x390B, 0x392B, 0x416C, 0x392A, 0x392A, 0x390A, 0x416B, 0x416C, 0x30E8, 0x9BF1, 0xF69B, 0xFEDC,
    0xF6BB, 0xFEFC, 0xDE39, 0x84AC, 0x8DEA, 0x9EAA, 0xA6EA, 0xB76A, 0xCFCA, 0xB749, 0x9EC9, 0x962B,
    0x9D10, 0xFEBB, 0xFF1D, 0xD597, 0x72CD, 0x7AEE, 0x498A, 0xBCD6, 0x622F, 0x496D, 0x498C, 0x498C,
    0x30E9, 0x498C, 0x416C, 0x416C, 0x498C, 0x498D, 0x416C, 0x496C, 0x414C, 0x416C, 0x414C, 0x414C,
    0x496C, 0x498D, 0x498D, 0x496C, 0x51CC, 0x624E, 0xEE1A, 0xEDD9, 0xE577, 0xEDD9, 0xE5B8, 0xCC73,
    0xEDB8, 0xED77, 0xDCB4, 0xDC94, 0xA2EE, 0xD412, 0xCC73, 0x51AD, 0x9BB2, 0x726F, 0x496D, 0x414C,
    0x392B, 0x416C, 0x414B, 0x392A, 0x392A, 0x414B, 0x498D, 0x4129, 0x828C, 0xC4B4, 0xF69B, 0xFEFC,
    0xFEFC, 0xFF1D, 0xE639, 0xAD51, 0x9DED, 0xA68B, 0xBF0A, 0xC70A, 0xBEEB, 0xB66D, 0xA4F0, 0xCD55,
    0xEE39, 0xEE39, 0xDD98, 0xC4B4, 0xCD36, 0x7B2F, 0x72AE, 0xA434, 0x496E, 0x498E, 0x49AD, 0x392A,
    0x30E8, 0x498D, 0x498D, 0x496C, 0x498D, 0x498D, 0x498D, 0x498D, 0x416C, 0x496C, 0x414C, 0x498D,
    0x498D, 0x498E, 0x51AE, 0x392B, 0x72F0, 0xFF7E, 0xEE39, 0xE5B8, 0xF63A, 0xEE19, 0xDD36, 0xDD36,
    0xE556, 0xE515, 0xE516, 0xD453, 0xD432, 0xED56, 0x7AAE, 0x8B30, 0x8B30, 0x496D, 0x496C, 0x392B,
    0x416C, 0x416B, 0x392A, 0x310A, 0x392B, 0x498D, 0x498B, 0x7A4B, 0x928C, 0xBC12, 0xD556, 0xE5D8,
    0xEE19, 0xF65A, 0xEE19, 0xD5D7, 0xCD55, 0xCD34, 0xDD56, 0xDD97, 0xE5B8, 0xF63A, 0xF67A, 0xEE19,
    0xEE39, 0xDD97, 0xEE7A, 0xF6FC, 0xDE39, 0x624C, 0x8330, 0x72B1, 0x5170, 0x51AF, 0x498D, 0x49AB,
    0x498C, 0x498D, 0x49AD, 0x416C, 0x498D, 0x498E, 0x498E, 0x496C, 0x416C, 0x496C, 0x414C, 0x498D,
    0x498E, 0x51AE, 0x414D, 0x72CF, 0xFFBE, 0xF6BB, 0xF69B, 0xFEBB, 0xFE9B, 0xFE5A, 0xF63A, 0xF63A,
    0xF61A, 0xF619, 0xE536, 0xE536, 0xF5D8, 0xA3D2, 0x6A6D, 0xAC32, 0x496D, 0x498D, 0x392B, 0x416C,
    0x394B, 0x414B, 0x310A, 0x390A, 0x498D, 0x416B, 0x8AED, 0xD493, 0xAB6F, 0x720A, 0x9B0E, 0xB390,
    0xC412, 0xDCD4, 0xDCF5, 0xD4D5, 0xDCF6, 0xEDF9, 0xF65A, 0xDDD8, 0xFF5D, 0xFF1C, 0xF6BB, 0xFEFC,
    0xFF3D, 0xFF7D, 0xFFBE, 0xE6BB, 0xC577, 0x51CC, 0x72B0, 0x59EF, 0x59D0, 0x518F, 0x622F, 0x7B11,
    0x498D, 0x51CE, 0x51AE, 0x498D, 0x51AE, 0x51CE, 0x49AD, 0x416C, 0x498D, 0x414C, 0x416C, 0x498D,
    0x498D, 0x51AE, 0x49AB, 0xE69B, 0xFF5D, 0xFEDB, 0xFEBB, 0xFE9B, 0xFE9B, 0xFE7B, 0xFE5A, 0xFE3A,
    0xFE3A, 0xED77, 0xE577, 0xEDB8, 0xCCF5, 0x622C, 0xB474, 0x51CD, 0x498C, 0x394B, 0x414C, 0x390A,
    0x414B, 0x310A, 0x310A, 0x416C, 0x416B, 0x8B0E, 0xD473, 0xCC12, 0xBBD1, 0xDCD5, 0xCC32, 0xDCD5,
    0xE536, 0xCC53, 0xE556, 0xE5B8, 0xEDF9, 0xEDD8, 0xDD77, 0xFE9B, 0xF6BB, 0xFEFC, 0xFF1C, 0xFF3D,
    0xFF5D, 0xFF9E, 0xFF7E, 0xDE3A, 0xBCF6, 0x498C, 0x498C, 0x51AE, 0x59CE, 0x498D, 0x72D0, 0x7AEF,
    0x498D, 0x51CE, 0x498D, 0x498D, 0x51CE, 0x51CE, 0x49AD, 0x49AD, 0x496D, 0x394B, 0x498C, 0x49AD,
    0x49AE, 0x51CC, 0xACB4, 0xFF9E, 0xF6BB, 0xFEBB, 0xFE9B, 0xFE7A, 0xFE5A, 0xFE3A, 0xFE3A, 0xFE5A,
    0xF5F9, 0xEDB8, 0xEDB8, 0xED98, 0x82AD, 0x9BD2, 0x624D, 0x416C, 0x416C, 0x414B, 0x310A, 0x416B,
    0x392A, 0x310A, 0x414B, 0x416B, 0x728D, 0xDCF5, 0xD473, 0xD473, 0xD4B4, 0xD4B4, 0xED56, 0xE536,
    0xDCD5, 0xED97, 0xEDD8, 0xEDD8, 0xEDF9, 0xEDF9, 0xFE7A, 0xFE9B, 0xFE9B, 0xFEDB, 0xFEFC, 0xFF1C,
    0xFF3D, 0xFF5D, 0xF6DC, 0xE5F9, 0xAC54, 0x414C, 0x498D, 0x51CE, 0x51CE, 0x416C, 0x72CE, 0x6A6E,
    0x496D, 0x498D, 0x498D, 0x51AE, 0x51AE, 0x51CE, 0x51AE, 0x498D, 0x414C, 0x392C, 0x51AE, 0x49AD,
    0x51AD, 0x7B0F, 0xF6FC, 0xFEFC, 0xFE9B, 0xFE7B, 0xFE5A, 0xFE5A, 0xFE3A, 0xFE3A, 0xFE5A, 0xFE5A,
    0xEDD8, 0xF619, 0xF5D8, 0xABD1, 0x830E, 0x72AF, 0x414B, 0x416C, 0x414C, 0x392A, 0x414B, 0x394B,
    0x310A, 0x392B, 0x498C, 0x5A0C, 0xCD77, 0xF67B, 0xEDF8, 0xDD57, 0xDD57, 0xF63A, 0xEE19, 0xE5D8,
    0xFE5A, 0xFE5A, 0xFE5A, 0xFE5B, 0xFE5A, 0xFE5A, 0xFE5A, 0xFE7B, 0xFE7B, 0xFEBB, 0xFEDC, 0xFF1C,
    0xFF1C, 0xFF1D, 0xE63A, 0xDDF9, 0x9C13, 0x414C, 0x51AE, 0x49AD, 0x498D, 0x498D, 0x6A6E, 0x51AC,
    0x498D, 0x498D, 0x498D, 0x498D, 0x498D, 0x498D, 0x51AE, 0x49AD, 0x392B, 0x416C, 0x49AD, 0x51AE,
    0x5A0E, 0xC577, 0xFF7E, 0xF69B, 0xFE7B, 0xFE5A, 0xFE5A, 0xFE5A, 0xFE5A, 0xFE5A, 0xFE5A, 0xF61A,
    0xF63A, 0xF5D9, 0xD4F5, 0x8B2E, 0x7AEF, 0x414B, 0x416C, 0x416C, 0x414B, 0x394B, 0x414B, 0x30EA,
    0x390A, 0x416C, 0x51AB, 0xA433, 0xFEDC, 0xFEBB, 0xFE9B, 0xFE7A, 0xF65A, 0xF65A, 0xF63A, 0xF63A,
    0xFE3A, 0xFE5A, 0xFE5A, 0xFE5A, 0xFE5A, 0xFE5A, 0xFE5A, 0xFE7B, 0xFEBB, 0xFEDC, 0xFF1C, 0xFF3D,
    0xFF3D, 0xFF1C, 0xEE7A, 0xDDF9, 0x8B92, 0x416C, 0x49AD, 0x49AD, 0x49AD, 0x49AD, 0x51CC, 0x496B,
    0x498D, 0x498D, 0x498D, 0x498D, 0x498D, 0x498D, 0x51CE, 0x498D, 0x392B, 0x498C, 0x49AD, 0x496D,
    0x8B92, 0xFF1C, 0xFE9B, 0xFE7B, 0xFE5A, 0xFE5A, 0xFE5A, 0xFE5A, 0xFE5A, 0xFE5A, 0xFE3A, 0xFE5A,
    0xEDF9, 0xED98, 0xA3F1, 0x626B, 0x414B, 0x416C, 0x416C, 0x416C, 0x394B, 0x416C, 0x30E9, 0x3109,
    0x416B, 0x496B, 0x6A8D, 0xE619, 0xFEBB, 0xFE7B, 0xFE7B, 0xFE9B, 0xFE5A, 0xFE3A, 0xFE5A, 0xFE5A,
    0xFE5A, 0xFE5A, 0xFE5A, 0xFE5A, 0xFE5A, 0xFE7B, 0xFE9B, 0xFEBB, 0xFEDC, 0xFF1C, 0xFF1C, 0xFF1C,
    0xFF1D, 0xFF5D, 0xEEBB, 0xCD77, 0x8351, 0x392B, 0x498D, 0x49AD, 0x51AD, 0x51CD, 0x416B, 0x496D,
    0x498D, 0x498D, 0x498D, 0x498D, 0x498D, 0x51AD, 0x51CE, 0x496C, 0x414C, 0x498D, 0x49AD, 0x51ED,
    0xDDD9, 0xFEDC, 0xFE5A, 0xFE5A, 0xFE5A, 0xFE5A, 0xFE5A, 0xFE5A, 0xFE5A, 0xFE5A, 0xFE7B, 0xF65A,
    0xEDD8, 0xC4D4, 0x1864, 0x390A, 0x498C, 0x416C, 0x392B, 0x414B, 0x416C, 0x30E9, 0x28C8, 0x414B,
    0x498D, 0x59EC, 0xB494, 0xFEBB, 0xFE7B, 0xFE7B, 0xFE5A, 0xFE5A, 0xFE3A, 0xF65A, 0xFE5A, 0xFE5A,
    0xFE5A, 0xFE5A, 0xFE5A, 0xFE5A, 0xFE7B, 0xFEBB, 0xFEDB, 0xFEDC, 0xFF1C, 0xFF1C, 0xFF1C, 0xFF3D,
    0xFF1C, 0xFF1D, 0xEE7B, 0xCD77, 0x7ACE, 0x414A, 0x51AD, 0x51CD, 0x51CE, 0x51CE, 0x498D, 0x498D,
    0x498D, 0x498D, 0x498D, 0x498D, 0x498D, 0x498D, 0x49AD, 0x414C, 0x414C, 0x51AE, 0x412C, 0x9C13,
    0xFF1D, 0xF67A, 0xFE7B, 0xFE5A, 0xFE5A, 0xFE5A, 0xFE5A, 0xFE7B, 0xFE7B, 0xFE7B, 0xF69B, 0xF63A,
    0xAC53, 0x1844, 0x30E9, 0x498C, 0x414B, 0x392A, 0x414B, 0x416D, 0x310A, 0x2086, 0x392B, 0x498C,
    0x51CC, 0x8B90, 0xEE5A, 0xFE9B, 0xFE5A, 0xFE5A, 0xFE5A, 0xFE5A, 0xFE5A, 0xFE5A, 0xFE5A, 0xFE5A,
    0xFE7B, 0xFE7B, 0xFE9B, 0xFE9B, 0xFEDB, 0xFEDB, 0xFEDC, 0xFF1C, 0xFF1D, 0xFF1D, 0xFF1C, 0xFEFC,
    0xFEDC, 0xFEDC, 0xF69B, 0xCD36, 0x728C, 0x49AB, 0x51AD, 0x51CE, 0x51CE, 0x51CE, 0x51AE, 0x498D,
    0x498D, 0x498C, 0x498D, 0x498D, 0x498D, 0x498D, 0x49AD, 0x416C, 0x416C, 0x496D, 0x624E, 0xF6BB,
    0xFE9B, 0xFE7B, 0xFE7B, 0xFE7B, 0xFE7B, 0xFE9B, 0xFE9B, 0xFE9B, 0xFE9B, 0xFEDB, 0xFEBB, 0x6A6B,
    0x1824, 0x3109, 0x416C, 0x414B, 0x390A, 0x414B, 0x416D, 0x416C, 0x1844, 0x30E9, 0x416C, 0x416B,
    0x7AF0, 0xCD57, 0xFEBB, 0xFE5A, 0xFE5A, 0xFE5A, 0xFE5A, 0xFE5A, 0xFE5A, 0xFE5A, 0xF67B, 0xFE9B,
    0xFE9B, 0xFEBB, 0xFEDB, 0xFEDC, 0xFEDC, 0xFEFC, 0xFF1C, 0xFF1C, 0xFF1C, 0xFF1C, 0xFEFC, 0xFEDC,
    0xFEBB, 0xFE5A, 0xF61A, 0xCD15, 0x7AEE, 0x51CC, 0x51AE, 0x51CE, 0x51CE, 0x51CE, 0x51CE, 0x51AD,
    0x498C, 0x414C, 0x498C, 0x498D, 0x498D, 0x498D, 0x49AD, 0x414C, 0x392C, 0x416C, 0xC537, 0xFF1D,
    0xF69B, 0xFE9B, 0xFE9B, 0xFE9B, 0xFE9B, 0xFEBB, 0xFEDB, 0xF6BB, 0xFF3D, 0xDDF8, 0x2085, 0x1846,
    0x3109, 0x414B, 0x414B, 0x392B, 0x394B, 0x416C, 0x498D, 0x1865, 0x2086, 0x414B, 0x416C, 0x622E,
    0xB494, 0xF67B, 0xFE7B, 0xFE7B, 0xFE5A, 0xFE5A, 0xFE5A, 0xFE7B, 0xFE7B, 0xFE9B, 0xFE9B, 0xFEDB,
    0xFEDC, 0xFEDC, 0xFEDC, 0xFEFC, 0xFEFC, 0xFF1C, 0xFF1C, 0xFF1C, 0xFF1C, 0xFEFC, 0xFEDC, 0xFE9B,
    0xF619, 0xE598, 0xEDF9, 0xCD36, 0x72CD, 0x416B, 0x51AE, 0x59CE, 0x498D, 0x51AD, 0x59EE, 0x51AD,
    0x416C, 0x416C, 0x498D, 0x498D, 0x498D, 0x498D, 0x498D, 0x51CD, 0x414C, 0x6A6F, 0xF6FC, 0xFEFC,
    0xFEDB, 0xFEDB, 0xFEBB, 0xFEBB, 0xFEDB, 0xFEDC, 0xF6DC, 0xFF7E, 0x836E, 0x0804, 0x2069, 0x28C8,
    0x416B, 0x414B, 0x392A, 0x392B, 0x416B, 0x498D, 0x28C7, 0x1865, 0x390A, 0x498D, 0x414B, 0x93D1,
    0xE619, 0xFE9B, 0xFE7A, 0xFE7A, 0xFE7B, 0xFE9B, 0xFE9B, 0xFE9B, 0xFEBB, 0xFEDB, 0xFEDC, 0xFEDC,
    0xFEFC, 0xFEDC, 0xFEFC, 0xFEFC, 0xFF1C, 0xFF3D, 0xFF1D, 0xFF1C, 0xFEFC, 0xFEFC, 0xFE9B, 0xEDF9,
    0xE5B8, 0xE597, 0xEDD8, 0xDD76, 0x830F, 0x414B, 0x51CE, 0x51CD, 0x498A, 0x51CD, 0x498D, 0x51CD,
    0x498C, 0x496C, 0x498D, 0x496C, 0x498D, 0x496D, 0x624F, 0x6AAF, 0x38EA, 0xAC94, 0xFF5E, 0xF6DB,
    0xFEFC, 0xFEFC, 0xFEFC, 0xFEFC, 0xFEFC, 0xFF3D, 0xEEBB, 0x2084, 0x1828, 0x2069, 0x2067, 0x414B,
    0x414B, 0x2087, 0x414B, 0x414B, 0x498D, 0x390A, 0x2085, 0x30E8, 0x416C, 0x414C, 0x72CE, 0xCD56,
    0xFE9B, 0xFE9B, 0xFE9B, 0xFE9B, 0xFE9B, 0xFEBB, 0xFEDB, 0xFEDB, 0xFEDC, 0xFEFC, 0xFEFC, 0xFEFC,
    0xFEFC, 0xFF1C, 0xFF1C, 0xFF1D, 0xFF3D, 0xFF3D, 0xFF3D, 0xFF1C, 0xFEFC, 0xF65A, 0xEDD9, 0xE5B8,
    0xED97, 0xE577, 0xEDD8, 0xFE9B, 0xB495, 0x51CD, 0x51AD, 0x59ED, 0x8B91, 0x7AEF, 0x412B, 0x416C,
    0x49AD, 0x498C, 0x498C, 0x498D, 0x498D, 0x496C, 0x7AF0, 0x624D, 0x51CC, 0xEE9B, 0xFF3D, 0xFF1C,
    0xFF1C, 0xFF1C, 0xFF1D, 0xFF1C, 0xFF9E, 0x93D1, 0x1006, 0x2069, 0x30CD, 0x2889, 0x3109, 0x416C,
    0x1845, 0x3109, 0x414C, 0x496D, 0x394B, 0x1865, 0x20A6, 0x310A, 0x498C, 0x49AB, 0xAC74, 0xEE5A,
    0xFEDC, 0xFEBB, 0xFEBB, 0xFEDB, 0xFEDB, 0xFEDC, 0xFEFC, 0xFEFC, 0xFF1C, 0xFF1C, 0xFF1C, 0xFF1C,
    0xFF3D, 0xFF1D, 0xFF3D, 0xFF3D, 0xFF3D, 0xFF3D, 0xFF3D, 0xFF1C, 0xFEDB, 0xEE19, 0xE5B8, 0xED77,
    0xE577, 0xE577, 0xE619, 0xEE3A, 0xCCF6, 0x728E, 0x414B, 0x5A2D, 0xDE19, 0xCDD8, 0x72CF, 0x414B,
    0x498C, 0x416B, 0x498C, 0x498D, 0x498D, 0x51AC, 0x8330, 0x498B, 0x8B91, 0xFF9E, 0xFF5D, 0xFF5D,
    0xFF5D, 0xFF5D, 0xFF9E, 0xE69A, 0x30EC, 0x208B, 0x2069, 0x6175, 0x30CB, 0x20A7, 0x416C, 0x2086,
    0x2086, 0x414C, 0x414C, 0x416C, 0x1044, 0x2065, 0x28C8, 0x498C, 0x414B, 0x72CF, 0xCD77, 0xFEFC,
    0xFEDC, 0xFEDC, 0xFEDC, 0xFEFC, 0xFEFC, 0xFEFC, 0xFF3D, 0xFF3D, 0xFF3D, 0xFF1D, 0xFF3D, 0xFF3D,
    0xFF3D, 0xFF5D, 0xFF5D, 0xFF5D, 0xFF5D, 0xFF5D, 0xFF5D, 0xFF3D, 0xFEDC, 0xEE19, 0xE5B8, 0xE5B8,
    0xE5D8, 0xF6DC, 0xDE19, 0xE597, 0xEDD9, 0x9C13, 0x496B, 0x51CD, 0xDE7A, 0xFFFF, 0x9C33, 0x392A,
    0x498C, 0x394B, 0x414C, 0x498D, 0x498C, 0x51CD, 0x6A8F, 0x392A, 0xCDB7, 0xFFFF, 0xFF7D, 0xFF7E,
    0xFF7D, 0xFFDF, 0x7B0F, 0x286E, 0x28AB, 0x4931, 0x79B9, 0x410E, 0x1025, 0x392B, 0x28A7, 0x1865,
    0x30E9, 0x414C, 0x498D, 0x2085, 0x2085, 0x28A7, 0x392B, 0x49AD, 0x30E9, 0x7B0F, 0xF6DC, 0xFEFC,
    0xFEFC, 0xFEFC, 0xFF1C, 0xFEFC, 0xFF1C, 0xFF3D, 0xFF5D, 0xFF5D, 0xFF5D, 0xFF5D, 0xFF7D, 0xFF7D,
    0xFF7D, 0xFF7E, 0xFF7E, 0xFF7E, 0xFF7E, 0xFF7D, 0xFF7D, 0xFF5D, 0xFF1C, 0xF6FC, 0xF6FB, 0xFF1C,
    0xFF9E, 0xF71C, 0xE659, 0xFF3D, 0xFFDF, 0xDE5A, 0x6AAE, 0x4149, 0x9C54, 0xFFDF, 0xB4F5, 0x392B,
    0x416C, 0x392A, 0x414B, 0x49AD, 0x496D, 0x51ED, 0x416B, 0x5A0C, 0xE6BB, 0xFFBF, 0xFF5D, 0xFFFF,
    0xBD56, 0x206B, 0x208B, 0x38CD, 0x7198, 0x71B8, 0x4930, 0x1024, 0x30E8, 0x30E9, 0x2066, 0x2086,
    0x414C, 0x498C, 0x30E8, 0x2086, 0x28A7, 0x3909, 0x498C, 0x416B, 0x1824, 0xACB4, 0xFF7E, 0xFEFC,
    0xFF1C, 0xFF1C, 0xFF1C, 0xFF3D, 0xFF5D, 0xFF5D, 0xFF7D, 0xFF7D, 0xFF7D, 0xFF7D, 0xFF7D, 0xFF7D,
    0xFF7E, 0xFF7E, 0xFF7E, 0xFF9E, 0xFF9E, 0xFF9E, 0xFF9E, 0xFF7D, 0xFF7D, 0xFF5D, 0xFF7D, 0xFF7D,
    0xFF7E, 0xFF3D, 0xFF3D, 0xFF5D, 0xFFBE, 0xFF7E, 0xA495, 0x414B, 0x5A0D, 0xD619, 0xCDB8, 0x51ED,
    0x412B, 0x392A, 0x416C, 0x498D, 0x498D, 0x416C, 0x498C, 0x7B0F, 0xF75D, 0xFFDF, 0xE6BB, 0x390A,
    0x2049, 0x28AD, 0x4118, 0x4934, 0x6997, 0x5952, 0x1024, 0x28C7, 0x392A, 0x28C8, 0x1866, 0x30E9,
    0x498C, 0x392A, 0x28C7, 0x28C7, 0x28A7, 0x416B, 0x51AD, 0x28C7, 0x28E7, 0xF6DC, 0xFF7E, 0xFF3D,
    0xFF3D, 0xFF5D, 0xFF7D, 0xFF7D, 0xFF7D, 0xFF7D, 0xFF7D, 0xFF7D, 0xFF7D, 0xFF7D, 0xFF7D, 0xFF7E,
    0xFF7E, 0xFF7E, 0xFF7E, 0xFF7E, 0xFF7E, 0xFF7E, 0xFF7D, 0xFF5D, 0xFF3D, 0xFF3D, 0xFF1D, 0xFF1C,
    0xFF1C, 0xFEFC, 0xFF3D, 0xFF7E, 0xFF9E, 0xFFFF, 0xE6BB, 0x8370, 0x4129, 0x8391, 0xBD56, 0x72AF,
    0x416C, 0x414B, 0x416C, 0x498D, 0x498D, 0x51AD, 0x5A0C, 0x9C12, 0xF75D, 0x49E9, 0x1006, 0x38D1,
    0x491C, 0x493D, 0x4919, 0x4112, 0x4933, 0x1845, 0x28A8, 0x28A8, 0x28A7, 0x28A7, 0x2087, 0x416C,
    0x414B, 0x28A7, 0x30E8, 0x1025, 0x30E9, 0x416B, 0x498C, 0x1024, 0x5A4B, 0xFF3D, 0xFF7E, 0xFF5D,
    0xFF7D, 0xFF7D, 0xFF7D, 0xFF7D, 0xFF7D, 0xFF7D, 0xFF7D, 0xFF7D, 0xFF7E, 0xFF7E, 0xFF7E, 0xFF7E,
    0xFF7E, 0xFF7E, 0xFF7E, 0xFF7E, 0xFF7E, 0xFF9E, 0xFF5D, 0xF6FC, 0xFEBB, 0xFEBB, 0xFEDC, 0xFEDC,
    0xF71C, 0xFF7E, 0xFF9E, 0xFF9E, 0xFF5D, 0xFFBE, 0xFFDF, 0xDE9B, 0x7B30, 0x5A0C, 0x7B10, 0x49AD,
    0x416C, 0x418C, 0x416C, 0x498D, 0x496C, 0x51AC, 0x51ED, 0x418A, 0x1004, 0x4115, 0x493F, 0x491D,
    0x493C, 0x4114, 0x38F5, 0x38D2, 0x1845, 0x2087, 0x30CA, 0x28AD, 0x28C8, 0x28C8, 0x310A, 0x416C,
    0x28A8, 0x28C8, 0x2066, 0x30AE, 0x392B, 0x416C, 0x3109, 0x1005, 0x624C, 0xFF5D, 0xFF9E, 0xFF5D,
    0xFF7D, 0xFF7D, 0xFF7D, 0xFF7D, 0xFF7D, 0xFF7D, 0xFF7E, 0xFF9E, 0xFF9E, 0xFF9E, 0xFF9E, 0xFF9E,
    0xFF9E, 0xFF7E, 0xFF7E, 0xFF7E, 0xFF7E, 0xFF9E, 0xFF7E, 0xFF3D, 0xFEFC, 0xFEDC, 0xFEFC, 0xFF5D,
    0xFF9E, 0xFF9E, 0xFF9E, 0xFF7E, 0xFF7D, 0xFF7E, 0xFFFF, 0xFFFF, 0xDE7A, 0x9C53, 0x626D, 0x3929,
    0x30E9, 0x414C, 0x416C, 0x498C, 0x416C, 0x2088, 0x28C8, 0x392B, 0x3910, 0x4117, 0x4117, 0x4115,
    0x4118, 0x493C, 0x38D1, 0x2089, 0x2087, 0x30EC, 0x38F3, 0x1846, 0x28C8, 0x30E9, 0x416C, 0x28C9,
    0x20A7, 0x20A6, 0x30AF, 0x38F2, 0x394A, 0x498C, 0x30E9, 0x0803, 0x49E9, 0xEEFC, 0xFFDF, 0xFF7D,
    0xFF7E, 0xFF9E, 0xFF9E, 0xFF7E, 0xFF7E, 0xFF7E, 0xFF7E, 0xFF7D, 0xFF7D, 0xFF9E, 0xFF9E, 0xFF9E,
    0xFF7E, 0xFF7E, 0xFF7E, 0xFF7E, 0xFF7E, 0xFF9E, 0xFF9E, 0xFF9E, 0xFF7D, 0xFF7D, 0xFF7D, 0xFF7E,
    0xFFBE, 0xFFDF, 0xFFDF, 0xFFBE, 0xF79E, 0xDE9A, 0x8BF0, 0xBD75, 0xFFFF, 0xF73D, 0xCDF8, 0x83B1,
    0x498B, 0x414B, 0x416C, 0x498C, 0x310A, 0x2088, 0x28A9, 0x28A9, 0x28A8, 0x288B, 0x38F4, 0x4118,
    0x38F5, 0x38D0, 0x30CD, 0x20A7, 0x30EC, 0x30D0, 0x38F6, 0x28A9, 0x28C8, 0x392B, 0x392A, 0x2087,
    0x28A7, 0x2088, 0x4119, 0x30CD, 0x414B, 0x414B, 0x2086, 0x0803, 0x49C9, 0xC597, 0xFFBF, 0xFFBF,
    0xFF7D, 0xFF7E, 0xFF9E, 0xFF9E, 0xFF9E, 0xFF9E, 0xFF7E, 0xFF7E, 0xFF9E, 0xFF9E, 0xFF7E, 0xFF7E,
    0xFF7D, 0xFF7D, 0xFF7E, 0xFF7E, 0xFF7E, 0xFF7E, 0xFF9E, 0xFFBF, 0xFFDF, 0xFFDF, 0xFF9E, 0xF71C,
    0xE639, 0xD597, 0xD4F5, 0xCC73, 0x72AC, 0x9C52, 0xEEDB, 0xFF9E, 0xFF9E, 0xFFDF, 0xFFFF, 0xF73D,
    0x3948, 0x30C8, 0x416B, 0x416C, 0x392B, 0x20A8, 0x2087, 0x2088, 0x2069, 0x30AE, 0x40F6, 0x38F2,
    0x4117, 0x38F3, 0x28C8, 0x412E, 0x40FA, 0x493F, 0x30D1, 0x20A6, 0x30E9, 0x414B, 0x28A8, 0x20A7,
    0x20A7, 0x28AD, 0x2089, 0x28A7, 0x496C, 0x414A, 0x2086, 0x30E7, 0x8AED, 0x9C31, 0xDE9A, 0xFFDF,
    0xFFBE, 0xFF7E, 0xFF9E, 0xFF9E, 0xFF9E, 0xFF9E, 0xFF9E, 0xFF7E, 0xFF9E, 0xFFBF, 0xFFFF, 0xFFFF,
    0xFFBF, 0xFFBF, 0xFFBE, 0xFF9E, 0xF75D, 0xEEFC, 0xE67A, 0xD5F8, 0xC4F4, 0xBBD1, 0xBB0E, 0xDB6F,
    0xEBF1, 0xEC12, 0xF412, 0xDCB4, 0xFFDF, 0xFFBE, 0xFF9E, 0xFF7E, 0xFF9E, 0xFFBF, 0x734E, 0x0822,
    0x1845, 0x2087, 0x390B, 0x414B, 0x392B, 0x2088, 0x2068, 0x2089, 0x288B, 0x38D3, 0x30D0, 0x411A,
    0x38D4, 0x20A7, 0x5992, 0x390D, 0x390F, 0x30EC, 0x28A8, 0x28C8, 0x394B, 0x30EA, 0x2087, 0x28C8,
    0x1865, 0x0804, 0x1043, 0x3128, 0x394B, 0x30E8, 0x2086, 0x8B2E, 0xBC73, 0x832E, 0xA493, 0xEF1C,
    0xFFDF, 0xFF9E, 0xFF7E, 0xFF7E, 0xFF7E, 0xFF7E, 0xFFDF, 0xCDD7, 0x834E, 0xACB3, 0xBD56, 0xDDB7,
    0xE597, 0xE515, 0xDC73, 0xD3D1, 0xC34F, 0xBACD, 0xB28C, 0xB26C, 0xC2AD, 0xDB4F, 0xFC12, 0xFC32,
    0xF433, 0xF432, 0xDC53, 0xF71C, 0xFF9E, 0xFF7E, 0xFFDF, 0xFF7E, 0x5A6A, 0x0000, 0x0802, 0x0802,
    0x1003, 0x1867, 0x390A, 0x416B, 0x390B, 0x2089, 0x2087, 0x288A, 0x38EF, 0x30AF, 0x38F5, 0x38F5,
    0x28CB, 0x6176, 0x30CB, 0x28A7, 0x28C8, 0x28C8, 0x28C7, 0x3109, 0x392B, 0x2086, 0x2087, 0x28A7,
    0x49A9, 0x9BD0, 0x9BB0, 0x416A, 0x392A, 0x28E6, 0x4168, 0xB453, 0xCD15, 0xB452, 0x938F, 0xBD96,
    0xFFBE, 0xFFDF, 0xFF7E, 0xFF7E, 0xFF7E, 0xFF9E, 0xEEFC, 0xBD76, 0xA4B3, 0x3967, 0x81A9, 0xFBB1,
    0xFBF2, 0xF3F1, 0xFBF1, 0xFBF1, 0xFBF2, 0xF3D1, 0xE390, 0xDB6F, 0xFC12, 0xFBF2, 0xF3F2, 0xF412,
    0xFC12, 0xDC53, 0xF71C, 0xFF7E, 0xFFDF, 0xEEFC, 0x3987, 0x28E5, 0xA432, 0x834F, 0x49A8, 0x1062,
    0x0000, 0x0803, 0x30E9, 0x394A, 0x392B, 0x28A7, 0x1867, 0x4113, 0x493F, 0x491F, 0x491E, 0x38EE,
    0x4932, 0x4111, 0x1846, 0x1023, 0x28A7, 0x1865, 0x3108, 0x414B, 0x28A7, 0x28C7, 0x30E9, 0x93B1,
    0xCCD4, 0xC493, 0x9BB1, 0x498B, 0x30E7, 0x1043, 0x49AA, 0x830E, 0x9BD0, 0xC4D4, 0xAC11, 0xA452,
    0xD639, 0xFFBF, 0xFFBF, 0xFF7D, 0xFF7D, 0xFF9E, 0xFFFF, 0xFFFF, 0xFF3D, 0xB432, 0xBB2F, 0xEBD1,
    0xFC32, 0xF412, 0xFC12, 0xFC12, 0xFC12, 0xFC12, 0xFC12, 0xFC12, 0xFBF2, 0xFBF2, 0xFBF2, 0xFC12,
    0xD432, 0xF71C, 0xFFFF, 0xDE9A, 0x3128, 0x1024, 0xAC53, 0xBCB4, 0xBC94, 0xC494, 0xA3F1, 0x72AC,
    0x3127, 0x1864, 0x30E8, 0x414A, 0x390A, 0x28C8, 0x2068, 0x30B2, 0x38D6, 0x40F8, 0x38ED, 0x1044,
    0x28C8, 0x1023, 0x0000, 0x1845, 0x1865, 0x2085, 0x3109, 0x30E9, 0x498A, 0x310A, 0x5A0C, 0xBC93,
    0xBC73, 0xC4D4, 0x72CE, 0x498B, 0x1864, 0x1864, 0x8330, 0x9370, 0xBC93, 0xD535, 0xC4D4, 0xA3D0,
    0xAC93, 0xDE9A, 0xFFDF, 0xFFBE, 0xFF5D, 0xFF7D, 0xFF7D, 0xFF7E, 0xFEFC, 0xE619, 0xC453, 0xDB70,
    0xFBF2, 0xFC12, 0xF3F2, 0xF432, 0xF412, 0xFC12, 0xFBF2, 0xFBF2, 0xFBF2, 0xFBF2, 0xFBD1, 0xD453,
    0xFFFF, 0xD618, 0x3107, 0x0805, 0x622C, 0xCD16, 0xBCB3, 0xC4B4, 0xC4B3, 0xC4B4, 0xC4D5, 0xBCB5,
    0xA412, 0x624C, 0x30E8, 0x28C8, 0x390A, 0x28C8, 0x2085, 0x4168, 0x3949, 0x1866, 0x0000, 0x0000,
    0x1885, 0x18A3, 0x28A6, 0x28C7, 0x28A6, 0x30C8, 0x392B, 0x3109, 0x30E9, 0x416D, 0x9BB0, 0xC4B4,
    0xBCB4, 0xAC52, 0x496A, 0x498B, 0x1864, 0x51C9, 0xCD15, 0xCCF5, 0xC4D4, 0xCCF5, 0xD515, 0xC493,
    0x9BB0, 0xA4B3, 0xE6FB, 0xFFFF, 0xFF9E, 0xFF7E, 0xFF7E, 0xFF7D, 0xFF7D, 0xFF1D, 0xD577, 0xCBD1,
    0xF3D1, 0xFC12, 0xEC73, 0xE4D4, 0xF432, 0xF432, 0xF432, 0xFBF2, 0xFC12, 0xEB90, 0xEDD8, 0xCE39,
    0x28C7, 0x2067, 0x1865, 0x9BF1, 0xC4F4, 0xBCB4, 0xC4D4, 0xC4D4, 0xBCB4, 0xBCB3, 0xBCB4, 0xC4F4,
    0xCD15, 0x51CB, 0x49AB, 0x9C13, 0x49AB, 0x51CD, 0x418B, 0x28A7, 0x20A7, 0x5A0D, 0x7AF3, 0x59ED,
    0x8352, 0x51CD, 0x28C8, 0x3928, 0x8B50, 0x416B, 0x310A, 0x394B, 0x414D, 0x6A6E, 0xC4D4, 0xBC93,
    0xC4D5, 0x72CE, 0x3109, 0x416A, 0x1863, 0x5A2A, 0xCCF5, 0xCCD4, 0xCCD4, 0xCCD4, 0xCCF5, 0xD515,
    0xB452, 0x93B0, 0xACF4, 0xEF1C, 0xFFFF, 0xFF9E, 0xFF7D, 0xFF5D, 0xFF5D, 0xFF5D, 0xEE9B, 0xD4F5,
    0xD390, 0xF3B1, 0xFC12, 0xF432, 0xE4D4, 0xE514, 0xF3F2, 0xFBF2, 0xEC12, 0x93F1, 0x28C7, 0x28A9,
    0x2087, 0x51C9, 0xCD15, 0xC4D4, 0xC4D4, 0xC4D4, 0xC4D4, 0xC4D4, 0xC4D4, 0xC4D4, 0xC4D4, 0xCD15,
    0x9BB1, 0x30E7, 0x7B0E, 0x9BF3, 0x59ED, 0x28A9, 0x2088, 0x49AB, 0xCCFF, 0xD51F, 0xB43A, 0x416D,
    0x414C, 0x392B, 0x51CA, 0xCD36, 0x93D1, 0x3109, 0x416B, 0x416C, 0x414C, 0x9BB1, 0xCCF4, 0xBC93,
    0xB473, 0x4168, 0x3108, 0x3948, 0x0801, 0x6A8C, 0xD536, 0xC4B4, 0xCCD4, 0xCCD4, 0xCCD4, 0xD515,
    0xD515, 0xAC11, 0x836E, 0xB535, 0xF75D, 0xFFDF, 0xFF7D, 0xFF5D, 0xFF7D, 0xFF5D, 0xFF5D, 0xE65A,
    0xD4D4, 0xDBD1, 0xEB90, 0xFBB1, 0xFB91, 0xFC12, 0xFC73, 0x82AD, 0x1866, 0x28C9, 0x28EA, 0x30E8,
    0x9BB0, 0xCD15, 0xC4D4, 0xC4D4, 0xC4D4, 0xC4D4, 0xC4D4, 0xC4D4, 0xC4D4, 0xC4D4, 0xD556, 0xBCD4,
    0x51C9, 0x832E, 0x72AE, 0x8B91, 0x5A2D, 0x416A, 0x51CC, 0xC49D, 0xBC7C, 0xCCFE, 0x7AB3, 0x392C,
    0x414C, 0x624C, 0xC4F5, 0xC4F5, 0x8B70, 0x3109, 0x416C, 0x414C, 0x49AC, 0xB473, 0xBCB4, 0xBCB4,
    0x9BB0, 0x30C6, 0x28C6, 0x28E6, 0x0801, 0x830E, 0xD536, 0xD4F5, 0xCCD4, 0xCCD4, 0xCCD4, 0xCCD4,
    0xD515, 0xCCF5, 0xA3F1, 0x93B0, 0xBD56, 0xF75D, 0xFFDF, 0xFF9E, 0xFF7E, 0xFF7E, 0xFFBE, 0xFFBF,
    0xEEFC, 0xD556, 0xD493, 0xE4D4, 0xC3B0, 0x59C9, 0x2066, 0x28A9, 0x30EA, 0x28C8, 0x72AD, 0xB472,
    0xCCF5, 0xC4D4, 0xC4D4, 0xC4D4, 0xC4D4, 0xC4D4, 0xC4D4, 0xC4D4, 0xC4B4, 0xDDD8, 0xD5B7, 0x7ACD,
    0xC4F5, 0xC4D5, 0x9370, 0x832E, 0x51EA, 0x414A, 0xC4D9, 0xC4D8, 0xCD18, 0x6A70, 0x390C, 0x496C,
    0x3949, 0x9390, 0xC4F5, 0xCD36, 0x8330, 0x30E9, 0x498C, 0x392C, 0x5A0D, 0xC4D4, 0xC4D4, 0xC4B4,
    0x7ACD, 0x0001, 0x1883, 0x1082, 0x0821, 0x5A09, 0xAC32, 0xDD36, 0xD515, 0xCCF5, 0xCCD4, 0xCCD4,
    0xCCD4, 0xD515, 0xCCD4, 0xA3D0, 0x93F0, 0xBD76, 0xEF3C, 0xFFFF, 0xFFFF, 0xFFBF, 0xFF9E, 0xFFDF,
    0xFFFF, 0xFFDF, 0xA4B4, 0x20A6, 0x1847, 0x28A9, 0x30EA, 0x2888, 0x6A6C, 0x9BB0, 0xBC93, 0xC4F4,
    0xC4D4, 0xC4D4, 0xC4D4, 0xC4D4, 0xC4D4, 0xC4D4, 0xC4D4, 0xC4D4, 0xC4D4, 0xC515, 0x8B6F, 0xBC93,
    0xC4F5, 0xC4F4, 0xC4F5, 0xC516, 0x93D2, 0xC4F5, 0xC4F4, 0xCD35, 0x6A4E, 0x412D, 0x414C, 0x51CB,
    0x6A6C, 0x830E, 0xCD36, 0xDDD8, 0x7AEF, 0x390A, 0x498D, 0x416B, 0x6A4C, 0xAC32, 0xC4F5, 0xCD15,
    0x7B4E, 0x0000, 0x0000, 0x0000, 0x0000, 0x1042, 0x51E9, 0x93AF, 0xC493, 0xCCF5, 0xD536, 0xD536,
    0xD515, 0xD515, 0xDD35, 0xCCD4, 0xAC11, 0x9BF0, 0xA4B3, 0xD639, 0xF75D, 0xFF7D, 0xE6DB, 0xB535,
    0x520B, 0x1005, 0x2088, 0x28AA, 0x30CA, 0x28C9, 0x4148, 0xB432, 0x9B90, 0xC4F4, 0xC4D4, 0xC4D4,
    0xC4D4, 0xC4D4, 0xC4D4, 0xC4D4, 0xC4D4, 0xC4D4, 0xC4D4, 0xC4D4, 0xC4F5, 0x72AC, 0xBC93, 0xBCB4,
    0xBCB3, 0xCD15, 0xE5F9, 0xE5F9, 0xC4F5, 0xC4F5, 0xCD15, 0x9BF2, 0x392B, 0x416C, 0x414B, 0x6A8E,
    0x728C, 0x5A0A, 0x8B4F, 0xBCD4, 0x8350, 0x498C, 0x51CD, 0x498B, 0x624B, 0x830E, 0x9BD1, 0xB494,
    0x9C32, 0x93F1, 0x628B, 0x0000, 0x0000, 0x0000, 0x0001, 0x28A4, 0x49A8, 0x626B, 0x830E, 0x93B0,
    0xA411, 0xB452, 0xB473, 0xBC93, 0xA3B1, 0x728C, 0x4988, 0x3947, 0x3948, 0x28A6, 0x1005, 0x1826,
    0x28A9, 0x288A, 0x28AA, 0x30EA, 0x28A7, 0x9BB0, 0xB432, 0x9B90, 0xCD15, 0xC4D4, 0xC4D4, 0xC4D4,
    0xC4D4, 0xC4D4, 0xC4D4, 0xC4D4, 0xC4D4, 0xC4F4, 0xC4D4, 0x9BD0, 0x7AED, 0xC4D4, 0xC4D4, 0xBCB4,
    0xC4D4, 0xDDB8, 0xD597, 0xCCF5, 0xCCF5, 0xC4F5, 0xC4F4, 0x5A0C, 0x414C, 0x416C, 0x30E9, 0x6AAE,
    0x8B6F, 0x8B4F, 0x9390, 0x9BD1, 0x728D, 0x414A, 0x51CC, 0x72AE, 0x9390, 0x832E, 0xAC53, 0xA412,
    0xA433, 0xFF1D, 0xA472, 0x0020, 0x0000, 0x0000, 0x0000, 0x0000, 0x0000, 0x0001, 0x1022, 0x1042,
    0x1062, 0x1883, 0x1883, 0x1043, 0x1864, 0x1845, 0x1845, 0x1825, 0x1846, 0x2087, 0x28A8, 0x2089,
    0x28AA, 0x30CA, 0x28A8, 0x8B2E, 0xC4B4, 0xA390, 0xA3F1, 0xCD35, 0xC4F4, 0xC4F4, 0xC4D4, 0xC4D4,
    0xC4F4, 0xC4D4, 0xC4D4, 0xC4F4, 0xB473, 0xA411, 0xA3F1, 0xAC52, 0xCCF5, 0xC4D4, 0xC4D4, 0xBCB4,
    0xDDD8, 0xBCD4, 0xCCF5, 0xCCF5, 0xC4F5, 0xCD15, 0x7B10, 0x3909, 0x8B70, 0x93B1, 0x4149, 0x5A0B,
    0xB473, 0xCD16, 0xBCB4, 0x9BD0, 0x830F, 0x59EC, 0x416B, 0x8330, 0xB4D4, 0x93B0, 0xB432, 0x9B8F,
    0x8B6F, 0xF6DC, 0x836F, 0x0000, 0x0000, 0x0000, 0x0000, 0x0000, 0x0000, 0x0000, 0x0000, 0x0000,
    0x0000, 0x0000, 0x0000, 0x0802, 0x1045, 0x1846, 0x1866, 0x2066, 0x1866, 0x2087, 0x28A9, 0x28A9,
    0x2067, 0x830E, 0xC4B4, 0xBC73, 0xA390, 0xBC52, 0xCD15, 0xC4F5, 0xC4F5, 0xC4D4, 0xC4D4, 0xC4D4,
    0xC4D4, 0xC4F5, 0xC4F5, 0xC4F5, 0xCD15, 0xBCB4, 0xC4F4, 0xC4F4, 0xC4F4, 0xC4F5, 0xC515, 0xF6DB,
    0xA433, 0xC4F4, 0xC4F5, 0xCCF5, 0xCD15, 0x5A0B, 0x5A0C, 0xBCD4, 0xCD15, 0xB493, 0x7ACD, 0x59EA,
    0x7AAC, 0x9BB0, 0x936F, 0xA411, 0xA412, 0x624D, 0x51AA, 0x7AED, 0xC4B4, 0xC493, 0xC4B4, 0xA38F,
    0xAC93, 0xEE7B, 0x20C3, 0x0000, 0x0000, 0x0000, 0x0000, 0x0000, 0x0000, 0x0000, 0x0000, 0x0000,
    0x0000, 0x0000, 0x0000, 0x0802, 0x1024, 0x1845, 0x1866, 0x2066, 0x2087, 0x1867, 0x30E7, 0x8B6F,
    0xCCD4, 0xBC72, 0xBC73, 0xB432, 0xC4B4, 0xCD15, 0xC4F5, 0xC4F5, 0xC4F5, 0xC4F5, 0xC4D4, 0xC4F4,
    0xC4F5, 0xC4F5, 0xC4F5, 0xC4F4, 0xCCF5, 0xCCF5, 0xCCF5, 0xCCF5, 0xCCF5, 0xD556, 0xB4D5, 0x72CD,
    0xC4D4, 0xC4F4, 0xCD36, 0x830E, 0x72AD, 0xCD36, 0xC4D4, 0xC4D4, 0xCCF4, 0xD535, 0xCCF5, 0xBC73,
    0xBC73, 0xB452, 0xB452, 0xC4F5, 0xBCD4, 0x7ACE, 0x59C9, 0xAC11, 0xC4B3, 0xBC73, 0xBC73, 0xA3F1,
    0xEE9B, 0x5229, 0x0000, 0x0000, 0x0000, 0x0000, 0x0000, 0x0000, 0x0000, 0x0000, 0x0000, 0x0000,
    0x0000, 0x0000, 0x0000, 0x0822, 0x1044, 0x1025, 0x1004, 0x1024, 0x51C9, 0xB473, 0xCD15, 0xBC73,
    0xBC73, 0xBC52, 0xC473, 0xC4D4, 0xCD15, 0xC4F5, 0xCCF5, 0xCCF5, 0xCCF5, 0xC4F4, 0xC4F5, 0xCCF5,
    0xCCF5, 0xC4F4, 0xC4D4, 0xC4F5, 0xCCF5, 0xCCF5, 0xCD15, 0xD577, 0x8B4F, 0x59EA, 0xA453, 0xC4D4,
    0xCD15, 0xB473, 0x82CD, 0xD597, 0xF6DB, 0xCD36, 0xCD15, 0xC4D4, 0xC4D4, 0xC4D4, 0xCCF5, 0xC4F5,
    0xCCF5, 0xCCF5, 0xC4D4, 0xCCF4, 0xAC32, 0xAC53, 0x728C, 0xC493, 0xBC73, 0xC493, 0xABF1, 0xDDD9,
    0x93D1, 0x626A, 0x20C4, 0x0000, 0x0000, 0x0000, 0x0000, 0x0000, 0x0000, 0x0000, 0x0000, 0x0000,
    0x0000, 0x0000, 0x0000, 0x0000, 0x1863, 0x51C9, 0x9BD1, 0xCD36, 0xCCF4, 0xC493, 0xBC73, 0xCCB4,
    0xEE39, 0xCD15, 0xC4D4, 0xCD15, 0xCCF5, 0xCD15, 0xCCF5, 0xCCF5, 0xCCF5, 0xCCF5, 0xCCF5, 0xC4F5,
    0xC4F4, 0xC4D4, 0xC4F5, 0xCCF5, 0xCCF5, 0xCD15, 0x8B4F, 0x6A2B, 0xC4F5, 0xBCD6, 0xC4D4, 0xC4F5,
    0xB473, 0xC4F5, 0xCD36, 0xE65A, 0xC515, 0xC4D4, 0xC4D4, 0xC4D4, 0xC4D4, 0xC4D4, 0xC4D4, 0xC4D4,
    0xC4D4, 0xC4D4, 0xCCD4, 0xA3D0, 0xBCD5, 0xAC53, 0xABF1, 0xC4B3, 0xBC73, 0xB432, 0xCD37, 0xA432,
    0xC4B4, 0xCCD4, 0x938F, 0x5A49, 0x2925, 0x18A3, 0x1062, 0x0000, 0x0000, 0x0000, 0x0000, 0x0841,
    0x20E4, 0x49E8, 0x836E, 0xBCB4, 0xD577, 0xD536, 0xCCD4, 0xC493, 0xC493, 0xBC52, 0xDDB8, 0xFF5D,
    0xDD97, 0xC4D4, 0xCD35, 0xCD15, 0xCD15, 0xCD15, 0xCD15, 0xCD15, 0xCCF5, 0xC4F5, 0xC4F5, 0xC4F4,
    0xC4D4, 0xC4F5, 0xCCF5, 0xCD15, 0xC4D4, 0xAC52, 0xD536, 0xCCF5, 0x51EB, 0xC4F5, 0xCCF5, 0xCD15,
    0xC4F5, 0xC4D4, 0xCD35, 0xCCF5, 0xC4D4, 0xC4D4, 0xC4D4, 0xC4D4, 0xC4D4, 0xC4D4, 0xC4D4, 0xCCD4,
    0xC4D4, 0xC4D4, 0xBC93, 0x9390, 0xD598, 0x9B8F, 0xBC52, 0xBC73, 0xAC12, 0xC536, 0xAC53, 0xBC93,
    0xCCD4, 0xDD36, 0xDD77, 0xCD56, 0xC515, 0xBCB3, 0xA431, 0x9BD0, 0x93B0, 0xA431, 0xBC93, 0xCD35,
    0xDD77, 0xDD97, 0xD556, 0xCD15, 0xCCF4, 0xCCB4, 0xC493, 0xBC73, 0xC4B4, 0xF69B, 0xFF3D, 0xD597,
    0xC4D5, 0xCD36, 0xCD15, 0xCD15, 0xCD15, 0xCD15, 0xCD15, 0xCD15, 0xCCF5, 0xCCF5, 0xCCF5, 0xC4F5,
    0xCCF5, 0xCCF5, 0xCCF5, 0xCD15, 0xCD15, 0xD536, 0x936F, 0x2086,
};

// Image: reze_frame_002.png
const uint16_t reze_frame_002[4544] PROGMEM = {
    0x1866, 0x2066, 0x28A8, 0x28A8, 0x28C8, 0x30EA, 0x310A, 0x416C, 0x416C, 0x414C, 0x416C, 0x392C,
    0x414C, 0x416C, 0x416C, 0x392B, 0x416C, 0x414B, 0x51CC, 0x51CA, 0x59EB, 0x8330, 0xAC95, 0xD63A,
    0xF75D, 0xFFFF, 0xDE7B, 0x498D, 0x496E, 0x414D, 0x392C, 0x390C, 0x414D, 0x414D, 0x412D, 0x494F,
    0x6174, 0x79D9, 0x79B9, 0x921E, 0x923E, 0x921D, 0x923E, 0x923F, 0x923E, 0x923E, 0x923E, 0x923E,
    0x923E, 0x79D9, 0x6997, 0x81FB, 0x81DA, 0x81FB, 0x9A3F, 0x8A1D, 0x923E, 0x923E, 0x81FC, 0x923E,
    0x923E, 0x79DA, 0x8218, 0x8310, 0x69D4, 0x921E, 0x923E, 0x81FC, 0x921D, 0x923E, 0x923E, 0x2066,
    0x2087, 0x28C8, 0x28C8, 0x28C9, 0x30EA, 0x390A, 0x416C, 0x414B, 0x416C, 0x414C, 0x392B, 0x412C,
    0x496D, 0x416C, 0x414C, 0x392B, 0x6A6E, 0xE5F9, 0xCD77, 0x8350, 0x51CD, 0x518C, 0x5A0D, 0x72EF,
    0xBD37, 0x9C34, 0x390C, 0x498E, 0x416D, 0x392C, 0x412C, 0x414D, 0x412C, 0x414D, 0x494F, 0x5151,
    0x6996, 0x7197, 0x8A1D, 0x923E, 0x8A1D, 0x921E, 0x923E, 0x923E, 0x923E, 0x923F, 0x923E, 0x923E,
    0x8A1C, 0x8A1C, 0x8A1D, 0x71B9, 0x8A1D, 0x923F, 0x923E, 0x923E, 0x923E, 0x8A1D, 0x9A5F, 0x8A1D,
    0x81FB, 0x8294, 0xB453, 0x69D4, 0x89FD, 0x8A1C, 0x81FC, 0x923E, 0x923E, 0x923E, 0x1866, 0x28C8,
    0x30E8, 0x28C8, 0x30EA, 0x30EA, 0x392B, 0x414B, 0x414B, 0x416C, 0x392B, 0x392C, 0x496D, 0x416C,
    0x392C, 0x392B, 0x624D, 0xD557, 0xF65A, 0xFEFC, 0xFF1D, 0xE65A, 0xAC75, 0x72CF, 0x5A0C, 0x624F,
    0x412C, 0x390C, 0x498E, 0x416D, 0x392B, 0x414C, 0x412C, 0x412C, 0x410E, 0x494F, 0x5150, 0x5973,
    0x6996, 0x923E, 0x923E, 0x8A1D, 0x923F, 0x9A3F, 0x9A3F, 0x923F, 0x923E, 0x923E, 0x923E, 0x923E,
    0x923E, 0x71B9, 0x79B9, 0x9A3F, 0x923E, 0x923E, 0x923F, 0x8A1D, 0x923E, 0x923E, 0x79DB, 0x7A17,
    0xB495, 0xC516, 0x61B2, 0x71B9, 0x71B8, 0x71B9, 0x8A1D, 0x8A1C, 0x81FA, 0x2086, 0x3109, 0x28E8,
    0x30E9, 0x30EA, 0x30E9, 0x392B, 0x414B, 0x416C, 0x414C, 0x392B, 0x392C, 0x498D, 0x414B, 0x392B,
    0x6A4D, 0xC4D5, 0xD577, 0xDD77, 0xEDF9, 0xEE3A, 0xFEBB, 0xFEFC, 0xF69B, 0xD5D8, 0xAC74, 0x416C,
    0x412D, 0x498E, 0x414C, 0x392B, 0x414C, 0x414D, 0x392C, 0x412E, 0x494F, 0x5151, 0x5972, 0x6996,
    0x923F, 0x923D, 0x81DB, 0x81FB, 0x71B8, 0x79B8, 0x921D, 0x923E, 0x923E, 0x923E, 0x923E, 0x8A1D,
    0x6176, 0x81FB, 0x923F, 0x923E, 0x923E, 0x923E, 0x81FB, 0x8A1D, 0x79D9, 0x6977, 0xA3F7, 0xF71C,
    0xCD77, 0x59AF, 0x6175, 0x6194, 0x6175, 0x6996, 0x6995, 0x5973, 0x28C8, 0x30E9, 0x28E9, 0x30EA,
    0x28C9, 0x3109, 0x392B, 0x414B, 0x416C, 0x414C, 0x392B, 0x392A, 0x390A, 0x3109, 0x624D, 0xC4F5,
    0xDD77, 0xE577, 0xE597, 0xE5B8, 0xE5B8, 0xE5D8, 0xEE19, 0xF67B, 0xFF5E, 0xD5B8, 0x414B, 0x496D,
    0x498E, 0x392C, 0x392C, 0x414C, 0x412C, 0x392D, 0x414E, 0x494E, 0x5172, 0x5972, 0x71B8, 0x8A1D,
    0x69B7, 0x6194, 0x5973, 0x5171, 0x5973, 0x81FB, 0x923E, 0x923E, 0x923E, 0x921D, 0x6997, 0x6175,
    0x79DA, 0x71B8, 0x6997, 0x71B8, 0x71B8, 0x6997, 0x6996, 0x6155, 0x8B17, 0xE679, 0xFF7E, 0xCD97,
    0x518F, 0x6174, 0x5952, 0x5151, 0x5973, 0x5972, 0x5150, 0x30E8, 0x28E8, 0x3109, 0x30E9, 0x30E9,
    0x392A, 0x392B, 0x416C, 0x414C, 0x414B, 0x390A, 0x30E9, 0x310A, 0x6A4C, 0xBCB4, 0xDD77, 0xE577,
    0xED98, 0xE5B8, 0xE5D8, 0xE5D8, 0xE5D8, 0xE5F8, 0xEDF9, 0xF67A, 0xB4B5, 0x414C, 0x416D, 0x414C,
    0x392C, 0x414D, 0x414D, 0x414D, 0x412D, 0x414D, 0x494E, 0x5172, 0x4930, 0x6194, 0x6174, 0x5150,
    0x5171, 0x5171, 0x5171, 0x5972, 0x79DA, 0x89FC, 0x8A1C, 0x8A1C, 0x79B9, 0x6174, 0x6174, 0x6175,
    0x5952, 0x5952, 0x5973, 0x6173, 0x5953, 0x5151, 0x5992, 0xD5BA, 0xEF1C, 0xFFBF, 0xD5B7, 0x518E,
    0x5152, 0x5151, 0x5151, 0x5972, 0x5151, 0x5170, 0x28C8, 0x30E9, 0x3109, 0x30E9, 0x392A, 0x392B,
    0x392B, 0x416C, 0x392B, 0x392B, 0x30EA, 0x3109, 0x51CB, 0xBC94, 0xE598, 0xE597, 0xE577, 0xE577,
    0xE577, 0xE5B8, 0xEDF9, 0xEE19, 0xEDF8, 0xEDF8, 0xEE19, 0xA433, 0x412C, 0x416D, 0x392B, 0x392C,
    0x414C, 0x496D, 0x414D, 0x414D, 0x414E, 0x494E, 0x5170, 0x4930, 0x5151, 0x5170, 0x492F, 0x5150,
    0x5150, 0x5151, 0x5972, 0x7197, 0x7198, 0x71B8, 0x6997, 0x6174, 0x5973, 0x5973, 0x5952, 0x5151,
    0x5151, 0x5171, 0x5151, 0x59B2, 0x5171, 0xA436, 0xEE9A, 0xF73D, 0xFFBF, 0xCD76, 0x516D, 0x5152,
    0x492F, 0x5170, 0x5971, 0x5170, 0x5170, 0x28E8, 0x30E9, 0x3109, 0x30E9, 0x392A, 0x390A, 0x394B,
    0x414C, 0x30EA, 0x28C9, 0x30E9, 0x51CB, 0x59EA, 0x8B4F, 0xA3B0, 0xABD1, 0xDD36, 0xD556, 0xDD57,
    0xDD97, 0xDDD8, 0xEE7A, 0xF6FC, 0xFF5D, 0xEEBB, 0x9391, 0x412B, 0x416C, 0x390A, 0x394B, 0x412C,
    0x498E, 0x414D, 0x414D, 0x414E, 0x496F, 0x516F, 0x492F, 0x5150, 0x5150, 0x492F, 0x5170, 0x5150,
    0x5150, 0x5952, 0x6996, 0x6996, 0x6995, 0x6174, 0x5973, 0x5952, 0x5151, 0x5151, 0x5151, 0x5151,
    0x5151, 0x516F, 0x7AD2, 0x8313, 0xEEDC, 0xE69B, 0xFFBE, 0xFF9E, 0xC516, 0x516D, 0x5151, 0x494F,
    0x516F, 0x5170, 0x5150, 0x5170, 0x30E8, 0x28E8, 0x3109, 0x392A, 0x392A, 0x30EA, 0x416C, 0x392B,
    0x28A8, 0x30C8, 0x30E7, 0xA413, 0x832F, 0x3906, 0x72AC, 0x51A9, 0xA3F1, 0xB412, 0xCD15, 0xF67A,
    0xFEBB, 0xF6FC, 0xE65A, 0xE65A, 0xE65A, 0x7B0F, 0x390B, 0x392B, 0x310A, 0x392C, 0x392C, 0x498E,
    0x414D, 0x414D, 0x414D, 0x496E, 0x492F, 0x492E, 0x5170, 0x494F, 0x494F, 0x516F, 0x5150, 0x5150,
    0x5952, 0x6174, 0x5973, 0x5973, 0x5952, 0x5151, 0x5151, 0x5952, 0x5151, 0x5151, 0x5171, 0x4930,
    0x7291, 0x6A8F, 0xD5F9, 0xEEFC, 0xF75D, 0xFFFF, 0xFFFF, 0xCD77, 0x59AF, 0x5131, 0x496F, 0x516F,
    0x516F, 0x516F, 0x516F, 0x30E9, 0x30E8, 0x392A, 0x392A, 0x390A, 0x310A, 0x416C, 0x28A8, 0x28C7,
    0x20A5, 0x1022, 0x28C5, 0x4188, 0x1863, 0x20A4, 0x20A4, 0x49A8, 0x7AED, 0x7AAC, 0xDD97, 0xC4D4,
    0xE639, 0xFEBB, 0xF63A, 0xAC53, 0x59EB, 0x392B, 0x28C9, 0x392B, 0x390C, 0x414D, 0x496D, 0x412C,
    0x414D, 0x414D, 0x494E, 0x494E, 0x494E, 0x5170, 0x494E, 0x496F, 0x516F, 0x516F, 0x5170, 0x5151,
    0x5151, 0x5151, 0x5151, 0x5151, 0x5151, 0x5151, 0x5151, 0x5151, 0x5150, 0x5150, 0x496E, 0x416C,
    0x622E, 0x9BD4, 0x8B93, 0xA476, 0xA475, 0xB4D6, 0x93D3, 0x518E, 0x494E, 0x494E, 0x516F, 0x496E,
    0x416D, 0x416D, 0x28C8, 0x3109, 0x390A, 0x30E9, 0x28E9, 0x310A, 0x28A7, 0x1865, 0x1864, 0x0801,
    0x0821, 0x1042, 0x0801, 0x1022, 0x0801, 0x0000, 0x0000, 0x0821, 0x20C3, 0xDDB8, 0xCD36, 0xAC53,
    0xCD36, 0xDDB8, 0xD577, 0x5A0B, 0x392A, 0x310A, 0x392C, 0x390C, 0x496D, 0x416D, 0x414C, 0x416D,
    0x414D, 0x414D, 0x494E, 0x494E, 0x516F, 0x496F, 0x516F, 0x516F, 0x516F, 0x5150, 0x5150, 0x5151,
    0x5151, 0x5151, 0x5151, 0x5150, 0x5150, 0x5150, 0x4950, 0x494F, 0x496E, 0x51AD, 0x59EC, 0xB495,
    0x93B2, 0x9BB3, 0x9372, 0x72AF, 0x59ED, 0x414B, 0x30EA, 0x392B, 0x412D, 0x494E, 0x496E, 0x416D,
    0x414C, 0x3109, 0x392A, 0x30E9, 0x30EA, 0x30EA, 0x392B, 0x2086, 0x0000, 0x0802, 0x0822, 0x1863,
    0x4168, 0x5A2B, 0x72AD, 0x72CD, 0x5A4A, 0x28E5, 0x0000, 0x0000, 0x20A4, 0x72CD, 0xA453, 0xFF1D,
    0xC515, 0x9390, 0x498B, 0x416B, 0x418C, 0x390B, 0x392C, 0x498E, 0x412C, 0x416C, 0x416C, 0x414D,
    0x414D, 0x414D, 0x414D, 0x496E, 0x494E, 0x516F, 0x516F, 0x516F, 0x516F, 0x5150, 0x5150, 0x5150,
    0x5151, 0x5150, 0x5170, 0x4950, 0x494F, 0x494E, 0x494D, 0x59CE, 0x5A0C, 0xDDB8, 0xDDB8, 0xCD56,
    0xEE5A, 0xE5F9, 0xD578, 0xC537, 0x72CF, 0x390B, 0x412C, 0x414D, 0x496E, 0x496D, 0x414C, 0x416C,
    0x390A, 0x3109, 0x30E9, 0x30EA, 0x392B, 0x392B, 0x3948, 0x49A8, 0x1022, 0x0801, 0x51C9, 0xBCD5,
    0xE61A, 0xFEDC, 0xFEDC, 0xFF1D, 0x838E, 0x4B26, 0x4286, 0x18A2, 0x1023, 0x30E6, 0xA473, 0xF69C,
    0x8B6F, 0x3929, 0x392A, 0x416C, 0x392B, 0x414C, 0x496D, 0x390B, 0x416C, 0x416C, 0x414C, 0x414D,
    0x414D, 0x414D, 0x496E, 0x494E, 0x516F, 0x516F, 0x516F, 0x516F, 0x5150, 0x5150, 0x5150, 0x5150,
    0x5150, 0x516F, 0x494F, 0x496E, 0x414C, 0x59EE, 0x622D, 0xC4F5, 0xEE5A, 0xC4D5, 0xF63A, 0xEE19,
    0xEE19, 0xEE39, 0xF69B, 0x9392, 0x498D, 0x414D, 0x496E, 0x498E, 0x416D, 0x392B, 0x414B, 0x392B,
    0x30E9, 0x310A, 0x390B, 0x394B, 0x30E8, 0x9BD1, 0xBC73, 0x1843, 0x1883, 0x9BD1, 0xFEBC, 0xFEBC,
    0xF6BB, 0xFEDC, 0xDDD8, 0x6349, 0x968B, 0x968B, 0x7D0A, 0x42A6, 0x1062, 0x1864, 0x7AEE, 0x8B70,
    0x3108, 0x3109, 0x416C, 0x392C, 0x496D, 0x414D, 0x412C, 0x416D, 0x414C, 0x414D, 0x412C, 0x412C,
    0x416D, 0x496E, 0x496E, 0x496E, 0x516F, 0x516F, 0x516F, 0x516F, 0x514F, 0x5150, 0x5150, 0x5150,
    0x516F, 0x516F, 0x414D, 0x5A0E, 0x622E, 0xA3F2, 0xEE5B, 0xBCB4, 0xE5D8, 0xEE19, 0xEDF9, 0xEE19,
    0xE5F8, 0xEE19, 0x8B50, 0x498B, 0x496E, 0x518E, 0x496E, 0x51CE, 0x414B, 0x392B, 0x392A, 0x30E9,
    0x310A, 0x416C, 0x390A, 0x59C9, 0xD4B4, 0x930E, 0x28A4, 0x2083, 0xAC73, 0xFEBC, 0xF6BB, 0xF6DB,
    0xFF1C, 0xCD57, 0x6C0A, 0x8E6A, 0x8E2A, 0x7D49, 0x9ECB, 0x8D8B, 0x3A25, 0x2084, 0x3907, 0x3929,
    0x392B, 0x416C, 0x414B, 0x496D, 0x414C, 0x414C, 0x414C, 0x414C, 0x414C, 0x414C, 0x414C, 0x414D,
    0x496D, 0x496E, 0x496E, 0x496F, 0x516F, 0x516F, 0x516F, 0x516F, 0x514F, 0x5150, 0x5150, 0x494F,
    0x496E, 0x51AE, 0x72D0, 0x72CF, 0xDD77, 0xC4B4, 0xC4F5, 0xEDF9, 0xE5F8, 0xEDF9, 0xE5F8, 0xE5B8,
    0xEE19, 0x9391, 0x392A, 0x496D, 0x518F, 0x496E, 0x626D, 0x390A, 0x392B, 0x310A, 0x30E9, 0x392B,
    0x498D, 0x30E9, 0x4988, 0xCCD4, 0xD516, 0xBC93, 0x61EA, 0xA3F1, 0xFEBC, 0xFEBB, 0xF6BB, 0xFF1C,
    0xC516, 0x6408, 0x8E6A, 0x8E4A, 0x8E4A, 0x7D69, 0x3A05, 0x5327, 0x4AA6, 0x2066, 0x416B, 0x416C,
    0x414C, 0x414B, 0x416C, 0x392B, 0x416C, 0x414C, 0x414C, 0x414C, 0x414C, 0x414C, 0x414D, 0x496D,
    0x494D, 0x496E, 0x496E, 0x516F, 0x496F, 0x496F, 0x516F, 0x494F, 0x5150, 0x514F, 0x516F, 0x516D,
    0x8331, 0x6A4C, 0xC4B4, 0xCCF5, 0xC4D5, 0xEDD9, 0xEDF8, 0xEDF9, 0xEDF9, 0xEDF9, 0xE5F8, 0xEE39,
    0x8B71, 0x390C, 0x496E, 0x494E, 0x622E, 0x6A8D, 0x390B, 0x414B, 0x30EA, 0x30EA, 0x394B, 0x414C,
    0x30E8, 0x4988, 0xCCD5, 0xD494, 0xC412, 0x8AAC, 0x9B2F, 0xEE5A, 0xFEDC, 0xF6BB, 0xFF1C, 0xCD97,
    0x84CC, 0x8E4A, 0x966A, 0x96AA, 0x74C9, 0x0843, 0x3A46, 0x858A, 0x41C8, 0x30E9, 0x416B, 0x416C,
    0x416B, 0x414B, 0x394B, 0x416C, 0x416C, 0x414C, 0x414C, 0x414C, 0x416C, 0x416D, 0x416D, 0x416D,
    0x496D, 0x496D, 0x496E, 0x496E, 0x496E, 0x496F, 0x516F, 0x514F, 0x5170, 0x412E, 0x8312, 0x7ACF,
    0xA3F2, 0xD556, 0xBC73, 0xD537, 0xDD77, 0xDD77, 0xD557, 0xD536, 0xD556, 0xD576, 0xE5B8, 0x8B50,
    0x390B, 0x518F, 0x414D, 0x8310, 0x51CC, 0x30EA, 0x392B, 0x30EA, 0x310A, 0x414B, 0x414A, 0x3948,
    0x51A8, 0xBC12, 0xD494, 0xD473, 0xAB2F, 0xB36F, 0xDD57, 0xFEFC, 0xFEFC, 0xFEBB, 0xFEFC, 0x9D10,
    0x8DCB, 0xA70A, 0xA6C9, 0xAF0A, 0xAECA, 0xA6AA, 0x85A9, 0x5249, 0x624E, 0x414B, 0x416C, 0x416C,
    0x392B, 0x394B, 0x416C, 0x416C, 0x416C, 0x416C, 0x414C, 0x416C, 0x416D, 0x414D, 0x416D, 0x496D,
    0x416D, 0x496D, 0x496E, 0x496E, 0x496F, 0x516F, 0x5170, 0x492F, 0x6A72, 0x9372, 0x9391, 0xD577,
    0xC4B4, 0xDD57, 0xE5F8, 0xEDF9, 0xE5F8, 0xE5D8, 0xE5B8, 0xE5B8, 0xDD57, 0xD556, 0x728E, 0x414D,
    0x518F, 0x49AD, 0x9BD2, 0x3929, 0x310A, 0x414C, 0x30EA, 0x392B, 0x390B, 0x51EC, 0x72CD, 0x30E5,
    0xBC32, 0xE4F5, 0xD473, 0xCC53, 0xBBD1, 0x92EE, 0xB412, 0xEE19, 0xFEDC, 0xFEFC, 0xCD96, 0x848C,
    0x9E6B, 0xBF89, 0xD7C8, 0xE7E8, 0xCFA9, 0x7CEA, 0x5A0B, 0x8331, 0x392B, 0x416C, 0x416C, 0x392B,
    0x414B, 0x416C, 0x416C, 0x416C, 0x414C, 0x414C, 0x416C, 0x416C, 0x414D, 0x414D, 0x416D, 0x496D,
    0x496D, 0x496E, 0x496E, 0x518F, 0x516F, 0x5150, 0x5190, 0x9374, 0x72CE, 0xDD98, 0xD536, 0xDD56,
    0xEDF9, 0xE5D8, 0xE5D8, 0xE5D8, 0xE5F8, 0xEE3A, 0xC4B4, 0xDD36, 0xEDD9, 0x622D, 0x496D, 0x496E,
    0x5A0C, 0x7B0F, 0x30E8, 0x390A, 0x416B, 0x390A, 0x414B, 0x414B, 0x9392, 0xCD36, 0x51C9, 0xA36F,
    0xE597, 0xEDF8, 0xDD36, 0xB390, 0x9B0E, 0xAB4F, 0xAB4F, 0xCCF5, 0xF65A, 0xFF1D, 0xDE18, 0x94AF,
    0x9DCB, 0xBEC9, 0xBF09, 0xA689, 0x63AA, 0x6A8E, 0x8332, 0x392B, 0x416C, 0x416C, 0x310A, 0x414B,
    0x416C, 0x416C, 0x416C, 0x414B, 0x414C, 0x414C, 0x414C, 0x414C, 0x414D, 0x414D, 0x416D, 0x496E,
    0x496E, 0x494E, 0x516F, 0x516F, 0x5150, 0x6231, 0x6A6E, 0xC4D5, 0xCCF5, 0xBC73, 0xCCD4, 0xD515,
    0xE5B7, 0xF65A, 0xF67B, 0xF65B, 0xAC74, 0xB493, 0xD557, 0x622A, 0x3929, 0x51AE, 0x392C, 0x622D,
    0x51CB, 0x28C8, 0x392B, 0x394B, 0x392B, 0x394B, 0x414B, 0x5A0B, 0xD557, 0x9BB0, 0x934F, 0xFEBC,
    0xFEFC, 0xF67A, 0xDD15, 0xDCD5, 0xDC73, 0xCC12, 0xCC53, 0xD494, 0xD516, 0xF619, 0xF65B, 0xDE39,
    0xCDD6, 0xC5B5, 0xBD54, 0x626C, 0x8B92, 0x8333, 0x412D, 0x498D, 0x414C, 0x30E9, 0x416C, 0x416C,
    0x416C, 0x416C, 0x414C, 0x414C, 0x414C, 0x394B, 0x414C, 0x414D, 0x416D, 0x496D, 0x496E, 0x496E,
    0x496E, 0x496F, 0x494F, 0x5190, 0x494C, 0xA412, 0xDD36, 0xABB0, 0xCCB4, 0xE577, 0xE5B8, 0xD577,
    0xA453, 0x7AEE, 0x3947, 0x28C6, 0x626C, 0x3126, 0x0001, 0x392B, 0x496D, 0x30E9, 0x3929, 0x28C8,
    0x28C8, 0x392B, 0x392A, 0x414C, 0x498D, 0x28AA, 0x7B30, 0xFF9F, 0xB4B4, 0x93B0, 0xFF1D, 0xF6BB,
    0xF6BB, 0xFE9B, 0xDD77, 0xD4D5, 0xE536, 0xE516, 0xD494, 0xD4D5, 0xDD36, 0xDD77, 0xEE19, 0xEDF9,
    0xFEBC, 0xE61A, 0x624C, 0x8330, 0x72D2, 0x412D, 0x498D, 0x390A, 0x30EA, 0x416C, 0x496C, 0x414C,
    0x416C, 0x416C, 0x416C, 0x414C, 0x392B, 0x414C, 0x416C, 0x496D, 0x498E, 0x496D, 0x496E, 0x494E,
    0x51CE, 0x59EF, 0x494D, 0x9351, 0xE598, 0xABB0, 0xC493, 0xC494, 0x72AD, 0x4168, 0x2084, 0x0802,
    0x1062, 0x2123, 0x2124, 0x18C2, 0x18E2, 0x20C3, 0x392A, 0x390A, 0x2065, 0x1825, 0x28A7, 0x30E9,
    0x392A, 0x28C8, 0x416C, 0x412E, 0x38EF, 0x3107, 0xA473, 0xA493, 0x7B0E, 0xFEDC, 0xF6BB, 0xFEBB,
    0xFE9B, 0xFE9B, 0xF65A, 0xF5F9, 0xE5B8, 0xEDF9, 0xF61A, 0xF5F9, 0xF5F9, 0xDD56, 0xE597, 0xFEBB,
    0xE619, 0x6A8D, 0x8331, 0x7291, 0x494E, 0x498D, 0x30EA, 0x392A, 0x416C, 0x498D, 0x416C, 0x416C,
    0x416C, 0x416C, 0x416C, 0x414C, 0x414D, 0x414D, 0x496D, 0x496D, 0x496D, 0x498E, 0x412D, 0x8352,
    0x5A0F, 0x622D, 0xDD77, 0xBC74, 0x82ED, 0x51A8, 0x30C5, 0x28E4, 0x2964, 0x42C6, 0x6428, 0x74C9,
    0x85AA, 0x7D09, 0x858A, 0x7D0A, 0x4A08, 0x392A, 0x394A, 0x3928, 0x20A6, 0x28C8, 0x30E9, 0x30E9,
    0x28A7, 0x394B, 0x38ED, 0x2087, 0x0000, 0x1848, 0x1006, 0x51EA, 0xFEDC, 0xFE7B, 0xFE7B, 0xFE7B,
    0xFE7B, 0xFE7A, 0xFE5A, 0xF63A, 0xFE5A, 0xFE5A, 0xFE5A, 0xFE5A, 0xEDF9, 0xFE5A, 0xF6BB, 0xDDD8,
    0x6AAE, 0x5A2E, 0x622F, 0x518F, 0x496D, 0x51ED, 0x416C, 0x416C, 0x416C, 0x416C, 0x416C, 0x416C,
    0x414B, 0x414C, 0x414C, 0x414C, 0x414C, 0x414D, 0x416D, 0x414D, 0x414D, 0x51CE, 0xA434, 0x620D,
    0xDD99, 0xAC53, 0x726C, 0x51C9, 0x732D, 0x62CA, 0x856A, 0x968B, 0x9EEB, 0x63E8, 0x0841, 0x5BA7,
    0x8E6A, 0x96AA, 0x7CE9, 0x51EA, 0x414B, 0x498B, 0xB495, 0x49AC, 0x28C9, 0x3109, 0x28C8, 0x28A7,
    0x30E9, 0x30E8, 0x0000, 0x2088, 0x4952, 0x1848, 0x49A9, 0xFE7B, 0xFE5A, 0xFE5A, 0xFE5A, 0xFE5A,
    0xFE5A, 0xFE5A, 0xFE5A, 0xFE5A, 0xFE5A, 0xFE5A, 0xFE5A, 0xFE5A, 0xFE5A, 0xF69B, 0xDDD8, 0x72CE,
    0x390B, 0x59CF, 0x51AF, 0x496D, 0x7AF0, 0x498D, 0x498D, 0x416C, 0x496D, 0x498D, 0x498D, 0x414C,
    0x414C, 0x392B, 0x414C, 0x414D, 0x414D, 0x416D, 0x416D, 0x390C, 0x8B74, 0x832F, 0xB494, 0xD578,
    0x8B4F, 0x9390, 0xDDB8, 0xFEBC, 0x9C91, 0x9E6C, 0x966A, 0x9EAA, 0x7CE9, 0x3A45, 0x856A, 0x9ECB,
    0x966A, 0x7489, 0x62AC, 0x412A, 0x72AF, 0xBCF7, 0x390B, 0x416C, 0x416C, 0x30E9, 0x28C8, 0x3109,
    0x1042, 0x1846, 0x6176, 0x5975, 0x206A, 0x3107, 0xF65A, 0xFE7B, 0xFE5A, 0xFE5A, 0xFE5A, 0xFE5A,
    0xFE5A, 0xFE5A, 0xFE5A, 0xFE5A, 0xFE5A, 0xFE5A, 0xFE5A, 0xFE7B, 0xFE7B, 0xD597, 0x6A8E, 0x390C,
    0x51AF, 0x498E, 0x51ED, 0x93D3, 0x496D, 0x498E, 0x416D, 0x498D, 0x498D, 0x498D, 0x416C, 0x498D,
    0x392B, 0x416C, 0x416D, 0x496D, 0x498D, 0x416C, 0x51CD, 0x9BF3, 0x7B2F, 0xDE19, 0xDE39, 0xF67B,
    0xE598, 0xF65A, 0xFE7B, 0xC596, 0x8DCA, 0xAF2B, 0xC749, 0xD7C9, 0xD7EA, 0xB74A, 0xA6EA, 0x9E6B,
    0x7CCA, 0x524A, 0x390C, 0xB4D6, 0x8B91, 0x38EB, 0x498D, 0x392B, 0x30E9, 0x390A, 0x28E8, 0x0001,
    0x4931, 0x6177, 0x5976, 0x38EF, 0x20A7, 0xE5F9, 0xFE9B, 0xFE5A, 0xFE5A, 0xFE5A, 0xFE5A, 0xFE5A,
    0xFE5A, 0xFE5A, 0xFE5A, 0xFE5A, 0xFE5A, 0xFE7B, 0xFE9B, 0xF67B, 0xD5B7, 0x6A6F, 0x412D, 0x51AF,
    0x496D, 0x6A8F, 0x93D3, 0x414D, 0x518E, 0x496D, 0x51AE, 0x498D, 0x496D, 0x416D, 0x498D, 0x392B,
    0x416C, 0x498D, 0x416C, 0x498D, 0x414C, 0x6A8F, 0x7AF0, 0xBD16, 0xF71C, 0xFFBF, 0xFF5D, 0xEE7B,
    0xE619, 0xEE3A, 0xEE3A, 0xA4D1, 0x958B, 0xCF68, 0xD7A7, 0xD7A8, 0xCF8A, 0xAF49, 0x960A, 0x7BEC,
    0x416A, 0x5A0E, 0xCD78, 0x624C, 0x414B, 0x51AD, 0x310A, 0x392A, 0x392B, 0x1042, 0x2067, 0x6196,
    0x6176, 0x5977, 0x5154, 0x2088, 0xCD78, 0xFEBC, 0xF65A, 0xFE7B, 0xFE7A, 0xFE7A, 0xFE7B, 0xFE5A,
    0xFE5A, 0xFE7A, 0xFE9B, 0xFE9B, 0xFE9B, 0xFEDB, 0xF6BB, 0xDDF9, 0x626F, 0x414C, 0x518E, 0x414D,
    0x72AF, 0x8B93, 0x414C, 0x498E, 0x496D, 0x518E, 0x498E, 0x496D, 0x496D, 0x416C, 0x390B, 0x498D,
    0x416D, 0x416D, 0x498D, 0x414C, 0x51ED, 0x8B71, 0xF75D, 0xFFDF, 0xFF9E, 0xFFBF, 0xFFBF, 0xFF5D,
    0xE639, 0xEE19, 0xF65A, 0xC556, 0xB5F1, 0xBE8E, 0xAE2B, 0xA62B, 0x850A, 0x7C0C, 0x7B10, 0x30CB,
    0x9393, 0xBCF6, 0x392B, 0x51AE, 0x496D, 0x28C9, 0x414C, 0x416C, 0x2066, 0x4912, 0x5978, 0x5157,
    0x5957, 0x4937, 0x206B, 0xBCF6, 0xFEDC, 0xF67A, 0xFE9B, 0xFE9B, 0xFE9B, 0xFE9B, 0xFE9B, 0xFE9B,
    0xFE9B, 0xFE9B, 0xFEBB, 0xFEBB, 0xFEDB, 0xFEFC, 0xE5F9, 0x6A8F, 0x414C, 0x498E, 0x414D, 0x6A6F,
    0x8331, 0x414C, 0x498D, 0x498E, 0x498E, 0x498E, 0x498E, 0x49AD, 0x414C, 0x392B, 0x498D, 0x416C,
    0x416C, 0x51AD, 0x498C, 0x59EC, 0xEEDC, 0xFFDF, 0xFFBE, 0xFFBE, 0xFFBE, 0xFF9E, 0xFF9E, 0xFEDC,
    0xEDF9, 0xDD77, 0xF619, 0xEE1A, 0xEE5B, 0xE67A, 0xE69A, 0xEE9B, 0xF69B, 0x93F3, 0x38EB, 0xC558,
    0x93B2, 0x390B, 0x498E, 0x390B, 0x392A, 0x416C, 0x416C, 0x30EC, 0x4916, 0x4118, 0x4117, 0x4916,
    0x4938, 0x286F, 0xAC75, 0xFEFC, 0xF69B, 0xFEDB, 0xFEBB, 0xFEBB, 0xFEBB, 0xFEDB, 0xFEDB, 0xFEDB,
    0xFEDC, 0xFEDC, 0xFEDC, 0xFEDC, 0xFEFC, 0xDDF9, 0x72CF, 0x414D, 0x51AE, 0x496D, 0x5A2E, 0x6A90,
    0x414C, 0x498D, 0x498E, 0x498E, 0x498E, 0x498E, 0x51AD, 0x394A, 0x390A, 0x498C, 0x498D, 0x392C,
    0x6A8F, 0x72CF, 0xC556, 0xFFFF, 0xFFBE, 0xFFBF, 0xFFBF, 0xFFBE, 0xFF7E, 0xFF5D, 0xFF3D, 0xF69B,
    0xEDF9, 0xF619, 0xE577, 0xCC94, 0xE556, 0xCCD5, 0xCCF5, 0xC4F5, 0x624D, 0x51CC, 0x93B2, 0x49AC,
    0x496D, 0x414C, 0x310A, 0x414B, 0x414B, 0x392B, 0x30AE, 0x4939, 0x4118, 0x4118, 0x4118, 0x4938,
    0x38B5, 0x9BF5, 0xFF3C, 0xF6BB, 0xFEDC, 0xFEDC, 0xFEDC, 0xFEDC, 0xFEDC, 0xFEFC, 0xFEFC, 0xFEFC,
    0xFEFC, 0xFEDC, 0xFEFC, 0xFF1D, 0xD5D8, 0x6A6D, 0x390B, 0x51AE, 0x498D, 0x51CD, 0x51CD, 0x496D,
    0x498D, 0x498E, 0x498E, 0x498E, 0x498E, 0x498D, 0x498C, 0x394B, 0x414C, 0x498D, 0x412C, 0x9BF3,
    0x8390, 0xEEFC, 0xFF9E, 0xFFBF, 0xFFBF, 0xFFBF, 0xFFBF, 0xFF9E, 0xFF3D, 0xFEDC, 0xFEBB, 0xFE9B,
    0xFE7B, 0xF63A, 0xD515, 0xDCF5, 0xCC12, 0xB36F, 0x92EE, 0x518A, 0x51AA, 0x4989, 0x416B, 0x496D,
    0x394B, 0x392B, 0x416C, 0x414C, 0x392B, 0x38D0, 0x4118, 0x4118, 0x4119, 0x4939, 0x4938, 0x38D7,
    0x7AF3, 0xFF5C, 0xF6FC, 0xFEFC, 0xFEFC, 0xFEFC, 0xFEFC, 0xFEFC, 0xFF1C, 0xFEFC, 0xFEFC, 0xFF1C,
    0xFF1C, 0xFF1C, 0xFF3D, 0xE65A, 0x728E, 0x412C, 0x498D, 0x51CE, 0x51AE, 0x416C, 0x498D, 0x496D,
    0x498D, 0x498E, 0x498E, 0x518E, 0x498D, 0x51CD, 0x498C, 0x416C, 0x496D, 0x5A0E, 0xAC94, 0x9C52,
    0xFFBF, 0xFF5D, 0xFFBF, 0xFFBF, 0xFFBF, 0xFFBF, 0xFFBF, 0xFF3D, 0xFEDC, 0xFE9B, 0xFE7B, 0xFE9B,
    0xFE9B, 0xF63A, 0xE557, 0xE515, 0xED56, 0xABF2, 0x4969, 0x9BB1, 0x622D, 0x496D, 0x416C, 0x392B,
    0x394B, 0x416C, 0x414C, 0x394B, 0x40F3, 0x4938, 0x4937, 0x4938, 0x4939, 0x4939, 0x40F9, 0x59D3,
    0xF6DB, 0xFF1C, 0xFF1C, 0xFF1C, 0xFF1C, 0xFF1C, 0xFF1D, 0xFF3D, 0xFF3D, 0xFF1C, 0xFF3D, 0xFF3D,
    0xFF3D, 0xFF5D, 0xEE9A, 0x72CE, 0x498D, 0x498E, 0x51CE, 0x51AE, 0x498D, 0x498D, 0x496C, 0x498D,
    0x498D, 0x498E, 0x51AE, 0x49AD, 0x51CD, 0x498C, 0x496D, 0x412D, 0x8352, 0xB4B4, 0xC577, 0xFFBE,
    0xFF7D, 0xFFBF, 0xFFBF, 0xFFBF, 0xFFBE, 0xFF5D, 0xFEDC, 0xFE9B, 0xFE7B, 0xFE7A, 0xFE5A, 0xFE5A,
    0xF63A, 0xE556, 0xE516, 0xF577, 0x9350, 0x726D, 0xBCD5, 0x51AC, 0x496D, 0x392B, 0x390A, 0x414B,
    0x414B, 0x394C, 0x392B, 0x493A, 0x4939, 0x4937, 0x4938, 0x4939, 0x4939, 0x4919, 0x4934, 0xE65A,
    0xFF5D, 0xFF3D, 0xFF3D, 0xFF3D, 0xFF3D, 0xFF3D, 0xFF3D, 0xFF3D, 0xFF3D, 0xFF3D, 0xFF3D, 0xFF3D,
    0xFF5D, 0xF6FC, 0x72CE, 0x498E, 0x51AE, 0x51AE, 0x51CE, 0x498D, 0x496D, 0x496C, 0x496D, 0x496D,
    0x498E, 0x498E, 0x498D, 0x498C, 0x498C, 0x49AE, 0x414D, 0xAC95, 0xB4D4, 0xF6FC, 0xFF7D, 0xFF7E,
    0xFFBE, 0xFFBF, 0xFF9E, 0xFF3D, 0xFEFC, 0xFE9B, 0xFE5A, 0xFE5A, 0xFE5A, 0xFE5A, 0xFE5B, 0xF5F9,
    0xE536, 0xE536, 0xED57, 0x726C, 0xA3D2, 0xB454, 0x496C, 0x498C, 0x392B, 0x390B, 0x394B, 0x394B,
    0x414B, 0x390A, 0x4939, 0x4939, 0x4938, 0x4939, 0x4939, 0x4939, 0x493A, 0x38D6, 0xAC96, 0xFF9E,
    0xFF5D, 0xFF5D, 0xFF5D, 0xFF5D, 0xFF5D, 0xFF5D, 0xFF5D, 0xFF5D, 0xFF5D, 0xFF5D, 0xFF7D, 0xFF5D,
    0xFF5D, 0x834F, 0x496D, 0x51AE, 0x51CE, 0x51CE, 0x49AD, 0x496C, 0x416C, 0x498D, 0x496D, 0x498D,
    0x518E, 0x498D, 0x414C, 0x498D, 0x498E, 0x51CE, 0xB4B5, 0xB4D4, 0xFF7E, 0xFF5D, 0xFF5D, 0xFF9E,
    0xFF7E, 0xFF1D, 0xFEFC, 0xFEBC, 0xFE9B, 0xFE5A, 0xFE5A, 0xFE5A, 0xFE5A, 0xFE5B, 0xF5D9, 0xEDB8,
    0xEDB8, 0xDD16, 0x6A2B, 0xCCF5, 0x8B51, 0x392B, 0x416C, 0x394B, 0x394B, 0x394B, 0x392B, 0x392A,
    0x392B, 0x4939, 0x4958, 0x4939, 0x4939, 0x4939, 0x4939, 0x515A, 0x38D8, 0x5A2F, 0xFF7D, 0xFF7D,
    0xFF7D, 0xFF7D, 0xFF7D, 0xFF7D, 0xFF7D, 0xFF7D, 0xFF7D, 0xFF7D, 0xFF7D, 0xFF7D, 0xFF5D, 0xFFBE,
    0x93F2, 0x392B, 0x51EE, 0x49AD, 0x51AD, 0x51AE, 0x416C, 0x416C, 0x498D, 0x496D, 0x498D, 0x498E,
    0x498E, 0x416D, 0x416D, 0x496D, 0x6AB0, 0xAC95, 0xDE39, 0xFF7D, 0xFF5D, 0xFF5D, 0xFF3D, 0xFF1C,
    0xFEDC, 0xFEBB, 0xFE9B, 0xFE9B, 0xFE5A, 0xFE5A, 0xFE5A, 0xFE5A, 0xFE5B, 0xEDD8, 0xEDF9, 0xF5D9,
    0xCC94, 0x7A6C, 0xC4B4, 0x5A0C, 0x390B, 0x394B, 0x392B, 0x394B, 0x414B, 0x392B, 0x390A, 0x414B,
    0x4939, 0x4939, 0x4939, 0x4939, 0x4959, 0x4938, 0x4936, 0x4939, 0x40F1, 0xD619, 0xFFBE, 0xFF7D,
    0xFF7E, 0xFF7E, 0xFF7D, 0xFF7D, 0xFF7D, 0xFF7D, 0xFF7D, 0xFF7D, 0xFF7D, 0xFF7D, 0xFFDF, 0xBD36,
    0x414C, 0x51CE, 0x624E, 0x51ED, 0x51AD, 0x496C, 0x416C, 0x498D, 0x498D, 0x498D, 0x498D, 0x498D,
    0x414D, 0x412C, 0x414C, 0x93B2, 0xB4B4, 0xF6FC, 0xFF3D, 0xFF5D, 0xFF1D, 0xFF1C, 0xFEFC, 0xFEDC,
    0xFEBB, 0xFE9B, 0xFE7B, 0xFE7A, 0xFE5A, 0xFE5A, 0xFE5A, 0xFE5A, 0xEDF9, 0xEE19, 0xF5D8, 0xBC32,
    0x9B6F, 0xB495, 0x498B, 0x394B, 0x414B, 0x394B, 0x416B, 0x414B, 0x390A, 0x392B, 0x394B, 0x4939,
    0x4939, 0x4939, 0x493A, 0x4939, 0x38F3, 0x4137, 0x5158, 0x40F7, 0x8333, 0xFFDE, 0xFF7E, 0xFF9E,
    0xFF7E, 0xFF9E, 0xFF7E, 0xFF7E, 0xFF7E, 0xFF7D, 0xFF7E, 0xFF7E, 0xFF7E, 0xFFBF, 0xDE5A, 0x51CD,
    0x498C, 0x93D2, 0x72CF, 0x416C, 0x498D, 0x416C, 0x498D, 0x498E, 0x498D, 0x498E, 0x498E, 0x412C,
    0x414D, 0x414C, 0x93D2, 0xC516, 0xFF3D, 0xFF1D, 0xFF3D, 0xFF1C, 0xFEFC, 0xFEFC, 0xFEDC, 0xFEDB,
    0xFE9B, 0xFE9B, 0xFE7B, 0xFE5A, 0xFE5A, 0xFE5A, 0xFE5A, 0xF63A, 0xF619, 0xEDB8, 0xBC32, 0xBC32,
    0x9391, 0x3929, 0x416C, 0x414B, 0x414B, 0x416B, 0x392B, 0x390A, 0x394B, 0x30EA, 0x4939, 0x4939,
    0x4939, 0x493A, 0x38F1, 0x38F0, 0x513A, 0x513A, 0x515B, 0x40F4, 0xC578, 0xFFDF, 0xFF7E, 0xFF9E,
    0xFF7E, 0xFF9E, 0xFF9E, 0xFF9E, 0xFF9E, 0xFF9E, 0xFF9E, 0xFF7E, 0xFF9E, 0xFF5D, 0x6A8F, 0x414B,
    0xC536, 0x9C13, 0x392A, 0x498D, 0x416C, 0x496D, 0x496D, 0x498D, 0x496E, 0x59EE, 0x6A90, 0x390C,
    0x51CE, 0x9C13, 0xDE39, 0xFF7E, 0xFF5D, 0xFF5D, 0xFF3D, 0xFF1C, 0xFEFC, 0xFEFC, 0xFEDC, 0xFEDB,
    0xFEBB, 0xFE9B, 0xFE7B, 0xFE7B, 0xFE5A, 0xFE5A, 0xFE5A, 0xF5F9, 0xED97, 0xB412, 0xBC94, 0x6A8E,
    0x392C, 0x414B, 0x394B, 0x416C, 0x394B, 0x390A, 0x394B, 0x392B, 0x28C9, 0x4939, 0x4939, 0x4939,
    0x493A, 0x30CC, 0x30EA, 0x4110, 0x4112, 0x4132, 0x38F1, 0x390B, 0xE67B, 0xFFDF, 0xFF7E, 0xFF9E,
    0xFF9E, 0xFF9E, 0xFF9E, 0xFF9E, 0xFF9E, 0xFF9E, 0xFF9E, 0xFF7E, 0xFFDF, 0x8B91, 0x38EB, 0xC536,
    0xE63A, 0x414B, 0x496D, 0x416C, 0x498C, 0x496D, 0x498D, 0x414D, 0x6A90, 0xA455, 0x30EB, 0x5A2E,
    0xA434, 0xF6FC, 0xFF9E, 0xFF7D, 0xFF7D, 0xFF5D, 0xFF1C, 0xFF1C, 0xFEFC, 0xFEFC, 0xFEDB, 0xFEBB,
    0xFEBB, 0xFEBB, 0xFE9B, 0xFE9B, 0xFE7B, 0xFE7B, 0xEDF9, 0xED97, 0x936F, 0x9BF2, 0x498C, 0x414C,
    0x394B, 0x394B, 0x416C, 0x392B, 0x390A, 0x414B, 0x30E9, 0x28C9, 0x493A, 0x493A, 0x493A, 0x515B,
    0x4114, 0x2089, 0x28A7, 0x28A8, 0x28A8, 0x28A8, 0x1826, 0x3108, 0xEEDB, 0xFFDF, 0xFF7E, 0xFF9E,
    0xFF9E, 0xFF9E, 0xFF9E, 0xFF9E, 0xFF9E, 0xFF9E, 0xFF7E, 0xFFDF, 0xB4D5, 0x30A9, 0xB4F5, 0xFFBF,
    0x8350, 0x412B, 0x498D, 0x498D, 0x498D, 0x498D, 0x412D, 0x72B0, 0xD5F9, 0x392B, 0x5A2D, 0xBD16,
    0xFF9E, 0xFF7E, 0xFF7E, 0xFF7E, 0xFF7D, 0xFF3D, 0xFF1C, 0xFF1C, 0xFEFC, 0xFEDC, 0xFEDC, 0xFEFC,
    0xFEFC, 0xFEDC, 0xFE9B, 0xFEBB, 0xFE7B, 0xEDD8, 0xED98, 0x82ED, 0x7AEF, 0x414B, 0x414C, 0x392B,
    0x394B, 0x392B, 0x310A, 0x392B, 0x310A, 0x30E9, 0x30E9, 0x493B, 0x4939, 0x40F4, 0x38F1, 0x30CE,
    0x28AB, 0x2068, 0x2068, 0x2088, 0x1867, 0x2067, 0x0804, 0x41A8, 0xF77D, 0xFF9E, 0xFF9E, 0xFF9E,
    0xFF9E, 0xFF9E, 0xFF9E, 0xFFBE, 0xFF7E, 0xFF7D, 0xFFBF, 0xDE3A, 0x3929, 0xAC73, 0xFFBF, 0xC577,
    0x414B, 0x416C, 0x416C, 0x498D, 0x496D, 0x412C, 0x8331, 0xDE3A, 0x392B, 0x6A6E, 0xCDB8, 0xFFBE,
    0xFF9E, 0xFF9E, 0xFF9E, 0xFF9E, 0xFF5D, 0xFF3D, 0xFF1D, 0xFF1C, 0xFF1C, 0xFEFC, 0xFEFC, 0xFEFC,
    0xFEFC, 0xFEDC, 0xFEDC, 0xFE9B, 0xEDB8, 0xE598, 0x6A4C, 0x51EB, 0x416B, 0x414B, 0x392B, 0x392B,
    0x310A, 0x30EA, 0x392B, 0x28A9, 0x30E9, 0x30E9, 0x491C, 0x493B, 0x38F4, 0x28AC, 0x288C, 0x38F1,
    0x2069, 0x2068, 0x2069, 0x1868, 0x2049, 0x2089, 0x0804, 0x6AAD, 0xFFDF, 0xFF9E, 0xFF9E, 0xFF7E,
    0xFFDF, 0xFF9E, 0xEEFC, 0xFFBF, 0xFF9E, 0xFF9E, 0xFF3D, 0x51CC, 0x7B30, 0xFFDF, 0xDE5A, 0x498B,
    0x414C, 0x414C, 0x498D, 0x498D, 0x390C, 0x8391, 0xD5D9, 0x390A, 0x6A6E, 0xDE5A, 0xFFDF, 0xFF7E,
    0xFF9E, 0xFF9E, 0xFF9E, 0xFF9E, 0xFF7D, 0xFF5D, 0xFF5D, 0xFF3D, 0xFF1C, 0xFF1C, 0xFEFC, 0xFEFC,
    0xFEDC, 0xFEDC, 0xF67B, 0xEDB8, 0xD578, 0x498A, 0x30E9, 0x416B, 0x392B, 0x392B, 0x392B, 0x30E9,
    0x390A, 0x30EA, 0x30C9, 0x30C9, 0x390A, 0x491C, 0x4139, 0x38F5, 0x40F7, 0x491B, 0x30CE, 0x206A,
    0x38F2, 0x208A, 0x1847, 0x2049, 0x1848, 0x2068, 0x0804, 0x9C53, 0xFFFF, 0xFF7E, 0xFF9E, 0xEEDC,
    0xD536, 0xB3B0, 0xDD97, 0xEEDB, 0xFF7E, 0xFFFF, 0x8350, 0x51EC, 0xFF7E, 0xF71C, 0x51CC, 0x392B,
    0x392B, 0x498E, 0x518E, 0x412C, 0x93F3, 0xBD57, 0x3909, 0x6A8F, 0xE69B, 0xFFBF, 0xFF9E, 0xFF9E,
    0xFF9E, 0xFF9E, 0xFF9E, 0xFF9E, 0xFF7E, 0xFF7E, 0xFF5D, 0xFF3D, 0xFF3D, 0xFF1D, 0xFF1C, 0xFEFC,
    0xFEFC, 0xEE5A, 0xEE19, 0xB474, 0x30E9, 0x414B, 0x392B, 0x392B, 0x392B, 0x310A, 0x310A, 0x392B,
    0x28C9, 0x30CA, 0x30EA, 0x390A, 0x491C, 0x491C, 0x411D, 0x493D, 0x30D0, 0x288A, 0x4119, 0x38D2,
    0x1847, 0x1848, 0x2049, 0x1847, 0x2069, 0x2068, 0x1043, 0xCDB7, 0xFFFF, 0xD536, 0xDC12, 0xF3F2,
    0xFC12, 0xEBB1, 0xEBF1, 0xD3F1, 0xCD77, 0xACB4, 0x4149, 0xE65A, 0xFF9F, 0x624E, 0x30EB, 0x392B,
    0x498D, 0x498D, 0x412C, 0x93D2, 0x9C32, 0x30E9, 0x5A0E, 0xEEFC, 0xFFBF, 0xFF9E, 0xFF9E, 0xFF9E,
    0xFF9E, 0xFF9E, 0xFF9E, 0xFF9E, 0xFF9E, 0xFF7E, 0xFF7E, 0xFF5D, 0xFF5D, 0xFF5D, 0xFF3D, 0xFEFC,
    0xEE19, 0xEE19, 0x6A6C, 0x3929, 0x394B, 0x392B, 0x394B, 0x392B, 0x310A, 0x392B, 0x30EA, 0x28C9,
    0x28C9, 0x30EA, 0x28C9, 0x491C, 0x411C, 0x491D, 0x38F4, 0x2068, 0x40F7, 0x491C, 0x208A, 0x1847,
    0x2069, 0x2069, 0x2068, 0x1826, 0x0803, 0x1002, 0x20E5, 0xC4D4, 0xEC12, 0xF433, 0xFC12, 0xFBF2,
    0xFC12, 0xFC12, 0xD32F, 0xB26C, 0xB2EE, 0x496A, 0x8371, 0xF77E, 0x7B31, 0x30CA, 0x392C, 0x498E,
    0x498D, 0x414C, 0x8371, 0x93D1, 0x416B, 0x49AC, 0xEF1C, 0xFF9E, 0xFF9E, 0xFF9E, 0xFF9E, 0xFF9E,
    0xFF9E, 0xFF9E, 0xFF9E, 0xFF9E, 0xFF9E, 0xFF9E, 0xFF9E, 0xFF7E, 0xFF5D, 0xFF7D, 0xFF3D, 0xEE3A,
    0x6A8B, 0x1845, 0x416B, 0x392B, 0x392B, 0x414B, 0x310A, 0x390A, 0x390A, 0x28C9, 0x28C9, 0x30C9,
    0x28C9, 0x28A8, 0x411C, 0x491D, 0x4115, 0x28AA, 0x38D2, 0x515E, 0x38D2, 0x1846, 0x2068, 0x1846,
    0x1004, 0x0803, 0x28C5, 0x5A2A, 0x93B0, 0x72AC, 0xBB6F, 0xFC73, 0xF412, 0xFBF2, 0xFBF2, 0xFBF2,
    0xF3F1, 0xE390, 0xE390, 0xD32E, 0x8A4C, 0x416B, 0x92CD, 0x7A2B, 0x3109, 0x390C, 0x498E, 0x498D,
    0x496D, 0x6AB0, 0x7B10, 0x8BB2, 0x51EC, 0xFF9E, 0xFFFF, 0xFF9E, 0xFF9E, 0xFF9E, 0xFF9E, 0xFF9E,
    0xFF9E, 0xFF9E, 0xFF9E, 0xFF9E, 0xFF9E, 0xFF7E, 0xFF7E, 0xFFBF, 0xFF7E, 0xACD4, 0x3967, 0x1023,
    0x20A7, 0x392B, 0x394B, 0x392B, 0x392A, 0x30E9, 0x30EA, 0x28C9, 0x30E9, 0x28C9, 0x30EA, 0x28A8,
    0x2087, 0x493B, 0x4115, 0x30CE, 0x288A, 0x30D1, 0x30CF, 0x1846, 0x0802, 0x0001, 0x0802, 0x3926,
    0x7AED, 0xB452, 0xC4B4, 0xBC93, 0xC493, 0xC3B0, 0xFC53, 0xFC12, 0xF3F2, 0xFC12, 0xFBF2, 0xFBF2,
    0xFBF2, 0xFBF2, 0xF3D1, 0xE3B0, 0x69EA, 0x9A6C, 0xC370, 0x416A, 0x390C, 0x414D, 0x498D, 0x498D,
    0x51AE, 0x51CD, 0x93F3, 0x51EB, 0xC577, 0xBD76, 0xFF5D, 0xFF9E, 0xFF9E, 0xFF9E, 0xFF9E, 0xFF9E,
    0xFF9E, 0xFF7E, 0xFF7E, 0xFFBF, 0xFFFF, 0xFFBF, 0xD63A, 0x628C, 0x3947, 0x2084, 0x1864, 0x2087,
    0x392B, 0x392B, 0x392B, 0x30EA, 0x30E9, 0x28C9, 0x30C9, 0x28C9, 0x28C9, 0x28C9, 0x2088, 0x2068,
    0x28AB, 0x2068, 0x1024, 0x0802, 0x0000, 0x0000, 0x0000, 0x20C5, 0x5A2B, 0x9BB1, 0xC4B3, 0xCCB4,
    0xBC73, 0xBC73, 0xBC52, 0xCCD4, 0x624A, 0x61C9, 0xEC12, 0xFC32, 0xFC12, 0xF432, 0xE493, 0xEC93,
    0xECB4, 0xE493, 0xFC12, 0xC390, 0x61C9, 0xEC73, 0x82AE, 0x392C, 0x416C, 0x498D, 0x498D, 0x49AE,
    0x498C, 0x51EC, 0x626D, 0xACD4, 0xBD15, 0xF73C, 0xFF9E, 0xFF9E, 0xFF9E, 0xFF9E, 0xFF7E, 0xFF9E,
    0xFFDF, 0xFFDF, 0xEEFC, 0xB535, 0x5A6C, 0x1024, 0x6A8C, 0xC4F5, 0x832E, 0x1003, 0x28A8, 0x414B,
    0x394B, 0x390A, 0x30E9, 0x28A8, 0x30EA, 0x30EA, 0x30C9, 0x28C9, 0x28A8, 0x2067, 0x28AA, 0x0000,
    0x0000, 0x0000, 0x0000, 0x20A5, 0x51ED, 0x9375, 0xBC9A, 0xCCF7, 0xC4B4, 0xBC93, 0xC4B4, 0xBC93,
    0xBCB3, 0xBC73, 0xCCF5, 0x7B0D, 0x0000, 0x622A, 0xA30E, 0xDC12, 0xDBB0, 0xDB90, 0xDBF1, 0xE432,
    0xE412, 0xEBB1, 0xEC32, 0x61EA, 0x8A6C, 0xA352, 0x30EB, 0x416D, 0x498D, 0x498D, 0x498D, 0x498D,
    0xD5B9, 0x8B90, 0xD619, 0xFFFF, 0xFF9E, 0xFF9E, 0xFF7E, 0xFF9E, 0xFFDF, 0xFFDF, 0xF73D, 0xCDD7,
    0x9C32, 0x4189, 0x1004, 0x1004, 0x4169, 0xCD16, 0xC4F5, 0x9370, 0x49AA, 0x28C8, 0x414B, 0x394B,
    0x30EA, 0x28A9, 0x28C8, 0x30E9, 0x28C9, 0x28C9, 0x28A9, 0x2067, 0x2087, 0x492F, 0x3928, 0x59ED,
    0x82F3, 0xA3F9, 0xC49C, 0xD4FE, 0xCD1A, 0xC4D6, 0xBCB4, 0xC4B4, 0xBCB4, 0xBCB4, 0xC4D4, 0xC4B4,
    0xC4B4, 0xC4D4, 0xA411, 0x1022, 0x20C5, 0x6A6C, 0xA453, 0xEEBB, 0xCD55, 0xCD36, 0xC493, 0xBC32,
    0xBC73, 0xBC73, 0xBC94, 0x4968, 0x8B71, 0x51EC, 0x30EB, 0x498D, 0x496D, 0x498D, 0x498D, 0xEEDC,
    0xB4D5, 0x9C33, 0xFFDF, 0xFF7E, 0xFFBF, 0xFFFF, 0xFF9E, 0xDE7A, 0xACB3, 0x7B0D, 0x9BD0, 0x830E,
    0x28A7, 0x30EA, 0x1846, 0x8B6F, 0xD556, 0x9BB0, 0x830E, 0x59EC, 0x30C8, 0x394B, 0x390A, 0x28C9,
    0x28A8, 0x30E9, 0x28C9, 0x30E9, 0x30E9, 0x2087, 0x1865, 0x390D, 0x5152, 0xCCDE, 0xD4FF, 0xCCDF,
    0xCCDE, 0xC4BC, 0xC4D7, 0xC4D4, 0xC4D4, 0xC4D4, 0xC4D4, 0xC4D4, 0xBCB4, 0xBCD3, 0xC4B3, 0xC4B4,
    0xC4D4, 0xC4D4, 0x28E4, 0x0001, 0x5A2A, 0x8B4F, 0xC597, 0xFFDE, 0xFF3D, 0xFF5E, 0xFF1D, 0xFF1C,
    0xFF1D, 0xFF7E, 0xC537, 0x59EB, 0xBD37, 0x416B, 0x416C, 0x498D, 0x498D, 0x412C, 0xD5FA, 0xEE9B,
    0x93D1, 0xFFFF, 0xFFDF, 0xE6BB, 0xC556, 0x93B0, 0x8B0E, 0xA3D0, 0xC4B4, 0x8B70, 0x2086, 0x28C9,
    0x28A9, 0x4989, 0xCD15, 0xB452, 0x728B, 0x9370, 0x3929, 0x392A, 0x392A, 0x30EA, 0x28A8, 0x28E9,
    0x30E9, 0x28C9, 0x28C8, 0x28A7, 0x20A6, 0x2086, 0x410F, 0x5191, 0xC49D, 0xC49D, 0xC49D, 0xC4DA,
    0xCCF7, 0xC4F5, 0xC4D4, 0xC4D4, 0xC4D4, 0xC4D4, 0xC4D4, 0xBCB4, 0xC4D4, 0xC4B3, 0xC4B4, 0xC4B4,
    0xCD15, 0x624A, 0x0000, 0x0821, 0x7ACD, 0x93AF, 0xD639, 0xFFBE, 0xFF3D, 0xFF5D, 0xF6DB, 0xEE9A,
    0xE65A, 0xF6DC, 0x8B91, 0x624C, 0x8B92, 0x392B, 0x498D, 0x496D, 0x30CA, 0x8BD3, 0xFFFF, 0x9411,
    0xC576, 0x93D1, 0x728C, 0x930E, 0xABB0, 0xC493, 0xC4B4, 0x6A6C, 0x1866, 0x28A9, 0x28CA, 0x3108,
    0x9BB0, 0xBCB3, 0x7AAD, 0xA3D1, 0x6A8D, 0x30E9, 0x392A, 0x30E9, 0x28A8, 0x28C8, 0x30E9, 0x28C8,
    0x28C8, 0x1846, 0x49CA, 0x624D, 0x2088, 0x5171, 0xB479, 0xC4BC, 0xC4BC, 0xCCF9, 0xCD15, 0xCCF4,
    0xC4F4, 0xC4D4, 0xC4D4, 0xC4D4, 0xC4D4, 0xC4D4, 0xC4D4, 0xC4D4, 0xC4D4, 0xC4D4, 0xC4B4, 0xCCF4,
    0xAC31, 0x0821, 0x0000, 0x1042, 0x830D, 0x9BB0, 0xE69A, 0xFFDF, 0xFF7D, 0xFF7E, 0xFF7D, 0xFF5D,
    0xFF5D, 0xFF9E, 0x93F1, 0x3928, 0x416C, 0x498D, 0x498C, 0x392B, 0x51EC, 0x9C73, 0x624C, 0x722B,
    0xA38F, 0xB432, 0xC473, 0xC493, 0x9BB0, 0x4168, 0x1846, 0x28CA, 0x30CA, 0x30E8, 0x830E, 0xAC32,
    0x7AAC, 0xAC32, 0x9BB1, 0x416A, 0x3109, 0x3109, 0x28C8, 0x28C8, 0x30E9, 0x30E9, 0x28C9, 0x28A8,
    0x28A7, 0xA413, 0x520C, 0x288A, 0x7292, 0xCD38, 0xC4F7, 0xC4F7, 0xCCF5, 0xC4F4, 0xC4D4, 0xC4D4,
    0xC4D4, 0xC4D4, 0xC4D4, 0xC4D4, 0xC4D4, 0xC4D4, 0xC4D4, 0xC4D4, 0xC4D4, 0xC4D4, 0xBC73, 0xB493,
    0x7B0E, 0x1082, 0x0000, 0x0801, 0x49A9, 0x6A8C, 0xE69A, 0xFFFF, 0xFF9E, 0xFF9E, 0xFF9E, 0xFFBE,
    0xFFBE, 0xFFFF, 0xC577, 0x394A, 0x414C, 0x498D, 0x416C, 0x392A, 0x72AE, 0x9391, 0x7A8C, 0xB432,
    0xC493, 0xB473, 0x6A8C, 0x1865, 0x1847, 0x28AA, 0x30EA, 0x2087, 0x8B4F, 0x9390, 0x6A6B, 0xAC52,
    0xBCD5, 0x728C, 0x30E8, 0x390A, 0x30E9, 0x28C8, 0x30E9, 0x28C8, 0x28C8, 0x30E9, 0x20A8, 0x3109,
    0x624D, 0x390A, 0x494E, 0xAC35, 0xC515, 0xC4F5, 0xC4F4, 0xC4F5, 0xC4F5, 0xC4F4, 0xC4D4, 0xC4D4,
    0xC4D4, 0xC4D4, 0xC4D4, 0xC4D4, 0xC4D4, 0xC4D4, 0xC4D4, 0xC4D4, 0xBC93, 0xB4B4, 0xBCD5, 0xBCD5,
    0xD5D8, 0x62AB, 0x0000, 0x0000, 0x0001, 0x20C4, 0xA4B3, 0xFF9E, 0xFFFF, 0xFFFF, 0xFFFF, 0xF73D,
    0xD639, 0xC597, 0x72AD, 0x3909, 0x416C, 0x498C, 0x414B, 0x7AF0, 0xB4B6, 0x7ACD, 0x72AB, 0x6A6B,
    0x30E7, 0x1026, 0x2088, 0x28A9, 0x28CA, 0x2087, 0x7ACD, 0xB453, 0x59C9, 0xB473, 0xCD36, 0xAC53,
    0x3949, 0x30E9, 0x28E8, 0x28C8, 0x30E9, 0x30E9, 0x28C9, 0x28C9, 0x20A8, 0x1846, 0x1867, 0x28A8,
    0x390C, 0x72B1, 0xCD16, 0xC4F5, 0xC4F5, 0xC4F5, 0xC4F5, 0xCCF5, 0xC4F5, 0xC4D4, 0xC4D4, 0xC4F5,
    0xC4D4, 0xC4D4, 0xC4D4, 0xC4D4, 0xC4D4, 0xC4D4, 0xBCB4, 0xB473, 0xA411, 0xA3D1, 0x934F, 0xB4B4,
    0xFF1D, 0x41A7, 0x0000, 0x0821, 0x0001, 0x0000, 0x3967, 0x7B4E, 0x734E, 0x732E, 0x8B6F, 0x934F,
    0x8B2E, 0xB3F1, 0x82AC, 0x3929, 0x416C, 0x414C, 0x498B, 0x6AAE, 0x4989, 0x28A6, 0x1025, 0x2067,
    0x28A8, 0x2089, 0x28CA, 0x2088, 0x6A4C, 0xAC32, 0x51A8, 0xA3D0, 0xCD36, 0xCCF5, 0xA412, 0x30E9,
    0x390A, 0x28E9, 0x30E8, 0x30E9, 0x30E9, 0x28C8, 0x2087, 0x28A6, 0x626D, 0x30E9, 0x30E9, 0x390B,
    0x392A, 0x9390, 0xAC73, 0xC4F5, 0xC4F5, 0xC4F5, 0xC4F5, 0xC4F5, 0xC4D4, 0xC4F4, 0xC4F4, 0xC4D4,
    0xC4D4, 0xC4D4, 0xC4D4, 0xC4D4, 0xC4D4, 0xB472, 0xA432, 0xA3F1, 0xC4B4, 0xC4B4, 0x934E, 0xDDF9,
    0xA473, 0x0000, 0x0000, 0x0000, 0x0000, 0x0000, 0x0000, 0x0000, 0x0801, 0x3126, 0x4188, 0x49A8,
    0x51A8, 0x4167, 0x28C8, 0x414C, 0x416B, 0x392A, 0x1825, 0x1024, 0x28C7, 0x2086, 0x1846, 0x2068,
    0x28AA, 0x2087, 0x624C, 0xA3D1, 0x722A, 0x82AC, 0xB452, 0xCCF5, 0xCD35, 0x8B2F, 0x30C8, 0x30E9,
    0x30E9, 0x30E9, 0x3109, 0x30E9, 0x28C8, 0x1025, 0x5A2B, 0xDDB9, 0x72AF, 0x28A8, 0x6A8E, 0x7B0F,
    0x7ACD, 0x7ACD, 0xC4F5, 0xC4F5, 0xC4F5, 0xC4F5, 0xC4F5, 0xC4D4, 0xC4D4, 0xC4D4, 0xC4D4, 0xC4D4,
    0xC4D4, 0xC4D4, 0xC4D4, 0xC4D4, 0xAC32, 0xA432, 0xB452, 0xC493, 0xC493, 0xAC12, 0xC536, 0xCD97,
    0x0000, 0x0000, 0x0000, 0x0000, 0x0000, 0x0000, 0x0000, 0x0000, 0x0000, 0x0000, 0x0000, 0x0000,
    0x0000, 0x1023, 0x414B, 0x394B, 0x392C, 0x28AA, 0x1825, 0x1846, 0x1866, 0x1846, 0x2068, 0x2066,
    0x728C, 0xA3D1, 0x7A8C, 0xB3D0, 0xA390, 0xBC93, 0xC4F4, 0xCD15, 0x59EB, 0x20A8, 0x28C9, 0x30EA,
    0x30E9, 0x28C8, 0x28A8, 0x2087, 0x1826, 0x7B0F, 0xB4B5, 0x392A, 0x59ED, 0xBC94, 0xCD36, 0xD536,
    0xD516, 0xC4F4, 0xC4F5, 0xC4F5, 0xC4F4, 0xC4F5, 0xC4F5, 0xC4F4, 0xC4D4, 0xC4D4, 0xC4D4, 0xC4D4,
    0xC4D4, 0xC4D4, 0xC4D4, 0xA411, 0xB474, 0xB472, 0xC493, 0xC493, 0xB411, 0xC516, 0xCD77, 0x18A3,
    0x0000, 0x0000, 0x0000, 0x0000, 0x0000, 0x0000, 0x0000, 0x0000, 0x0000, 0x0000, 0x0000, 0x0000,
    0x0001, 0x28A7, 0x392B, 0x414C, 0x394B, 0x1845, 0x1004, 0x1846, 0x1025, 0x2086, 0x938F, 0xBC93,
    0xABD0, 0xC493, 0xBC52, 0xB432, 0xC4D4, 0xCD15, 0xAC52, 0x30E7, 0x28C8, 0x30E9, 0x30E9, 0x28C9,
    0x28E8, 0x1867, 0x394A, 0x8330, 0x624C, 0x51CB, 0x3929, 0xB474, 0xCD15, 0xC4D4, 0xC4D4, 0xC4D4,
    0xC4D4, 0xC4F5, 0xC4F5, 0xC4D4, 0xC4F4, 0xC4F5, 0xC4F5, 0xC4D4, 0xC4D4, 0xC4D4, 0xC4D4, 0xC4D4,
    0xC4D4, 0xC4D4, 0x9BD1, 0xB4B5, 0xAC12, 0xC4B3, 0xC493, 0xAC12, 0xC516, 0xB494, 0xA3F1, 0x5229,
    0x0000, 0x0000, 0x0000, 0x0000, 0x0000, 0x0000, 0x0000, 0x0000, 0x0000, 0x0000, 0x0000, 0x0000,
    0x1022, 0x394A, 0x392B, 0x392B, 0x30E9, 0x1024, 0x0803, 0x3927, 0xAC32, 0xCD15, 0xC493, 0xC493,
    0xBC73, 0xBC73, 0xBC73, 0xC4D4, 0xD536, 0x830E, 0x28A7, 0x3109, 0x3109, 0x30E9, 0x30E9, 0x30E8,
    0x3908, 0xA412, 0xE5D8, 0x72AE, 0x2065, 0x8B50, 0xCD15, 0xC4D4, 0xC4D4, 0xC4D4, 0xC4D4, 0xC4D4,
    0xC4F4, 0xC4F5, 0xC4D4, 0xC4D4, 0xC4F4, 0xC4F4, 0xC4D4, 0xC4D4, 0xC4D4, 0xC4D4, 0xC4D4, 0xC4D4,
    0xCCF5, 0x93B0, 0xC537, 0xAC53, 0xBC52, 0xBC73, 0xAC32, 0xCD37, 0x9BF2, 0xBC93, 0xCD35, 0x9BF0,
    0x41A7, 0x0000, 0x0000, 0x0000, 0x0000, 0x0000, 0x0000, 0x0000, 0x0000, 0x0000, 0x0000, 0x0000,
    0x0822, 0x28A8, 0x30EB, 0x414C, 0x28A8, 0x7B10, 0xA3F2, 0xC4D4, 0xC4B3, 0xC473, 0xBC73, 0xBC73,
    0xC493, 0xBC93, 0xC4F5, 0xC4F5, 0x4989, 0x28C8, 0x3109, 0x3109, 0x3109, 0x30E9, 0x30E7, 0xA412,
    0xDD97, 0x9BB2, 0x28A7, 0x728D, 0xBCB4, 0xC4D4, 0xC4F4, 0xC4D4, 0xC4D4, 0xC4D4, 0xCCF5, 0xC4D4,
    0xC4F4, 0xC4D4, 0xC4D4, 0xC4D4, 0xC4D4, 0xC4D4, 0xC4D4, 0xC4D4, 0xC4D4, 0xC4D4, 0xC4D4, 0xCD15,
    0xAC32, 0xA452, 0xC516, 0x82ED, 0xB432, 0xC4D5, 0xC537, 0xA3F1, 0xC4B4, 0xC493, 0xD515, 0xD536,
    0xAC31, 0x628B, 0x3145, 0x18A2, 0x0841, 0x0000, 0x0000, 0x0000, 0x0000, 0x0000, 0x0821, 0x2905,
    0x4169, 0x392A, 0x394B, 0x310A, 0x624E, 0xAC54, 0x9B90, 0xC4B3, 0xBC73, 0xBC73, 0xC493, 0xC4B4,
    0xBC93, 0xCD35, 0xA3F1, 0x28A6, 0x30E9, 0x3109, 0x3109, 0x3109, 0x28C8, 0x832F, 0xD576, 0xAC12,
    0x3908, 0x620B, 0xC4F5, 0xC4F5, 0xC4D4, 0xC4F4, 0xC4D4, 0xC4D4, 0xC4D4, 0xCD15, 0xC4D4, 0xC4F4,
    0xC4F4, 0xC4F4, 0xC4D4, 0xC4D4, 0xC4F5, 0xC4F5, 0xC4F4, 0xC4D4, 0xC4D4, 0xC4D4, 0xCCF4, 0xBCB4,
    0x9C12, 0x8B70, 0xC4D5, 0xE5D9, 0xDDB9, 0xAC33, 0xB452, 0xC4B3, 0xC493, 0xC4B3, 0xCCB4, 0xD515,
    0xDD56, 0xD556, 0xC4F4, 0xB493, 0x93AF, 0x7B2D, 0x836E, 0x8B8F, 0x93D0, 0xAC72, 0xD576, 0xA412,
    0x6A6E, 0x624F, 0x390A, 0x30C9, 0x59EC, 0x832F, 0x9B4F, 0xC493, 0xBC53, 0xC4B3, 0xC4D4, 0xC493,
    0xCD35, 0x624C, 0x2087, 0x30E9, 0x3109, 0x3109, 0x28E7, 0x72EE, 0xD577, 0xB4B4, 0x3927, 0x6A6C,
    0xCD15, 0xC4F4, 0xC4D4, 0xC4F4, 0xC4D4, 0xC4D4, 0xC4D4, 0xC4D4,
};

// Image: reze_frame_003.png
const uint16_t reze_frame_003[4544] PROGMEM = {
    0x2087, 0x2087, 0x30E9, 0x392B, 0x392B, 0x496C, 0x416C, 0x392B, 0x392B, 0x392C, 0x414D, 0x496E,
    0x414D, 0x416C, 0x416C, 0x498E, 0x496E, 0x414C, 0x414D, 0x494E, 0x494F, 0x5972, 0x5973, 0x6174,
    0x5973, 0x5972, 0x5171, 0x5972, 0x5131, 0x6230, 0xF75D, 0xFFDF, 0xFF9E, 0xFFFF, 0xDE7B, 0x494E,
    0x5151, 0x494F, 0x414D, 0x494F, 0x5170, 0x516F, 0x5972, 0x79D9, 0x7197, 0x6996, 0x81FA, 0x8A1C,
    0x81DB, 0x81FB, 0x923E, 0x923F, 0x8A1C, 0x923E, 0x923E, 0x921E, 0x923F, 0x923E, 0x923E, 0x923E,
    0x89FC, 0x6174, 0x6173, 0x5151, 0x5150, 0x5150, 0x4931, 0x59D1, 0x8332, 0x93D4, 0x7290, 0x20A7,
    0x20A7, 0x30E9, 0x392B, 0x394B, 0x416D, 0x414D, 0x394B, 0x394B, 0x392C, 0x496E, 0x496E, 0x496D,
    0x416C, 0x416C, 0x498E, 0x496E, 0x414C, 0x416D, 0x414D, 0x494E, 0x516F, 0x5991, 0x6193, 0x5973,
    0x5973, 0x5151, 0x5972, 0x4910, 0x8B94, 0xFFDF, 0xFFBE, 0xFFBF, 0xFFBE, 0xFFFF, 0x7310, 0x410D,
    0x414D, 0x416D, 0x414D, 0x414D, 0x494E, 0x494F, 0x5972, 0x6174, 0x5171, 0x5972, 0x7197, 0x71B8,
    0x6996, 0x81FB, 0x923E, 0x8A1D, 0x8A1D, 0x79D9, 0x6175, 0x79D9, 0x8A1D, 0x923E, 0x923E, 0x81DB,
    0x5973, 0x5972, 0x5151, 0x5150, 0x5150, 0x4950, 0x412E, 0x414D, 0x59EF, 0x51CE, 0x1866, 0x2087,
    0x30E9, 0x390A, 0x392B, 0x416D, 0x414C, 0x394B, 0x394B, 0x392B, 0x494E, 0x5170, 0x516F, 0x496D,
    0x496D, 0x416D, 0x496D, 0x414C, 0x416D, 0x414C, 0x414C, 0x498D, 0x496E, 0x5991, 0x5991, 0x5991,
    0x5171, 0x5972, 0x412E, 0xBD78, 0xFFFF, 0xFF9E, 0xFFBF, 0xFF9E, 0xFFFF, 0xC5B8, 0x412C, 0x414D,
    0x498E, 0x414D, 0x392B, 0x414D, 0x414D, 0x414D, 0x4950, 0x494F, 0x494F, 0x5151, 0x6995, 0x6996,
    0x6174, 0x8A1D, 0x923E, 0x7197, 0x6174, 0x5151, 0x5953, 0x71B8, 0x81FB, 0x81FB, 0x71B7, 0x6174,
    0x5952, 0x5151, 0x5151, 0x5150, 0x5150, 0x392D, 0x51ED, 0xAC54, 0xAC54, 0x1846, 0x2087, 0x28E9,
    0x310A, 0x392B, 0x416D, 0x414C, 0x392A, 0x414B, 0x392B, 0x414D, 0x5170, 0x516F, 0x496E, 0x416D,
    0x414D, 0x496D, 0x414D, 0x416D, 0x416C, 0x392A, 0x498D, 0x498D, 0x5170, 0x5170, 0x5190, 0x5170,
    0x5171, 0x51AD, 0xE6BB, 0xFFDF, 0xFFBE, 0xFFBF, 0xFFDF, 0xFFDF, 0xFFDF, 0x6AB0, 0x414D, 0x498E,
    0x496D, 0x392B, 0x414C, 0x414D, 0x414D, 0x494E, 0x494E, 0x494E, 0x494E, 0x5150, 0x6195, 0x5952,
    0x79D9, 0x81FC, 0x6174, 0x5151, 0x5151, 0x5151, 0x5973, 0x6997, 0x6997, 0x6175, 0x5973, 0x5972,
    0x5151, 0x5952, 0x5151, 0x514F, 0x414D, 0x5A0D, 0xDDD8, 0xBCF5, 0x2066, 0x20A7, 0x28C8, 0x390A,
    0x390A, 0x414C, 0x414C, 0x390A, 0x394B, 0x392B, 0x414C, 0x516F, 0x516F, 0x496F, 0x496E, 0x414D,
    0x414D, 0x416D, 0x416D, 0x496C, 0x392B, 0x416C, 0x498D, 0x498E, 0x516F, 0x516F, 0x518F, 0x494E,
    0x8351, 0xFFFF, 0xFFFF, 0xFFDF, 0xFFBE, 0xF75D, 0xEF1C, 0xF7BE, 0xACB5, 0x38EB, 0x498E, 0x496E,
    0x392C, 0x392C, 0x414C, 0x414D, 0x414D, 0x414D, 0x494E, 0x414E, 0x414E, 0x5972, 0x5973, 0x5952,
    0x6175, 0x5952, 0x5150, 0x5151, 0x5151, 0x5151, 0x6174, 0x6176, 0x5974, 0x5952, 0x5151, 0x5151,
    0x5151, 0x5150, 0x514F, 0x494E, 0x51CC, 0xD5B8, 0xB4B4, 0x2087, 0x2087, 0x28C8, 0x310A, 0x392B,
    0x394B, 0x394B, 0x392A, 0x392B, 0x392B, 0x392B, 0x496F, 0x516F, 0x516F, 0x516F, 0x496E, 0x414D,
    0x414C, 0x416C, 0x496D, 0x390B, 0x414C, 0x498D, 0x498E, 0x516F, 0x496F, 0x498E, 0x414C, 0x6AAF,
    0x9C53, 0x8B91, 0x7B31, 0x72F0, 0x7AF1, 0x7AF1, 0x8B52, 0x7AF1, 0x392C, 0x414D, 0x496D, 0x412C,
    0x392C, 0x414C, 0x414D, 0x414D, 0x414D, 0x414D, 0x414E, 0x414E, 0x494F, 0x5993, 0x5151, 0x5151,
    0x5151, 0x5150, 0x5150, 0x5150, 0x5150, 0x5151, 0x5973, 0x5973, 0x5151, 0x5151, 0x5151, 0x5150,
    0x494F, 0x494F, 0x496E, 0x51AB, 0xD5D8, 0xB4B5, 0x28A7, 0x2087, 0x28A8, 0x30EA, 0x392B, 0x394B,
    0x394B, 0x392B, 0x392B, 0x414B, 0x392A, 0x414C, 0x516F, 0x516F, 0x516F, 0x516F, 0x496E, 0x416C,
    0x416C, 0x416D, 0x390B, 0x414B, 0x498D, 0x498E, 0x518F, 0x494E, 0x416D, 0x416C, 0x498B, 0x5A0D,
    0x624E, 0x6A8F, 0x6A8F, 0x7AF0, 0x8351, 0x9392, 0xA435, 0x59ED, 0x412C, 0x498E, 0x496E, 0x412C,
    0x392B, 0x414D, 0x496E, 0x414E, 0x412D, 0x414D, 0x494E, 0x494E, 0x5172, 0x5151, 0x5150, 0x4950,
    0x5150, 0x494F, 0x5170, 0x5150, 0x5150, 0x5150, 0x5151, 0x5151, 0x5150, 0x5150, 0x5170, 0x516F,
    0x494F, 0x51AF, 0x51CC, 0xD598, 0xC537, 0x2066, 0x2066, 0x28A8, 0x28A9, 0x310A, 0x392B, 0x394B,
    0x392B, 0x310A, 0x392B, 0x392A, 0x394B, 0x496D, 0x496D, 0x496E, 0x5170, 0x496E, 0x416C, 0x416C,
    0x416D, 0x390B, 0x392B, 0x498D, 0x496D, 0x498E, 0x414D, 0x414C, 0x622D, 0xEE9B, 0xF6FC, 0xF6DC,
    0xF6DC, 0xF6DC, 0xF6BB, 0xF6DB, 0xF6DC, 0xFF5D, 0xAC75, 0x30EA, 0x496D, 0x518F, 0x414D, 0x392C,
    0x414D, 0x496E, 0x496E, 0x494E, 0x414D, 0x414E, 0x494E, 0x494F, 0x5171, 0x494F, 0x494F, 0x4950,
    0x494F, 0x514F, 0x5150, 0x5150, 0x5150, 0x5150, 0x5151, 0x5150, 0x5170, 0x5150, 0x516F, 0x494F,
    0x59D0, 0x622D, 0xAC74, 0xBCF5, 0x1845, 0x1866, 0x28A7, 0x28A8, 0x30EA, 0x310A, 0x394B, 0x392B,
    0x30EA, 0x390A, 0x392A, 0x414B, 0x414B, 0x414B, 0x496E, 0x5170, 0x496E, 0x414D, 0x496D, 0x498C,
    0x394B, 0x392B, 0x498E, 0x498E, 0x498E, 0x496D, 0x416C, 0x93B1, 0xFEDC, 0xFEBB, 0xFEBB, 0xFEBB,
    0xFEBC, 0xFEBC, 0xFEDC, 0xFEDC, 0xFF1D, 0xEE9B, 0x5A0D, 0x412C, 0x498E, 0x414C, 0x414C, 0x392C,
    0x414D, 0x518F, 0x494E, 0x414D, 0x414D, 0x414E, 0x494F, 0x4950, 0x412E, 0x494F, 0x494F, 0x494F,
    0x494F, 0x5150, 0x5150, 0x5150, 0x5150, 0x5171, 0x5150, 0x5170, 0x5170, 0x5170, 0x494F, 0x59EF,
    0x7ACF, 0xAC74, 0xDDB8, 0x2066, 0x1866, 0x28A7, 0x2087, 0x28C9, 0x30E9, 0x392B, 0x392A, 0x28C9,
    0x390A, 0x392A, 0x392B, 0x394B, 0x394B, 0x414C, 0x516F, 0x498E, 0x416C, 0x416C, 0x416C, 0x394B,
    0x414B, 0x498D, 0x498D, 0x498D, 0x414C, 0x496C, 0xB453, 0xEDF9, 0xE5F8, 0xEDF9, 0xE5F8, 0xEDF9,
    0xEE19, 0xEE19, 0xF65A, 0xF65A, 0xFE9B, 0xB495, 0x416C, 0x416D, 0x414C, 0x414B, 0x414C, 0x390C,
    0x496E, 0x496E, 0x414D, 0x414D, 0x414D, 0x414E, 0x494E, 0x494E, 0x494E, 0x414E, 0x494F, 0x494F,
    0x496F, 0x5150, 0x514F, 0x494F, 0x5150, 0x5150, 0x5150, 0x5170, 0x5170, 0x494F, 0x59F0, 0x93B2,
    0xA433, 0xE619, 0x2066, 0x1865, 0x28C8, 0x2087, 0x28C8, 0x28C9, 0x30EA, 0x392B, 0x30EA, 0x30EA,
    0x390A, 0x392A, 0x394B, 0x392B, 0x392B, 0x496E, 0x498E, 0x498C, 0x416C, 0x416C, 0x414B, 0x392B,
    0x498C, 0x51AD, 0x416C, 0x392B, 0x622E, 0xD536, 0xEDD8, 0xE5B8, 0xE5D8, 0xE5F9, 0xEE39, 0xEE7A,
    0xEE5A, 0xEDF9, 0xE5D8, 0xEE19, 0xD598, 0x6A6F, 0x392B, 0x416C, 0x310A, 0x496D, 0x392C, 0x414D,
    0x498E, 0x414D, 0x414D, 0x414D, 0x414D, 0x414E, 0x494F, 0x414E, 0x414E, 0x494E, 0x494E, 0x494F,
    0x494F, 0x516F, 0x496F, 0x494F, 0x5170, 0x5170, 0x5170, 0x5170, 0x5150, 0x59CF, 0x72CE, 0x832F,
    0xACB4, 0x1866, 0x1825, 0x28C8, 0x2087, 0x28C8, 0x2087, 0x2087, 0x392A, 0x30EA, 0x30E9, 0x310A,
    0x390A, 0x392B, 0x392B, 0x392A, 0x392B, 0x498D, 0x498C, 0x414C, 0x416C, 0x416C, 0x392B, 0x416C,
    0x51AD, 0x416C, 0x392B, 0x8331, 0xE5F8, 0xEE19, 0xEE7A, 0xF6FC, 0xFF9E, 0xFFDF, 0xFFFF, 0xFFDF,
    0xFFBE, 0xF71C, 0xEE39, 0xDD77, 0x93B2, 0x414B, 0x416C, 0x310A, 0x416C, 0x414C, 0x392C, 0x496E,
    0x496D, 0x414D, 0x414D, 0x414D, 0x414D, 0x494E, 0x494E, 0x414E, 0x414D, 0x496E, 0x496F, 0x516F,
    0x516F, 0x516F, 0x494E, 0x516F, 0x514F, 0x494F, 0x516F, 0x5170, 0x518F, 0x49AC, 0x418A, 0x28C5,
    0x1025, 0x1024, 0x28C7, 0x2086, 0x28A8, 0x2087, 0x2066, 0x310A, 0x310A, 0x28C9, 0x30E9, 0x3109,
    0x392A, 0x394B, 0x392B, 0x392B, 0x416C, 0x498D, 0x416C, 0x416D, 0x414C, 0x414C, 0x392B, 0x498C,
    0x310A, 0x416A, 0xA3F2, 0xDD97, 0xE5B8, 0xE65A, 0xEEFC, 0xF71D, 0xEEFC, 0xEEDC, 0xEEDB, 0xE6BB,
    0xE69B, 0xEE7A, 0xEDF8, 0xC4F6, 0x624D, 0x394B, 0x310A, 0x414B, 0x416C, 0x390B, 0x496E, 0x496E,
    0x414D, 0x414D, 0x414D, 0x414D, 0x414D, 0x414D, 0x414D, 0x414D, 0x412D, 0x496E, 0x516F, 0x516F,
    0x516F, 0x494E, 0x494F, 0x516F, 0x4950, 0x5150, 0x5170, 0x516F, 0x310B, 0x1865, 0x28E5, 0x1845,
    0x1865, 0x2087, 0x20A7, 0x2087, 0x28C8, 0x2066, 0x3109, 0x3109, 0x28C8, 0x30E9, 0x3109, 0x392A,
    0x392B, 0x392A, 0x394B, 0x392B, 0x496C, 0x414C, 0x414C, 0x416C, 0x416C, 0x392B, 0x310A, 0x30C9,
    0x49AA, 0xA412, 0xDD97, 0xEDF9, 0xF6BB, 0xFF7E, 0xFF5D, 0xFEDC, 0xFE9B, 0xF63A, 0xE5B8, 0xCD15,
    0xC4B4, 0xD515, 0xCD36, 0x93B1, 0x414A, 0x392A, 0x310A, 0x496D, 0x390C, 0x414D, 0x518E, 0x414C,
    0x414C, 0x414D, 0x414D, 0x414D, 0x414D, 0x414D, 0x414D, 0x412C, 0x496D, 0x496D, 0x494E, 0x496E,
    0x496E, 0x494E, 0x496E, 0x494F, 0x516F, 0x5170, 0x5170, 0x390D, 0x4169, 0x93D0, 0x28A7, 0x1845,
    0x1845, 0x28C8, 0x2087, 0x28C7, 0x1866, 0x28C8, 0x392A, 0x28E9, 0x3109, 0x3109, 0x3109, 0x392A,
    0x392A, 0x394B, 0x392B, 0x416C, 0x414B, 0x414C, 0x498D, 0x414B, 0x414B, 0x392A, 0x30E9, 0x5A2C,
    0xC4F6, 0xB453, 0xB432, 0xE619, 0xDDD8, 0xD597, 0xDD97, 0xDD77, 0xE5B8, 0xEE19, 0xF65A, 0xF65A,
    0xEDF9, 0xDD77, 0xBC94, 0x51CB, 0x392A, 0x392B, 0x496D, 0x392C, 0x392C, 0x498E, 0x414C, 0x412C,
    0x414D, 0x414D, 0x414D, 0x414D, 0x414D, 0x414D, 0x390C, 0x412C, 0x496D, 0x414D, 0x496E, 0x496E,
    0x414D, 0x496E, 0x516F, 0x496F, 0x516F, 0x5171, 0x496F, 0x4189, 0x62CB, 0x0803, 0x1024, 0x1866,
    0x28C8, 0x2087, 0x28C8, 0x2066, 0x28A7, 0x392A, 0x30E9, 0x30E9, 0x3109, 0x3109, 0x392A, 0x392B,
    0x414B, 0x392B, 0x392B, 0x416B, 0x414B, 0x498C, 0x414B, 0x392B, 0x30E9, 0x392A, 0x30E7, 0x7AAC,
    0xCD16, 0x5A0A, 0x9BD1, 0xFEFC, 0xDE19, 0xB4B3, 0xEE9B, 0xDD97, 0xDD77, 0xC494, 0xBC73, 0xCCF5,
    0xE577, 0xD577, 0x7B10, 0x390A, 0x414C, 0x414B, 0x414C, 0x392B, 0x496D, 0x416C, 0x392C, 0x414D,
    0x416D, 0x414C, 0x414D, 0x392C, 0x412C, 0x412C, 0x392B, 0x416C, 0x414C, 0x412C, 0x416D, 0x414D,
    0x496E, 0x496E, 0x496D, 0x498E, 0x518E, 0x412E, 0x626C, 0x83ED, 0x6AAD, 0x1004, 0x1004, 0x28E8,
    0x2066, 0x28C7, 0x2087, 0x2087, 0x3109, 0x3109, 0x28C9, 0x3109, 0x3109, 0x392A, 0x394B, 0x414B,
    0x394B, 0x390A, 0x394B, 0x394B, 0x498D, 0x414B, 0x30E9, 0x28C8, 0x30E8, 0x2085, 0x0801, 0x28E5,
    0x20E4, 0x0001, 0x524A, 0xB4D5, 0x838F, 0xACB4, 0xEE5A, 0xFE9B, 0xFE5A, 0xDD57, 0xC494, 0xB412,
    0xC4B4, 0xAC33, 0x416B, 0x310A, 0x392B, 0x414B, 0x392A, 0x414C, 0x416C, 0x392B, 0x416C, 0x414D,
    0x414D, 0x412C, 0x414C, 0x412C, 0x392C, 0x394B, 0x394B, 0x416C, 0x392B, 0x416C, 0x414D, 0x498E,
    0x496E, 0x416D, 0x414D, 0x62CB, 0x416C, 0x626C, 0xBDB5, 0xFF3D, 0xBD35, 0x3107, 0x20A7, 0x1866,
    0x28A7, 0x2087, 0x2067, 0x3109, 0x3109, 0x28C8, 0x30E9, 0x30E9, 0x310A, 0x414B, 0x394B, 0x414B,
    0x392A, 0x392B, 0x390A, 0x414B, 0x392A, 0x2067, 0x28C8, 0x2087, 0x0001, 0x0000, 0x0000, 0x0000,
    0x0001, 0x0000, 0x0001, 0x1864, 0x1023, 0x3928, 0x6A8D, 0x93B1, 0xD536, 0xED98, 0xE557, 0xCCB4,
    0xA3F1, 0x624D, 0x30EA, 0x392B, 0x416C, 0x414B, 0x414B, 0x416C, 0x392B, 0x414C, 0x416D, 0x416D,
    0x414C, 0x414C, 0x414C, 0x392C, 0x394B, 0x394B, 0x414C, 0x392B, 0x414C, 0x414D, 0x416D, 0x416D,
    0x496D, 0x410D, 0x6B6C, 0x6B4B, 0x5A6B, 0x9CCF, 0xFF3D, 0xFFFF, 0x9C32, 0x1846, 0x28A8, 0x2087,
    0x28C8, 0x1867, 0x28C8, 0x3109, 0x30E9, 0x30E9, 0x30E9, 0x310A, 0x414B, 0x394B, 0x414B, 0x394B,
    0x392B, 0x30E9, 0x310A, 0x30E9, 0x2087, 0x30E8, 0x2906, 0x42A6, 0x5307, 0x74AA, 0x7D0A, 0x6C69,
    0x6408, 0x6C69, 0x42A6, 0x2904, 0x4188, 0x2085, 0x1023, 0x3926, 0x8B2E, 0xC493, 0xD516, 0xCCD4,
    0x8310, 0x394B, 0x51CD, 0x414C, 0x416C, 0x414B, 0x416C, 0x392B, 0x394B, 0x416C, 0x414C, 0x414C,
    0x414C, 0x414C, 0x394C, 0x394B, 0x394B, 0x414B, 0x392B, 0x392C, 0x416D, 0x416D, 0x416D, 0x414D,
    0x412D, 0x5A8B, 0x7B4D, 0x734E, 0xBDD4, 0xA452, 0xEEFC, 0xD618, 0x2087, 0x28E8, 0x2086, 0x30E8,
    0x1846, 0x2087, 0x390A, 0x30E9, 0x30E9, 0x30E9, 0x310A, 0x414B, 0x394B, 0x392A, 0x392B, 0x390A,
    0x30C9, 0x392B, 0x394B, 0x3109, 0x3107, 0x5347, 0x964B, 0x966A, 0x8E0A, 0x6C48, 0x960B, 0x85AA,
    0x8E2A, 0x85AA, 0x4AE7, 0xBD35, 0xD598, 0x93D1, 0x5A4A, 0x3906, 0x59C9, 0x934F, 0xBC73, 0xAC33,
    0x49AA, 0x7AF0, 0x416B, 0x416B, 0x394B, 0x416C, 0x392B, 0x392A, 0x416C, 0x414C, 0x394B, 0x414C,
    0x394B, 0x394B, 0x414B, 0x394B, 0x394B, 0x414B, 0x394B, 0x414C, 0x414D, 0x414D, 0x416D, 0x414D,
    0x5A2E, 0x93D1, 0x8BB0, 0xF71B, 0xA36F, 0x93B0, 0xDE3A, 0x49AA, 0x28C8, 0x2087, 0x30E8, 0x2086,
    0x2066, 0x3109, 0x3109, 0x28C9, 0x310A, 0x30EA, 0x310A, 0x310A, 0x30C9, 0x390A, 0x310A, 0x310A,
    0x392B, 0x51CD, 0x392B, 0x626B, 0x6C69, 0x8E4A, 0x8E6A, 0x4B26, 0x0000, 0x5BC7, 0x8E4A, 0x8629,
    0x8E4A, 0x6427, 0xA4B2, 0xFF1D, 0xFEFC, 0xFEFC, 0xDDD8, 0x8B4E, 0x5188, 0x728B, 0xB453, 0x6A6D,
    0x8310, 0x624E, 0x392B, 0x414C, 0x416C, 0x416C, 0x30EA, 0x394B, 0x416C, 0x414C, 0x394C, 0x414C,
    0x414C, 0x416C, 0x414C, 0x394B, 0x394B, 0x394B, 0x390B, 0x416C, 0x414C, 0x416C, 0x412D, 0x622F,
    0x9C12, 0x8B50, 0xEE9B, 0xEE9A, 0xDDF8, 0x6AAD, 0x3108, 0x28A8, 0x2087, 0x28C8, 0x28C7, 0x2086,
    0x28E7, 0x3109, 0x28C8, 0x28C8, 0x28C8, 0x28C8, 0x30E9, 0x28C8, 0x310A, 0x394B, 0x392B, 0x392A,
    0x51AD, 0x49AB, 0x734D, 0x7509, 0x96AA, 0x968A, 0x85A9, 0x6408, 0x8E0A, 0x96AA, 0x968A, 0x968A,
    0x74C9, 0xC595, 0xFEDC, 0xF67B, 0xFE9B, 0xFEDC, 0xFEFC, 0xCD36, 0x9B8F, 0x8B70, 0x8330, 0x728E,
    0x93B3, 0x390B, 0x416D, 0x414C, 0x416C, 0x30E9, 0x392A, 0x416C, 0x416C, 0x414C, 0x414B, 0x416C,
    0x416C, 0x416C, 0x414C, 0x414C, 0x414C, 0x414C, 0x414C, 0x416C, 0x416D, 0x416D, 0x498D, 0x72D0,
    0x7ACE, 0xCD15, 0xC576, 0x9BD1, 0xAC12, 0x4148, 0x2086, 0x2088, 0x28A8, 0x30E8, 0x2086, 0x28A7,
    0x3909, 0x28E9, 0x30E8, 0x3109, 0x3109, 0x30E9, 0x28C8, 0x28E9, 0x392B, 0x392B, 0x392B, 0x498C,
    0x51CD, 0x520A, 0x852B, 0x9EEA, 0xA6E9, 0xBF69, 0xD7CA, 0xD7A9, 0xCF88, 0xB749, 0x9EAA, 0x8CED,
    0xEE7A, 0xFEBC, 0xF69B, 0xFE9B, 0xFE7B, 0xFEBC, 0xEDF9, 0xE516, 0xD598, 0xB4B5, 0x5A0C, 0xA415,
    0x51CE, 0x496D, 0x496D, 0x498D, 0x310A, 0x30E9, 0x416C, 0x416C, 0x416C, 0x416C, 0x416C, 0x416C,
    0x414C, 0x414C, 0x414C, 0x414C, 0x496D, 0x390B, 0x414C, 0x416D, 0x414D, 0x416C, 0x59ED, 0xAC34,
    0xFEBC, 0xAB8F, 0xC432, 0xCCB4, 0x9BB0, 0x30E7, 0x20A7, 0x2087, 0x3109, 0x2066, 0x2086, 0x392A,
    0x310A, 0x30E9, 0x392A, 0x390A, 0x392B, 0x392A, 0x30E9, 0x392B, 0x392B, 0x392B, 0x498D, 0x414D,
    0x6AAF, 0xCE17, 0x856A, 0x9EA9, 0xC789, 0xDFC8, 0xD7C8, 0xD7A8, 0xAEC8, 0x84CB, 0xD5B7, 0xFEFC,
    0xF6BB, 0xF6BB, 0xFE9B, 0xFE9B, 0xE5D8, 0xD536, 0xE5F9, 0xEEBB, 0xDDF9, 0x7B10, 0x7AF0, 0x7AD1,
    0x494E, 0x516F, 0x498E, 0x416C, 0x392B, 0x416C, 0x498D, 0x498D, 0x496D, 0x416D, 0x496D, 0x496D,
    0x496D, 0x416C, 0x414C, 0x496D, 0x392C, 0x414C, 0x496D, 0x416D, 0x416D, 0x392A, 0xCD77, 0xFEFC,
    0xCC32, 0xCC32, 0xC432, 0xBC53, 0x498A, 0x28C8, 0x2087, 0x3109, 0x2087, 0x2086, 0x392A, 0x310A,
    0x28C8, 0x390A, 0x392A, 0x390A, 0x416C, 0x392B, 0x392B, 0x392B, 0x390A, 0x418C, 0x412C, 0x93B2,
    0xFF3D, 0xB534, 0x8CAE, 0x9DCB, 0xAE2B, 0xB64C, 0xA58E, 0xB573, 0xDE18, 0xFEFC, 0xFEBB, 0xFE9B,
    0xF67A, 0xEE19, 0xEE19, 0xEE3A, 0xEE9B, 0xFF7E, 0xFFBE, 0xE67A, 0xCD78, 0x5A0D, 0x8312, 0x496E,
    0x5190, 0x498E, 0x49AD, 0x624F, 0x414C, 0x498E, 0x498E, 0x51AF, 0x496D, 0x496D, 0x498E, 0x498E,
    0x498D, 0x414C, 0x496D, 0x414C, 0x392C, 0x414D, 0x416D, 0x498D, 0x496B, 0xDDB8, 0xFEDC, 0xB411,
    0xB3F1, 0xC432, 0xBC12, 0x51A9, 0x3109, 0x28A8, 0x3109, 0x28A7, 0x2087, 0x30E9, 0x392A, 0x30EA,
    0x30EA, 0x392B, 0x310A, 0x414B, 0x416C, 0x390A, 0x392B, 0x390A, 0x416C, 0x498D, 0x728D, 0xEE5A,
    0xFEBC, 0xFE9C, 0xEE9B, 0xE67A, 0xEEBB, 0xF6DC, 0xFF3D, 0xFEDC, 0xF67B, 0xEE19, 0xEE19, 0xFEFC,
    0xF6DB, 0xF69B, 0xFF3D, 0xFFBE, 0xFFBF, 0xFFDF, 0xEF1C, 0xEE7A, 0x72CF, 0x51AD, 0x518F, 0x5170,
    0x5190, 0x496E, 0x8352, 0x5A0E, 0x496D, 0x518E, 0x518E, 0x518E, 0x498D, 0x498E, 0x498E, 0x498E,
    0x496D, 0x414D, 0x51AE, 0x414C, 0x392C, 0x416C, 0x49AD, 0x624E, 0xCD56, 0xFEFC, 0xE619, 0xCD56,
    0xBC72, 0xBC32, 0x8B4F, 0x30E9, 0x28A8, 0x30E9, 0x30E8, 0x2087, 0x28C8, 0x394A, 0x30EA, 0x30E9,
    0x414B, 0x310A, 0x394B, 0x498C, 0x392B, 0x392A, 0x392A, 0x414C, 0x498D, 0x4969, 0x8AAC, 0xA390,
    0xC473, 0xDD15, 0xE5B8, 0xE5D8, 0xDD77, 0xD536, 0xDD56, 0xEDF9, 0xEDF9, 0xD556, 0xFEFC, 0xFEFC,
    0xFF1C, 0xFF1C, 0xFF7D, 0xFFBE, 0xFFDF, 0xF77E, 0xE67A, 0xBCF6, 0x414A, 0x496E, 0x5190, 0x5190,
    0x494E, 0x72B0, 0x8352, 0x414C, 0x51AE, 0x498E, 0x498E, 0x498D, 0x498E, 0x498E, 0x498E, 0x498E,
    0x414D, 0x51AE, 0x5A0F, 0x392B, 0x416C, 0x416D, 0x6A8F, 0xCD36, 0xFEDC, 0xE65A, 0xD5B7, 0xDDF8,
    0xD556, 0xC494, 0x59EB, 0x2087, 0x30E9, 0x310A, 0x2087, 0x2087, 0x392A, 0x392A, 0x30E9, 0x414B,
    0x390A, 0x392A, 0x498C, 0x392B, 0x310A, 0x390A, 0x392B, 0x498D, 0x51AA, 0x8A8C, 0xC3D1, 0xD453,
    0xC412, 0xD473, 0xDCD5, 0xC452, 0xD4F5, 0xEDB8, 0xEDF9, 0xFE5A, 0xE5D8, 0xF63A, 0xFE7B, 0xFE9B,
    0xFEBB, 0xFEDC, 0xFF1D, 0xFF5D, 0xFF9E, 0xE65A, 0xDE1A, 0x5A0C, 0x412C, 0x518F, 0x518E, 0x518E,
    0x498E, 0x9BF3, 0x49AC, 0x498D, 0x498D, 0x496D, 0x498D, 0x498D, 0x498D, 0x498E, 0x498E, 0x498E,
    0x496D, 0x6A6F, 0x418C, 0x414C, 0x414D, 0x622E, 0xBCD5, 0xFEFC, 0xEEBB, 0xF71D, 0xD5B7, 0xC4F5,
    0xBCB4, 0x728D, 0x28A7, 0x28C9, 0x392B, 0x28C8, 0x1866, 0x3909, 0x414B, 0x310A, 0x392A, 0x392B,
    0x30EA, 0x414B, 0x414B, 0x310A, 0x390A, 0x390A, 0x416C, 0x51AC, 0x9B70, 0xED77, 0xDCF5, 0xD494,
    0xED97, 0xED97, 0xE577, 0xEDF9, 0xFE5A, 0xFE5A, 0xFE5A, 0xFE5A, 0xF63A, 0xFE5A, 0xFE5A, 0xFE7B,
    0xFE7B, 0xFEBB, 0xFEDC, 0xFF1D, 0xE67A, 0xDE3A, 0xA454, 0x412C, 0x518F, 0x498E, 0x518E, 0x414C,
    0x7AF0, 0x624E, 0x412C, 0x496D, 0x416D, 0x416D, 0x416D, 0x496D, 0x416C, 0x496D, 0x498D, 0x496D,
    0x51CE, 0x414B, 0x412C, 0x496D, 0x5A0D, 0xB4B4, 0xFEFC, 0x28C5, 0x8C11, 0xF73D, 0xFF9E, 0xF6FC,
    0xB4D5, 0x28C8, 0x28C9, 0x414B, 0x30E9, 0x1845, 0x30E8, 0x414B, 0x310A, 0x390A, 0x414B, 0x30EA,
    0x392B, 0x416B, 0x310A, 0x390A, 0x310A, 0x414C, 0x498B, 0x9BB2, 0xDDB8, 0xEDF9, 0xE597, 0xEE39,
    0xF63A, 0xEDF9, 0xF63A, 0xFE5A, 0xFE5A, 0xFE5A, 0xFE5A, 0xFE5A, 0xFE5A, 0xFE5A, 0xFE5A, 0xFE7A,
    0xFE9B, 0xFEDB, 0xFEDC, 0xFEFC, 0xDDF9, 0xE63A, 0x622E, 0x494E, 0x496E, 0x498D, 0x496D, 0x51CD,
    0x6AAF, 0x414B, 0x416C, 0x416C, 0x416C, 0x416D, 0x416C, 0x416C, 0x416C, 0x416C, 0x498D, 0x496D,
    0x392B, 0x416C, 0x416D, 0x59ED, 0xB494, 0xFEFC, 0x1025, 0x0003, 0x28E6, 0x9431, 0xFF9E, 0xFFFF,
    0x49CB, 0x2088, 0x414B, 0x3109, 0x1845, 0x2087, 0x414B, 0x392B, 0x310A, 0x392B, 0x310A, 0x310A,
    0x416C, 0x392A, 0x390A, 0x310A, 0x416C, 0x416B, 0x8B71, 0xD577, 0xFE9B, 0xF65A, 0xF63A, 0xF63A,
    0xFE3A, 0xFE3A, 0xFE5A, 0xFE5A, 0xFE5A, 0xFE5A, 0xFE5A, 0xFE5A, 0xFE5A, 0xFE7B, 0xFE7A, 0xFE9B,
    0xFEDB, 0xFEDB, 0xFF3D, 0xE639, 0xF6DC, 0xA433, 0x390A, 0x496D, 0x496D, 0x498E, 0x498D, 0x59EE,
    0x498D, 0x496D, 0x416C, 0x416C, 0x416D, 0x496C, 0x496D, 0x416C, 0x416D, 0x496D, 0x496D, 0x496D,
    0x414C, 0x416D, 0x49AC, 0xAC94, 0xFF1C, 0x2068, 0x1866, 0x1005, 0x0003, 0x3968, 0xCE38, 0x9C32,
    0x1847, 0x414B, 0x392A, 0x2087, 0x1866, 0x414B, 0x394B, 0x310A, 0x392A, 0x394B, 0x310A, 0x414B,
    0x392B, 0x30EA, 0x310A, 0x392B, 0x416C, 0x622D, 0xBCD5, 0xFE9B, 0xFE5A, 0xFE5A, 0xFE3A, 0xFE3A,
    0xFE3A, 0xFE5A, 0xFE5A, 0xFE5A, 0xFE5A, 0xFE5A, 0xFE5A, 0xFE5A, 0xFE7A, 0xFE7B, 0xFEBB, 0xFEDB,
    0xFEDC, 0xFF1D, 0xEE9B, 0xDDF9, 0xE63A, 0x498B, 0x416C, 0x498E, 0x51AE, 0x51AE, 0x51AE, 0x498D,
    0x498D, 0x496D, 0x416C, 0x416C, 0x416C, 0x416C, 0x416C, 0x416D, 0x498E, 0x498D, 0x496D, 0x416D,
    0x416C, 0x496B, 0xAC53, 0xFF1D, 0x2069, 0x2067, 0x1845, 0x2088, 0x1026, 0x1865, 0x628D, 0x30E9,
    0x392A, 0x392B, 0x28C8, 0x1845, 0x3109, 0x414B, 0x392A, 0x392B, 0x416B, 0x392B, 0x414B, 0x414B,
    0x310A, 0x310A, 0x392B, 0x496C, 0x59ED, 0x9BD2, 0xFE3A, 0xFE5A, 0xFE5A, 0xFE3A, 0xFE3A, 0xFE5A,
    0xFE5A, 0xFE5A, 0xFE5A, 0xFE5A, 0xFE5A, 0xFE5A, 0xFE7B, 0xFE7B, 0xFE9B, 0xFEBB, 0xFEDB, 0xFEDC,
    0xFEFC, 0xFEFC, 0xD597, 0xFEFD, 0x72D0, 0x392B, 0x498D, 0x498D, 0x51CE, 0x51AE, 0x51AD, 0x498D,
    0x498D, 0x416C, 0x416C, 0x416C, 0x416C, 0x416C, 0x496D, 0x496D, 0x496D, 0x498E, 0x49AD, 0x416C,
    0x414A, 0xAC94, 0xFF3D, 0x2069, 0x2067, 0x1846, 0x1847, 0x2088, 0x1867, 0x1004, 0x28A8, 0x392B,
    0x394B, 0x30E9, 0x1845, 0x28A8, 0x416B, 0x392A, 0x390A, 0x394B, 0x394B, 0x414B, 0x414B, 0x5A0D,
    0x392A, 0x392A, 0x416C, 0x5A0E, 0x9BD2, 0xE5B8, 0xFE7B, 0xFE5A, 0xFE5A, 0xFE5A, 0xFE5A, 0xFE5A,
    0xFE5A, 0xFE5A, 0xFE5A, 0xFE5A, 0xFE7B, 0xFE7B, 0xFE9B, 0xFEDB, 0xFEDB, 0xFEDB, 0xFEDC, 0xFEFC,
    0xFF1D, 0xD598, 0xF6BB, 0x9C13, 0x390A, 0x49AE, 0x51AE, 0x51AE, 0x49AD, 0x51AE, 0x51AD, 0x498D,
    0x498D, 0x414C, 0x416C, 0x498D, 0x498D, 0x496D, 0x416D, 0x416C, 0x49AD, 0x6A90, 0x416C, 0x414A,
    0xBD16, 0xFF1C, 0x38F2, 0x2068, 0x1847, 0x1845, 0x1847, 0x2089, 0x2069, 0x1846, 0x394B, 0x392B,
    0x392B, 0x2086, 0x1846, 0x414B, 0x414B, 0x392B, 0x394B, 0x414B, 0x416C, 0x392A, 0x8330, 0x59EC,
    0x30E9, 0x416C, 0x51AC, 0xA433, 0xCD56, 0xFE9B, 0xFE3A, 0xFE5A, 0xFE5A, 0xFE5A, 0xFE5A, 0xFE5A,
    0xFE5A, 0xFE7B, 0xFE7B, 0xFE7B, 0xFE9B, 0xFEBB, 0xFEDB, 0xFEDB, 0xFEDB, 0xFEDC, 0xFF1C, 0xFF3D,
    0xE65A, 0xE63A, 0xC577, 0x416B, 0x51AE, 0x51AE, 0x51AE, 0x51AE, 0x51AE, 0x51AE, 0x498D, 0x498C,
    0x414C, 0x394C, 0x496D, 0x498E, 0x416D, 0x416D, 0x498D, 0x498D, 0xAC75, 0x51CC, 0x3929, 0xCD77,
    0xFF5D, 0x38F1, 0x30CF, 0x2069, 0x2067, 0x1846, 0x2069, 0x2069, 0x1846, 0x392B, 0x392B, 0x394B,
    0x30E9, 0x1845, 0x30E8, 0x414B, 0x392B, 0x392B, 0x416C, 0x416D, 0x390A, 0x8B71, 0x8351, 0x28A9,
    0x498C, 0x414A, 0x93D2, 0xCD56, 0xFE9B, 0xFE5A, 0xFE5A, 0xFE5A, 0xFE7B, 0xFE5A, 0xFE7B, 0xFE7B,
    0xFE7B, 0xFE9B, 0xFE9B, 0xFEBB, 0xFEDB, 0xFEDC, 0xFEFC, 0xFEFC, 0xFEFC, 0xFF1C, 0xFF3D, 0xFF1C,
    0xDDF9, 0xDDF9, 0x6AAF, 0x496D, 0x51AE, 0x5A0D, 0x7AF0, 0x51AD, 0x51CE, 0x498D, 0x416C, 0x414C,
    0x394B, 0x416C, 0x498D, 0x496D, 0x416D, 0x498E, 0x496D, 0xD5B9, 0x72F0, 0x392A, 0xDE19, 0xFF9E,
    0x38F0, 0x30CE, 0x38EF, 0x2089, 0x1866, 0x1846, 0x1847, 0x1846, 0x392B, 0x394B, 0x392B, 0x392A,
    0x1846, 0x2087, 0x394B, 0x394B, 0x392B, 0x416C, 0x496D, 0x390B, 0x7AEF, 0xC516, 0x28C8, 0x416C,
    0x414B, 0x8350, 0xC4F5, 0xEE39, 0xFE9B, 0xFE9B, 0xFE7B, 0xFE7B, 0xFE9B, 0xFE9B, 0xFEBB, 0xFEBB,
    0xFEBB, 0xFEDC, 0xFEDC, 0xFEDC, 0xFEFC, 0xFF1C, 0xFF1C, 0xFF1C, 0xFF1C, 0xFF3D, 0xFF3D, 0xE639,
    0xDDD8, 0xA454, 0x496D, 0x51AE, 0x5A0C, 0xC536, 0x5A0E, 0x51AE, 0x49AD, 0x416C, 0x414C, 0x414C,
    0x416C, 0x496D, 0x496D, 0x496D, 0x496C, 0x51AD, 0xEE9C, 0xAC95, 0x4129, 0xEE9B, 0xFF7E, 0x4938,
    0x38F1, 0x28AB, 0x2889, 0x2068, 0x2087, 0x1846, 0x1846, 0x392B, 0x414C, 0x392B, 0x392B, 0x28A7,
    0x1845, 0x390A, 0x394B, 0x392B, 0x392B, 0x416D, 0x392B, 0x624D, 0xE63A, 0x49AB, 0x392B, 0x496D,
    0x7AF0, 0xD597, 0xE5D8, 0xFEDC, 0xFEBB, 0xFE9B, 0xFE9B, 0xFEBB, 0xFEDB, 0xFEDB, 0xFEDB, 0xFEDC,
    0xFEFC, 0xFEFC, 0xFEFC, 0xFF1C, 0xFF3D, 0xFF1D, 0xFF1D, 0xFF3D, 0xFF5D, 0xFF7E, 0xEEDB, 0xD5F8,
    0xCD98, 0x518E, 0x518E, 0x5A2C, 0xFF1C, 0x93B3, 0x414D, 0x51AE, 0x498D, 0x414C, 0x392B, 0x416C,
    0x496D, 0x414D, 0x496D, 0x416C, 0x59ED, 0xFF3D, 0xC557, 0x4149, 0xEEDC, 0xFF7D, 0x4939, 0x493A,
    0x4115, 0x288A, 0x1847, 0x28A8, 0x2088, 0x1846, 0x390B, 0x414C, 0x392B, 0x390B, 0x28C9, 0x1025,
    0x30E9, 0x414B, 0x392B, 0x414B, 0x416C, 0x414B, 0x59EB, 0xF69B, 0x834F, 0x28C8, 0x498D, 0x622E,
    0xD5B8, 0xD597, 0xFF1C, 0xFEDB, 0xFEBB, 0xFEDB, 0xFEDC, 0xFEDC, 0xFEDC, 0xFEDC, 0xFEFC, 0xFF1C,
    0xFF1C, 0xFF1D, 0xFF3D, 0xFF3D, 0xFF3D, 0xFF3D, 0xFF5D, 0xFF5D, 0xFF7D, 0xFF5D, 0xE65A, 0xDE1A,
    0x51CE, 0x496D, 0x72CE, 0xFF7D, 0xE65A, 0x59ED, 0x51AE, 0x498D, 0x496D, 0x414C, 0x414C, 0x416C,
    0x414D, 0x496D, 0x414B, 0x6A6E, 0xFF9E, 0xBD16, 0x59EB, 0xFF3D, 0xFF7E, 0x4939, 0x4939, 0x493A,
    0x4938, 0x30AF, 0x1845, 0x2088, 0x1846, 0x310A, 0x392C, 0x392C, 0x390B, 0x310A, 0x2066, 0x1866,
    0x394B, 0x394B, 0x414B, 0x416C, 0x498C, 0x30C7, 0xAC52, 0xBD16, 0x30C8, 0x416C, 0x51AD, 0xCD57,
    0xCD77, 0xFEFC, 0xFEFC, 0xFEDC, 0xFEFC, 0xFEFC, 0xFEFC, 0xFEFC, 0xFF1C, 0xFF1C, 0xFF1C, 0xFF3D,
    0xFF3D, 0xFF5D, 0xFF5D, 0xFF5D, 0xFF5D, 0xFF7D, 0xFF7D, 0xFF7E, 0xFF9E, 0xE69B, 0xE65A, 0x5A0E,
    0x414B, 0x9BF2, 0xFF7D, 0xFF1C, 0x7B11, 0x498D, 0x49AD, 0x496D, 0x414C, 0x414B, 0x416C, 0x414D,
    0x496D, 0x392B, 0x7B11, 0xFFFF, 0x9C33, 0x7B30, 0xFFFF, 0xF71C, 0x5139, 0x513A, 0x513A, 0x513A,
    0x515A, 0x38F1, 0x1847, 0x1846, 0x392A, 0x414C, 0x392C, 0x392B, 0x30EA, 0x28C8, 0x1004, 0x30E8,
    0x394B, 0x394B, 0x414C, 0x416C, 0x4129, 0x28A4, 0xA412, 0x498A, 0x394B, 0x414C, 0xB4D5, 0xDDF9,
    0xFEFC, 0xFF1D, 0xFF1C, 0xFF1C, 0xFF1C, 0xFF1C, 0xFF1C, 0xFF1D, 0xFF3D, 0xFF5D, 0xFF5D, 0xFF7D,
    0xFF7D, 0xFF7D, 0xFF7D, 0xFF7D, 0xFF7D, 0xFF9E, 0xFF9E, 0xFFBF, 0xEEDB, 0xDE19, 0x5A2E, 0x414B,
    0xB4D5, 0xFF7E, 0xFF9E, 0x8BB2, 0x496B, 0x49AD, 0x416C, 0x392B, 0x392B, 0x416D, 0x416D, 0x498D,
    0x392A, 0x9C14, 0xFFBF, 0x624D, 0xC577, 0xF75D, 0x5A0F, 0x4939, 0x513A, 0x513A, 0x493B, 0x513B,
    0x513C, 0x4115, 0x2066, 0x392A, 0x412C, 0x392C, 0x394C, 0x30EA, 0x28C8, 0x1845, 0x2086, 0x392B,
    0x392B, 0x414C, 0x414B, 0x6A4E, 0x8B90, 0x4147, 0x498A, 0x414B, 0x414B, 0x93D2, 0xD5F8, 0xF6FC,
    0xFF5D, 0xFF3D, 0xFF5D, 0xFF5D, 0xFF5D, 0xFF5D, 0xFF5D, 0xFF5D, 0xFF7D, 0xFF7D, 0xFF7D, 0xFF7D,
    0xFF7D, 0xFF7E, 0xFF9E, 0xFF9E, 0xFF9E, 0xFF9E, 0xFF9E, 0xF73D, 0xCDB8, 0x5A2E, 0x498C, 0xDE5A,
    0xFFBE, 0xFFBE, 0x93F3, 0x496B, 0x49AD, 0x416C, 0x416C, 0x310A, 0x394B, 0x496D, 0x498C, 0x392A,
    0xC557, 0xCD77, 0x51EA, 0xD619, 0x51D0, 0x38B9, 0x493A, 0x493A, 0x493B, 0x491B, 0x491C, 0x491C,
    0x493C, 0x38F4, 0x390C, 0x392C, 0x392B, 0x394B, 0x310A, 0x28A7, 0x2086, 0x1025, 0x3109, 0x416C,
    0x416C, 0x414B, 0x72AE, 0xD556, 0x936F, 0x59EB, 0x416C, 0x414C, 0x72CF, 0xD5F8, 0xF73C, 0xFF9E,
    0xFF7E, 0xFF7E, 0xFF7D, 0xFF7D, 0xFF7E, 0xFF5D, 0xFF5D, 0xFF7D, 0xFF7D, 0xFF7D, 0xFF7E, 0xFF7E,
    0xFF9E, 0xFF9E, 0xFF9E, 0xFF9E, 0xFF9E, 0xFF9E, 0xFF9E, 0xBD36, 0x49AC, 0x6A6E, 0xFF7E, 0xFF9E,
    0xFFDF, 0xAC95, 0x412C, 0x498E, 0x496D, 0x416C, 0x30E9, 0x390A, 0x496D, 0x416D, 0x498B, 0xC474,
    0x61EA, 0x5A0C, 0x59F3, 0x38BA, 0x493D, 0x491C, 0x493C, 0x491C, 0x411C, 0x411C, 0x411C, 0x411D,
    0x38F4, 0x412E, 0x392C, 0x390B, 0x392B, 0x394B, 0x28C8, 0x28A7, 0x1024, 0x20A7, 0x414B, 0x416B,
    0x392A, 0x7ACE, 0xC4B4, 0xBC73, 0x728D, 0x394B, 0x496C, 0x59EC, 0xCD97, 0xF73D, 0xFF9E, 0xFF9E,
    0xFF9E, 0xFF7E, 0xFF7D, 0xFF7E, 0xFF7D, 0xFF7D, 0xFF9E, 0xFF7E, 0xFF9E, 0xFF9E, 0xFF9E, 0xFF7E,
    0xFF9E, 0xFF9E, 0xFF9E, 0xFF9E, 0xFF7E, 0xFFDF, 0x9C32, 0x3928, 0xA474, 0xFFDF, 0xF75D, 0xFFFF,
    0xBD37, 0x390B, 0x498E, 0x414D, 0x414C, 0x30E9, 0x390A, 0x416C, 0x416C, 0x5A0D, 0x9B2F, 0x8A6B,
    0x30EC, 0x40F9, 0x493D, 0x411C, 0x411A, 0x4119, 0x491D, 0x491E, 0x491D, 0x491D, 0x411C, 0x414F,
    0x496E, 0x390C, 0x390B, 0x28C9, 0x414B, 0x28C9, 0x28A7, 0x1866, 0x1824, 0x3929, 0x414C, 0x392A,
    0x832F, 0xCCF5, 0xCCF5, 0x9390, 0x3929, 0x498D, 0x498B, 0x7B0E, 0xF71C, 0xFFDF, 0xFF7E, 0xFF7E,
    0xFF9E, 0xFF7E, 0xFF9E, 0xFF9E, 0xFF9E, 0xFF9E, 0xFF9E, 0xFF9E, 0xFF9E, 0xFF9E, 0xFF9E, 0xFF7E,
    0xFF9E, 0xFF7E, 0xFF7E, 0xFF7E, 0xFFDF, 0x8391, 0x496A, 0xEEBB, 0xFFFF, 0xFFBF, 0xFFFF, 0xB4F5,
    0x390B, 0x496D, 0x414D, 0x416C, 0x28C9, 0x392A, 0x498C, 0x416C, 0x51CA, 0xB2EE, 0xA2AC, 0x4950,
    0x491D, 0x411C, 0x411D, 0x4118, 0x28AD, 0x30AF, 0x38F3, 0x38D1, 0x38F2, 0x28AE, 0x30EA, 0x4950,
    0x390D, 0x28C9, 0x1845, 0x30E9, 0x310A, 0x28C8, 0x28A8, 0x1024, 0x28E8, 0x416C, 0x392A, 0x8B50,
    0xCD15, 0xCCF4, 0xC515, 0x51CC, 0x416C, 0x498B, 0x622B, 0x9BF1, 0xDE39, 0xFFDF, 0xFFDF, 0xFF7E,
    0xFF7E, 0xFF9E, 0xFF9E, 0xFF9E, 0xFF9E, 0xFF9E, 0xFF9E, 0xFF9E, 0xFF9E, 0xFF9E, 0xFF9E, 0xFF7E,
    0xFFBE, 0xFFBF, 0xFFBF, 0xFFFF, 0x6AAD, 0x7B10, 0xF73D, 0xDE19, 0xCD15, 0xDC73, 0x928C, 0x310A,
    0x496D, 0x496D, 0x416D, 0x28C9, 0x392B, 0x416D, 0x416B, 0xAACD, 0xDB90, 0x928B, 0x8230, 0x40FC,
    0x491D, 0x411D, 0x412E, 0x392B, 0x30E8, 0x28C9, 0x28A8, 0x2086, 0x1845, 0x2889, 0x5192, 0x412D,
    0x2087, 0x1865, 0x1025, 0x30E9, 0x28C8, 0x30E9, 0x2087, 0x28A8, 0x416C, 0x310A, 0x9BB1, 0xCD15,
    0xC4D4, 0xD556, 0x8B50, 0x416B, 0x496B, 0x72AE, 0xBCD4, 0x938F, 0xA432, 0xE67A, 0xFFDF, 0xFFDF,
    0xFF9E, 0xFF9E, 0xFF9E, 0xFF9E, 0xFF9E, 0xFF9E, 0xFF9E, 0xFF9E, 0xFF9E, 0xFF9E, 0xFFBF, 0xCDB7,
    0x836F, 0x836F, 0x93F1, 0x61EA, 0xA2CD, 0xBB0E, 0xC2EE, 0xDB4F, 0xFC12, 0xAACE, 0x28EA, 0x496D,
    0x416C, 0x416C, 0x30EA, 0x414D, 0x392C, 0x826D, 0xEBF1, 0xBB0E, 0xB30D, 0xAB11, 0x38FB, 0x491D,
    0x411C, 0x30EA, 0x28A9, 0x2088, 0x2087, 0x1845, 0x1866, 0x1865, 0x2068, 0x5974, 0x38ED, 0x1845,
    0x30E7, 0x49A9, 0x28C7, 0x30E9, 0x30E9, 0x28C8, 0x28A8, 0x414B, 0x414B, 0xAC33, 0xC4F4, 0xC4D4,
    0xCD35, 0xAC33, 0x496B, 0x414B, 0x6A6E, 0xCD36, 0xCD35, 0xB452, 0x8B2E, 0x9C32, 0xDE9A, 0xFFDF,
    0xFFDF, 0xFF9E, 0xFF7E, 0xFF9E, 0xFF9E, 0xFF9E, 0xFF9E, 0xFF9E, 0xFF9E, 0xFFBE, 0xEEFC, 0xD619,
    0xE6BB, 0x6A8C, 0x6A6C, 0xA32E, 0xA2AD, 0xAAED, 0xBB4F, 0xD3D1, 0x8A6D, 0x30EA, 0x414C, 0x416C,
    0x416C, 0x390B, 0x414C, 0x49AC, 0xCBB1, 0xE3D1, 0xBB30, 0xC38F, 0x7A33, 0x40FE, 0x491D, 0x411D,
    0x2068, 0x1044, 0x0802, 0x0801, 0x0000, 0x0000, 0x0000, 0x2088, 0x5956, 0x412D, 0x830E, 0xB432,
    0xBCB4, 0x28E6, 0x28A8, 0x30EA, 0x30E9, 0x30E9, 0x416B, 0x30E8, 0x9BD1, 0xC4D4, 0xC4D5, 0xCCF5,
    0xC4D5, 0x51CB, 0x392B, 0x6A8D, 0xCD36, 0xC4F5, 0xCD15, 0xD4F5, 0xB432, 0x834E, 0x9C31, 0xDE5A,
    0xFF7E, 0xFFDF, 0xFFBE, 0xFF7E, 0xFF9E, 0xFF9E, 0xFF9E, 0xFF9E, 0xFF9E, 0xFF9E, 0xFFFF, 0xDE3A,
    0x626C, 0xF71D, 0xFEBB, 0xEE19, 0xDD77, 0xCCF5, 0xD556, 0x6A8D, 0x30EB, 0x394B, 0x414C, 0x394B,
    0x392B, 0x394C, 0x3929, 0x8A4B, 0x8A6C, 0x61EA, 0x28C4, 0x2889, 0x4131, 0x4113, 0x4939, 0x0000,
    0x0000, 0x0000, 0x0000, 0x0801, 0x3127, 0x28A6, 0x30CA, 0x5135, 0x6210, 0xCD15, 0xC4B3, 0xCD15,
    0x624B, 0x2066, 0x310A, 0x30E9, 0x310A, 0x416C, 0x1024, 0x51A9, 0xC4F5, 0xC4D4, 0xC4F4, 0xCD36,
    0x6A6D, 0x390A, 0x622C, 0xC4F5, 0xCD15, 0xCCF5, 0xD4D5, 0xD515, 0xCD15, 0xB452, 0x938F, 0x9C11,
    0xCDB7, 0xF75D, 0xFFFF, 0xFFBF, 0xFF7E, 0xFF7E, 0xFF9E, 0xFF7E, 0xFFBF, 0xF77D, 0x6AAE, 0xCDF8,
    0xFFBE, 0xFF7D, 0xFF3D, 0xFE9B, 0xFE7A, 0xFEBB, 0x6A8D, 0x30EA, 0x392B, 0x394B, 0x392B, 0x394B,
    0x310A, 0x626D, 0x3967, 0x0001, 0x0000, 0x0000, 0x1023, 0x2085, 0x1865, 0x1866, 0x0822, 0x28C6,
    0x49AA, 0x7AD2, 0xB459, 0xA3F7, 0x310A, 0x390B, 0x6176, 0x8313, 0xCCF4, 0xC4B4, 0xCD15, 0x938F,
    0x20A6, 0x3109, 0x28C9, 0x310A, 0x392B, 0x1023, 0x2085, 0x830E, 0xCD15, 0xC4D4, 0xD536, 0x8B50,
    0x390A, 0x498A, 0xBCB4, 0xCD15, 0xCCF5, 0xCD15, 0xCCF5, 0xCCD4, 0xCD15, 0xD515, 0xC4B4, 0x9BB0,
    0x8B6F, 0xACF4, 0xE6DB, 0xFFFF, 0xFFFF, 0xFF9E, 0xFFBE, 0xFFDF, 0x7B4E, 0xC576, 0xFFDF, 0xFF7E,
    0xFF9E, 0xFF7E, 0xF6FC, 0xF69B, 0xDDD8, 0x416A, 0x30EA, 0x392B, 0x392B, 0x394B, 0x310A, 0x622D,
    0xDD77, 0x8B6F, 0x8310, 0x6A70, 0x3928, 0x1042, 0x0000, 0x0000, 0x0000, 0xAC1A, 0xC49D, 0xCCFF,
    0xDD3D, 0xC4F9, 0x416B, 0x2067, 0x624E, 0x69D6, 0x9B93, 0xCD14, 0xC4B4, 0xC4D4, 0xB473, 0x3928,
    0x28C8, 0x28A8, 0x390B, 0x310A, 0x0801, 0x1043, 0x28C5, 0x9B90, 0xD515, 0xCD15, 0x9BD2, 0x392A,
    0x3908, 0xA411, 0xD536, 0xCCF5, 0xCCF5, 0xCCF5, 0xCCF5, 0xCCF5, 0xCCD5, 0xCCF5, 0xD535, 0xC4D4,
    0xA3F1, 0x834E, 0x9431, 0xCE18, 0xFFFF, 0xFF9E, 0x8BB0, 0xC597, 0xFFFF, 0xFF7E, 0xFF9E, 0xFF9E,
    0xFF9E, 0xFF7D, 0xFF5D, 0xC536, 0x28C8, 0x392B, 0x392A, 0x392B, 0x392B, 0x392A, 0xBCB6, 0x9BD1,
    0x8B4F, 0xCD38, 0xCCFB, 0xCCDD, 0xB43A, 0x8B33, 0x5A0D, 0x3929, 0xCCDD, 0xC4BC, 0xBC9B, 0xAC36,
    0x5A2D, 0x1867, 0x3948, 0xAC55, 0x5993, 0xAC34, 0xCD14, 0xC4D4, 0xC4D4, 0xC4F5, 0x51CB, 0x28C9,
    0x2088, 0x392A, 0x1866, 0x0000, 0x0000, 0x0000, 0x1883, 0xA3D1, 0xD536, 0xB473, 0x4169, 0x49AA,
    0x8B2F, 0xD556, 0xCCD4, 0xCCF5, 0xCCF5, 0xCCF5, 0xCCF5, 0xCCF5, 0xCCF5, 0xCCD4, 0xCCF5, 0xD535,
    0xD536, 0xBC52, 0x8B0E, 0x6ACC, 0x72ED, 0xC557, 0xFFFF, 0xFFBE, 0xFF9E, 0xFF7E, 0xFF7E, 0xFF9E,
    0xFF9E, 0xFFFF, 0xC557, 0x38E9, 0x394B, 0x390A, 0x392B, 0x28C9, 0x8351, 0xB4B5, 0x7ACD, 0xBCD5,
    0xBCB4, 0xBCB3, 0xBCB6, 0xC49B, 0xCCDE, 0xCCFF, 0xCCDE, 0x414C, 0x498C, 0x498B, 0x28A7, 0x28C8,
    0x1866, 0x830F, 0xAC32, 0x414C, 0xB474, 0xCCF4, 0xC4D4, 0xC4D4, 0xCD15, 0x6A6D, 0x30E9, 0x30E9,
    0x392B, 0x1845, 0x0000, 0x0000, 0x0000, 0x0000, 0x1842, 0xA3D1, 0xCD16, 0x4149, 0x832F, 0x830E,
    0xC4B4, 0xCCF5, 0xCCF5, 0xCCF5, 0xCCF5, 0xCCF5, 0xCCF5, 0xCCF5, 0xCCF5, 0xD515, 0xCCF5, 0xC4B4,
    0xB452, 0x8B2F, 0x59AA, 0x6A4B, 0x72AC, 0x8BB0, 0xCDF8, 0xFF7D, 0xFFFF, 0xFFFF, 0xFFFF, 0xFFDF,
    0xFFDF, 0x8390, 0x416B, 0x310A, 0x392B, 0x310A, 0x51ED, 0xAC75, 0x7AEE, 0xBC94, 0xBCD4, 0xBCB4,
    0xBCB4, 0xBCB4, 0xBCB4, 0xBCB8, 0xC4BB, 0xC4BC, 0x624D, 0x394A, 0x2066, 0x28C8, 0x30E9, 0x3928,
    0xC4D5, 0x8B4F, 0x416A, 0xBCB5, 0xC4F4, 0xC4D4, 0xC4D4, 0xCD15, 0x8B50, 0x30EA, 0x3109, 0x310B,
    0x1865, 0x5A2A, 0x0801, 0x0000, 0x0021, 0x0000, 0x1863, 0x626C, 0x3908, 0x9BD1, 0xDD76, 0xCCD4,
    0xCCD4, 0xCCD4, 0xCCD4, 0xC4D4, 0xCCD4, 0xCCF5, 0xCCF5, 0xBC73, 0xABF1, 0x9B6F, 0x8ACD, 0x932E,
    0x9B6F, 0xA34F, 0xAB90, 0x9B70, 0x6A2B, 0x2885, 0x3948, 0x730F, 0xAD15, 0xD619, 0xEF5D, 0xCDB7,
    0x7AEF, 0x416B, 0x390A, 0x394B, 0x498B, 0x9392, 0x830F, 0xB453, 0xCCF4, 0xC4D4, 0xC4D4, 0xBCB4,
    0xBCB4, 0xBCB4, 0xBCD4, 0xC4D5, 0xC4F7, 0x7AEE, 0x51A9, 0x624D, 0x416C, 0x28C9, 0x7B0F, 0xD557,
    0x72AD, 0x416A, 0xB494, 0xCD15, 0xC4D4, 0xC4D4, 0xCCF4, 0xA3F2, 0x30E8, 0x3109, 0x30EA, 0x20A6,
    0xB473, 0x5A2A, 0x0000, 0x0000, 0x0000, 0x0000, 0x0802, 0x30E8, 0x51CA, 0x938F, 0xBC93, 0xCD15,
    0xCD36, 0xD536, 0xD536, 0xCD15, 0xD535, 0xD515, 0xCCF5, 0xC4B4, 0xCCD4, 0xCCF5, 0xC4D4, 0xB412,
    0x9B6F, 0x82CD, 0x49A9, 0x20A6, 0x2087, 0x2067, 0x1026, 0x3907, 0x6A6C, 0x8B90, 0x51EA, 0x49AB,
    0x310A, 0x392B, 0x310A, 0x624C, 0x9BB0, 0xBCB4, 0xC4F5, 0xC4D4, 0xC4D4, 0xC4D4, 0xC4D4, 0xC4D4,
    0xC4D4, 0xC4D4, 0xC4B3, 0xC4D3, 0x728C, 0xAC54, 0x72AF, 0x30EB, 0x51AD, 0xB4B4, 0xC4F5, 0x624C,
    0x5A2E, 0xAC33, 0xCD15, 0xC4D4, 0xC4D4, 0xC4F4, 0xAC54, 0x416A, 0x414A, 0x28C8, 0x49AA, 0xB494,
    0xA413, 0x8350, 0x7B2E, 0x41C8, 0x0821, 0x1042, 0x3929, 0x0801, 0x0000, 0x20A4, 0x4988, 0x6A8C,
    0x832E, 0x9390, 0xA3F2, 0xB473, 0xBC94, 0xBCB4, 0xBCB4, 0xB473, 0x8B6F, 0x6A6B, 0x51C9, 0x3907,
    0x2086, 0x1846, 0x2068, 0x2889, 0x28CA, 0x3908, 0x9BB0, 0xAC12, 0x8B91, 0x3909, 0x3109, 0x28E9,
    0x28C9, 0x622D, 0xA3F2, 0xCCD5, 0xC4D4, 0xBCB4, 0xC4D4, 0xC4D4, 0xC4D4, 0xC4D4, 0xC4D4, 0xC4D4,
    0xC4D4, 0xC4D4, 0xC4D4, 0xDDB8, 0x8B50, 0x3908, 0x392A, 0x7AF0, 0xD536, 0xBC93, 0x51AA, 0x7B10,
    0x9390, 0xD536, 0xC4F5, 0xC4D4, 0xC4D4, 0xBCB4, 0x51CC, 0x392A, 0x28C7, 0x5A0C, 0xBCD5, 0xC4F6,
    0xB494, 0x9C12, 0xEE7B, 0xCD97, 0x2905, 0x20A4, 0x0821, 0x0000, 0x0000, 0x0000, 0x0000, 0x0801,
    0x0801, 0x1043, 0x2085, 0x20A5, 0x20A6, 0x28A7, 0x2086, 0x1845, 0x1845, 0x1825, 0x2067, 0x2089,
    0x28A9, 0x28A9, 0x28CA, 0x28C8, 0x9390, 0xA3D1, 0x59C9, 0x28C8, 0x30E9, 0x30E9, 0x28A8, 0x6A8E,
    0xC4F4, 0xC4F4, 0xC4D4, 0xC4D4, 0xC4D4, 0xC4D4, 0xC4D4, 0xC4D4, 0xC4D4, 0xC4D4, 0xC4D4, 0xC4D4,
    0xC4D4, 0xC4D4, 0x8B50, 0x30E7, 0x49AA, 0x5A0B, 0x9BD1, 0xD556, 0xAC53, 0x4169, 0x9392, 0x832F,
    0xBCD5, 0xCD15, 0xC4D4, 0xC4D4, 0xC4D4, 0x59CC, 0x30EB, 0x28A9, 0x8351, 0xBCD5, 0x936F, 0xABF1,
    0x6A6B, 0x51C9, 0xC557, 0x41A8, 0x0821, 0x0000, 0x0000, 0x0000, 0x0000, 0x0000, 0x0000, 0x0000,
    0x0000, 0x0000, 0x0001, 0x1003, 0x1825, 0x1846, 0x1866, 0x2066, 0x2087, 0x28A9, 0x2089, 0x28A9,
    0x28CA, 0x2087, 0x51C9, 0x830E, 0x4149, 0x28C7, 0x30E9, 0x28C9, 0x28A7, 0x832F, 0xCD16, 0xC4D4,
    0xC4D4, 0xC4D4, 0xC4D4, 0xC4D4, 0xC4D4, 0xC4D4, 0xC4D4, 0xC4D4, 0xC4D4, 0xC4D4, 0xC4D4, 0xC4D4,
    0xC4D4, 0x30A6, 0x622B, 0xB4B5, 0x626C, 0xA3F1, 0xD556, 0xAC53, 0x3929, 0x9BD3, 0x9370, 0x9370,
    0xD556, 0xC4D4, 0xC4F4, 0xCCF5, 0x622C, 0x28C9, 0x310A, 0xA434, 0x9BF2, 0xC493, 0xC493, 0xCCD4,
    0x830E, 0x30E7, 0x5A2B, 0x730D, 0x0000, 0x0000, 0x0000, 0x0000, 0x0000, 0x0000, 0x0000, 0x0000,
    0x0000, 0x0000, 0x0802, 0x1845, 0x1845, 0x1845, 0x1846, 0x1867, 0x2088, 0x28A9, 0x28A9, 0x2087,
    0x622A, 0xA3B0, 0x7ACE, 0x28C9, 0x30EA, 0x28A8, 0x416A, 0x93B0, 0xCD15, 0xC4D4, 0xC4D4, 0xC4D4,
    0xC4D4, 0xC4D4, 0xC4D4, 0xC4D4, 0xC4D4, 0xC4D4, 0xC4D4, 0xC4D4, 0xC4D4, 0xC4D4, 0xC4D4, 0xC4D4,
    0x7AED, 0xCD17, 0xD537, 0xC4D4, 0xC4D4, 0xD535, 0xA433, 0x390A, 0x9392, 0xC4F5, 0x6A4B, 0xBCB4,
    0xCD15, 0xCCF4, 0xCCF5, 0x620B, 0x28C9, 0x414A, 0xAC33, 0xAC12, 0xC493, 0xBC73, 0xBC93, 0xBC73,
    0x5188, 0xBCF5, 0xCD98, 0x0000, 0x0000, 0x0000, 0x0000, 0x0000, 0x0000, 0x0000, 0x0000, 0x0000,
    0x0000, 0x0001, 0x0803, 0x1025, 0x1846, 0x1866, 0x1846, 0x1847, 0x1846, 0x30E7, 0x936F, 0xD535,
    0x9BB0, 0x498A, 0x28A8, 0x28C7, 0x622B, 0xB432, 0xCCF4, 0xC4D4, 0xC4D4, 0xC4D4, 0xC4D4, 0xC4D4,
    0xC4D4, 0xC4D4, 0xC4D4, 0xC4D4, 0xC4D4, 0xC4D4, 0xC4D4, 0xC4D4, 0xC4D4, 0xC4D4, 0xC4D4, 0xEE5A,
    0xD536, 0xCCF5, 0xCD15, 0xCCF5, 0xCD35, 0xA412, 0x390A, 0x7AF0, 0xD577, 0x934F, 0x728C, 0xCD36,
    0xC4F4, 0xC4D5, 0x51CB, 0x3909, 0x498A, 0xB474, 0xAC12, 0xC4B3, 0xBC73, 0xB432, 0x9B6F, 0x9B6F,
    0xD598, 0xC536, 0x5A29, 0x2904, 0x0000, 0x0000, 0x0000, 0x0000, 0x0000, 0x0000, 0x0000, 0x0000,
    0x0000, 0x0001, 0x1023, 0x1004, 0x0804, 0x1004, 0x3107, 0x7B0E, 0xAC73, 0xAC12, 0x6A4D, 0x28C8,
    0x2068, 0x416A, 0x8B4F, 0xCD15, 0xC4D4, 0xC4B4, 0xC4F4, 0xC4D4, 0xC4D4, 0xC4D4, 0xC4D4, 0xC4D4,
    0xC4D4, 0xC4D4, 0xC4D4, 0xC4D4, 0xC4D4, 0xC4D4, 0xC4D4, 0xC4D4, 0xC4D4, 0xC4D4, 0xFF3D, 0xE619,
    0xC4F5, 0xC4F5, 0xC4F5, 0xC515, 0xB494, 0x390A, 0x6A8E, 0xCD36, 0xCD16, 0x830E, 0x8B4F, 0xD536,
    0xB494, 0x416A, 0x3929, 0x49AA, 0xCD58, 0xA3F1, 0xBC52, 0xBC52, 0xB411, 0xBC73, 0xB411, 0xC4D5,
    0xAC74, 0xBC73, 0xCD15, 0x9BF0, 0x626A, 0x2904, 0x1062, 0x0000, 0x0000, 0x0000, 0x0000, 0x0000,
    0x0000, 0x0822, 0x2905, 0x6A6B, 0x93B0, 0xC4D4, 0xABF1, 0x4988, 0x2066, 0x2087, 0x4149, 0x830F,
    0xB474, 0xC4F5, 0xC4D4, 0xC4D4, 0xC4D4, 0xC4D4, 0xC4D4, 0xC4D4, 0xC4D4, 0xC4D4, 0xC4D4, 0xC4D4,
    0xC4D4, 0xC4D4, 0xC4D4, 0xC4D4, 0xC4D4, 0xC4D4, 0xC4D4, 0xC4D4, 0xC4D4, 0xFF9E, 0xFF9E, 0xEE9B,
    0xCD36, 0xCD15, 0xCCF5, 0xCD36, 0x624D, 0x59EB, 0xC515, 0xC4F5, 0xCD15, 0x8B2E, 0xA3F1, 0x93B1,
    0x3908, 0x622D, 0x832F, 0xAC73, 0xC4F5, 0x9B6F, 0xC493, 0xC493, 0xBC73, 0xA3D1, 0xC516, 0xA433,
    0xBC93, 0xCCF5, 0xD536, 0xDD97, 0xCD56, 0xBCD4, 0xAC52, 0x938F, 0x7B2D, 0x6ACB, 0x72EC, 0x8B8F,
    0xAC52, 0xA3F1, 0x8B4F, 0x830F, 0x728C, 0x4968, 0x28A6, 0x498A, 0x82EE, 0xBC93, 0xCD15, 0xBCB4,
    0xC4D4, 0xC4D4, 0xC4D4, 0xC4D4, 0xC4D4, 0xC4D4, 0xC4D4, 0xC4D4, 0xC4D4, 0xC4D4, 0xC4D4, 0xC4D4,
    0xC4D4, 0xC4D4, 0xC4D4, 0xC4D4, 0xC4D4, 0xC4D4, 0xC4D4, 0xC4D4,
};

// Image: reze_frame_004.png
const uint16_t reze_frame_004[4544] PROGMEM = {
    0x28C8, 0x28C9, 0x390A, 0x394B, 0x392A, 0x414B, 0x392B, 0x392B, 0x416C, 0x496D, 0x414D, 0x416C,
    0x496B, 0xAC94, 0x9C13, 0x72AF, 0x622D, 0x59ED, 0x5A0D, 0x624E, 0x72B0, 0x624F, 0x310A, 0x392B,
    0x412C, 0x390B, 0x412C, 0x412D, 0x412D, 0x412D, 0x414E, 0x4950, 0x5972, 0x79B9, 0x9A5F, 0x8A1D,
    0x81FC, 0x79DA, 0x6174, 0x6996, 0x8A1D, 0x8A1D, 0x923E, 0x923F, 0x923E, 0x6175, 0x71B7, 0x81FC,
    0x6175, 0x6996, 0x6996, 0x6175, 0x6995, 0x5972, 0x69F3, 0xE67B, 0xEEBB, 0xFF9F, 0xD597, 0x516E,
    0x5151, 0x5150, 0x4930, 0x5150, 0x4950, 0x516F, 0x494E, 0x412D, 0x496E, 0x496E, 0x496F, 0x30E9,
    0x30E9, 0x392B, 0x414B, 0x394B, 0x416C, 0x392B, 0x392B, 0x416D, 0x496E, 0x414D, 0x414B, 0x9BD2,
    0xFF1D, 0xFF3D, 0xFEFD, 0xEE7B, 0xC557, 0xAC74, 0xA434, 0x9BD3, 0x6A6F, 0x28C9, 0x414C, 0x414D,
    0x390B, 0x392C, 0x414D, 0x414D, 0x414D, 0x414D, 0x4950, 0x5972, 0x7197, 0x921D, 0x79DA, 0x6997,
    0x6174, 0x5952, 0x5972, 0x81FB, 0x921D, 0x923E, 0x923E, 0x79DA, 0x6174, 0x6996, 0x7197, 0x5952,
    0x5972, 0x5973, 0x5952, 0x5992, 0x6211, 0x9BF5, 0xFF7D, 0xEEDB, 0xFFBF, 0xEE7B, 0x620F, 0x5150,
    0x4930, 0x4930, 0x5170, 0x4950, 0x516F, 0x414E, 0x414D, 0x496E, 0x496F, 0x496F, 0x30E9, 0x30EA,
    0x390A, 0x394B, 0x394B, 0x416C, 0x392B, 0x414B, 0x416C, 0x414D, 0x310B, 0x6A8E, 0xE5F9, 0xE5F9,
    0xEE19, 0xF65A, 0xFEBB, 0xFF1D, 0xFF3D, 0xFF1D, 0xFF3D, 0xBD16, 0x30EB, 0x518E, 0x496E, 0x392C,
    0x392C, 0x416D, 0x414D, 0x414D, 0x414D, 0x4930, 0x5172, 0x6174, 0x6997, 0x5151, 0x5151, 0x5171,
    0x5151, 0x5151, 0x71B8, 0x79DA, 0x79DA, 0x79DA, 0x6175, 0x6174, 0x6174, 0x5972, 0x5151, 0x5151,
    0x5972, 0x4930, 0x7292, 0x7291, 0xD63A, 0xF73D, 0xEEDB, 0xFF9E, 0xFF3D, 0x72B0, 0x494F, 0x5170,
    0x494F, 0x5170, 0x5170, 0x518F, 0x414D, 0x414C, 0x496E, 0x516F, 0x516F, 0x30E9, 0x30E9, 0x392A,
    0x394B, 0x414B, 0x416C, 0x390B, 0x414B, 0x498D, 0x310A, 0x498C, 0xBCF6, 0xDD98, 0xD556, 0xDD77,
    0xE5B8, 0xEDF9, 0xEE19, 0xF63A, 0xF67B, 0xFEFC, 0xCD98, 0x414C, 0x498E, 0x496D, 0x392B, 0x392C,
    0x414D, 0x414D, 0x414D, 0x414D, 0x4930, 0x5153, 0x5150, 0x5972, 0x4950, 0x494F, 0x5170, 0x5151,
    0x5151, 0x6996, 0x71B8, 0x6996, 0x6175, 0x6174, 0x6174, 0x5953, 0x5151, 0x5151, 0x5150, 0x5151,
    0x5171, 0x93B3, 0x8332, 0xFFBF, 0xE69A, 0xFF7D, 0xFFBE, 0xFFFF, 0xA435, 0x494F, 0x516F, 0x494F,
    0x5170, 0x516F, 0x518F, 0x414D, 0x414D, 0x496E, 0x496E, 0x516F, 0x30E9, 0x3109, 0x392B, 0x414C,
    0x414C, 0x414C, 0x392B, 0x392B, 0x392B, 0x3909, 0x9391, 0xE5B8, 0xE557, 0xE577, 0xE597, 0xE5B8,
    0xE5D8, 0xE5F8, 0xEDF9, 0xEE19, 0xF65A, 0xDDB8, 0x51AC, 0x496D, 0x414D, 0x392C, 0x392C, 0x414D,
    0x414D, 0x414C, 0x414C, 0x494F, 0x5151, 0x494F, 0x5170, 0x5171, 0x4950, 0x5170, 0x5151, 0x5151,
    0x6995, 0x6996, 0x6174, 0x6173, 0x5973, 0x5973, 0x5151, 0x5151, 0x5151, 0x5151, 0x5150, 0x518F,
    0x49AC, 0x6A8F, 0x9C34, 0x8B71, 0xA435, 0x9C14, 0xACB6, 0x8B92, 0x414D, 0x414D, 0x494E, 0x516F,
    0x518F, 0x518E, 0x414D, 0x414D, 0x496E, 0x496E, 0x496E, 0x310A, 0x310A, 0x394B, 0x392B, 0x416C,
    0x414C, 0x414B, 0x30E9, 0x28C9, 0x5A0C, 0xCD37, 0xE598, 0xE577, 0xEDB8, 0xEDB8, 0xEDD8, 0xEE19,
    0xEE19, 0xEDF9, 0xE5B8, 0xE5D8, 0xDDB8, 0x622E, 0x414C, 0x414C, 0x390B, 0x392C, 0x414D, 0x414D,
    0x414D, 0x414D, 0x494E, 0x5150, 0x494E, 0x494F, 0x5170, 0x494F, 0x5170, 0x5151, 0x5150, 0x5973,
    0x6175, 0x5973, 0x5151, 0x5952, 0x5952, 0x5151, 0x5151, 0x5151, 0x5171, 0x494E, 0x498D, 0x392A,
    0x9BD4, 0x9392, 0x8331, 0x8B52, 0x72B0, 0x72B0, 0x5A0D, 0x414B, 0x412C, 0x412D, 0x496E, 0x498E,
    0x498E, 0x414C, 0x414C, 0x496D, 0x496E, 0x498E, 0x30EA, 0x392B, 0x392B, 0x392B, 0x416C, 0x414C,
    0x392B, 0x28C9, 0x394A, 0xB475, 0xEDD9, 0xE577, 0xDD36, 0xDD36, 0xDD15, 0xD536, 0xDD77, 0xE5D8,
    0xF67A, 0xF6FC, 0xEE9B, 0xE5F9, 0x7B0F, 0x414B, 0x416C, 0x310B, 0x392B, 0x414D, 0x496E, 0x414D,
    0x414D, 0x414E, 0x4970, 0x494F, 0x494F, 0x4950, 0x494F, 0x516F, 0x5150, 0x5151, 0x5972, 0x6174,
    0x5952, 0x5150, 0x5972, 0x5972, 0x5151, 0x5951, 0x5151, 0x516F, 0x498E, 0x51CD, 0x8B70, 0xEE9C,
    0xC4F6, 0xE5D9, 0xEE1A, 0xE5F9, 0xDDB8, 0xD5B8, 0x624C, 0x412B, 0x414D, 0x496F, 0x516F, 0x414D,
    0x30EB, 0x412C, 0x496D, 0x496D, 0x498E, 0x310A, 0x392B, 0x392B, 0x392B, 0x416C, 0x392B, 0x30EA,
    0x30E9, 0x498A, 0xB495, 0xAC12, 0xA3D1, 0xD536, 0xCCB4, 0xDD77, 0xF619, 0xF65A, 0xEE5A, 0xEE9B,
    0xE67A, 0xE639, 0xE5B7, 0xA3F2, 0x416B, 0x416B, 0x30EA, 0x392C, 0x412D, 0x496E, 0x414C, 0x414D,
    0x414D, 0x494F, 0x494E, 0x494E, 0x494F, 0x494F, 0x516F, 0x5150, 0x5171, 0x5151, 0x5972, 0x5151,
    0x5150, 0x5151, 0x5151, 0x5171, 0x5150, 0x5170, 0x496F, 0x51CE, 0x51EC, 0xD597, 0xF67A, 0xC4D4,
    0xFE5A, 0xFE7B, 0xF65A, 0xF65A, 0xF6BB, 0x93D1, 0x392A, 0x496E, 0x518F, 0x518F, 0x414D, 0x30EA,
    0x414C, 0x416C, 0x414D, 0x416D, 0x392A, 0x392A, 0x394B, 0x390B, 0x414C, 0x28E9, 0x28C9, 0x49AB,
    0x830E, 0x49A8, 0x7B0E, 0x620A, 0x8B2E, 0xAC12, 0x9B90, 0xDD57, 0xDD97, 0xEE7A, 0xFF1C, 0xF67A,
    0xDD77, 0xBC52, 0x9B70, 0x51CC, 0x394B, 0x310A, 0x414C, 0x392C, 0x498D, 0x414C, 0x416D, 0x414D,
    0x414E, 0x414E, 0x414E, 0x494F, 0x494F, 0x516F, 0x494F, 0x5171, 0x5150, 0x5150, 0x5170, 0x5150,
    0x5150, 0x5171, 0x5971, 0x5170, 0x516F, 0x496E, 0x51ED, 0x72EF, 0xFEBB, 0xE5D8, 0xCD15, 0xEE19,
    0xEDF9, 0xEDF9, 0xEDF9, 0xF65A, 0xBCF5, 0x498C, 0x496D, 0x51AE, 0x498E, 0x51CE, 0x418C, 0x392B,
    0x416C, 0x414C, 0x414D, 0x392A, 0x392B, 0x392B, 0x392B, 0x394B, 0x20A7, 0x20A7, 0x3949, 0x7B0F,
    0x28C5, 0x2083, 0x3906, 0x1863, 0x626B, 0x4167, 0xCD36, 0xD536, 0xB4B4, 0xCD77, 0xCD56, 0xF63A,
    0xF619, 0xB412, 0x49AB, 0x392B, 0x416B, 0x416C, 0x412D, 0x498E, 0x414C, 0x414D, 0x416D, 0x414D,
    0x414D, 0x414D, 0x494E, 0x494F, 0x516F, 0x496F, 0x5170, 0x494F, 0x5170, 0x5170, 0x5150, 0x5150,
    0x5170, 0x5171, 0x5170, 0x494F, 0x59EF, 0x5A0D, 0xAC74, 0xF67B, 0xCD36, 0xDD77, 0xEDF8, 0xEDF9,
    0xEDF9, 0xEDF9, 0xEE19, 0xE5F9, 0x59EC, 0x414C, 0x51AE, 0x496E, 0x6230, 0x51CD, 0x390A, 0x414B,
    0x414B, 0x414C, 0x392B, 0x392B, 0x310A, 0x414C, 0x390A, 0x2087, 0x1865, 0x0802, 0x0002, 0x1043,
    0x0802, 0x0001, 0x0000, 0x0000, 0x0000, 0x3146, 0xAC93, 0x93B0, 0xEE9B, 0xE619, 0xCD15, 0xC494,
    0xD516, 0x6A8E, 0x392B, 0x51ED, 0x416B, 0x392C, 0x496E, 0x414D, 0x414D, 0x414D, 0x414D, 0x414D,
    0x414D, 0x414D, 0x496E, 0x496F, 0x496E, 0x516F, 0x494E, 0x494F, 0x514F, 0x5150, 0x5150, 0x5170,
    0x5150, 0x5170, 0x494D, 0x6A90, 0x728E, 0xC516, 0xDDB8, 0xCCF5, 0xE5D8, 0xEDF8, 0xEDF9, 0xEE19,
    0xEE19, 0xEE19, 0xEE3A, 0x7AEF, 0x390B, 0x51AE, 0x494E, 0x624F, 0x5A0D, 0x30EA, 0x416C, 0x416B,
    0x414C, 0x310A, 0x390A, 0x30EA, 0x30EA, 0x2087, 0x1866, 0x1044, 0x1023, 0x28C5, 0x3947, 0x4188,
    0x51E9, 0x51E9, 0x28E4, 0x0801, 0x0000, 0x1022, 0x3927, 0x7B2F, 0xEE7B, 0xFEBC, 0xCCD5, 0xABF1,
    0x7B10, 0x310A, 0x51CC, 0x416C, 0x392B, 0x496D, 0x414D, 0x414D, 0x414D, 0x414D, 0x414D, 0x414D,
    0x414D, 0x496E, 0x496E, 0x496E, 0x516F, 0x494E, 0x496F, 0x516F, 0x516F, 0x516F, 0x5170, 0x5170,
    0x5150, 0x518E, 0x7AF1, 0x830F, 0xD597, 0xD556, 0xD536, 0xEDF9, 0xDDB7, 0xDDB8, 0xDD97, 0xDDB7,
    0xDDD8, 0xE5B8, 0xAC53, 0x390B, 0x51AE, 0x494E, 0x6A6F, 0x624E, 0x28A9, 0x414B, 0x416C, 0x392B,
    0x30E9, 0x30E9, 0x30E9, 0x390A, 0x2087, 0x1023, 0x0802, 0x28C4, 0x832E, 0xBCF5, 0xE5F9, 0xF69B,
    0xFEDC, 0x838E, 0x5366, 0x6428, 0x3205, 0x0822, 0x1824, 0x4988, 0xA432, 0xE5B8, 0xD516, 0x7ACE,
    0x390B, 0x30E9, 0x414B, 0x392C, 0x496D, 0x414D, 0x412C, 0x416D, 0x414C, 0x414C, 0x414D, 0x414D,
    0x496E, 0x496E, 0x496E, 0x516F, 0x494E, 0x494E, 0x516F, 0x516F, 0x516F, 0x5170, 0x5170, 0x492F,
    0x6A50, 0x8310, 0x9BD2, 0xDD97, 0xC4D4, 0xCD35, 0xDD97, 0xDD97, 0xDD97, 0xE5D8, 0xDD97, 0xCD15,
    0xCCF5, 0x9BB0, 0x392A, 0x51AE, 0x414D, 0x7AF1, 0x6AAF, 0x2088, 0x414B, 0x416C, 0x310A, 0x310A,
    0x30EA, 0x30EA, 0x498C, 0x30E8, 0x1022, 0x0801, 0x5A2A, 0xD598, 0xF6BC, 0xFEFC, 0xFF1C, 0xF69C,
    0x734C, 0x8609, 0x9EEB, 0x8DEA, 0x74A9, 0x5327, 0x2964, 0x1863, 0x72CC, 0xCCF5, 0xA3D1, 0x496C,
    0x310A, 0x392A, 0x414C, 0x414C, 0x414C, 0x392C, 0x416D, 0x414C, 0x414C, 0x414D, 0x412C, 0x416D,
    0x496E, 0x414D, 0x496F, 0x494F, 0x494E, 0x516F, 0x516F, 0x496F, 0x5170, 0x5190, 0x412E, 0x8313,
    0x72AE, 0xCCF5, 0xEDF9, 0xD556, 0xEE19, 0xEE39, 0xEDF9, 0xEE19, 0xE639, 0xE619, 0xEDF9, 0xB473,
    0x9BF1, 0x72B0, 0x496D, 0x496D, 0x72D0, 0x72AF, 0x2088, 0x414B, 0x416C, 0x30E9, 0x30EA, 0x30EA,
    0x392B, 0x416C, 0x498B, 0x3926, 0x0801, 0x832E, 0xF67B, 0xFEBB, 0xF6BB, 0xFEDC, 0xF69B, 0x7BCD,
    0x8E0A, 0x968A, 0x85AA, 0x8E6A, 0x8DEA, 0x744A, 0x4266, 0x1843, 0x726B, 0xB433, 0x51EB, 0x51CC,
    0x498C, 0x392B, 0x414C, 0x414B, 0x390B, 0x416C, 0x414C, 0x414C, 0x414C, 0x412C, 0x412C, 0x414D,
    0x414D, 0x496E, 0x496F, 0x496E, 0x496E, 0x516F, 0x496F, 0x5190, 0x5190, 0x494F, 0x72D1, 0x7AEE,
    0xF639, 0xDDB7, 0xBC93, 0xDD97, 0xE5D8, 0xF69B, 0xDDB8, 0xA452, 0xE639, 0x8B6F, 0x5188, 0xAC53,
    0x622F, 0x498D, 0x496D, 0x6A8F, 0x6AAF, 0x2067, 0x392A, 0x392B, 0x28A8, 0x310A, 0x30EA, 0x392B,
    0x498D, 0x6A4C, 0x726B, 0x30A4, 0x82CD, 0xEE5A, 0xFEBB, 0xFEBB, 0xFEDC, 0xF69B, 0x7BAC, 0x85C9,
    0x968A, 0x8E4A, 0x8E4A, 0x18E3, 0x0822, 0x858A, 0x6408, 0x2104, 0x5A0A, 0x59EA, 0x5A2C, 0x6A8F,
    0x392B, 0x416C, 0x416C, 0x392B, 0x416C, 0x416D, 0x414C, 0x414C, 0x414C, 0x394B, 0x414D, 0x414D,
    0x496D, 0x496E, 0x496E, 0x496E, 0x516F, 0x496F, 0x518F, 0x5170, 0x5170, 0x51AD, 0x82EE, 0xCCD5,
    0xB453, 0xDD97, 0xF67B, 0xE619, 0xBD15, 0x626B, 0xA473, 0x8BD0, 0x0801, 0x28E5, 0x3105, 0x28A7,
    0x51AE, 0x414C, 0x51AB, 0x51CB, 0x2067, 0x390A, 0x392A, 0x20A7, 0x3109, 0x310A, 0x392B, 0x394B,
    0xA3D2, 0xED57, 0xAB90, 0x7A6B, 0xD597, 0xFEDC, 0xF6BB, 0xFEBB, 0xFEDC, 0xA4F2, 0x8DCA, 0x968A,
    0x966A, 0x968B, 0x6408, 0x5386, 0x8629, 0x9EEB, 0x7CAB, 0x3986, 0x4948, 0x51AB, 0x9BF3, 0x414B,
    0x416D, 0x416C, 0x392B, 0x414C, 0x416C, 0x414C, 0x414C, 0x414C, 0x394B, 0x414C, 0x414C, 0x416C,
    0x416D, 0x496D, 0x496E, 0x494E, 0x496E, 0x518F, 0x494E, 0x518E, 0x414E, 0x9BB2, 0xDD57, 0xC4D5,
    0xBCF5, 0x7B0E, 0x3907, 0x0802, 0x0802, 0x0801, 0x0001, 0x1063, 0x0001, 0x0000, 0x2085, 0x416C,
    0x3109, 0x1845, 0x1024, 0x28A7, 0x392A, 0x392B, 0x2087, 0x30E9, 0x310A, 0x496C, 0x392B, 0x9B91,
    0xDC94, 0xB370, 0x7A4B, 0xBC53, 0xFE7B, 0xFEBB, 0xF6BB, 0xFEDC, 0xEE59, 0x848C, 0x964B, 0xAF0A,
    0xBF4A, 0xCFAA, 0xCFCA, 0xA6EA, 0x968B, 0x8D2C, 0xD5D7, 0x6A6C, 0x30E8, 0xA434, 0x51CC, 0x416C,
    0x416C, 0x392B, 0x414B, 0x416C, 0x414C, 0x416D, 0x414C, 0x414C, 0x414D, 0x392C, 0x414B, 0x416D,
    0x416D, 0x496D, 0x496E, 0x496E, 0x496F, 0x5A2D, 0x518F, 0x51AE, 0xC516, 0x9BB0, 0x4968, 0x1843,
    0x1062, 0x2984, 0x5327, 0x63E8, 0x6C49, 0x63C8, 0x7489, 0x6408, 0x42A6, 0x3967, 0x414B, 0x3929,
    0x2087, 0x1845, 0x20A7, 0x30E9, 0x28C9, 0x1866, 0x30E9, 0x30EA, 0x498C, 0x392B, 0xA3D1, 0xE515,
    0xCC53, 0xB3B0, 0xBBF1, 0xD4D4, 0xE5F8, 0xFEDC, 0xFEBC, 0xFEBC, 0xCDB6, 0x848C, 0x8DA9, 0xBF28,
    0xD787, 0xD7A7, 0xB709, 0x95CC, 0xC5B5, 0xFEDC, 0xCD56, 0x59EA, 0xA412, 0x72F0, 0x392B, 0x496D,
    0x392B, 0x30EA, 0x416B, 0x416C, 0x416C, 0x416C, 0x416D, 0x414D, 0x392C, 0x392B, 0x414D, 0x496D,
    0x496D, 0x496D, 0x496E, 0x494F, 0x72D0, 0x624F, 0x51CC, 0x5A09, 0x28C5, 0x2965, 0x5BC7, 0x7D2A,
    0x8DEB, 0x9EEB, 0x8E0A, 0x7D49, 0x858A, 0x7D49, 0x8E6A, 0x6C88, 0x524A, 0x5A0E, 0x51CD, 0x51AC,
    0x28C7, 0x28A7, 0x30E9, 0x30E8, 0x2067, 0x30E9, 0x30E9, 0x498C, 0x392B, 0xAC13, 0xED57, 0xD4B4,
    0xCC53, 0x9B0E, 0x8A8C, 0xA34F, 0xC432, 0xE5D8, 0xF69B, 0xFF1C, 0xEEBB, 0xBDB5, 0xADD1, 0xBE51,
    0xBDD1, 0xAD31, 0xC5B5, 0xF69B, 0xEE39, 0xCD36, 0x7ACE, 0x7AEF, 0xA435, 0x392B, 0x416D, 0x414C,
    0x30E9, 0x416B, 0x416C, 0x416C, 0x416C, 0x414C, 0x414C, 0x414C, 0x392B, 0x414C, 0x416D, 0x416D,
    0x496D, 0x496E, 0x494E, 0x72D0, 0x6A8F, 0x3928, 0x7AED, 0x5A4A, 0x7CCA, 0x8E4A, 0x8E4A, 0x74A9,
    0x2984, 0x6428, 0x8DEA, 0x8609, 0xA62E, 0xB670, 0x6C49, 0x626C, 0x72B0, 0x498E, 0x7B11, 0x8351,
    0x28C8, 0x390A, 0x392A, 0x2088, 0x30E9, 0x310A, 0x498C, 0x392A, 0xA3D2, 0xED98, 0xF63A, 0xEDF9,
    0xBC12, 0xCC32, 0xD432, 0xBBB0, 0xCC32, 0xD515, 0xD556, 0xE5D8, 0xF65A, 0xF65B, 0xEE3A, 0xF65B,
    0xF65B, 0xF65A, 0xF65A, 0xDDB8, 0xDDF9, 0xC537, 0x59EC, 0xB4B6, 0x51AE, 0x496E, 0x496D, 0x30E9,
    0x414B, 0x416C, 0x416C, 0x416C, 0x416C, 0x416C, 0x416C, 0x416C, 0x414C, 0x416C, 0x416D, 0x496D,
    0x496D, 0x496E, 0x622F, 0x51CB, 0x93D2, 0xDDFA, 0x83AE, 0x854B, 0x966A, 0x96CA, 0x5BC7, 0x0001,
    0x6408, 0x96AA, 0x8E49, 0xAE8D, 0xA62E, 0x63C8, 0x9C11, 0x9393, 0x496D, 0x8332, 0xBCF6, 0x30E9,
    0x394A, 0x310A, 0x2088, 0x30E9, 0x310A, 0x498D, 0x390A, 0x728C, 0xF63A, 0xFEDC, 0xF67A, 0xEDF9,
    0xE557, 0xCC94, 0xDD36, 0xED16, 0xD473, 0xD4B4, 0xDD57, 0xE597, 0xE597, 0xDD77, 0xFEDC, 0xF6FC,
    0xF6BB, 0xFF3D, 0xFF7E, 0xFF5D, 0xE65A, 0x72AD, 0x8350, 0x7AF2, 0x496E, 0x518F, 0x392B, 0x390A,
    0x416C, 0x416C, 0x416C, 0x416C, 0x416C, 0x416C, 0x496D, 0x392C, 0x414C, 0x416C, 0x496D, 0x498D,
    0x412D, 0x6A90, 0x7B0E, 0xA433, 0xD5B8, 0xCDB8, 0x9DCE, 0x9ECB, 0xA6CA, 0xBF2A, 0xB6C9, 0xBF4A,
    0xAEE9, 0xA6CA, 0x96CA, 0x6D27, 0x7C0D, 0xDE19, 0xA454, 0x494D, 0x8312, 0xBCF7, 0x30EB, 0x416B,
    0x30EA, 0x28A9, 0x30E9, 0x310A, 0x498D, 0x498C, 0x4968, 0xE639, 0xFEFC, 0xFEBB, 0xFEBB, 0xEDF9,
    0xEDF9, 0xEE5A, 0xE5B8, 0xE577, 0xF61A, 0xF63A, 0xFE5A, 0xEDD8, 0xEE19, 0xFEDC, 0xFEDC, 0xFEFC,
    0xFF1D, 0xFF7E, 0xFFBF, 0xEE9B, 0xB494, 0x59CA, 0x8352, 0x498E, 0x518F, 0x49AD, 0x51ED, 0x416D,
    0x498E, 0x496D, 0x498D, 0x498D, 0x496D, 0x496D, 0x416C, 0x392C, 0x416C, 0x416D, 0x496D, 0x414D,
    0x624F, 0x7B0E, 0x8B91, 0xEE9B, 0xFF5E, 0x9CF0, 0x8589, 0xBF49, 0xDFE8, 0xDFE8, 0xDFE8, 0xCFA9,
    0xA709, 0x962A, 0x8CAE, 0xDE39, 0xEE7A, 0xB4D5, 0x496D, 0x72B1, 0x7B10, 0x30CB, 0x416B, 0x310A,
    0x28C9, 0x30E9, 0x390A, 0x496C, 0x59EE, 0x51C9, 0xC536, 0xFF1D, 0xFE9B, 0xFE7B, 0xFE7B, 0xFE7B,
    0xFE7A, 0xF63A, 0xF63A, 0xFE5A, 0xFE5A, 0xFE5A, 0xFE5A, 0xFE5A, 0xFE5A, 0xFE7B, 0xFEDC, 0xFEFC,
    0xFF1D, 0xFF5D, 0xEE9B, 0xE619, 0x728D, 0x59ED, 0x51AF, 0x51AE, 0x498D, 0x8351, 0x51CE, 0x498E,
    0x496E, 0x496E, 0x518F, 0x518E, 0x416D, 0x496C, 0x392B, 0x414C, 0x416D, 0x496D, 0x498E, 0x49AD,
    0x59EB, 0xA453, 0xF6DC, 0xEE5A, 0xEE7A, 0xB553, 0x952D, 0xAE4B, 0xB68A, 0xB68A, 0x9DEA, 0x7CCA,
    0xACF1, 0xF69B, 0xFEFC, 0xEE5A, 0xCD77, 0x51CE, 0x51CC, 0x5A0A, 0x390B, 0x416C, 0x390B, 0x30E9,
    0x28C8, 0x390A, 0x496C, 0x51CD, 0x4989, 0x834F, 0xFF5E, 0xF67A, 0xFE5A, 0xFE5A, 0xFE5A, 0xFE5A,
    0xFE3A, 0xFE5A, 0xFE5A, 0xFE5A, 0xFE5A, 0xFE5A, 0xFE5A, 0xFE5A, 0xFE7B, 0xFEBB, 0xFEDC, 0xFEFC,
    0xFF1C, 0xFEDC, 0xE5F9, 0xB495, 0x496B, 0x498D, 0x51AE, 0x496D, 0x7AF0, 0x6A90, 0x496D, 0x518E,
    0x496E, 0x518E, 0x498E, 0x496D, 0x498D, 0x414C, 0x414C, 0x416C, 0x416D, 0x498E, 0x416D, 0x4149,
    0xD639, 0xFFBF, 0xEE7B, 0xE5F9, 0xF65A, 0xF65B, 0xD5F8, 0xD5D7, 0xCDB7, 0xDE59, 0xEEDB, 0xFEFC,
    0xFEBB, 0xF69B, 0xDD97, 0xBCD5, 0x5A0E, 0x498C, 0x5A0A, 0x414B, 0x496C, 0x390A, 0x30E9, 0x2087,
    0x3929, 0x498C, 0x414B, 0x2066, 0x5A09, 0xFF3D, 0xF67B, 0xFE5A, 0xFE5A, 0xFE5A, 0xFE5A, 0xFE3A,
    0xFE5A, 0xFE5A, 0xFE5A, 0xFE5A, 0xFE5A, 0xFE5A, 0xFE7B, 0xFE9B, 0xFEDB, 0xFEDC, 0xFEFC, 0xFF1D,
    0xFF1D, 0xEE7A, 0xDDB8, 0x8330, 0x414C, 0x518E, 0x51AE, 0x49AC, 0x8331, 0x498C, 0x498D, 0x498E,
    0x518E, 0x498E, 0x498E, 0x498E, 0x496D, 0x392C, 0x416D, 0x416D, 0x496D, 0x51CE, 0x59EC, 0xEEFC,
    0xFF9E, 0xFF3D, 0xEE7A, 0xE5B8, 0xEE19, 0xDD56, 0xDD16, 0xF5F9, 0xE577, 0xCCF5, 0xCCB4, 0xBC12,
    0x930E, 0x6A0A, 0x82ED, 0x622D, 0x59CC, 0xABF2, 0x49AD, 0x414C, 0x390B, 0x30C9, 0x1866, 0x3109,
    0x498C, 0x414C, 0x30CB, 0x28C5, 0xEE7A, 0xFE9B, 0xFE5A, 0xFE5A, 0xFE5A, 0xFE5A, 0xFE3A, 0xFE5A,
    0xFE5A, 0xFE5A, 0xFE5A, 0xFE5A, 0xFE7B, 0xFE9B, 0xFEBB, 0xFEDB, 0xFEFC, 0xFF1C, 0xFF3D, 0xFF3D,
    0xFF3C, 0xE639, 0xB4D5, 0x498D, 0x496F, 0x51AE, 0x496D, 0x624F, 0x5A2E, 0x416C, 0x498D, 0x498E,
    0x498E, 0x498E, 0x498E, 0x498D, 0x392B, 0x392C, 0x414D, 0x414D, 0x59EE, 0x7AEF, 0xCDD8, 0xFFBF,
    0xFEFC, 0xF6DC, 0xFEDC, 0xFEBB, 0xEE39, 0xD536, 0xEDD8, 0xDCF5, 0xC473, 0xB390, 0xBBB0, 0xAB2E,
    0x7A0A, 0xBBF1, 0x9351, 0x51AC, 0xB453, 0x59EE, 0x416C, 0x392B, 0x30EA, 0x1845, 0x3109, 0x498D,
    0x412D, 0x410F, 0x1004, 0xBD35, 0xFEDC, 0xF63A, 0xFE5A, 0xFE5A, 0xFE5A, 0xFE5A, 0xFE5A, 0xFE5A,
    0xFE7B, 0xFE7B, 0xFE9B, 0xFEBB, 0xFEBB, 0xFEDB, 0xFEDC, 0xFEFC, 0xFF1D, 0xFF3D, 0xFF3D, 0xFF3D,
    0xF6BB, 0xDDB8, 0x8B52, 0x414D, 0x498E, 0x496D, 0x498C, 0x5A2E, 0x498D, 0x496D, 0x498D, 0x498E,
    0x498E, 0x498E, 0x498E, 0x414C, 0x390B, 0x498D, 0x498E, 0x49AE, 0x93F2, 0xACB4, 0xFF5D, 0xF6DC,
    0xFEDC, 0xFE9B, 0xFE9B, 0xFE9B, 0xF65A, 0xFE7A, 0xFE7B, 0xF65A, 0xE577, 0xCC73, 0xE516, 0xE515,
    0xDCD4, 0xABD3, 0x51AC, 0xC494, 0x624F, 0x414D, 0x392B, 0x30EA, 0x1024, 0x30E9, 0x496C, 0x390D,
    0x4932, 0x1007, 0x8BAF, 0xFF1D, 0xF67A, 0xFE5A, 0xFE5A, 0xFE5A, 0xFE5A, 0xFE7B, 0xFE7B, 0xFE9B,
    0xFE9B, 0xFEBB, 0xFEDB, 0xFEDB, 0xFEDC, 0xFEDC, 0xFF1C, 0xFF1D, 0xFF3D, 0xFF3D, 0xFF1C, 0xFF1D,
    0xEE5A, 0xBCB5, 0x51AB, 0x414C, 0x498D, 0x498C, 0x51AD, 0x498D, 0x416D, 0x496D, 0x498D, 0x498E,
    0x498D, 0x498D, 0x498D, 0x392B, 0x498D, 0x518E, 0x414C, 0x8B71, 0xAC73, 0xF6BB, 0xFEBB, 0xFE9B,
    0xFE7B, 0xFE5A, 0xFE5A, 0xFE5A, 0xFE5A, 0xFE5A, 0xFE5A, 0xFE5A, 0xF619, 0xED98, 0xE577, 0xED97,
    0xD516, 0x59EC, 0xC4D5, 0x7AAF, 0x412C, 0x392B, 0x30EA, 0x1845, 0x28C8, 0x496D, 0x390C, 0x4934,
    0x288F, 0x51EA, 0xFEFC, 0xF6BB, 0xFE7B, 0xFE7B, 0xFE9B, 0xFE9B, 0xFEBB, 0xFEDB, 0xFEDB, 0xFEDB,
    0xFEDB, 0xFEDB, 0xFEDC, 0xFEFC, 0xFEFC, 0xFF1C, 0xFF1C, 0xFF1D, 0xFF3D, 0xFEFC, 0xF6BB, 0xFE9B,
    0xDD77, 0x8B2F, 0x392B, 0x496D, 0x51AE, 0x51AE, 0x496D, 0x496D, 0x498D, 0x498D, 0x498D, 0x416D,
    0x498E, 0x51AE, 0x414B, 0x414B, 0x498E, 0x414D, 0x624E, 0xAC73, 0xDDD8, 0xFEBB, 0xFE7B, 0xFE5A,
    0xFE5A, 0xFE5A, 0xFE5A, 0xFE5A, 0xFE5A, 0xFE5A, 0xFE5A, 0xFE3A, 0xED97, 0xE577, 0xE597, 0xEDD9,
    0x6A4C, 0xBC33, 0x82EE, 0x392B, 0x394B, 0x30EA, 0x1025, 0x28A8, 0x498D, 0x392D, 0x4113, 0x40F5,
    0x310A, 0xEE7A, 0xFEDC, 0xFE9B, 0xFE9B, 0xFEBB, 0xFEBB, 0xFEDC, 0xFEDC, 0xFEDC, 0xFEDC, 0xFEDC,
    0xFEFC, 0xFEFC, 0xFF1C, 0xFF1C, 0xFF1C, 0xFF3D, 0xFF1C, 0xFF1C, 0xFEFC, 0xFE9B, 0xF65A, 0xF61A,
    0xBC94, 0x72AF, 0x49AC, 0x498D, 0x51AE, 0x51AE, 0x49AD, 0x498D, 0x498D, 0x498D, 0x498D, 0x496D,
    0x498D, 0x498D, 0x414C, 0x498D, 0x498E, 0x498C, 0x9BF2, 0xC516, 0xFEBC, 0xF67B, 0xFE5A, 0xFE5A,
    0xFE5A, 0xFE5A, 0xFE5A, 0xF63A, 0xFE3A, 0xFE3A, 0xFE5A, 0xEDB8, 0xEDF9, 0xE598, 0xF619, 0x8AEE,
    0x9B90, 0x8B2F, 0x392B, 0x394B, 0x310A, 0x1845, 0x28C8, 0x498D, 0x412D, 0x38F3, 0x4938, 0x3091,
    0xBD35, 0xFF3D, 0xF6BB, 0xFEDC, 0xFEFC, 0xFEDC, 0xFEFC, 0xFF1C, 0xFF1C, 0xFF1C, 0xFF1C, 0xFF1C,
    0xFF1C, 0xFF1C, 0xFF1C, 0xFF1D, 0xFF3D, 0xFF1C, 0xFEFC, 0xFEBB, 0xFE5A, 0xEDD9, 0xE577, 0xE577,
    0xABF1, 0x7ACF, 0x49AD, 0x51AE, 0x51AE, 0x51AE, 0x498D, 0x498D, 0x416C, 0x498D, 0x498D, 0x498D,
    0x498E, 0x496D, 0x392C, 0x498D, 0x414C, 0x7B10, 0xBCF5, 0xF67B, 0xF67B, 0xF65A, 0xFE5A, 0xFE5A,
    0xFE5A, 0xFE5A, 0xFE3A, 0xFE3A, 0xFE3A, 0xFE5A, 0xF619, 0xF63A, 0xEDF9, 0xF5F9, 0xB432, 0x8B2F,
    0x72AD, 0x390B, 0x394B, 0x392B, 0x1846, 0x28C9, 0x416C, 0x414D, 0x38F3, 0x4937, 0x30B5, 0x8351,
    0xFF5D, 0xF6BB, 0xFF1C, 0xFEFC, 0xFEFC, 0xFF1C, 0xFF3D, 0xFF1D, 0xFF1C, 0xFF1C, 0xFF1C, 0xFF3D,
    0xFF3D, 0xFF3D, 0xFF3D, 0xFF3D, 0xFF1C, 0xFEFC, 0xFEBB, 0xF619, 0xEDB8, 0xE557, 0xE536, 0xD556,
    0x9370, 0x622D, 0x49AD, 0x51CE, 0x51CE, 0x51CE, 0x498D, 0x416C, 0x414C, 0x498D, 0x496D, 0x496D,
    0x518E, 0x414C, 0x414C, 0x496D, 0x5A0F, 0xA434, 0xEE3A, 0xFE9B, 0xF65A, 0xF65A, 0xFE5A, 0xFE5A,
    0xFE5A, 0xFE3A, 0xFE3A, 0xFE5A, 0xFE5A, 0xF63A, 0xF65A, 0xF61A, 0xE5B8, 0xDD77, 0x51A9, 0x1844,
    0x392B, 0x416C, 0x392B, 0x1867, 0x28CA, 0x414C, 0x414C, 0x38F0, 0x4117, 0x40F8, 0x496F, 0xEE7A,
    0xFEFC, 0xFF1C, 0xFF1C, 0xFF1C, 0xFF1C, 0xFF3D, 0xFF3D, 0xFF3D, 0xFF3D, 0xFF3D, 0xFF5D, 0xFF3D,
    0xFF5D, 0xFF7D, 0xFF7D, 0xFF3D, 0xFF1C, 0xFEBB, 0xEDD9, 0xED77, 0xED36, 0xE515, 0xFEFC, 0xE639,
    0x6A6C, 0x51AD, 0x51AE, 0x51AD, 0x498D, 0x51AE, 0x498D, 0x414C, 0x496D, 0x498D, 0x414D, 0x518E,
    0x51AE, 0x414D, 0x414D, 0x496D, 0x8311, 0xDDB8, 0xFE9B, 0xFE7A, 0xFE5B, 0xFE5A, 0xFE5A, 0xFE5A,
    0xFE5A, 0xFE5A, 0xFE5A, 0xFE5A, 0xFE5A, 0xFE7B, 0xF619, 0xEDD9, 0xBC94, 0x20A4, 0x1025, 0x390B,
    0x416C, 0x392B, 0x2088, 0x2087, 0x414C, 0x414C, 0x38EE, 0x4116, 0x4939, 0x30B1, 0xAC94, 0xFF5D,
    0xFF1C, 0xFF3D, 0xFF3D, 0xFF3D, 0xFF5D, 0xFF5D, 0xFF5D, 0xFF5D, 0xFF5D, 0xFF5D, 0xFF5D, 0xFF7D,
    0xFF7D, 0xFF7E, 0xFF5D, 0xFF5D, 0xFEFC, 0xEDF9, 0xE557, 0xED36, 0xE536, 0xF6DC, 0xF65A, 0xC4F6,
    0x51CC, 0x51AE, 0x51CE, 0x5A0E, 0x498D, 0x498E, 0x496D, 0x416C, 0x496D, 0x416D, 0x498E, 0x518E,
    0x496D, 0x414C, 0x412C, 0x51CE, 0xB474, 0xFEBB, 0xFE7B, 0xFE7B, 0xFE7A, 0xFE5A, 0xFE7A, 0xFE7A,
    0xFE9B, 0xFE7B, 0xFE9B, 0xFEBB, 0xFE9B, 0xF67A, 0xCD16, 0x28C4, 0x1023, 0x2087, 0x30EA, 0x416C,
    0x392B, 0x2088, 0x1825, 0x310A, 0x416C, 0x390E, 0x4115, 0x4939, 0x38D6, 0x5A10, 0xFF5D, 0xFF7D,
    0xFF5D, 0xFF7D, 0xFF7D, 0xFF7D, 0xFF7D, 0xFF7D, 0xFF7D, 0xFF7D, 0xFF7D, 0xFF7D, 0xFF7D, 0xFF7E,
    0xFF7E, 0xFF7D, 0xFF7D, 0xFF5D, 0xF6BB, 0xE577, 0xDCD5, 0xDD76, 0xE619, 0xE5B8, 0xF63A, 0xC4F5,
    0x51CB, 0x49AD, 0x72AF, 0x93F3, 0x412B, 0x498D, 0x498D, 0x416D, 0x416D, 0x498D, 0x498D, 0x414D,
    0x7B11, 0x626F, 0x412C, 0x6A8F, 0xE61A, 0xFEBB, 0xFE7B, 0xFE9B, 0xFE9B, 0xFE9B, 0xFE9B, 0xFE9B,
    0xFE9B, 0xFEBB, 0xF6DB, 0xFEFC, 0xEE7A, 0x4187, 0x0803, 0x2087, 0x28A7, 0x28C9, 0x416C, 0x392B,
    0x2088, 0x1846, 0x30CB, 0x414C, 0x390C, 0x40F4, 0x5159, 0x495A, 0x3092, 0xB536, 0xFFDF, 0xFF3D,
    0xFF7D, 0xFF7D, 0xFF7D, 0xFF7D, 0xFF7D, 0xFF7D, 0xFF7E, 0xFF9E, 0xFF7E, 0xFF7E, 0xFF9E, 0xFF9E,
    0xFF9E, 0xFF9E, 0xFF7E, 0xFF7E, 0xF6DB, 0xDD77, 0xEE59, 0xF6DC, 0xE5D8, 0xE5D8, 0xF65A, 0xD577,
    0x59EC, 0x414C, 0xBD16, 0xB516, 0x414A, 0x496C, 0x498E, 0x414D, 0x496D, 0x498E, 0x496D, 0x5A0D,
    0xC557, 0x5A0D, 0x496C, 0x9BF3, 0xFEFC, 0xF6BB, 0xFE9B, 0xFEBB, 0xFEBB, 0xFEBB, 0xFEBB, 0xFEDC,
    0xFEFC, 0xF6DC, 0xFF5E, 0x72ED, 0x0803, 0x2089, 0x2069, 0x28A8, 0x28C8, 0x414C, 0x392C, 0x28A8,
    0x1866, 0x30AF, 0x392C, 0x414B, 0x38F0, 0x5159, 0x515A, 0x4919, 0x51D0, 0xF73C, 0xFF5E, 0xFF7E,
    0xFF9E, 0xFF7D, 0xFF7D, 0xFF7E, 0xFF7E, 0xFF7E, 0xFF7E, 0xFF7E, 0xFF7E, 0xFF9E, 0xFF9E, 0xFF9E,
    0xFF9E, 0xFF9E, 0xFF9E, 0xFF7E, 0xFF1C, 0xF71C, 0xFF3D, 0xF69B, 0xF6BB, 0xF6FC, 0xFFBE, 0xCDB8,
    0x498C, 0x49AC, 0xEEDC, 0xDE5A, 0x6A6E, 0x414C, 0x496D, 0x416D, 0x498E, 0x518E, 0x412C, 0x8B72,
    0xC557, 0x414B, 0x5A0C, 0xDDD9, 0xFF1D, 0xF6BB, 0xFEDB, 0xFEDB, 0xFEDC, 0xFEFC, 0xFF1C, 0xFEFC,
    0xFF9E, 0xA473, 0x1023, 0x2068, 0x2069, 0x1848, 0x2088, 0x30EA, 0x414B, 0x414C, 0x20A8, 0x2066,
    0x30D1, 0x3910, 0x414C, 0x390D, 0x4939, 0x493B, 0x517A, 0x38B2, 0x8371, 0xFFDF, 0xFF7E, 0xFF9E,
    0xFF9E, 0xFF7E, 0xFF9E, 0xFF9E, 0xFF9E, 0xFF9E, 0xFF7E, 0xFF9E, 0xFF9E, 0xFF9E, 0xFF9E, 0xFF9E,
    0xFF9E, 0xFF9E, 0xFF7E, 0xFF5D, 0xFF5D, 0xFF5D, 0xFF3D, 0xFF3D, 0xFF7D, 0xFF5D, 0xFFBE, 0xCDB8,
    0x392A, 0x6A6D, 0xFF7E, 0xF75E, 0x7B10, 0x412C, 0x498D, 0x496D, 0x498E, 0x518E, 0x412B, 0xB4F6,
    0x93B2, 0x3929, 0x832F, 0xF6FC, 0xFEFC, 0xFEFC, 0xFEFC, 0xFEFC, 0xFF1C, 0xF6FC, 0xFF9E, 0xC577,
    0x1844, 0x1866, 0x2068, 0x1867, 0x1847, 0x1847, 0x30C9, 0x414B, 0x414B, 0x2087, 0x2085, 0x38D0,
    0x4116, 0x392B, 0x392B, 0x4115, 0x513A, 0x4938, 0x493A, 0x3092, 0xAC95, 0xFFFF, 0xFF7E, 0xFF9E,
    0xFF9E, 0xFF9E, 0xFF9E, 0xFF9E, 0xFF9E, 0xFF9E, 0xFF7E, 0xFF9E, 0xFF9E, 0xFF9E, 0xFF9E, 0xFF9E,
    0xFF9E, 0xFF5D, 0xFEFC, 0xFF1C, 0xFF1C, 0xFF1C, 0xFEFC, 0xFEFC, 0xFF3D, 0xFF5D, 0xFFDF, 0xD5D9,
    0x4148, 0x626D, 0xF75E, 0xFF7E, 0x6A6F, 0x392B, 0x394B, 0x414D, 0x498E, 0x496E, 0x498C, 0xC557,
    0x5A2D, 0x3909, 0xAC74, 0xFF9E, 0xFF3C, 0xFF3D, 0xFF1C, 0xFF3C, 0xFF9E, 0xDE19, 0x28C6, 0x1026,
    0x2068, 0x1847, 0x1847, 0x1847, 0x1846, 0x28A8, 0x414B, 0x394B, 0x2088, 0x20A7, 0x30ED, 0x515C,
    0x38EF, 0x3929, 0x38EE, 0x4118, 0x493A, 0x493B, 0x493B, 0x30B3, 0xB4F6, 0xFFFF, 0xFF7E, 0xFF9E,
    0xFF9E, 0xFF9E, 0xFF9E, 0xFF9E, 0xFF9E, 0xFF9E, 0xFF7E, 0xFF9E, 0xFF9E, 0xFF9E, 0xFF9E, 0xFF9E,
    0xFF7E, 0xFF3D, 0xF6FC, 0xFEFC, 0xFEFC, 0xFEDC, 0xFF1C, 0xFF7E, 0xFF9E, 0xFF7E, 0xFFBF, 0xDE7A,
    0x4989, 0x51EB, 0xEEFD, 0xF73D, 0x6A8E, 0x392A, 0x392B, 0x414D, 0x49AE, 0x414B, 0x72CF, 0xA455,
    0x414A, 0x5A0C, 0xD5F9, 0xFFBF, 0xFF5D, 0xFF3D, 0xFFBF, 0xDE3A, 0x3107, 0x1025, 0x2067, 0x1847,
    0x1847, 0x1846, 0x2068, 0x2069, 0x1848, 0x392B, 0x412C, 0x2088, 0x20A7, 0x30EC, 0x513B, 0x4115,
    0x3108, 0x30E9, 0x38F5, 0x493D, 0x491D, 0x491E, 0x493E, 0x30B0, 0x9C72, 0xFFFF, 0xFF9E, 0xFF9E,
    0xFF9E, 0xFF9E, 0xFF9E, 0xFF9E, 0xFF9E, 0xFF9E, 0xFF7E, 0xFF7E, 0xFF7E, 0xFF7E, 0xFF9E, 0xFF9E,
    0xFF9E, 0xFF5D, 0xFF1D, 0xFF1D, 0xFF7D, 0xFF9E, 0xFF9E, 0xFF9E, 0xFF9E, 0xFF7D, 0xFFDF, 0xEEDC,
    0x628C, 0x49A9, 0xD619, 0xFF7E, 0x72CE, 0x30E9, 0x414B, 0x498D, 0x51AD, 0x414B, 0x72B0, 0x624E,
    0x72EF, 0x72AE, 0xDE3A, 0xFF9E, 0xFFDF, 0xDE5A, 0x3107, 0x1005, 0x2067, 0x1846, 0x1847, 0x1846,
    0x30CF, 0x30D0, 0x1848, 0x288B, 0x390B, 0x412C, 0x2088, 0x2088, 0x390C, 0x491B, 0x4117, 0x2087,
    0x28C9, 0x30EC, 0x4117, 0x4118, 0x40F6, 0x38D2, 0x2069, 0x0802, 0x8BF0, 0xFFFF, 0xFF7E, 0xFF9E,
    0xFF9E, 0xFF9E, 0xFF9E, 0xFF3D, 0xFF5D, 0xFFFF, 0xFFDF, 0xFFDF, 0xFFDF, 0xFFBF, 0xFF9E, 0xFF9E,
    0xFF9E, 0xFF7E, 0xFF7E, 0xFF9E, 0xFF7E, 0xFF7E, 0xFF7E, 0xFF7E, 0xFF7E, 0xFF7D, 0xFFBF, 0xFFBE,
    0x9432, 0x3907, 0x8BD2, 0xEEFC, 0x7B30, 0x310A, 0x498C, 0x49AD, 0x51AD, 0x498D, 0x496C, 0x5A0E,
    0xB4F6, 0x7B0F, 0xDE3A, 0xCDD8, 0x3106, 0x1025, 0x2067, 0x1846, 0x1846, 0x1868, 0x38D3, 0x40F6,
    0x288A, 0x30D2, 0x38F2, 0x30E9, 0x392C, 0x28C9, 0x28A9, 0x390E, 0x4119, 0x40F6, 0x2087, 0x30EA,
    0x28A8, 0x30EB, 0x28CA, 0x2067, 0x1846, 0x1846, 0x1866, 0x0803, 0x838F, 0xFFFF, 0xFF9E, 0xFF9E,
    0xFF7E, 0xFFDF, 0xDE39, 0x624B, 0x9C31, 0xCDF8, 0xD619, 0xE65A, 0xEE9B, 0xF71C, 0xFF5D, 0xFF9E,
    0xFFDF, 0xFFBF, 0xFF9E, 0xFFDF, 0xFFFF, 0xFFDF, 0xFFDF, 0xFFBE, 0xFFBE, 0xFF9E, 0xFFDF, 0xFFFF,
    0xD639, 0x624C, 0x5A2C, 0xB516, 0x93B2, 0x416A, 0x394B, 0x498D, 0x51AE, 0x51AD, 0x390A, 0x7AEF,
    0xCDB8, 0x624D, 0x3107, 0x1024, 0x2067, 0x1846, 0x1846, 0x2069, 0x4115, 0x38F2, 0x2089, 0x38F4,
    0x493D, 0x38F5, 0x2089, 0x392C, 0x310A, 0x28CA, 0x410E, 0x4116, 0x493D, 0x30B0, 0x28A7, 0x30CB,
    0x2068, 0x2088, 0x2067, 0x1867, 0x1867, 0x2066, 0x1024, 0x0000, 0x83AF, 0xFFFF, 0xFF9E, 0xFF9E,
    0xFF9E, 0xFFBE, 0xCDF8, 0x3146, 0x40E5, 0xD34F, 0xD34F, 0xCB4F, 0xC34F, 0xC390, 0xC3F1, 0xC473,
    0xC493, 0xCC94, 0xCCD4, 0xDD76, 0xDDB7, 0xE639, 0xE69A, 0xEEDB, 0xEEDB, 0xC5B7, 0xDE7A, 0xFFFF,
    0xFFBF, 0xBD56, 0x622C, 0x626D, 0x72EF, 0x51CD, 0x416C, 0x498D, 0x498D, 0x498D, 0x416C, 0x49CB,
    0x2086, 0x3929, 0x28A9, 0x1025, 0x1845, 0x1867, 0x2068, 0x206A, 0x30AE, 0x4118, 0x491D, 0x411C,
    0x4115, 0x208A, 0x310A, 0x392B, 0x30EB, 0x414D, 0x390F, 0x38D3, 0x288D, 0x1846, 0x390C, 0x28CA,
    0x1847, 0x2088, 0x2067, 0x1846, 0x0802, 0x0000, 0x0000, 0x0801, 0x7B2E, 0xFF9E, 0xFFBE, 0xFF9E,
    0xFF9E, 0xFFFF, 0xE67A, 0x928C, 0xFBF2, 0xFC12, 0xFC12, 0xF3B1, 0xDB2F, 0xC2CD, 0xBA8C, 0xBA8C,
    0xC2AD, 0xCACD, 0xDB2F, 0xDB70, 0xDB70, 0xB32E, 0x2063, 0x28C5, 0x4187, 0xC576, 0xFFBF, 0xFF7E,
    0xFFFF, 0xFF9E, 0xB515, 0x6A8D, 0x496A, 0x414B, 0x416C, 0x496D, 0x498D, 0x498D, 0x392A, 0x28A7,
    0x1846, 0x390B, 0x28A8, 0x1846, 0x1846, 0x28A9, 0x28CA, 0x411A, 0x491F, 0x411C, 0x491D, 0x4115,
    0x30AF, 0x30E9, 0x392C, 0x390C, 0x412C, 0x390E, 0x38F2, 0x30AD, 0x208A, 0x28CB, 0x414C, 0x28C9,
    0x0803, 0x0002, 0x1864, 0x49A8, 0x72EE, 0x72CD, 0x1864, 0x28A5, 0x93F1, 0xF73C, 0xFF9E, 0xFF7E,
    0xFF7E, 0xFF5E, 0xDC94, 0xE390, 0xFC12, 0xF412, 0xFC12, 0xFC12, 0xE3B0, 0xCB0E, 0xD32F, 0xEBB0,
    0xF3F2, 0xFC12, 0xFC12, 0xFC53, 0xC32F, 0x4167, 0xCDF8, 0xFF7E, 0xFFBE, 0xFF9E, 0xFF9E, 0xFF9E,
    0xFF9E, 0xFFFF, 0xFFDF, 0xC5D8, 0x49EB, 0x28C9, 0x392B, 0x416C, 0x498C, 0x498D, 0x416C, 0x2087,
    0x1826, 0x30EA, 0x390B, 0x2088, 0x30EB, 0x412D, 0x38F0, 0x4118, 0x491B, 0x411A, 0x38F3, 0x30D0,
    0x28C8, 0x494E, 0x394B, 0x392C, 0x392C, 0x30CE, 0x38F3, 0x30D0, 0x2088, 0x2086, 0x30E8, 0x20C5,
    0x5A29, 0xA3F1, 0xC4B4, 0xBC94, 0xCCF5, 0x520A, 0x1042, 0x832F, 0x8BB0, 0xF73C, 0xFFDF, 0xFF7E,
    0xFF9E, 0xEDB8, 0xE390, 0xFC12, 0xF412, 0xF412, 0xFC12, 0xFBF2, 0xDB4F, 0xE390, 0xFC12, 0xFBF2,
    0xFBF2, 0xFBF2, 0xFC12, 0xC3B0, 0xEE9B, 0xFFFF, 0xFF9E, 0xFF9E, 0xFF9E, 0xFF7E, 0xFF9E, 0xFFDF,
    0xFFDF, 0xDE9A, 0x9C72, 0x834E, 0x6A8E, 0x1847, 0x28C9, 0x30EA, 0x414B, 0x416C, 0x414B, 0x28A8,
    0x1005, 0x2066, 0x30EA, 0x28CA, 0x30CB, 0x30EA, 0x2068, 0x2889, 0x28AA, 0x30CE, 0x38D1, 0x20A8,
    0x498E, 0x3109, 0x414B, 0x416C, 0x30EB, 0x1004, 0x0001, 0x0000, 0x1883, 0x3928, 0x51CB, 0xA433,
    0xCD15, 0xBC72, 0xBC73, 0xC4D4, 0x834E, 0x0001, 0x6A6C, 0xAC52, 0x838F, 0xEEFC, 0xFFBF, 0xFF7E,
    0xF6FC, 0xDBF1, 0xFBF2, 0xF412, 0xFC12, 0xFBF2, 0xFBF2, 0xE390, 0xF3D1, 0xFBF2, 0xFBF2, 0xFBF2,
    0xFC12, 0xEBB1, 0xDD16, 0xFF9E, 0xFF5D, 0xFF9E, 0xFF9E, 0xFF7E, 0xFFDF, 0xFFFF, 0xDEBA, 0x9C32,
    0x830D, 0x9BD1, 0xAC53, 0x3128, 0x2068, 0x1025, 0x5A0B, 0x51CA, 0x3929, 0x498C, 0x416B, 0x28C7,
    0x1864, 0x1845, 0x28C8, 0x28A9, 0x28A9, 0x2087, 0x1023, 0x2089, 0x4131, 0x28AC, 0x288B, 0x496D,
    0x2087, 0x28C9, 0x498D, 0x418C, 0x2085, 0x1883, 0x8350, 0xC4F6, 0xA3F2, 0x620B, 0x622B, 0x8B4E,
    0xC4D4, 0xC4D4, 0xC4D4, 0xA411, 0x1023, 0x2085, 0xA412, 0xB473, 0x832E, 0xE6BB, 0xFFDF, 0xFF9E,
    0xDD15, 0xF3B1, 0xFC32, 0xFBF2, 0xFBF2, 0xFBF2, 0xF3D1, 0xF3F1, 0xFBF2, 0xFBF2, 0xFBF2, 0xFBF2,
    0xE3D1, 0xEEBB, 0xFF7D, 0xFF7E, 0xFF7E, 0xFFDF, 0xFFFF, 0xD67A, 0x8BF0, 0x72EC, 0x936F, 0xC4B4,
    0xBC94, 0x416A, 0x1867, 0x2067, 0x3928, 0xC516, 0xB473, 0x6A4B, 0x392A, 0x498C, 0x498C, 0x414A,
    0x51CB, 0x49AB, 0x390B, 0x2889, 0x2067, 0x1845, 0x1845, 0x1865, 0x2086, 0x1866, 0x30EB, 0x2087,
    0x28C8, 0x394B, 0x498C, 0x394A, 0x3908, 0xB494, 0xCD15, 0xCCF4, 0xB452, 0x936F, 0x8B2F, 0x8B2F,
    0xB453, 0xC4B4, 0xC4D5, 0x3105, 0x0001, 0x4167, 0xCCF5, 0xBC94, 0x7B0D, 0xDE7A, 0xFFBF, 0xEEBB,
    0xD3B1, 0xFBF2, 0xF453, 0xF412, 0xFBF2, 0xFBF2, 0xFBF2, 0xFBF2, 0xFBF2, 0xFC12, 0xEBD1, 0xD4F4,
    0xFFBF, 0xFF7E, 0xFFDF, 0xFFFF, 0xDE9A, 0x83D0, 0x626B, 0x9B6F, 0xBC52, 0xBC73, 0xB453, 0x59EB,
    0x1847, 0x28A9, 0x1024, 0x7B0E, 0xC4F5, 0xBCB4, 0xC4F4, 0x832F, 0x414A, 0x416B, 0x498B, 0x496A,
    0x51EC, 0x3109, 0x30C9, 0x2068, 0x30E8, 0x28A7, 0x2086, 0x1023, 0x1003, 0x28AA, 0x392B, 0x414B,
    0x28C8, 0x414B, 0x498C, 0x3929, 0x5A0B, 0x9BD1, 0xBC93, 0xCCF4, 0xBCB4, 0xBC93, 0xBC93, 0xB452,
    0xC4B3, 0xCD15, 0x72ED, 0x0000, 0x0000, 0x622A, 0xD556, 0xB473, 0x8B6F, 0xDE7A, 0xFFFF, 0xD555,
    0xE390, 0xFC33, 0xF412, 0xFBF2, 0xFBF2, 0xFBF2, 0xFBF2, 0xF412, 0xFBF2, 0xCC11, 0xE6BA, 0xFFFF,
    0xFFFF, 0xDE7A, 0x8BF0, 0x72AC, 0x8B2E, 0xAC32, 0xB432, 0xBC73, 0xAC12, 0x4989, 0x1867, 0x28A9,
    0x2088, 0x4148, 0xB4B4, 0xBCD4, 0xBCB3, 0xBCB3, 0xC4F5, 0x9BD1, 0x498A, 0x30C8, 0x3929, 0x414A,
    0x3929, 0x416B, 0x416C, 0x28A7, 0x5A0D, 0x8331, 0x49A9, 0x30E6, 0x8314, 0x59EF, 0x414B, 0x30E9,
    0x30E9, 0x416B, 0x51CB, 0x72CF, 0x8B50, 0x8B0E, 0xA3B0, 0xC4F5, 0xC4D4, 0xC4D4, 0xC4D4, 0xC4D4,
    0xC4D4, 0xAC73, 0x1883, 0x0000, 0x0801, 0x82ED, 0xDD56, 0xC4D4, 0x9390, 0xDE5A, 0xFFBE, 0xDC93,
    0xFBB1, 0xFBF2, 0xF412, 0xF432, 0xFBF2, 0xF412, 0xFC12, 0xDBD1, 0xEE39, 0xFFFF, 0xDE7A, 0x8BF0,
    0x728C, 0x936F, 0xB432, 0xBC52, 0xBC32, 0xBC52, 0x832F, 0x30E7, 0x1866, 0x28C9, 0x28A9, 0x4969,
    0x934F, 0xCD15, 0xC4D4, 0xBCB3, 0xBCB4, 0xBCB3, 0xC4F4, 0xAC53, 0x6A8D, 0x28A7, 0x498A, 0x51CB,
    0x414B, 0x416B, 0x30E9, 0x414A, 0x5A2E, 0x9393, 0xBCB6, 0xD53D, 0xB457, 0x3108, 0x30E8, 0x624E,
    0x5A2D, 0x49AB, 0x49AB, 0xAC33, 0xD536, 0xC4B4, 0xC4D4, 0xC4D4, 0xC4D4, 0xC4D4, 0xC4D4, 0xBC93,
    0xBC93, 0x6AAC, 0x0000, 0x0000, 0x0821, 0x5A2A, 0xBCB4, 0xCD15, 0xA3F1, 0xCD97, 0xFEFC, 0xE453,
    0xF3B1, 0xF453, 0xEC93, 0xF3F2, 0xFC12, 0xEC32, 0xD576, 0xCE18, 0x838F, 0x6A6B, 0x830D, 0xBC32,
    0xBC12, 0xBC11, 0xBC52, 0xABF1, 0x620B, 0x1825, 0x1847, 0x28A9, 0x28C9, 0x3908, 0x8B2E, 0xAC11,
    0xCD15, 0xC4D4, 0xC4B4, 0xC4D4, 0xC4D4, 0xBCB3, 0xBCB4, 0xCD15, 0x9BD1, 0x59EA, 0x498A, 0x498B,
    0x414B, 0x416C, 0x414C, 0x310B, 0x390B, 0x72B0, 0xCD1B, 0xB496, 0x5A0B, 0xB473, 0xC516, 0xC516,
    0xA432, 0x5A0C, 0x5169, 0xB432, 0xCD15, 0xC4B4, 0xC4D4, 0xC4D4, 0xC4D4, 0xC4D4, 0xC4D4, 0xC493,
    0xAC12, 0x3968, 0x0821, 0x0000, 0x0000, 0x28A5, 0x7AED, 0xBC93, 0xAC32, 0xAC93, 0xD5D7, 0xCC32,
    0xF3F2, 0xFC12, 0xFBF2, 0xDBB0, 0x82CC, 0x7B0D, 0x7AAC, 0x8B0E, 0xB3B0, 0xBBF1, 0xBC32, 0xBC52,
    0xA3B0, 0x6A2B, 0x28A6, 0x1847, 0x2089, 0x2889, 0x28AA, 0x28A7, 0x936F, 0xA390, 0xB473, 0xC4D4,
    0xC4D4, 0xC4D4, 0xC4D4, 0xC4D4, 0xC4D4, 0xC4B4, 0xC4B3, 0xC4F5, 0xBCD4, 0x72AE, 0x30C7, 0x416B,
    0x416B, 0x394B, 0x394B, 0x30EA, 0x28A9, 0xCD17, 0xB473, 0xB473, 0xD536, 0xC4D4, 0xC4D4, 0xCD15,
    0xBCB5, 0x7ACD, 0x61C9, 0xAC32, 0xCD15, 0xC4D4, 0xC4D4, 0xC4D4, 0xC4D4, 0xC4D4, 0xB452, 0xB494,
    0xC517, 0xBCF6, 0x62AB, 0x0000, 0x0000, 0x0000, 0x1883, 0x5A0A, 0x72AC, 0x72CD, 0x834F, 0x9B0E,
    0xBB90, 0xCBF1, 0xAB4F, 0x932E, 0xABB0, 0xBBF2, 0xB411, 0xABB0, 0xA38F, 0x82ED, 0x51C9, 0x2085,
    0x1826, 0x2088, 0x28A9, 0x2089, 0x28CA, 0x2087, 0x728C, 0xC4B4, 0x934E, 0xC4B4, 0xC4D4, 0xC4D4,
    0xC4D4, 0xC4D4, 0xC4D4, 0xC4D4, 0xC4D4, 0xC4D4, 0xC4B4, 0xC4D4, 0xD556, 0x936F, 0x72AD, 0x8310,
    0x2066, 0x3909, 0x5A0D, 0x51EC, 0xC4D4, 0xC4D5, 0xCD15, 0xCCF4, 0xC4F4, 0xC4F4, 0xC4D4, 0xC4F4,
    0xCD15, 0xAC32, 0x82CD, 0xA3F1, 0xCCF4, 0xC4D4, 0xC4B4, 0xC4D4, 0xB493, 0xB494, 0xAC32, 0x9370,
    0xA432, 0xFF3E, 0x62AB, 0x0000, 0x0020, 0x0000, 0x0000, 0x0801, 0x1883, 0x20C5, 0x3126, 0x41A8,
    0x6A8C, 0x728C, 0x6A2B, 0x620A, 0x51A8, 0x4968, 0x3107, 0x2085, 0x1825, 0x1025, 0x1846, 0x2088,
    0x2089, 0x2089, 0x28AA, 0x2088, 0x59EA, 0xBC93, 0xABF1, 0x9B90, 0xCD15, 0xC4D4, 0xC4D4, 0xC4D4,
    0xC4D4, 0xC4D4, 0xC4D4, 0xC4D4, 0xC4D4, 0xC4D4, 0xC4D4, 0xC4B3, 0xCD35, 0x8B70, 0x72AD, 0x8B4F,
    0x620A, 0x934F, 0xC4D5, 0xC4D4, 0xC4D4, 0xC4D4, 0xCCF4, 0xC4D4, 0xC4D4, 0xC4D4, 0xC4D4, 0xC4D4,
    0xCD15, 0xCD15, 0xA3D1, 0xA3D0, 0xC4B4, 0xC4D4, 0xC4D4, 0xB494, 0xA432, 0xA3F1, 0xC4B3, 0x936F,
    0xB4B4, 0xE65A, 0x20E4, 0x0000, 0x0000, 0x0000, 0x0000, 0x0000, 0x0000, 0x0000, 0x0000, 0x0001,
    0x0000, 0x0000, 0x0001, 0x0000, 0x0001, 0x1025, 0x1846, 0x1866, 0x1866, 0x1847, 0x2067, 0x2889,
    0x28AA, 0x2088, 0x59EA, 0xBC73, 0xBC73, 0xA390, 0xA3B0, 0xCD15, 0xC4D4, 0xC4F4, 0xC4F4, 0xC4D4,
    0xC4D4, 0xC4D4, 0xC4D4, 0xC4D4, 0xC4D4, 0xC4D4, 0xC4D4, 0xC4D4, 0xAC32, 0x936F, 0xC4D4, 0xCD36,
    0xBC93, 0xC4D4, 0xC4D4, 0xC4D4, 0xC4F4, 0xC4F5, 0xC4D4, 0xC4D4, 0xC4D4, 0xC4D4, 0xC4D4, 0xC4D4,
    0xC4D4, 0xCD15, 0xBC73, 0xBC73, 0xC4D4, 0xBCB3, 0xAC52, 0xAC33, 0xBC93, 0xBC93, 0xC493, 0x9BB0,
    0xEE7B, 0x5A8B, 0x0000, 0x0020, 0x0000, 0x0000, 0x0000, 0x0000, 0x0000, 0x0000, 0x0000, 0x0000,
    0x0000, 0x0000, 0x0000, 0x0000, 0x0802, 0x1024, 0x1845, 0x1846, 0x1846, 0x2067, 0x2067, 0x2067,
    0x624B, 0xC493, 0xBC52, 0xBC52, 0xAB90, 0xB432, 0xCCF5, 0xC4D4, 0xC4D4, 0xC4D4, 0xC4D4, 0xC4F4,
    0xC4D4, 0xC4D4, 0xC4D4, 0xC4D4, 0xC4D4, 0xC4D4, 0xC4D4, 0xC4D4, 0xBC73, 0xB452, 0xCD15, 0xC4F4,
    0xC4F4, 0xC4D4, 0xC4D4, 0xC4F4, 0xC4F4, 0xC4D4, 0xC4D4, 0xC4D4, 0xC4D4, 0xC4D4, 0xC4D4, 0xC4D4,
    0xC4D4, 0xC4D4, 0xC4D4, 0xC4D4, 0xBC93, 0xAC32, 0xAC52, 0xBC73, 0xC493, 0xC493, 0xA3D1, 0xDDF9,
    0x838F, 0x0000, 0x0000, 0x0000, 0x0000, 0x0000, 0x0000, 0x0000, 0x0000, 0x0000, 0x0000, 0x0000,
    0x0000, 0x0000, 0x0000, 0x0000, 0x0801, 0x1024, 0x1846, 0x1825, 0x1005, 0x28C6, 0x8B4E, 0xCCF4,
    0xBC72, 0xBC52, 0xBC52, 0xB432, 0xC4B4, 0xCD15, 0xCD15, 0xCCF5, 0xC4F4, 0xC4F4, 0xC4F5, 0xC4F4,
    0xC4D4, 0xC4D4, 0xC4D4, 0xC4D4, 0xC4D4, 0xC4D4, 0xC4D4, 0xC4D4, 0xC4D4, 0xC4F5, 0xC4F4, 0xC4F5,
    0xC4D4, 0xC4D4, 0xC4D4, 0xC4D4, 0xC4D4, 0xC4D4, 0xC4D4, 0xC4D4, 0xC4D4, 0xC4D4, 0xC4D4, 0xC4D4,
    0xC4D4, 0xC4D4, 0xC4D4, 0xBC93, 0xAC33, 0xB494, 0xB452, 0xC493, 0xC493, 0xABF1, 0xD578, 0xAC74,
    0x730D, 0x3125, 0x0000, 0x0000, 0x0000, 0x0000, 0x0000, 0x0000, 0x0000, 0x0000, 0x0000, 0x0000,
    0x0000, 0x0000, 0x0000, 0x0000, 0x0000, 0x0001, 0x1864, 0x626B, 0xB493, 0xD535, 0xC493, 0xBC73,
    0xBC73, 0xBC72, 0xBC73, 0xC4B4, 0xCD36, 0xCD35, 0xCD15, 0xCD15, 0xC4F5, 0xC4F5, 0xC4F5, 0xC4D4,
    0xC4D4, 0xC4D4, 0xC4D4, 0xC4D4, 0xC4D4, 0xC4D4, 0xC4D4, 0xC4D4, 0xC4F4, 0xCCF5, 0xCCF5, 0xC4D4,
    0xC4F5, 0xC4F4, 0xC4D4, 0xC4D4, 0xC4D4, 0xC4D4, 0xC4D4, 0xC4D4, 0xC4D4, 0xC4D4, 0xC4D4, 0xC4D4,
    0xC4D4, 0xC4D4, 0xC4D4, 0x9BD1, 0xCD57, 0xAC11, 0xC493, 0xC493, 0xABF1, 0xCD16, 0xA433, 0xCCD5,
    0xD536, 0x8B6F, 0x41A7, 0x0861, 0x0000, 0x0000, 0x0000, 0x0000, 0x0000, 0x0000, 0x0000, 0x0000,
    0x0000, 0x0000, 0x0841, 0x3145, 0x72ED, 0xBCB4, 0xDD76, 0xCCF5, 0xC493, 0xBC73, 0xBC72, 0xB452,
    0xC4D4, 0xC4D4, 0xC4D4, 0xCD35, 0xCD35, 0xCD35, 0xCD35, 0xCD15, 0xCCF5, 0xCCF5, 0xC4F4, 0xC4F4,
    0xC4F4, 0xC4D4, 0xC4D4, 0xC4D4, 0xC4D4, 0xC4D4, 0xC4F4, 0xC4F5, 0xCCF5, 0xC4F4, 0xC4D4, 0xC4F5,
    0xC4F4, 0xC4D4, 0xC4D4, 0xC4D4, 0xC4D4, 0xC4D4, 0xC4D4, 0xC4D4, 0xC4D4, 0xC4D4, 0xC4D4, 0xC4D4,
    0xC4D4, 0xCD15, 0xA3D1, 0xB494, 0xBCB4, 0xA3B0, 0xB452, 0xAC12, 0xCD37, 0xA412, 0xC493, 0xCCD4,
    0xDD56, 0xDD76, 0xBCB3, 0x938F, 0x72EC, 0x5229, 0x4187, 0x2905, 0x3145, 0x3986, 0x49E8, 0x6AAB,
    0x8BAF, 0xB4B4, 0xD557, 0xDD77, 0xD556, 0xCCF4, 0xCCD4, 0xC493, 0xBC52, 0xB452, 0xCD35, 0xEE5A,
    0xC4B4, 0xCCF4, 0xD536, 0xCD35, 0xCD35, 0xCD15, 0xCD15, 0xCD15, 0xCCF5, 0xC4F5, 0xC4F5, 0xC4F4,
    0xC4D4, 0xC4D4, 0xC4D4, 0xC4D4, 0xC4D4, 0xC4F5, 0xC4F5, 0xC4F5, 0xD556, 0xCCF5, 0xC4F5, 0xC4F4,
    0xC4D4, 0xC4F4, 0xC4F4, 0xC4D4, 0xC4D4, 0xC4D4, 0xC4D4, 0xC4D4, 0xC4D4, 0xC4D4, 0xC4D4, 0xC4D4,
    0xC4D4, 0xBCB4, 0x936F, 0xCD57, 0x7AED, 0xAC53, 0xD578, 0xC516, 0xA3D1, 0xC493, 0xC4B4, 0xCCF4,
    0xCCF5, 0xD535, 0xDD76, 0xDD97, 0xDD97, 0xD576, 0xD556, 0xD556, 0xDD77, 0xDD97, 0xDD97, 0xDD97,
    0xD556, 0xCD15, 0xCD15, 0xD515, 0xCCF4, 0xC4B3, 0xBC73, 0xBC52, 0xB452, 0xEE39, 0xF6BB, 0xC4D4,
    0xCD15, 0xCD35, 0xCD35, 0xCD35, 0xCD35, 0xCD15, 0xCD15, 0xCD15, 0xCCF5, 0xCCF5, 0xCCF5, 0xC4F5,
    0xC4F5, 0xC4F5, 0xC4F5, 0xC4F5, 0xC4F5, 0xC4F5, 0xC4F5, 0xE5D8,
};

// Image: reze_frame_005.png
const uint16_t reze_frame_005[4544] PROGMEM = {
    0x1024, 0x1846, 0x1826, 0x2066, 0x28C8, 0x28A8, 0x28C9, 0x30E9, 0x392B, 0x414B, 0x414B, 0x414C,
    0x392B, 0x414B, 0x496D, 0x414C, 0x392B, 0x3909, 0x6A6D, 0xE5D8, 0xFEBB, 0xD578, 0x7AEF, 0x51AB,
    0x622F, 0x72D1, 0xBD17, 0x628E, 0x390B, 0x414D, 0x414D, 0x392C, 0x412C, 0x414C, 0x412C, 0x412D,
    0x494F, 0x5952, 0x71B9, 0x79DA, 0x923E, 0x923F, 0x8A1D, 0x8A1D, 0x923E, 0x923E, 0x8A1C, 0x89FC,
    0x921D, 0x8A1C, 0x6996, 0x5973, 0x5973, 0x6996, 0x6175, 0x6175, 0x6174, 0x5973, 0x5973, 0x5973,
    0x6175, 0x79DA, 0x8A1D, 0x6174, 0x69B5, 0x492F, 0x71D8, 0x81FC, 0x79D9, 0x6997, 0x71B7, 0x1004,
    0x1846, 0x1846, 0x28C8, 0x28C8, 0x28C9, 0x30E9, 0x310A, 0x414B, 0x394B, 0x416C, 0x392B, 0x392B,
    0x416C, 0x414B, 0x390A, 0x392A, 0x7AEE, 0xD557, 0xEE19, 0xF63A, 0xFE9B, 0xEE7A, 0xB4D5, 0x72D0,
    0x6A8F, 0x498C, 0x30EA, 0x414D, 0x496D, 0x414D, 0x414C, 0x416D, 0x416D, 0x414D, 0x414D, 0x496E,
    0x5152, 0x6175, 0x79D9, 0x923E, 0x923E, 0x8A1C, 0x921D, 0x923E, 0x923E, 0x923E, 0x923E, 0x923E,
    0x921D, 0x7197, 0x6174, 0x71B7, 0x79D9, 0x71B8, 0x79DA, 0x6997, 0x6995, 0x79D9, 0x71B8, 0x79DA,
    0x923E, 0x8A1C, 0x71B9, 0x79F8, 0x51AD, 0x79DA, 0x923E, 0x921D, 0x81DA, 0x921D, 0x1004, 0x1845,
    0x20A7, 0x28E8, 0x28C8, 0x30E9, 0x30E9, 0x390A, 0x392B, 0x416C, 0x414C, 0x392B, 0x392B, 0x394B,
    0x3109, 0x418A, 0x9BD2, 0xDD98, 0xE597, 0xDD77, 0xE5B8, 0xEE19, 0xFE7B, 0xFF1D, 0xFEDC, 0xBD16,
    0x414B, 0x390C, 0x414D, 0x416D, 0x390C, 0x414C, 0x416D, 0x414D, 0x414C, 0x414D, 0x494E, 0x5973,
    0x6174, 0x81FB, 0x923F, 0x8A1D, 0x8A1C, 0x9A3F, 0x923F, 0x923E, 0x923E, 0x923E, 0x923E, 0x923E,
    0x89FC, 0x89FC, 0x8A1D, 0x7197, 0x921D, 0x9A3F, 0x923E, 0x923E, 0x9A5E, 0x81FC, 0x923E, 0x923F,
    0x79D9, 0x81DA, 0x8AF5, 0x7ACF, 0x79BA, 0x923E, 0x8A1C, 0x81FB, 0x923E, 0x1825, 0x1845, 0x28C8,
    0x28C8, 0x30E9, 0x30E9, 0x30EA, 0x390A, 0x394B, 0x416C, 0x392B, 0x392B, 0x310A, 0x30E8, 0x4169,
    0xA3F2, 0xE5B8, 0xDD57, 0xE577, 0xED98, 0xE5B8, 0xE5D8, 0xE5F8, 0xEE19, 0xFEBB, 0xD577, 0x498C,
    0x416D, 0x496D, 0x392C, 0x390C, 0x414C, 0x414D, 0x414D, 0x414D, 0x414D, 0x494F, 0x6173, 0x6174,
    0x8A1D, 0x923E, 0x81FB, 0x8A1D, 0x8A1D, 0x921D, 0x923E, 0x923E, 0x923E, 0x923E, 0x923E, 0x923E,
    0x9A3F, 0x71B9, 0x71B8, 0x923F, 0x923E, 0x923E, 0x9A5F, 0x8A1D, 0x89FC, 0x9A5F, 0x8A1C, 0x81FB,
    0x71B7, 0xBCB5, 0x7AF1, 0x79BA, 0x923E, 0x8A1C, 0x8A1C, 0x923E, 0x1865, 0x2086, 0x28C8, 0x28C8,
    0x28E9, 0x30E9, 0x310A, 0x310A, 0x416C, 0x414B, 0x392B, 0x30EA, 0x28E8, 0x498A, 0xB474, 0xEDB8,
    0xE536, 0xE597, 0xEDB8, 0xEDB8, 0xEDB8, 0xE5D8, 0xE5F8, 0xEDF9, 0xEE19, 0x8B71, 0x392B, 0x498D,
    0x392C, 0x390C, 0x412C, 0x416D, 0x414D, 0x414D, 0x416D, 0x414D, 0x5171, 0x5151, 0x71B7, 0x8A1D,
    0x79B9, 0x6996, 0x6996, 0x5973, 0x6174, 0x89FC, 0x8A1D, 0x923E, 0x923E, 0x923E, 0x923E, 0x79DA,
    0x6996, 0x921D, 0x9A5F, 0x9A3F, 0x9A3F, 0x923E, 0x81FB, 0x9A3F, 0x923E, 0x79DA, 0x79DA, 0xA416,
    0xEE9A, 0x7271, 0x6978, 0x81FC, 0x81DB, 0x8A1C, 0x921E, 0x1845, 0x28C8, 0x28C8, 0x28C9, 0x30E9,
    0x310A, 0x390A, 0x394B, 0x416C, 0x30EA, 0x30E9, 0x30E8, 0x28C6, 0x72CD, 0xD557, 0xCCD4, 0xDD36,
    0xDD36, 0xD515, 0xDD36, 0xE598, 0xEDF9, 0xEDF9, 0xEE19, 0xCD56, 0x5A2D, 0x392B, 0x414C, 0x30EB,
    0x392C, 0x414D, 0x414D, 0x414D, 0x414D, 0x414D, 0x414E, 0x5171, 0x494F, 0x6174, 0x6174, 0x5150,
    0x5150, 0x5151, 0x5151, 0x5952, 0x71B8, 0x921D, 0x923E, 0x923E, 0x923E, 0x79B9, 0x6174, 0x71B8,
    0x89FC, 0x81FB, 0x81FC, 0x89FC, 0x79B9, 0x79DA, 0x81FB, 0x71B7, 0x6977, 0x9396, 0xE6BA, 0xF69B,
    0x6A30, 0x5954, 0x71B8, 0x6997, 0x81FB, 0x89FC, 0x2086, 0x28C8, 0x28C8, 0x30E9, 0x30E9, 0x310A,
    0x390A, 0x414C, 0x392B, 0x28A8, 0x28C7, 0x4148, 0xAC33, 0x59E9, 0x7B0E, 0x93B0, 0x9B4F, 0xCCB4,
    0xD536, 0xE5B8, 0xE5D8, 0xDD97, 0xEE5A, 0xF6BB, 0xB475, 0x394B, 0x496C, 0x310A, 0x414C, 0x392C,
    0x496E, 0x414D, 0x414D, 0x414D, 0x414D, 0x496F, 0x5150, 0x494E, 0x5151, 0x5171, 0x494F, 0x5150,
    0x5150, 0x5151, 0x5952, 0x71B8, 0x81FB, 0x81FB, 0x81FC, 0x71B9, 0x6174, 0x6174, 0x7197, 0x6175,
    0x5973, 0x5973, 0x6175, 0x6175, 0x6997, 0x5152, 0x4911, 0x9376, 0xDE7A, 0xFF7E, 0xDE19, 0x59D0,
    0x5152, 0x6174, 0x5973, 0x6995, 0x6195, 0x28E8, 0x28C8, 0x28C8, 0x30E9, 0x30EA, 0x30E9, 0x310A,
    0x416C, 0x28C9, 0x28A7, 0x2085, 0x2084, 0x72AE, 0x620A, 0x20A4, 0x5A09, 0x622A, 0xCCF5, 0x8B0E,
    0xD536, 0xEE19, 0xFEBB, 0xF6FC, 0xD5B8, 0x7AEF, 0x392B, 0x390A, 0x392B, 0x392C, 0x414D, 0x496E,
    0x414D, 0x414D, 0x414D, 0x494E, 0x4950, 0x494F, 0x494E, 0x5170, 0x494F, 0x494F, 0x516F, 0x5150,
    0x5150, 0x5973, 0x71B8, 0x6997, 0x6996, 0x6175, 0x6174, 0x6174, 0x5973, 0x5952, 0x5151, 0x5150,
    0x5150, 0x5972, 0x5952, 0x5171, 0x4950, 0x6A33, 0xDE7A, 0xEF1C, 0xFFBE, 0xD5D9, 0x5190, 0x5151,
    0x5151, 0x5150, 0x5973, 0x5973, 0x28C8, 0x28C8, 0x30E9, 0x30EA, 0x30EA, 0x30E9, 0x310A, 0x28C9,
    0x2086, 0x1044, 0x0801, 0x0822, 0x0801, 0x1843, 0x1042, 0x1063, 0x1042, 0x6ACC, 0x624B, 0xD536,
    0xC4B4, 0xC4F5, 0xEE39, 0xC537, 0x414A, 0x394B, 0x310A, 0x416C, 0x390B, 0x498E, 0x416C, 0x414C,
    0x414D, 0x414D, 0x494E, 0x494E, 0x494E, 0x494F, 0x4950, 0x494F, 0x516F, 0x496F, 0x5150, 0x5150,
    0x6174, 0x6996, 0x6175, 0x6173, 0x5972, 0x5952, 0x5952, 0x5151, 0x5150, 0x5150, 0x5150, 0x5150,
    0x5151, 0x5170, 0x6A51, 0x6210, 0xDE3A, 0xE6BB, 0xFF9E, 0xFFDF, 0xCD97, 0x496E, 0x5151, 0x5150,
    0x5150, 0x5151, 0x5151, 0x28C8, 0x30E9, 0x310A, 0x30EA, 0x30EA, 0x390A, 0x416B, 0x2066, 0x0802,
    0x0801, 0x0821, 0x1042, 0x28C5, 0x28C5, 0x1042, 0x0001, 0x0000, 0x0000, 0x0020, 0x93B0, 0xDD98,
    0xC556, 0xBCB4, 0x72AE, 0x392A, 0x414B, 0x416C, 0x392C, 0x414D, 0x498E, 0x414C, 0x416C, 0x414D,
    0x494E, 0x494E, 0x414D, 0x414E, 0x494F, 0x494F, 0x516F, 0x516F, 0x5150, 0x5150, 0x5151, 0x5952,
    0x5973, 0x5151, 0x5151, 0x5151, 0x5151, 0x5151, 0x5151, 0x5150, 0x5151, 0x5151, 0x5151, 0x5170,
    0x8B53, 0x624F, 0xD5FA, 0xEEFC, 0xEF1C, 0xFFBF, 0xFFDF, 0xBD36, 0x494D, 0x5170, 0x494E, 0x494F,
    0x5991, 0x5170, 0x28C8, 0x30E9, 0x392A, 0x30E9, 0x30EA, 0x416C, 0x392B, 0x6A4B, 0x4988, 0x0000,
    0x0822, 0x624B, 0xA412, 0xBCB5, 0xB4B4, 0x9C11, 0x5249, 0x1062, 0x0000, 0x0801, 0x72ED, 0x9C12,
    0xD598, 0x498B, 0x30E9, 0x394B, 0x414C, 0x390C, 0x518F, 0x414D, 0x416C, 0x416D, 0x414D, 0x414D,
    0x414D, 0x414D, 0x414C, 0x494E, 0x494F, 0x516F, 0x496F, 0x5170, 0x5150, 0x5151, 0x5151, 0x5150,
    0x5150, 0x5150, 0x5150, 0x5150, 0x5151, 0x5151, 0x5151, 0x5151, 0x5170, 0x412E, 0x6A71, 0x5A0D,
    0x9C14, 0xF71C, 0xE6BB, 0xFFFF, 0xFFFF, 0xFFFF, 0xAC74, 0x410E, 0x5170, 0x494F, 0x5170, 0x5190,
    0x516F, 0x30E8, 0x310A, 0x30E9, 0x30E9, 0x392B, 0x416C, 0x3929, 0xCCB4, 0x934F, 0x0801, 0x2905,
    0xBCD4, 0xFE9C, 0xFEFC, 0xFF1D, 0xFF5E, 0xDDF9, 0x4AA7, 0x4B46, 0x10A2, 0x0001, 0x418A, 0x72CE,
    0x392A, 0x30E9, 0x416C, 0x392C, 0x414D, 0x496E, 0x412C, 0x416D, 0x416C, 0x414C, 0x414D, 0x414D,
    0x414D, 0x414D, 0x496F, 0x516F, 0x516F, 0x516F, 0x5170, 0x5150, 0x5150, 0x5151, 0x5150, 0x5150,
    0x5150, 0x5150, 0x5150, 0x5170, 0x5150, 0x5150, 0x5170, 0x410D, 0x51CE, 0x416C, 0x6A6F, 0x9BD3,
    0x72AF, 0xA434, 0xA475, 0xBD58, 0xDE5A, 0x9BD3, 0x412E, 0x496F, 0x494F, 0x5170, 0x5170, 0x518E,
    0x3109, 0x310A, 0x30E9, 0x310A, 0x49AD, 0x30EA, 0x59CA, 0xD473, 0x8AAD, 0x2084, 0x59E9, 0xE5F9,
    0xFEFC, 0xF6BB, 0xF6BB, 0xFF1D, 0x9C32, 0x6C88, 0x9F2B, 0x7D4A, 0x3A24, 0x1884, 0x28C8, 0x310A,
    0x392B, 0x414C, 0x412C, 0x416D, 0x414C, 0x414D, 0x414D, 0x414C, 0x412C, 0x414C, 0x414D, 0x414D,
    0x496D, 0x496E, 0x496E, 0x496F, 0x516F, 0x494F, 0x494F, 0x5150, 0x5150, 0x5150, 0x5150, 0x5150,
    0x5150, 0x5150, 0x5150, 0x494F, 0x494F, 0x494D, 0x622F, 0x5A0E, 0x8B92, 0xCD58, 0xAC34, 0xA414,
    0x8352, 0x7291, 0x6230, 0x51AE, 0x414B, 0x392C, 0x392C, 0x414D, 0x516F, 0x518F, 0x498E, 0x310A,
    0x30EA, 0x30EA, 0x392B, 0x498C, 0x28A7, 0x6A2B, 0xED16, 0xE4D4, 0x9B0E, 0x7A8C, 0xE5F9, 0xFEDC,
    0xF6BB, 0xFEBB, 0xFEFD, 0x940F, 0x7D49, 0x968A, 0x8E0A, 0x966A, 0x4246, 0x2888, 0x310A, 0x416C,
    0x414C, 0x416D, 0x414D, 0x414C, 0x416D, 0x416D, 0x414C, 0x414C, 0x414D, 0x414D, 0x414C, 0x496D,
    0x498E, 0x496E, 0x496F, 0x516F, 0x496F, 0x494F, 0x5170, 0x5170, 0x5170, 0x5150, 0x516F, 0x516F,
    0x496F, 0x494F, 0x494F, 0x494E, 0x6A90, 0x622E, 0x93D1, 0xFEDC, 0xC515, 0xE5D8, 0xFE9B, 0xEE1A,
    0xD578, 0xB4B5, 0xA434, 0x5A0C, 0x390B, 0x392C, 0x414D, 0x496F, 0x498E, 0x498E, 0x310A, 0x30EA,
    0x310A, 0x416C, 0x414B, 0x30E6, 0x620A, 0xDCD5, 0xCC12, 0x9ACD, 0x826C, 0xD577, 0xFEDC, 0xF6BB,
    0xFEDB, 0xFEDC, 0x83EE, 0x7D69, 0x966A, 0x96CA, 0x6428, 0x3126, 0x3969, 0x416C, 0x414C, 0x414D,
    0x414C, 0x414C, 0x416C, 0x416C, 0x414C, 0x414C, 0x412C, 0x414D, 0x414D, 0x414D, 0x498E, 0x496D,
    0x496E, 0x496E, 0x496F, 0x516F, 0x496F, 0x516F, 0x516F, 0x516F, 0x516F, 0x516F, 0x494F, 0x496F,
    0x496F, 0x414D, 0x7AD1, 0x622D, 0x93B1, 0xFEDC, 0xCD15, 0xDD77, 0xF65A, 0xF63A, 0xFE5A, 0xF65A,
    0xF65A, 0xFEBB, 0x6AAE, 0x390B, 0x496E, 0x496F, 0x516F, 0x498E, 0x414C, 0x30E9, 0x30EA, 0x414B,
    0x416B, 0x72CF, 0x7B0E, 0x51A8, 0xE516, 0xD494, 0xBBD1, 0xAB6F, 0xCC94, 0xFE7B, 0xFEFC, 0xF6BB,
    0xFEFC, 0xBDB4, 0x8DCB, 0x8E0A, 0x8E0A, 0x4A47, 0x5A8A, 0x49CB, 0x414C, 0x416C, 0x416C, 0x392C,
    0x416C, 0x416C, 0x414C, 0x414C, 0x414C, 0x414C, 0x414C, 0x416D, 0x416D, 0x496D, 0x416D, 0x498D,
    0x498E, 0x496E, 0x516F, 0x496F, 0x496F, 0x516F, 0x516F, 0x516F, 0x516F, 0x496F, 0x516F, 0x496C,
    0x8351, 0x624D, 0x8330, 0xF67B, 0xCCF5, 0xCD15, 0xF639, 0xEDF9, 0xEE19, 0xEE19, 0xEDF9, 0xEDF9,
    0xE5D8, 0x624C, 0x414C, 0x414D, 0x518E, 0x518F, 0x414D, 0x390B, 0x30E9, 0x390B, 0x416D, 0x392A,
    0xBCD6, 0xB4B4, 0x59C9, 0xE516, 0xDCF5, 0xC453, 0xAB90, 0x8AAC, 0xB3F1, 0xE5D8, 0xFEFC, 0xFF1D,
    0xD5D7, 0x7C8A, 0x962B, 0x6428, 0x5A8A, 0x8C2E, 0x392C, 0x416C, 0x498C, 0x310A, 0x392B, 0x416C,
    0x416C, 0x414C, 0x414D, 0x414C, 0x414D, 0x414C, 0x414D, 0x416C, 0x414C, 0x416D, 0x496D, 0x496E,
    0x496E, 0x496E, 0x496E, 0x496F, 0x516F, 0x516F, 0x496F, 0x516F, 0x516F, 0x412D, 0x8B71, 0x7AAD,
    0x8B50, 0xDDB9, 0xC4B4, 0xBC93, 0xEDF9, 0xE5D8, 0xE5F8, 0xE5D8, 0xE5D8, 0xE5D8, 0xE5F8, 0xDDB8,
    0x624D, 0x414C, 0x496E, 0x498E, 0x518E, 0x414B, 0x390A, 0x30EA, 0x414B, 0x496D, 0x2889, 0xA432,
    0xBCD4, 0x724B, 0xEDB8, 0xF65A, 0xDD77, 0xBBF1, 0xB370, 0xBB90, 0xB34F, 0xCCD4, 0xF65A, 0xFEFC,
    0xA4D2, 0x746A, 0x526A, 0x8BCF, 0x5A4D, 0x412D, 0x498D, 0x392B, 0x30C9, 0x414B, 0x416C, 0x414C,
    0x414C, 0x414C, 0x414C, 0x414C, 0x414C, 0x414C, 0x414C, 0x414D, 0x416D, 0x414D, 0x414D, 0x496E,
    0x496E, 0x496E, 0x496F, 0x516F, 0x516F, 0x5170, 0x5150, 0x494E, 0x9393, 0x7AEE, 0x936F, 0xDDB8,
    0xC4D4, 0xBC93, 0xE5F8, 0xE5D8, 0xE5D8, 0xE5D8, 0xEDF8, 0xEDF9, 0xEDF9, 0xEE39, 0xE5B8, 0x51CB,
    0x392C, 0x498E, 0x518F, 0x498D, 0x51CC, 0x390A, 0x390B, 0x498C, 0x412E, 0x288E, 0x416A, 0x9BF1,
    0x7ACD, 0xF65A, 0xFEDC, 0xE5F9, 0xDD36, 0xDC94, 0xD493, 0xDC53, 0xD453, 0xD4B4, 0xD556, 0xDDF8,
    0x7B4E, 0x51CC, 0x72AF, 0x496E, 0x496E, 0x414C, 0x28C9, 0x394B, 0x416C, 0x416C, 0x416C, 0x414C,
    0x414C, 0x414B, 0x392C, 0x392C, 0x414D, 0x392C, 0x416D, 0x414D, 0x414D, 0x496D, 0x496E, 0x496E,
    0x516F, 0x516F, 0x516F, 0x5170, 0x5171, 0x496E, 0x93D2, 0x7ACE, 0x8B4F, 0xEDD9, 0xC494, 0xBC73,
    0xDD77, 0xDD97, 0xDD77, 0xDD77, 0xD577, 0xD556, 0xD556, 0xDD77, 0xDD77, 0xDD77, 0x51CC, 0x412C,
    0x518E, 0x494E, 0x6A70, 0x624D, 0x28C9, 0x414D, 0x416C, 0x390F, 0x3091, 0x51CC, 0xEE3A, 0x830E,
    0xFE9B, 0xFEDB, 0xFEBC, 0xF65A, 0xD4F5, 0xE536, 0xED16, 0xDCB4, 0xCC53, 0xCCB4, 0xBC73, 0x622D,
    0x390B, 0x51AF, 0x518F, 0x414C, 0x624E, 0x418C, 0x414C, 0x416C, 0x414C, 0x416C, 0x416C, 0x414C,
    0x414C, 0x412C, 0x414C, 0x414C, 0x414C, 0x416D, 0x496D, 0x416D, 0x416D, 0x496E, 0x496E, 0x496E,
    0x5170, 0x5170, 0x5170, 0x516F, 0x8B53, 0x728D, 0x9390, 0xEDF9, 0xCD16, 0xD576, 0xF67A, 0xEE39,
    0xEE19, 0xEE19, 0xEE19, 0xEDF9, 0xF65A, 0xEDF9, 0xDD77, 0xCD15, 0xB453, 0x416A, 0x414D, 0x51AE,
    0x496D, 0x8351, 0x418B, 0x30EA, 0x496D, 0x390C, 0x38F1, 0x390E, 0x1864, 0x41C8, 0x6AAC, 0xFEDC,
    0xFEBB, 0xFE9B, 0xFE7A, 0xF63A, 0xF63A, 0xEDB8, 0xE557, 0xEDB8, 0xEDB8, 0xA3F2, 0x414B, 0x414E,
    0x51CF, 0x414D, 0x6A6F, 0x8331, 0x392C, 0x496D, 0x414C, 0x414C, 0x416C, 0x416C, 0x414C, 0x414C,
    0x392C, 0x414C, 0x392A, 0x414C, 0x414D, 0x496D, 0x496D, 0x496D, 0x416D, 0x498E, 0x498E, 0x51AE,
    0x5170, 0x5191, 0x6210, 0x622C, 0xAC12, 0xF63A, 0xC4B4, 0xC4F5, 0xDD56, 0xD516, 0xDD77, 0xE5B8,
    0xEDD8, 0xEE19, 0xF67A, 0xCD36, 0xBCF5, 0xE5F8, 0xEE19, 0x9BB0, 0x414B, 0x498E, 0x498E, 0x622F,
    0x8B91, 0x28C9, 0x310A, 0x414C, 0x390E, 0x30EB, 0x0842, 0x0000, 0x1009, 0x5A2C, 0xFEDC, 0xFE7A,
    0xFE7B, 0xFE5A, 0xFE7A, 0xFE7A, 0xF619, 0xF63A, 0xFE9B, 0xDD98, 0x624D, 0x412C, 0x498F, 0x498E,
    0x5A0D, 0xB4B7, 0x51CE, 0x498E, 0x518E, 0x496D, 0x496D, 0x416C, 0x416C, 0x414D, 0x414C, 0x414C,
    0x392B, 0x394B, 0x416C, 0x416D, 0x416D, 0x416D, 0x496D, 0x498D, 0x414D, 0x5A2E, 0x7291, 0x5151,
    0x494D, 0x51CC, 0xC4D5, 0xEDF9, 0xBC73, 0xB412, 0xD4D4, 0xDD16, 0xEDD8, 0xF65A, 0xF65A, 0xF63A,
    0xEE7A, 0xACB3, 0xB4D4, 0xDE19, 0x93B0, 0x5A09, 0x832F, 0x51CE, 0x498E, 0x494D, 0x728E, 0x5A2D,
    0x20A8, 0x392B, 0x392B, 0x38EC, 0x0823, 0x0000, 0x28AB, 0x38D3, 0x72CE, 0xFEDC, 0xF63A, 0xFE5A,
    0xFE5A, 0xFE5A, 0xFE5A, 0xFE5A, 0xFE5A, 0xFE5A, 0x9BD2, 0x392A, 0x498D, 0x518E, 0x414B, 0xA434,
    0x8331, 0x496D, 0x51AE, 0x496E, 0x498E, 0x496E, 0x414D, 0x416C, 0x414C, 0x394C, 0x414C, 0x392B,
    0x414B, 0x414C, 0x414D, 0x416D, 0x496D, 0x498D, 0x414D, 0x59ED, 0xAC54, 0x51AE, 0x38EC, 0x7AEF,
    0xE63A, 0xDD97, 0xBC32, 0xCCF5, 0xE577, 0xD516, 0xC4B5, 0xA3F2, 0x82EE, 0x59EB, 0x3907, 0x2084,
    0x2064, 0x626B, 0x520A, 0x0821, 0x3946, 0x5A2B, 0x412C, 0x51AE, 0x498B, 0x9BB1, 0x3929, 0x28A8,
    0x416C, 0x392C, 0x1044, 0x0000, 0x2069, 0x5156, 0x38B3, 0x7B2F, 0xFEFC, 0xF63A, 0xFE5A, 0xFE5A,
    0xFE5A, 0xFE5A, 0xF63A, 0xFE9B, 0xC4F5, 0x498B, 0x392C, 0x498E, 0x414C, 0x6A8F, 0xA435, 0x496C,
    0x51AE, 0x498D, 0x496D, 0x498E, 0x498E, 0x496D, 0x414C, 0x414C, 0x498D, 0x392B, 0x392B, 0x416C,
    0x414C, 0x416D, 0x416C, 0x416D, 0x414D, 0x51ED, 0xBCB4, 0x72AF, 0x498D, 0xB4F6, 0xEEDC, 0xD5B8,
    0xC4F5, 0xBC73, 0x9B90, 0x7A8C, 0x4968, 0x28A5, 0x1883, 0x1882, 0x1903, 0x29A4, 0x31C5, 0x29A4,
    0x1903, 0x1062, 0x0802, 0x0000, 0x1045, 0x496E, 0x414C, 0x30E8, 0x4149, 0x28A7, 0x30E9, 0x394B,
    0x28A8, 0x0000, 0x0801, 0x4112, 0x6178, 0x40D4, 0x72CF, 0xFEDC, 0xF63A, 0xFE5A, 0xFE5A, 0xFE5A,
    0xFE5A, 0xFE7B, 0xEE3A, 0x622C, 0x392B, 0x498D, 0x498D, 0x498C, 0x8B52, 0x51CE, 0x416D, 0x498E,
    0x498E, 0x498E, 0x498E, 0x498E, 0x496D, 0x414C, 0x416D, 0x498D, 0x414C, 0x414D, 0x498E, 0x496D,
    0x416D, 0x416C, 0x414C, 0x59EE, 0xAC74, 0x7ACD, 0x6A6D, 0xD5B8, 0xE67A, 0xDDF9, 0xEE5B, 0xBCB4,
    0x6A4B, 0x51A8, 0x6A8C, 0x5A2A, 0x4AE6, 0x7D29, 0x7D4A, 0x85AA, 0x6428, 0x74A9, 0x95EB, 0x8E0A,
    0x7D49, 0x6CE8, 0x5347, 0x3108, 0x392C, 0x30C9, 0x1024, 0x1025, 0x2087, 0x3109, 0x390B, 0x41A8,
    0x1042, 0x30CC, 0x5976, 0x5977, 0x40D4, 0x7AF0, 0xFEDB, 0xFE7B, 0xFE5A, 0xFE5A, 0xFE5A, 0xFE5A,
    0xFEDC, 0xA412, 0x498B, 0x498E, 0x51AE, 0x498D, 0x59EE, 0x5A0E, 0x414C, 0x498E, 0x498D, 0x498D,
    0x498E, 0x498E, 0x498E, 0x496E, 0x496D, 0x496D, 0x414C, 0x416C, 0x416D, 0x496D, 0x498E, 0x496D,
    0x414C, 0x59EE, 0x9BD2, 0x6A2C, 0x8B50, 0xD5D9, 0xE6BB, 0xF73D, 0xFF7E, 0xCD77, 0xA3F1, 0xAC11,
    0xE619, 0xFF1D, 0xA4B2, 0x8D8B, 0x9ECA, 0x96AA, 0x74E9, 0x0000, 0x31A5, 0x962B, 0x8E49, 0x962B,
    0xA6AD, 0x7CCA, 0x392B, 0x51CD, 0x414A, 0x28A6, 0x2066, 0x28A8, 0x30C9, 0x28C9, 0xEEDB, 0x28C8,
    0x4914, 0x6177, 0x6197, 0x48F5, 0x8352, 0xFEFC, 0xFE7B, 0xFE7B, 0xFE7B, 0xFE7A, 0xFEDC, 0xD578,
    0x6A6E, 0x498D, 0x51AE, 0x51AE, 0x498E, 0x498D, 0x496C, 0x416D, 0x416D, 0x496D, 0x498D, 0x498E,
    0x498E, 0x498E, 0x496D, 0x498E, 0x5A0E, 0x414C, 0x498D, 0x416D, 0x416D, 0x416D, 0x51CE, 0x498D,
    0x624F, 0x59EC, 0x8B50, 0xE67A, 0xF77E, 0xFFDF, 0xFFDF, 0xF77D, 0xF71C, 0xEDF9, 0xEDB8, 0xFE9B,
    0xFEBC, 0xCDF7, 0x960C, 0x96AA, 0xAEE9, 0xAEE9, 0x7CE8, 0x95EA, 0x9ECA, 0x9689, 0x9E4B, 0xAE6F,
    0x52C8, 0x412C, 0x59CF, 0x93B2, 0xAC74, 0x28C8, 0x30E9, 0x28C9, 0x28A8, 0x7B4E, 0x30AD, 0x5137,
    0x5137, 0x5977, 0x48F7, 0x8B72, 0xFF1C, 0xF69B, 0xFE9B, 0xFE9B, 0xFEDC, 0xE63A, 0x7AEF, 0x51CD,
    0x51AE, 0x51AE, 0x51AF, 0x498D, 0x498D, 0x498C, 0x416D, 0x416D, 0x496D, 0x498D, 0x498E, 0x498E,
    0x496D, 0x49AD, 0x72AF, 0x414C, 0x416C, 0x498D, 0x518F, 0x412C, 0x624E, 0x7AF0, 0x3929, 0x72CF,
    0xC557, 0xFF5D, 0xFFDF, 0xFFDF, 0xFFBE, 0xFFBE, 0xFFBE, 0xFFDF, 0xFF3D, 0xE619, 0xE619, 0xF69B,
    0xEE7A, 0x8CAD, 0x9E89, 0xD7C8, 0xDFC8, 0xDFE9, 0xCFA9, 0xAF29, 0xA6EA, 0x96A9, 0x6CE8, 0x5229,
    0x51AE, 0x51CE, 0xC537, 0x93B3, 0x28AA, 0x392B, 0x3109, 0x2087, 0x0802, 0x38F1, 0x5158, 0x4917,
    0x4937, 0x40D6, 0x9393, 0xFF3C, 0xF6DC, 0xFEBB, 0xF6BB, 0xFF3D, 0xA433, 0x51AC, 0x49AD, 0x51CD,
    0x51AE, 0x51AE, 0x498D, 0x416C, 0x416C, 0x416D, 0x496D, 0x498D, 0x498D, 0x498E, 0x498E, 0x498C,
    0x8B52, 0x5A0D, 0x392C, 0x498D, 0x498D, 0x412C, 0x728F, 0xA3F3, 0x6A4C, 0xB474, 0xF6BC, 0xFFBF,
    0xFFBE, 0xFFBE, 0xFFBF, 0xFFBF, 0xFFBF, 0xFFBF, 0xFFBF, 0xFFDF, 0xFFDF, 0xF71C, 0xE5D8, 0xF65A,
    0xE5F9, 0x9CAF, 0xB68A, 0xCF88, 0xCF69, 0xCF4B, 0xA6AA, 0x8E28, 0x8DAC, 0x73AB, 0x8351, 0x498E,
    0x72B0, 0xD598, 0x51ED, 0x390B, 0x498C, 0x30E9, 0x2087, 0x1865, 0x4115, 0x4939, 0x4117, 0x4938,
    0x40D7, 0x8335, 0xFF5D, 0xFEFC, 0xF6DC, 0xFF3D, 0xC557, 0x49AC, 0x49AE, 0x51CD, 0x51CD, 0x49AD,
    0x498D, 0x496D, 0x414C, 0x416D, 0x416D, 0x496D, 0x498E, 0x498D, 0x498E, 0x496D, 0x6A90, 0x51ED,
    0x392C, 0x498E, 0x496E, 0x414C, 0x7AF0, 0xB494, 0x82ED, 0xDDD8, 0xFF5D, 0xF71C, 0xFF7E, 0xFFBF,
    0xFFBF, 0xFFBF, 0xFFBF, 0xFFBF, 0xFFBE, 0xFF9E, 0xFF7E, 0xFF7D, 0xFF3D, 0xF6BB, 0xDD57, 0xEDD8,
    0xEDB8, 0xD556, 0xBD92, 0xADB0, 0xA590, 0x8CEE, 0xA4F1, 0xD5D8, 0xD598, 0x8332, 0x414D, 0xA435,
    0xB4B6, 0x390B, 0x416D, 0x392B, 0x28A8, 0x28C9, 0x2089, 0x4117, 0x4118, 0x4118, 0x4938, 0x38B7,
    0x72B4, 0xFF5D, 0xFF1C, 0xFF5D, 0xE69B, 0x51CC, 0x498C, 0x51CD, 0x93D3, 0x5A0F, 0x51AE, 0x498D,
    0x414D, 0x414D, 0x496D, 0x416D, 0x496D, 0x496D, 0x498E, 0x498E, 0x51CE, 0x498C, 0x392B, 0x496D,
    0x496D, 0x494D, 0x9393, 0xB454, 0x8B2E, 0xE5F8, 0xFF3D, 0xFF1D, 0xFF7E, 0xFF9E, 0xFFBE, 0xFFBF,
    0xFFBF, 0xFFBF, 0xFFBF, 0xFFBE, 0xFF9E, 0xFF5D, 0xFF1C, 0xFF3D, 0xEE7B, 0xEE19, 0xEDF9, 0xE598,
    0xCC73, 0xE537, 0xE577, 0xD516, 0xDD57, 0xF63A, 0xEE39, 0xCD37, 0x622E, 0x59EE, 0xC537, 0x72AF,
    0x392C, 0x496D, 0x28C9, 0x28C9, 0x414B, 0x4114, 0x4117, 0x4118, 0x4118, 0x4138, 0x38D9, 0x59F2,
    0xFF5C, 0xFF5D, 0xFFDF, 0x8BB2, 0x392A, 0x622C, 0xD5D8, 0xAC95, 0x412C, 0x51AE, 0x416D, 0x416C,
    0x416D, 0x496D, 0x416D, 0x498D, 0x498D, 0x496D, 0x59EF, 0x51AE, 0x392C, 0x498D, 0x416D, 0x498C,
    0xA3B1, 0xAC12, 0xABF1, 0xF69B, 0xFF1D, 0xFF3D, 0xFF5D, 0xFF5E, 0xFF7E, 0xFF9E, 0xFFBF, 0xFFBF,
    0xFFBF, 0xFFBF, 0xFFBF, 0xFFDF, 0xFF9E, 0xFF1C, 0xFEFC, 0xF69B, 0xFEDC, 0xFE9B, 0xF619, 0xCCD4,
    0xE597, 0xE516, 0xBBD0, 0xA32E, 0xA32F, 0x8ACD, 0x726C, 0x51CD, 0x5A0D, 0x7AEE, 0x392A, 0x416C,
    0x392B, 0x28A9, 0x392B, 0x414B, 0x4118, 0x4118, 0x4118, 0x4939, 0x4939, 0x4919, 0x4131, 0xE6BA,
    0xFFFF, 0xB4D5, 0x390A, 0x7B10, 0xEEBB, 0xFF9E, 0x7AF0, 0x412C, 0x498D, 0x416C, 0x416D, 0x416D,
    0x496D, 0x496D, 0x498E, 0x496D, 0x496D, 0x498D, 0x392C, 0x496D, 0x496C, 0x59ED, 0x9351, 0xB3F1,
    0xD4F5, 0xFE9B, 0xFEDC, 0xFEFC, 0xFF1C, 0xFF5D, 0xFF5D, 0xFF7E, 0xFF9E, 0xFFBE, 0xFFBF, 0xFFBF,
    0xFFBF, 0xFFBF, 0xFFBF, 0xFF7E, 0xFEFC, 0xFEBB, 0xFE9B, 0xFE9B, 0xFE7B, 0xFE5A, 0xEE19, 0xEDF9,
    0xED77, 0xE515, 0xC432, 0xB32E, 0xAB4F, 0x59A9, 0x518B, 0x82EE, 0x59EB, 0x414C, 0x416C, 0x310A,
    0x310A, 0x416C, 0x414B, 0x4118, 0x4118, 0x4118, 0x4938, 0x4938, 0x5159, 0x38B3, 0xCD98, 0xCDF8,
    0x30C9, 0x8351, 0xF71C, 0xFFDF, 0xE67A, 0x51CC, 0x416D, 0x416D, 0x496D, 0x496D, 0x416D, 0x496D,
    0x498E, 0x414D, 0x51CD, 0x72D0, 0x412C, 0x414D, 0x496D, 0x51ED, 0x8B30, 0xB453, 0xEDD8, 0xFE5A,
    0xEE19, 0xFE7B, 0xFEDC, 0xFF1C, 0xFF5D, 0xFF7D, 0xFF7D, 0xFF7D, 0xFF9E, 0xFFBF, 0xFFBF, 0xFFBF,
    0xFF7E, 0xFF3D, 0xFEBB, 0xFE9B, 0xFE9B, 0xFE7B, 0xFE7B, 0xFE5A, 0xFE5A, 0xFE5A, 0xFE7B, 0xF63A,
    0xEDD8, 0xCCB4, 0xD453, 0xE493, 0x724D, 0x61EC, 0xC494, 0x59ED, 0x496E, 0x416C, 0x30EA, 0x392B,
    0x416C, 0x394B, 0x4119, 0x4118, 0x4938, 0x4938, 0x4939, 0x5159, 0x4118, 0x5A2E, 0x416A, 0x8371,
    0xFF9E, 0xFFBE, 0xFF5D, 0x72EE, 0x392B, 0x414C, 0x416D, 0x416D, 0x498D, 0x496D, 0x498E, 0x412C,
    0x620D, 0xBCB6, 0x622E, 0x414C, 0x498D, 0x5A0D, 0x8B50, 0xD556, 0xF63A, 0xEE19, 0xEDF9, 0xEDF9,
    0xFE5A, 0xFEBC, 0xFF1C, 0xFF3D, 0xFF5D, 0xFF7D, 0xFF7D, 0xFF7E, 0xFFBE, 0xFF7E, 0xFF3D, 0xFEFC,
    0xFEBB, 0xFE9B, 0xFE7B, 0xFE7B, 0xFE5A, 0xFE5A, 0xFE5A, 0xFE5A, 0xFE3A, 0xFE3A, 0xFE5A, 0xEDB8,
    0xDD16, 0xED77, 0xDCF5, 0x518A, 0x9350, 0xABF2, 0x414C, 0x496D, 0x392B, 0x30EA, 0x416C, 0x416B,
    0x392B, 0x4939, 0x4939, 0x4939, 0x4939, 0x4939, 0x4959, 0x4958, 0x30EB, 0x8350, 0xF73D, 0xFF9E,
    0xFF7E, 0x7B10, 0x412B, 0x392B, 0x392C, 0x416D, 0x414D, 0x498D, 0x498D, 0x392B, 0x7AEF, 0xEE5A,
    0x9BF3, 0x38EC, 0x496D, 0x6A4E, 0xAC13, 0xF67A, 0xF65A, 0xE5B8, 0xE5D8, 0xEDD9, 0xEDD9, 0xF63A,
    0xFE9B, 0xFEFC, 0xFF1C, 0xFF5D, 0xFF7D, 0xFF5D, 0xFF5D, 0xFF5D, 0xFEFC, 0xFEFC, 0xFEDC, 0xFEBB,
    0xFE9B, 0xFE7B, 0xFE7B, 0xFE5A, 0xFE5A, 0xFE5A, 0xFE5A, 0xFE5A, 0xF63A, 0xF65A, 0xED77, 0xE536,
    0xF557, 0xC474, 0x51AB, 0xD4F6, 0x7ACF, 0x414D, 0x414D, 0x390B, 0x392B, 0x416C, 0x394B, 0x394B,
    0x4939, 0x4939, 0x4939, 0x4939, 0x4959, 0x4939, 0x414F, 0x30AC, 0x9414, 0xFFFF, 0xFFBF, 0x93F2,
    0x390A, 0x414B, 0x390B, 0x414D, 0x414D, 0x416D, 0x414D, 0x414B, 0xA433, 0xF69B, 0xA434, 0x392A,
    0x390B, 0x6A4D, 0xBC73, 0xF69B, 0xF67B, 0xE5B8, 0xED98, 0xE5B8, 0xEDB8, 0xEDD9, 0xF63A, 0xFE9B,
    0xFF1C, 0xFF3D, 0xFF5D, 0xFF5D, 0xFF3D, 0xFF1D, 0xFEFC, 0xFEDC, 0xFEDC, 0xFEDC, 0xFE9B, 0xFE7B,
    0xFE7B, 0xFE7B, 0xFE5A, 0xFE5A, 0xFE5A, 0xFE5A, 0xFE5A, 0xF63A, 0xF63A, 0xE536, 0xE4F5, 0xF597,
    0x9390, 0x7AAE, 0xD4D5, 0x51CD, 0x496E, 0x414C, 0x390B, 0x414B, 0x414B, 0x392B, 0x392B, 0x4939,
    0x4939, 0x4939, 0x4939, 0x5159, 0x4133, 0x30E9, 0x38EE, 0x28CA, 0xEF1C, 0xB536, 0x392B, 0x392B,
    0x30EA, 0x416D, 0x496E, 0x498E, 0x392C, 0x51CD, 0xC537, 0xD577, 0x72AF, 0x390B, 0x51CD, 0xACB5,
    0xC4F5, 0xBC73, 0xEE7A, 0xE5B8, 0xE5B8, 0xE5B8, 0xE5D8, 0xE5D8, 0xEDD9, 0xFE5A, 0xFEBB, 0xFF1C,
    0xFF3D, 0xFF5D, 0xFF5D, 0xFF3D, 0xFF1C, 0xFF1C, 0xFEDC, 0xFEDC, 0xFEDC, 0xFEBB, 0xFE9B, 0xFE5A,
    0xFE5A, 0xFE5A, 0xFE5A, 0xFE5A, 0xFE5A, 0xFE3A, 0xF63A, 0xF619, 0xE536, 0xE515, 0xED77, 0x726C,
    0xAC12, 0xABF1, 0x412C, 0x414D, 0x392B, 0x392B, 0x416B, 0x394B, 0x392B, 0x310A, 0x4939, 0x4939,
    0x4939, 0x513A, 0x5175, 0x410F, 0x288D, 0x28C9, 0x2088, 0x51EC, 0x51CD, 0x392B, 0x392B, 0x498D,
    0x498D, 0x498E, 0x414D, 0x6A6E, 0xD597, 0xA433, 0x49AC, 0x38EA, 0x6AAF, 0xDE5B, 0xFFDF, 0xF6DB,
    0xCD36, 0xFEBB, 0xF65A, 0xF63A, 0xEE19, 0xE5D8, 0xE5F8, 0xEE39, 0xFEBB, 0xFF1C, 0xFF5D, 0xFF7D,
    0xFF7D, 0xFF5D, 0xFF3D, 0xFF3D, 0xFF1C, 0xFEDC, 0xFEDC, 0xFEDB, 0xFEBB, 0xFE9B, 0xFE7B, 0xFE5A,
    0xFE5A, 0xFE5A, 0xFE5A, 0xFE5A, 0xFE5A, 0xFE5A, 0xF5F9, 0xE597, 0xED98, 0xD4F5, 0x6A2B, 0xCCD5,
    0x728D, 0x392C, 0x414C, 0x392B, 0x392B, 0x414B, 0x394B, 0x310A, 0x392B, 0x4939, 0x4939, 0x493A,
    0x4937, 0x390F, 0x38F0, 0x38F2, 0x2068, 0x1867, 0x28C9, 0x416C, 0x392B, 0x416D, 0x496D, 0x498D,
    0x496D, 0x626F, 0x9C13, 0x8330, 0x498B, 0x412B, 0x93F3, 0xF73D, 0xFFDF, 0xFF3D, 0xFF1C, 0xEE5A,
    0xF6FC, 0xFEFC, 0xFEFC, 0xFF1C, 0xF6DB, 0xF71C, 0xFF1C, 0xFF5D, 0xFF7E, 0xFF9E, 0xFF7D, 0xFF7D,
    0xFF5E, 0xFF3D, 0xFF3D, 0xFF1C, 0xFEFC, 0xFEFC, 0xFEDC, 0xFEBB, 0xFEBB, 0xFE9B, 0xFE7B, 0xFE7B,
    0xFE7B, 0xFE5A, 0xFE5A, 0xFE5A, 0xFE5A, 0xEDD9, 0xEDF9, 0xF5D9, 0xC453, 0x7AAD, 0xC4B4, 0x498B,
    0x414C, 0x394B, 0x392B, 0x414B, 0x394B, 0x392B, 0x390A, 0x416B, 0x4939, 0x4939, 0x493A, 0x4113,
    0x28A8, 0x2068, 0x30AD, 0x208A, 0x1867, 0x414C, 0x414C, 0x496D, 0x496D, 0x496D, 0x49AD, 0x414C,
    0x51ED, 0x9BF3, 0x9C13, 0x51CB, 0xACB4, 0xFFDF, 0xFF9E, 0xFF7E, 0xFF3D, 0xFEDB, 0xFEFC, 0xFF1C,
    0xFEFC, 0xFEFC, 0xFF3D, 0xFF9E, 0xFF9E, 0xFF9E, 0xFF9E, 0xFF9E, 0xFF9E, 0xFF9E, 0xFF7D, 0xFF7D,
    0xFF5D, 0xFF3D, 0xFF1C, 0xFF1C, 0xFEFC, 0xFEFC, 0xFEFC, 0xFEDC, 0xFEBB, 0xFE9B, 0xFE9B, 0xFE9B,
    0xFE7B, 0xFE7B, 0xFE7B, 0xFE5A, 0xF619, 0xF63A, 0xF5F9, 0xABF1, 0xAC12, 0x9390, 0x392B, 0x414C,
    0x392B, 0x392B, 0x414B, 0x394B, 0x390A, 0x394B, 0x310A, 0x493A, 0x513B, 0x4936, 0x38EE, 0x38F3,
    0x4119, 0x38F1, 0x2067, 0x30EA, 0x394B, 0x414C, 0x498D, 0x498D, 0x498D, 0x390B, 0x5A2D, 0xD5F9,
    0xC537, 0x498A, 0xBD56, 0xFFFF, 0xFF7E, 0xFF7E, 0xFF9E, 0xFF9E, 0xFF3D, 0xFEFC, 0xFEFC, 0xFEFC,
    0xFEDC, 0xFF3D, 0xFF9E, 0xFF9E, 0xFF9E, 0xFF9E, 0xFF9E, 0xFF9E, 0xFF9E, 0xFF9E, 0xFF7E, 0xFF7E,
    0xFF5D, 0xFF3D, 0xFF1C, 0xFF1C, 0xFEFC, 0xFEFC, 0xFEDC, 0xFEDC, 0xFEDB, 0xFEBB, 0xFE9B, 0xFE9B,
    0xFE9B, 0xFE9B, 0xF67A, 0xFE5A, 0xF63A, 0xEDD9, 0xABD1, 0xBC73, 0x622D, 0x414C, 0x414C, 0x392B,
    0x394B, 0x414B, 0x310A, 0x392A, 0x392A, 0x28A8, 0x493B, 0x493C, 0x4134, 0x4113, 0x493E, 0x38D3,
    0x208A, 0x30CF, 0x416D, 0x416C, 0x496D, 0x416C, 0x416C, 0x392B, 0x7B30, 0xFF9E, 0xDE5A, 0x51AB,
    0x9B50, 0xE597, 0xE6BB, 0xFFBE, 0xFFDF, 0xFF9E, 0xFF9E, 0xFF9E, 0xFF1D, 0xFEFC, 0xFF1C, 0xFF3D,
    0xFF7E, 0xFF9E, 0xFF9E, 0xFF9E, 0xFF9E, 0xFF9E, 0xFF9E, 0xFF9E, 0xFF9E, 0xFF9E, 0xFF9E, 0xFF5D,
    0xFF3D, 0xFF3D, 0xFF1D, 0xFF1C, 0xFF1C, 0xFEFC, 0xFEFC, 0xFEDC, 0xFEDC, 0xFEDB, 0xFEBB, 0xFEBB,
    0xFEBB, 0xFEBB, 0xFEBB, 0xEE19, 0xEDB8, 0x8B2E, 0x624B, 0x414B, 0x414C, 0x392C, 0x414B, 0x394B,
    0x392B, 0x390A, 0x414B, 0x30E9, 0x28C9, 0x493B, 0x491D, 0x38F1, 0x4118, 0x4117, 0x2069, 0x38F6,
    0x4111, 0x496C, 0x416D, 0x414D, 0x414C, 0x30E8, 0x7B10, 0xFFDF, 0xE6BB, 0x7AAD, 0xCBB1, 0xFC73,
    0xEBB1, 0xDBB0, 0xC473, 0xE67A, 0xFFBF, 0xFFDF, 0xFF7E, 0xFF7E, 0xFF7D, 0xFF7E, 0xFF9E, 0xFF9E,
    0xFF9E, 0xFF9E, 0xFF9E, 0xFF9E, 0xFF9E, 0xFF9E, 0xFF9E, 0xFF9E, 0xFF9E, 0xFF9E, 0xFF7D, 0xFF5D,
    0xFF5D, 0xFF3D, 0xFF1D, 0xFF1C, 0xFF1C, 0xFF1C, 0xFEFC, 0xFEFC, 0xFEFC, 0xFEDC, 0xFEFC, 0xFEFC,
    0xFEFC, 0xF6DB, 0xF63A, 0xCD15, 0x3107, 0x2067, 0x496D, 0x392C, 0x392C, 0x394B, 0x394B, 0x310A,
    0x392B, 0x310A, 0x28C9, 0x28C9, 0x491C, 0x4119, 0x38F2, 0x4118, 0x288A, 0x38D3, 0x40F7, 0x414D,
    0x416D, 0x414D, 0x414D, 0x30EA, 0x1846, 0x2905, 0xDE7A, 0x8B91, 0xC34F, 0xFC32, 0xF3F1, 0xF3F1,
    0xF3D1, 0xC2CD, 0xA28C, 0xBC32, 0xE65A, 0xFF9E, 0xFFDF, 0xFFBE, 0xFF9E, 0xFF7E, 0xFF7E, 0xFF9E,
    0xFF9E, 0xFF9E, 0xFF9E, 0xFF9E, 0xFF9E, 0xFF9E, 0xFF9E, 0xFF9E, 0xFF9E, 0xFF9E, 0xFF7E, 0xFF7D,
    0xFF7D, 0xFF5D, 0xFF3D, 0xFF3D, 0xFF3D, 0xFF1D, 0xFF1C, 0xFF1C, 0xFF1C, 0xFF1C, 0xFEFC, 0xFF3D,
    0xFEDC, 0xA411, 0x3927, 0x1846, 0x390A, 0x416C, 0x392B, 0x394B, 0x414B, 0x310A, 0x390A, 0x392A,
    0x28A9, 0x28C9, 0x28C9, 0x491C, 0x4116, 0x38EF, 0x28AC, 0x30CD, 0x411B, 0x390E, 0x498C, 0x414C,
    0x414C, 0x390B, 0x2888, 0x0804, 0x0000, 0x4989, 0xCBF2, 0xF433, 0xFBF1, 0xFBF2, 0xF3F1, 0xEBB1,
    0xE370, 0xD30E, 0xBAAD, 0xAAAC, 0xBBD1, 0xD556, 0xEEDB, 0xFF7E, 0xFFDF, 0xFFDF, 0xFF9E, 0xFF7E,
    0xFF7E, 0xFF7E, 0xFF7E, 0xFF7E, 0xFF9E, 0xFF9E, 0xFF9E, 0xFF9E, 0xFF9E, 0xFF9E, 0xFF9E, 0xFF9E,
    0xFF7E, 0xFF7D, 0xFF7D, 0xFF7D, 0xFF5D, 0xFF5D, 0xFF5D, 0xFF3D, 0xFF3D, 0xFFBF, 0xEEBB, 0x72CC,
    0x0802, 0x1846, 0x30E9, 0x414B, 0x414B, 0x394B, 0x414B, 0x392B, 0x30EA, 0x392B, 0x28C9, 0x28C9,
    0x28C9, 0x30E9, 0x491D, 0x4117, 0x38F0, 0x4117, 0x493D, 0x38F6, 0x414C, 0x414C, 0x414B, 0x310A,
    0x1846, 0x0803, 0x28C6, 0x4989, 0x72AD, 0xA30E, 0xF3F2, 0xFC12, 0xFC12, 0xFC12, 0xF432, 0xF453,
    0xF432, 0xF412, 0xEBD1, 0xE390, 0xDB4F, 0xD370, 0xD412, 0xDD35, 0xE619, 0xF73D, 0xFFFF, 0xFFFF,
    0xFFDF, 0xFFFF, 0xFFFF, 0xFF9E, 0xFF9E, 0xFF9E, 0xFF9E, 0xFF9E, 0xFF9E, 0xFF9E, 0xFF9E, 0xFF9E,
    0xFF9E, 0xFF9E, 0xFF9E, 0xFF7E, 0xFF7D, 0xFF7D, 0xFFDF, 0xFF5E, 0xACB4, 0x2905, 0x0000, 0x1825,
    0x28A8, 0x390A, 0x414B, 0x392B, 0x394B, 0x392B, 0x30E9, 0x392B, 0x310A, 0x28A9, 0x28C9, 0x30E9,
    0x30EA, 0x493C, 0x4114, 0x38F2, 0x38D4, 0x28AD, 0x390B, 0x414C, 0x392B, 0x310A, 0x2086, 0x3106,
    0x832E, 0x832F, 0x9370, 0xB493, 0x7ACC, 0xABD0, 0xE3F1, 0xEBB1, 0xFBF1, 0xFC73, 0xF4B4, 0xECF5,
    0xF4B4, 0xFC32, 0xFC53, 0xFC53, 0xFC12, 0xF3D1, 0xF390, 0xD30E, 0xB32E, 0xAC11, 0xBD15, 0xCDD8,
    0xBD35, 0xAC93, 0xF73D, 0xFF9E, 0xFF9E, 0xFF9E, 0xFF9E, 0xFF9E, 0xFF9E, 0xFF9E, 0xFF9E, 0xFF9E,
    0xFF7E, 0xFF7E, 0xFFBF, 0xFFFF, 0xFFDF, 0xCDB8, 0x49EA, 0x0001, 0x1023, 0x1043, 0x1847, 0x28A8,
    0x414B, 0x394B, 0x394B, 0x394B, 0x310A, 0x30E9, 0x392A, 0x28C9, 0x28C9, 0x30E9, 0x30EA, 0x28C9,
    0x1868, 0x1845, 0x0822, 0x0000, 0x2084, 0x394A, 0x394B, 0x310B, 0x624D, 0xA412, 0xC4B5, 0x9B90,
    0x8B50, 0xBC94, 0xBC94, 0xABF1, 0x93D0, 0xEEFC, 0xCCF5, 0xC452, 0xD3B1, 0xDB90, 0xD370, 0xD36F,
    0xD370, 0xD390, 0xCB6F, 0xC36F, 0xC390, 0xCB90, 0xC3B0, 0xBB90, 0xB3D1, 0xC556, 0xE67A, 0xD618,
    0xC596, 0xF73D, 0xFF9E, 0xFF9E, 0xFF9E, 0xFF9E, 0xFF9E, 0xFF7E, 0xFF7E, 0xFF9E, 0xFFBF, 0xFFFF,
    0xFFDF, 0xE6DB, 0xBD56, 0x626D, 0x1846, 0x0002, 0x51C9, 0x832F, 0x1865, 0x1846, 0x28C8, 0x414B,
    0x394B, 0x394B, 0x392B, 0x30E9, 0x310A, 0x28A8, 0x30E9, 0x28C9, 0x30EA, 0x28C8, 0x28A8, 0x0000,
    0x0000, 0x0000, 0x1864, 0x392A, 0x416C, 0x394B, 0x51CB, 0xBCB4, 0xCD15, 0xA3D1, 0x8B0E, 0xC4D5,
    0xBCB4, 0xBC74, 0xC4D5, 0x7ACC, 0xBD96, 0xFFFF, 0xF75D, 0xEEBB, 0xD597, 0xCD97, 0xD5D8, 0xD5F8,
    0xDE39, 0xDDD8, 0xE5F9, 0xEE39, 0xEE39, 0xEE9A, 0xFF3D, 0xFF9E, 0xFFBF, 0xFFBF, 0xFFFF, 0xFFFF,
    0xFF9E, 0xFF9E, 0xFF7E, 0xFF7E, 0xFF7E, 0xFFBE, 0xFFFF, 0xFFFF, 0xFFBE, 0xE6BB, 0xBD56, 0x8BB0,
    0x8B4E, 0x59EA, 0x1826, 0x1847, 0x3107, 0xBC94, 0xBCB4, 0x4989, 0x1025, 0x390A, 0x414B, 0x394B,
    0x392B, 0x30EA, 0x30EA, 0x28C8, 0x28C8, 0x30E9, 0x30EA, 0x28E9, 0x28C8, 0x28A8, 0x5A2E, 0x7AD3,
    0x9374, 0x414C, 0x414C, 0x414C, 0x414A, 0xB453, 0xCCF5, 0xAC53, 0x82EE, 0xBCB4, 0xC4D4, 0xC4D4,
    0xBCB4, 0xCD15, 0x9390, 0x2905, 0xF77D, 0xFFBE, 0xFF9E, 0xFF1C, 0xF69B, 0xF67B, 0xF69B, 0xF6BB,
    0xFEBB, 0xFEFC, 0xFF1D, 0xFF7E, 0xFF9E, 0xFF9E, 0xFF9E, 0xFF9E, 0xFF9E, 0xFF7E, 0xFF7D, 0xFF7E,
    0xFF9E, 0xFFDF, 0xFFFF, 0xFFDF, 0xF73D, 0xCDF8, 0xAC93, 0x8B6F, 0x8B0E, 0x8B0E, 0xB3F1, 0x8B4F,
    0x28C8, 0x28A9, 0x1025, 0x832E, 0xC4F5, 0xBCD4, 0x7AED, 0x20A7, 0x392B, 0x392B, 0x392B, 0x310A,
    0x30E9, 0x28C9, 0x28C8, 0x3109, 0x30E9, 0x30E9, 0x28A8, 0x28C8, 0x30EA, 0xCCDE, 0xDD3F, 0x8B55,
    0x30C9, 0x416C, 0x394B, 0x9391, 0xCD15, 0xC4D5, 0x8B2E, 0xB452, 0xC4D4, 0xC4B4, 0xC4D4, 0xBCB4,
    0xC4D4, 0xBCD4, 0x1022, 0x730D, 0xFFFF, 0xFF7E, 0xFF9E, 0xFF5E, 0xFEFC, 0xF6BB, 0xF69B, 0xF6BB,
    0xFF3D, 0xFF7E, 0xFF9E, 0xFF9E, 0xFF9E, 0xFF7E, 0xFF9E, 0xFF9E, 0xFFBF, 0xFFFF, 0xFFFF, 0xF75D,
    0xD659, 0xB535, 0x9C11, 0x936F, 0x8AED, 0x9B6F, 0xB3F1, 0xC473, 0xCCB4, 0x830E, 0x2087, 0x2089,
    0x1848, 0x3927, 0xB492, 0xC4D4, 0xA411, 0x51EA, 0x28A7, 0x394B, 0x392B, 0x392B, 0x30E9, 0x30E9,
    0x28C8, 0x30E9, 0x28C9, 0x30E9, 0x28C9, 0x2088, 0x28C9, 0x492F, 0xC49C, 0xC49C, 0x51AE, 0x310A,
    0x394B, 0x51CD, 0xC4D4, 0xC4D4, 0x9BB0, 0xA3D0, 0xCCF4, 0xC4B4, 0xC4D4, 0xC4D4, 0xC4D4, 0xC4B3,
    0xCD15, 0x5A0A, 0x0000, 0xACD4, 0xFFFF, 0xFF7E, 0xFFBE, 0xFFBE, 0xFFBE, 0xFFBE, 0xFFBE, 0xFF9E,
    0xFF7E, 0xFF9E, 0xFFBE, 0xFFDF, 0xFFFF, 0xFFFF, 0xFFBF, 0xE6BB, 0xACD4, 0x8BD0, 0x7AED, 0x72AC,
    0x8B0E, 0xABB0, 0xBC11, 0xBC73, 0xBC73, 0xC4B4, 0xBC73, 0x5A0B, 0x1867, 0x28AA, 0x20A9, 0x4149,
    0x936F, 0xCD35, 0xBC93, 0x7ACD, 0x28A6, 0x28C8, 0x394B, 0x392B, 0x30E9, 0x30E9, 0x28A8, 0x30E9,
    0x28C8, 0x30E9, 0x28E8, 0x20A7, 0x2087, 0x38ED, 0x5151, 0xCCFC, 0xAC38, 0x390A, 0x392B, 0x414B,
    0x72AE, 0xC4F4, 0xBC93, 0x934E, 0xC4D4, 0xC4D4, 0xC4D4, 0xC4D4, 0xC4D4, 0xC4D4, 0xC4D4, 0xC4D4,
    0x9390, 0x0000, 0x0000, 0xBD76, 0xFFFF, 0xFFBF, 0xFF9E, 0xFF9E, 0xFFBE, 0xFFBF, 0xFFDF, 0xFFFF,
    0xFFFF, 0xFF9E, 0xE6BB, 0xBD76, 0x9C32, 0x7B2E, 0x728C, 0x7AAC, 0x934E, 0xB3F1, 0xBC52, 0xBC32,
    0xB411, 0xB411, 0xC473, 0xC473, 0x8B2F, 0x3908, 0x1847, 0x28AA, 0x28A9, 0x4149, 0x82ED, 0xBC93,
    0xC4D4, 0x7AAD, 0x6A6C, 0x2086, 0x392B, 0x392B, 0x310A, 0x30E9, 0x28C8, 0x28C8, 0x28E8, 0x28C9,
    0x30E9, 0x28A8, 0x2086, 0x28A9, 0x412E, 0x8B34, 0xD558, 0x8B71, 0x30E9, 0x30EA, 0x7ACF, 0x9390,
    0xC4F4, 0xAC31, 0xA3F1, 0xC4F4, 0xC4D4, 0xC4D4, 0xC4D4, 0xC4D4, 0xC4D4, 0xBCB3, 0xB473, 0xB495,
    0xAC73, 0x3987, 0x0801, 0x9431, 0xE6FC, 0xFF9E, 0xFFBF, 0xFF7E, 0xEEFC, 0xD619, 0xB535, 0x9C31,
    0x7AED, 0x6A6B, 0x82AC, 0x930E, 0xA34F, 0xB411, 0xC432, 0xB411, 0xB3F1, 0xB3D1, 0xBC32, 0xC493,
    0xBC73, 0x9B8F, 0x51A9, 0x1846, 0x1847, 0x28AA, 0x28CA, 0x30C7, 0x936F, 0xA3D0, 0xAC32, 0x72AC,
    0x8B6F, 0x49AB, 0x30E9, 0x394B, 0x392A, 0x30E9, 0x28C8, 0x30E9, 0x30E9, 0x28C9, 0x28C9, 0x2087,
    0x1866, 0x2087, 0x38CD, 0x6231, 0xCD16, 0xCD35, 0x7ACF, 0x30EA, 0x416B, 0xB495, 0x9BB0, 0xC4D4,
    0xB452, 0xBC93, 0xC4D4, 0xC4D4, 0xC4D4, 0xC4D4, 0xC4D4, 0xBCB4, 0xB494, 0xAC53, 0x9390, 0xB4B5,
    0xF6BC, 0x3166, 0x0000, 0x1882, 0x3987, 0x4A09, 0x6ACC, 0x834E, 0x93B0, 0x9B8F, 0x932E, 0xA36F,
    0xB3B0, 0xB3D1, 0xB3B1, 0xB3B0, 0xABB0, 0xB3D1, 0xBC11, 0xBC32, 0xC432, 0xB411, 0x8B2E, 0x4988,
    0x1846, 0x1847, 0x28A9, 0x28A9, 0x28AA, 0x28A7, 0x9390, 0xB432, 0x7AAC, 0x832E, 0xA411, 0x7AEE,
    0x30E8, 0x394B, 0x390A, 0x30E9, 0x28A8, 0x30E9, 0x30E9, 0x28C8, 0x30E9, 0x2088, 0x28A8, 0x28A7,
    0x30CC, 0x5151, 0xA434, 0xC4F6, 0xC4F5, 0x622D, 0x28CA, 0x6A8F, 0xD557, 0xAC12, 0xAC11, 0xBCB3,
    0xC4B4, 0xC4D4, 0xC4D4, 0xC4D4, 0xC4D4, 0xC4D4, 0xB473, 0xAC73, 0xABF1, 0xC493, 0x8B4F, 0xDDF9,
    0xBD15, 0x0000, 0x0000, 0x0000, 0x0000, 0x1863, 0x3947, 0x72AC, 0xA3D1, 0xB412, 0xB3D1, 0xB3B1,
    0xABB0, 0xABB0, 0xABB1, 0xABD1, 0xABD1, 0x934F, 0x7ACD, 0x51CA, 0x28C6, 0x1025, 0x1005, 0x1847,
    0x2088, 0x28A9, 0x28AA, 0x2087, 0x934F, 0xCCF5, 0x6A6C, 0x7AAC, 0xC4F5, 0x9BB0, 0x4169, 0x310A,
    0x390A, 0x30E9, 0x28A8, 0x30E9, 0x30EA, 0x28C9, 0x28E8, 0x28A8, 0x20A7, 0x28C8, 0x28A8, 0x4910,
    0x7AB1, 0xCD35, 0xC4D5, 0xBC94, 0x498C, 0x310A, 0x8330, 0xCD15, 0xC4F4, 0xAC11, 0xB452, 0xC4D4,
    0xC4D4, 0xC4D4, 0xC4D4, 0xC4D4, 0xBCB3, 0xAC53, 0xA412, 0xBC93, 0xC493, 0xB432, 0xAC73, 0xDE19,
    0x18A3, 0x0000, 0x0000, 0x0000, 0x0000, 0x0000, 0x0000, 0x0000, 0x1883, 0x28C4, 0x30E5, 0x3926,
    0x30E6, 0x3106, 0x28C5, 0x1883, 0x0801, 0x0001, 0x0802, 0x1004, 0x1846, 0x1846, 0x1845, 0x2067,
    0x2089, 0x28C8, 0x9390, 0xA3F2, 0x728C, 0x7ACD, 0xBC93, 0xB473, 0x51EA, 0x310A, 0x390A, 0x28C9,
    0x28A8, 0x30E9, 0x310A, 0x28C9, 0x28C8, 0x2086, 0x1866, 0x28C8, 0x2087, 0x30CC, 0x494F, 0xAC74,
    0xCD35, 0xC4F4, 0xAC53, 0x394B, 0x416B, 0x93B1, 0xCCF5, 0xC4D4, 0xC4F5, 0xBCB4, 0xC4D4, 0xC4D4,
    0xC4D4, 0xC4D4, 0xC4F4, 0xB473, 0xAC52, 0xAC32, 0xBC73, 0xC493, 0xBC52, 0xB473, 0xE63A, 0x18A3,
    0x0000, 0x0000, 0x0000, 0x0000, 0x0000, 0x0000, 0x0000, 0x0000, 0x0000, 0x0000, 0x0000, 0x0000,
    0x0000, 0x0000, 0x0000, 0x0000, 0x0000, 0x0000, 0x0802, 0x1024, 0x1846, 0x1866, 0x1867, 0x3929,
    0x832F, 0x8B4E, 0x7AED, 0xAC53, 0x9B6F, 0xC4D4, 0x8B2E, 0x28A7, 0x394B, 0x28C9, 0x28A8, 0x28C8,
    0x310A, 0x28C9, 0x28C8, 0x2067, 0x28A7, 0x832F, 0x5A2C, 0x28C9, 0x38ED, 0x310A, 0x8B4F, 0xB473,
    0xBCB4, 0xA413, 0x394B, 0x72AF, 0xA412, 0xBC93, 0xCCF5, 0xC4D4, 0xC4F4, 0xC4D4, 0xC4D4, 0xC4D4,
    0xC4D4, 0xC4F4, 0xB452, 0xB453, 0xB453, 0xBC73, 0xC493, 0xB452, 0xBC73, 0xCD58, 0x5A4B, 0x0821,
    0x0000, 0x0000, 0x0000, 0x0000, 0x0000, 0x0000, 0x0000, 0x0000, 0x0000, 0x0000, 0x0000, 0x0000,
    0x0000, 0x0000, 0x0000, 0x0000, 0x0000, 0x0000, 0x0801, 0x0803, 0x1005, 0x28A6, 0x624B, 0x82ED,
    0xA3D0, 0xCCF5, 0xBC94, 0xB432, 0xC4D4, 0x51C9, 0x30E9, 0x30E9, 0x28C8, 0x28C9, 0x3109, 0x30E9,
    0x28C8, 0x2086, 0x2086, 0x8B70, 0xD5B9, 0x72D1, 0x288A, 0x728F, 0x8B70, 0x72CE, 0x832F, 0xAC32,
    0x9BD1, 0x416B, 0x8B72, 0xA3F1, 0xAC31, 0xBC93, 0xCCF5, 0xC4D4, 0xC4D4, 0xC4D4, 0xC4D4, 0xC4D4,
    0xC4F4, 0xB432, 0xB494, 0xB4B4, 0xAC12, 0xCCD4, 0xB452, 0xC4D5, 0xAC54, 0xA3F2, 0xAC52, 0x3145,
    0x0000, 0x0000, 0x0000, 0x0000, 0x0000, 0x0000, 0x0000, 0x0000, 0x0000, 0x0000, 0x0000, 0x0000,
    0x0000, 0x0000, 0x0000, 0x0000, 0x0000, 0x0000, 0x20A4, 0x626C, 0x9BB0, 0xAC32, 0xCCF4, 0xC493,
    0xBC52, 0xBC52, 0xCCF4, 0x832E, 0x30E8, 0x30E9, 0x28C8, 0x30E9, 0x30EA, 0x30E9, 0x28C8, 0x2087,
    0x1005, 0x4169, 0xCD77, 0xAC75, 0x30EC, 0x51AE, 0xC4F5, 0xD556, 0xCD36, 0xCD15, 0xC4F5, 0xA3F1,
    0x496B, 0xBCD6, 0x9BF1, 0xB473, 0xB432, 0xB473, 0xC4D4, 0xC4D4, 0xC4D4, 0xC4D4, 0xC4D4, 0xC4D4,
    0xBCB4, 0x93B1, 0xCD37, 0x8B6F, 0xAC12, 0xAC52, 0xD578, 0xA413, 0xB452, 0xCCD4, 0xCCF5, 0x832E,
    0x20E4, 0x0000, 0x0000, 0x0000, 0x0000, 0x0000, 0x0000, 0x0000, 0x0000, 0x0000, 0x0000, 0x0000,
    0x0000, 0x0000, 0x0000, 0x20A3, 0x72CD, 0xC4F5, 0xD556, 0xCD15, 0xCCD4, 0xBC93, 0xBC73, 0xBC72,
    0xC4D4, 0xB452, 0x3929, 0x30E9, 0x28E8, 0x30E9, 0x30E9, 0x30E8, 0x28C8, 0x2067, 0x1865, 0x7B2F,
    0x6A8D, 0x93B2, 0x51CD, 0x30EA, 0xB475, 0xCD15, 0xC4D4, 0xC4D4, 0xC4F4, 0xC4F4, 0xBCF5, 0x498B,
    0xB4B6, 0xC515, 0xB432, 0xC4D4, 0xC4D4, 0xC4D4, 0xC4D4, 0xC4D4, 0xC4D4, 0xC4D4, 0xC4D4, 0xC4D4,
    0xA432, 0xAC94, 0x8B90, 0xBCF5, 0xD598, 0xC517, 0xA3F1, 0xC493, 0xBC52, 0xC493, 0xD536, 0xCD15,
    0x8B8F, 0x5A4A, 0x2945, 0x1082, 0x0001, 0x0000, 0x0000, 0x0000, 0x0000, 0x0821, 0x18A3, 0x3986,
    0x6AAB, 0x9BD0, 0xCCF5, 0xDD77, 0xD4F5, 0xC4B4, 0xBC73, 0xBC73, 0xBC73, 0xBC72, 0xC493, 0xC4D4,
    0x51A8, 0x28C8, 0x28E8, 0x30E9, 0x3109, 0x3109, 0x28C8, 0x2067, 0x28A7, 0x9390, 0xD556, 0xC4D5,
    0x498B, 0x28A8, 0x9BD3, 0xCD36, 0xC4D4, 0xC4D5, 0xC4D5, 0xC4F5, 0xC4D5, 0xE5F9, 0x622C, 0xAC74,
    0xCD15, 0xC4F4, 0xC4D4, 0xC4F5, 0xC4D4, 0xC4D4, 0xC4D4, 0xC4D4, 0xC4D4, 0xC4D4, 0xC4D4, 0x9BB1,
    0x72AD, 0x93B1, 0xE63A, 0xD578, 0xAC32, 0xBC73, 0xBC73, 0xBC73, 0xBC93, 0xC4B4, 0xCCF5, 0xDD56,
    0xDD97, 0xD556, 0xC4F4, 0xA411, 0x93AF, 0x93AF, 0x93AF, 0x9BF0, 0xB473, 0xCD15, 0xDD76, 0xDD97,
    0xDD77, 0xD536, 0xCCF5, 0xCCD4, 0xC4B3, 0xBC73, 0xBC73, 0xBC73, 0xBC72, 0xCCD4, 0x7AED, 0x2086,
    0x30E9, 0x30E9, 0x3109, 0x30E9, 0x3109, 0x28C8, 0x28E7, 0x9BF1, 0xD556, 0xCCF5, 0x7AF0, 0x28CA,
    0x8B50, 0xD536, 0xC4D4, 0xC4D4, 0xC4D4, 0xC4D4, 0xC4D4, 0xC4D4,
};

// Image: reze_frame_006.png
const uint16_t reze_frame_006[4544] PROGMEM = {
    0x28A8, 0x30EA, 0x392B, 0x394B, 0x310A, 0x310A, 0x392B, 0x414D, 0x496F, 0x494E, 0x494D, 0x414D,
    0x414C, 0x394B, 0x414C, 0x414B, 0x310A, 0x498D, 0x498E, 0x496F, 0x496E, 0x494F, 0x5150, 0x410E,
    0x9C33, 0xFFFF, 0xFFBF, 0xFFFF, 0xFFFF, 0xFFFF, 0xFFFF, 0xF77D, 0x6210, 0x412E, 0x416D, 0x414D,
    0x392C, 0x412D, 0x494E, 0x494F, 0x494E, 0x494E, 0x494F, 0x4950, 0x5973, 0x5972, 0x6997, 0x9A3F,
    0x79D9, 0x5953, 0x5972, 0x5952, 0x5973, 0x6996, 0x79DA, 0x81FB, 0x6997, 0x5973, 0x5973, 0x5151,
    0x5150, 0x5150, 0x5150, 0x518F, 0x51AE, 0x6A72, 0x7AB3, 0x6210, 0x620F, 0x622F, 0x496C, 0x28A8,
    0x310A, 0x392B, 0x392B, 0x310A, 0x310A, 0x392B, 0x412D, 0x496F, 0x496E, 0x496E, 0x496E, 0x414C,
    0x416C, 0x416C, 0x414C, 0x392A, 0x496D, 0x498E, 0x516F, 0x496E, 0x496F, 0x516F, 0x518E, 0xE67B,
    0xFFFF, 0xF75D, 0xEF1D, 0xEEFC, 0xEEDC, 0xEF1C, 0xF79E, 0x8372, 0x38EC, 0x496D, 0x496D, 0x414D,
    0x412D, 0x496D, 0x494E, 0x414D, 0x414D, 0x494E, 0x412E, 0x5172, 0x5993, 0x5952, 0x79B9, 0x6174,
    0x5952, 0x5952, 0x5952, 0x5972, 0x6975, 0x6996, 0x6996, 0x6174, 0x5973, 0x5972, 0x5151, 0x5151,
    0x5151, 0x5151, 0x516F, 0x498C, 0x9393, 0x9BF4, 0xA434, 0xC537, 0xCD58, 0xAC33, 0x28A8, 0x30EA,
    0x390B, 0x394B, 0x310A, 0x30EA, 0x392A, 0x392B, 0x414D, 0x494E, 0x5170, 0x516F, 0x414C, 0x414C,
    0x498C, 0x416C, 0x392B, 0x496C, 0x498D, 0x498E, 0x518E, 0x494D, 0x414D, 0x394B, 0x72AF, 0x622D,
    0x5A0D, 0x5A2E, 0x6A6F, 0x6A90, 0x7AF1, 0x8B72, 0x626E, 0x30E9, 0x414C, 0x496D, 0x412C, 0x390C,
    0x414D, 0x416D, 0x414D, 0x414D, 0x414D, 0x414D, 0x494F, 0x5993, 0x5152, 0x5952, 0x5972, 0x5151,
    0x5150, 0x5151, 0x5151, 0x5973, 0x6995, 0x6174, 0x5973, 0x5972, 0x5151, 0x5151, 0x5973, 0x5151,
    0x4930, 0x59B0, 0x51AC, 0xCD37, 0xD597, 0xD597, 0xF67B, 0xDD77, 0xD536, 0x2087, 0x30E9, 0x390A,
    0x394B, 0x310A, 0x30E9, 0x390A, 0x392B, 0x414C, 0x414D, 0x496F, 0x5170, 0x496D, 0x392C, 0x496D,
    0x496D, 0x392B, 0x416C, 0x498E, 0x498E, 0x496E, 0x414D, 0x414C, 0x6AAF, 0x93D3, 0x93F3, 0x9C13,
    0x9BF4, 0x9393, 0x93B3, 0x9BF4, 0xA475, 0x9C14, 0x414B, 0x414C, 0x498E, 0x414D, 0x392C, 0x494E,
    0x496E, 0x496D, 0x494E, 0x414C, 0x416D, 0x414D, 0x5191, 0x5171, 0x5150, 0x5150, 0x5151, 0x494F,
    0x5150, 0x5150, 0x5151, 0x5973, 0x6174, 0x5973, 0x5151, 0x5151, 0x5151, 0x5151, 0x5150, 0x494F,
    0x59D0, 0x51CD, 0xBCD5, 0xD597, 0xCD56, 0xEE39, 0xDD77, 0xCD16, 0x2086, 0x28C9, 0x310A, 0x392B,
    0x310A, 0x30E9, 0x390A, 0x392B, 0x394B, 0x394C, 0x496E, 0x5170, 0x496E, 0x412C, 0x496D, 0x498D,
    0x392B, 0x414C, 0x498D, 0x518E, 0x496E, 0x414D, 0x59ED, 0xE61A, 0xFF7E, 0xFF5D, 0xFF5D, 0xFF3C,
    0xFF3D, 0xFF5D, 0xFF5D, 0xFF5D, 0xFF5D, 0x6A8E, 0x392C, 0x51AE, 0x498D, 0x414C, 0x414D, 0x496E,
    0x496E, 0x494E, 0x414D, 0x416D, 0x414D, 0x496F, 0x5172, 0x4930, 0x4950, 0x5150, 0x494F, 0x5150,
    0x5150, 0x5150, 0x5952, 0x5972, 0x5151, 0x5150, 0x5150, 0x5150, 0x4950, 0x494F, 0x494F, 0x59D0,
    0x51ED, 0xB4D5, 0xD5B8, 0xCCF5, 0xEE19, 0xE597, 0xD556, 0x2087, 0x28C9, 0x30EA, 0x392A, 0x390A,
    0x28C9, 0x390A, 0x392A, 0x392B, 0x392B, 0x394B, 0x498E, 0x496D, 0x414C, 0x496D, 0x498D, 0x392B,
    0x414C, 0x498D, 0x498E, 0x496D, 0x414C, 0x7AEF, 0xEE3A, 0xEE19, 0xEE19, 0xF63A, 0xF65A, 0xFE9B,
    0xFEBB, 0xFEBB, 0xF6BB, 0xFF3D, 0xAC94, 0x414B, 0x498E, 0x498D, 0x414C, 0x416D, 0x412C, 0x498E,
    0x496E, 0x414D, 0x414D, 0x414D, 0x494E, 0x5150, 0x4950, 0x494F, 0x4950, 0x494F, 0x494F, 0x5150,
    0x5150, 0x5150, 0x5150, 0x5150, 0x5150, 0x5150, 0x5150, 0x5150, 0x516F, 0x494F, 0x59F0, 0x6A6F,
    0xB474, 0xDDF9, 0xCD15, 0xEE19, 0xE5B8, 0xDD77, 0x20A7, 0x28A8, 0x2088, 0x30E9, 0x392A, 0x28C9,
    0x310A, 0x310A, 0x392B, 0x392B, 0x310A, 0x416C, 0x498D, 0x414C, 0x414C, 0x498D, 0x414C, 0x414C,
    0x496D, 0x496D, 0x392C, 0x414B, 0xA3F3, 0xE598, 0xE5B8, 0xE5D8, 0xE5F8, 0xEDF9, 0xF619, 0xEE19,
    0xF63A, 0xF69B, 0xFEBB, 0xEE5A, 0x624E, 0x412C, 0x498E, 0x392B, 0x414D, 0x392C, 0x496D, 0x496E,
    0x414D, 0x414C, 0x414D, 0x414E, 0x494E, 0x494E, 0x414E, 0x412E, 0x494F, 0x494F, 0x516F, 0x4950,
    0x5150, 0x5150, 0x5150, 0x5150, 0x5150, 0x5150, 0x5150, 0x516F, 0x494F, 0x6210, 0x7AD0, 0xB4B5,
    0xEE3A, 0xD536, 0xE5B8, 0xE597, 0xE598, 0x2087, 0x28A8, 0x2067, 0x28C8, 0x392A, 0x30E9, 0x30E9,
    0x310A, 0x392A, 0x392B, 0x392A, 0x394B, 0x498D, 0x414C, 0x414C, 0x496D, 0x392C, 0x412C, 0x498D,
    0x414C, 0x392B, 0x51EC, 0xC4F5, 0xE5B8, 0xE5B8, 0xE5D8, 0xE5D8, 0xE5F9, 0xEE19, 0xEE5A, 0xEE19,
    0xEDF9, 0xEDF9, 0xEE3A, 0xA413, 0x414C, 0x498E, 0x392B, 0x414C, 0x392C, 0x414C, 0x496E, 0x414D,
    0x414C, 0x414D, 0x414D, 0x494E, 0x412E, 0x414D, 0x412E, 0x494F, 0x494F, 0x496F, 0x494F, 0x5170,
    0x4950, 0x494F, 0x5150, 0x5150, 0x5150, 0x5150, 0x516F, 0x494E, 0x6A51, 0x8B71, 0xA413, 0xE5B8,
    0xB432, 0xBC73, 0xB412, 0xABB1, 0x20A7, 0x28A8, 0x2067, 0x28A8, 0x394B, 0x30E9, 0x30E9, 0x310A,
    0x392B, 0x392B, 0x392A, 0x392B, 0x416C, 0x414C, 0x414C, 0x498D, 0x392C, 0x392B, 0x416C, 0x392B,
    0x310A, 0x72AE, 0xDD98, 0xEDD9, 0xEE39, 0xEE7A, 0xFF3D, 0xFF9E, 0xFFBE, 0xFFDF, 0xFFBF, 0xFF3D,
    0xEE3A, 0xE598, 0xCD36, 0x624E, 0x412C, 0x414C, 0x392B, 0x414C, 0x390B, 0x496E, 0x414D, 0x414C,
    0x414D, 0x414D, 0x414D, 0x414D, 0x412D, 0x414D, 0x414D, 0x496F, 0x496E, 0x496E, 0x516F, 0x496F,
    0x494F, 0x514F, 0x514F, 0x496F, 0x516F, 0x516F, 0x492F, 0x6A51, 0x8B70, 0xA432, 0xFEDC, 0xDD56,
    0xE597, 0xAC32, 0xE5B8, 0x28A7, 0x28A7, 0x2087, 0x2087, 0x394A, 0x30E9, 0x30E9, 0x3109, 0x392A,
    0x394B, 0x392B, 0x392A, 0x394B, 0x416C, 0x392B, 0x498D, 0x392B, 0x414B, 0x392B, 0x30E9, 0x3949,
    0x9BF2, 0xE598, 0xDD77, 0xDDD8, 0xEE9A, 0xF71C, 0xF73C, 0xF6DC, 0xF6FC, 0xEEDB, 0xF73C, 0xFF7D,
    0xF67A, 0xE597, 0x93B1, 0x412B, 0x414B, 0x30EA, 0x416D, 0x390B, 0x414D, 0x496E, 0x496D, 0x414D,
    0x414D, 0x414D, 0x414D, 0x414D, 0x414D, 0x414D, 0x414D, 0x496E, 0x496E, 0x498E, 0x516F, 0x496F,
    0x494F, 0x516F, 0x496F, 0x516F, 0x516F, 0x4950, 0x7272, 0x9BD1, 0xA432, 0xCD36, 0xC4F5, 0x8B2E,
    0x832E, 0xB4B4, 0x28A7, 0x2087, 0x28A7, 0x2066, 0x392A, 0x310A, 0x28C9, 0x3109, 0x310A, 0x392B,
    0x392B, 0x392B, 0x392A, 0x416C, 0x414C, 0x496D, 0x414C, 0x414C, 0x392A, 0x28C8, 0x51EA, 0xBCB4,
    0xE597, 0xEDD8, 0xF65A, 0xFEFC, 0xFF9E, 0xFF5D, 0xFE9B, 0xF63A, 0xEDF9, 0xCD36, 0xBCB4, 0xD536,
    0xE557, 0xBC73, 0x51AB, 0x394B, 0x30C9, 0x414C, 0x392C, 0x392C, 0x518E, 0x496E, 0x414C, 0x416D,
    0x414D, 0x414D, 0x414D, 0x414D, 0x414D, 0x414C, 0x498E, 0x498E, 0x496E, 0x496F, 0x494E, 0x494E,
    0x496F, 0x516F, 0x496F, 0x516F, 0x5150, 0x61F2, 0x8B93, 0x72AD, 0xA432, 0x9C12, 0x1883, 0x4187,
    0x0842, 0x2087, 0x2087, 0x28A7, 0x1866, 0x310A, 0x310A, 0x28A9, 0x30E9, 0x310A, 0x392B, 0x392B,
    0x394B, 0x392A, 0x416B, 0x394B, 0x498C, 0x414C, 0x414B, 0x3109, 0x3109, 0x51CA, 0xB473, 0xCCD5,
    0xAC11, 0xDD97, 0xD577, 0xD597, 0xDDF8, 0xDD97, 0xE5B8, 0xF61A, 0xFE7B, 0xFE5A, 0xDD77, 0xD536,
    0xD4F5, 0x7AEE, 0x394A, 0x392A, 0x392B, 0x416C, 0x390B, 0x496E, 0x498E, 0x414C, 0x416D, 0x414D,
    0x414D, 0x414D, 0x414D, 0x414D, 0x414D, 0x416D, 0x498D, 0x496D, 0x496E, 0x496E, 0x496E, 0x496E,
    0x496F, 0x516F, 0x516F, 0x5170, 0x5990, 0x624F, 0x3928, 0x49A9, 0x0822, 0x0000, 0x0000, 0x0000,
    0x28A8, 0x20A7, 0x28C8, 0x1866, 0x30E9, 0x390A, 0x28C9, 0x30E9, 0x310A, 0x392B, 0x392B, 0x394B,
    0x392A, 0x414B, 0x394B, 0x498C, 0x416C, 0x310A, 0x30E8, 0x3929, 0x51AA, 0x59C9, 0xB474, 0x93B1,
    0x6A8C, 0xEE3A, 0xEE19, 0xB494, 0xEEBB, 0xDD97, 0xCD36, 0xCD36, 0xCD15, 0xDDB8, 0xEDF9, 0xE598,
    0xAC32, 0x496A, 0x416C, 0x416C, 0x416C, 0x392B, 0x414D, 0x498E, 0x414C, 0x414C, 0x416D, 0x414D,
    0x416D, 0x414D, 0x414D, 0x414D, 0x414C, 0x496D, 0x414C, 0x414C, 0x496D, 0x496E, 0x496E, 0x496E,
    0x516F, 0x516F, 0x5150, 0x5170, 0x414C, 0x20A5, 0x10C2, 0x2123, 0x732D, 0xA452, 0x9C11, 0x28A7,
    0x2087, 0x28C8, 0x1846, 0x28A8, 0x310A, 0x28E9, 0x30E9, 0x310A, 0x392B, 0x394B, 0x414B, 0x392B,
    0x392B, 0x392B, 0x416C, 0x416C, 0x28C9, 0x30E9, 0x28C7, 0x3127, 0x28C5, 0x1042, 0x2905, 0x0821,
    0x4187, 0xB4B4, 0x9C12, 0xBD36, 0xFF3E, 0xFEDC, 0xF65A, 0xD536, 0xBC32, 0xB3F1, 0xD516, 0xC4D5,
    0x624D, 0x310A, 0x392A, 0x416B, 0x392B, 0x392C, 0x416C, 0x414C, 0x394C, 0x414C, 0x414D, 0x414D,
    0x414C, 0x414C, 0x414D, 0x416D, 0x416D, 0x416D, 0x414C, 0x414D, 0x494E, 0x496E, 0x496F, 0x516F,
    0x5170, 0x416B, 0x496E, 0x494D, 0x5B08, 0x7D4A, 0x5BA7, 0x9CB1, 0xFEFD, 0xFEBC, 0x28C7, 0x2087,
    0x28C8, 0x2066, 0x2087, 0x310A, 0x30E9, 0x30E9, 0x3109, 0x310A, 0x392B, 0x414B, 0x394B, 0x394B,
    0x392B, 0x392B, 0x394B, 0x28A7, 0x30E8, 0x2087, 0x0803, 0x0001, 0x0000, 0x0000, 0x0000, 0x0001,
    0x0000, 0x3106, 0x28A6, 0x72AE, 0x9BF3, 0xC536, 0xEE1A, 0xEDD9, 0xD515, 0xBC53, 0xC494, 0x93B1,
    0x3109, 0x28C8, 0x392B, 0x392C, 0x392C, 0x416C, 0x414C, 0x414C, 0x392C, 0x414C, 0x414C, 0x414C,
    0x414C, 0x414D, 0x416D, 0x416D, 0x416D, 0x414C, 0x414C, 0x496D, 0x496E, 0x496F, 0x496E, 0x492F,
    0x51CC, 0x6B6C, 0x410D, 0x7C8B, 0xA66E, 0x6C48, 0x73AB, 0xF65B, 0xF65A, 0x3928, 0x2066, 0x28A7,
    0x2087, 0x2066, 0x3109, 0x30E9, 0x30E9, 0x30E9, 0x3109, 0x392A, 0x394B, 0x394B, 0x392B, 0x392B,
    0x30EA, 0x310A, 0x2087, 0x1866, 0x1864, 0x3A06, 0x5326, 0x5BC7, 0x4B26, 0x5BE7, 0x5BC7, 0x3A65,
    0x2963, 0x2103, 0x1863, 0x1864, 0x30C5, 0x7ACD, 0xBC74, 0xDD57, 0xED97, 0xC473, 0x9BB1, 0x49AB,
    0x49AB, 0x394B, 0x414C, 0x414C, 0x416D, 0x414C, 0x392B, 0x414C, 0x394C, 0x414C, 0x414C, 0x416C,
    0x414C, 0x414C, 0x414C, 0x416C, 0x414C, 0x392C, 0x416D, 0x496D, 0x498E, 0x496E, 0x416D, 0x498C,
    0x848B, 0x49EA, 0x7CCA, 0x958C, 0x8D2C, 0xD678, 0xFF3D, 0xF6DC, 0x49AA, 0x1865, 0x28A7, 0x28A7,
    0x2066, 0x28C8, 0x3109, 0x3109, 0x3109, 0x3109, 0x394B, 0x392A, 0x392B, 0x390B, 0x30EA, 0x30C9,
    0x394B, 0x3109, 0x626D, 0x4207, 0x8E0B, 0x9EEA, 0x8E0A, 0x8E2A, 0x96CB, 0x964B, 0x8E2B, 0x856A,
    0x858B, 0x5327, 0x41C7, 0x520A, 0x2864, 0x3906, 0x82EE, 0xBC53, 0xD4F5, 0xC4B4, 0x728D, 0x624C,
    0x624E, 0x392B, 0x414C, 0x414C, 0x414C, 0x392B, 0x416C, 0x414C, 0x414C, 0x414C, 0x414B, 0x414C,
    0x414C, 0x414C, 0x416C, 0x414C, 0x412C, 0x416D, 0x416D, 0x414D, 0x414E, 0x496D, 0x412C, 0x846C,
    0x5AA9, 0x7CAB, 0x7D29, 0x7CCB, 0xE6BB, 0xFFDF, 0xFF9E, 0x51CA, 0x2067, 0x2087, 0x28C8, 0x2066,
    0x28A8, 0x3109, 0x28C9, 0x30E9, 0x28C9, 0x28C9, 0x30E9, 0x30E9, 0x310A, 0x390A, 0x310A, 0x416D,
    0x51AD, 0xAC94, 0x6AEC, 0x856A, 0x8E6A, 0x8E09, 0x968A, 0x4B26, 0x0842, 0x74A9, 0x8E0A, 0x8E6A,
    0x7D49, 0x62EA, 0xEE7B, 0xD598, 0x834F, 0x4988, 0x61C9, 0xA36F, 0xBC73, 0x93B1, 0x51AA, 0x93B3,
    0x394B, 0x414C, 0x414D, 0x416C, 0x30EA, 0x392B, 0x416C, 0x414C, 0x414C, 0x414C, 0x416C, 0x416C,
    0x416C, 0x416C, 0x416C, 0x412C, 0x412C, 0x416D, 0x416D, 0x496D, 0x416D, 0x410D, 0x7BED, 0x6B4B,
    0x7C4B, 0x852A, 0x8CCD, 0xE69A, 0xFFBF, 0xFFDF, 0x72CF, 0x1867, 0x2067, 0x28C8, 0x2087, 0x2087,
    0x3109, 0x28C8, 0x30E9, 0x30E9, 0x30E9, 0x3109, 0x28C8, 0x3109, 0x392A, 0x414B, 0x498D, 0x498C,
    0x8350, 0xAC73, 0x74C9, 0x968A, 0x968A, 0x96AA, 0x5BE8, 0x2164, 0x7509, 0x968A, 0x968A, 0x960B,
    0x7C0C, 0xEEBB, 0xFF3D, 0xFF1D, 0xE5F9, 0x9BB0, 0x6A2A, 0x9B90, 0xBCD5, 0x5A2C, 0x9BD3, 0x5A0F,
    0x392C, 0x416D, 0x498D, 0x392B, 0x30E9, 0x416C, 0x416D, 0x414C, 0x414C, 0x416C, 0x416C, 0x416C,
    0x414C, 0x414C, 0x414D, 0x414C, 0x412C, 0x414D, 0x416D, 0x498D, 0x412C, 0x7B6D, 0x7BCC, 0x630B,
    0x9CB0, 0xFF5D, 0xFFBF, 0xFF7E, 0xE6BB, 0x82EE, 0x28C8, 0x1866, 0x28E8, 0x2088, 0x2087, 0x3109,
    0x3109, 0x30E9, 0x392A, 0x3929, 0x414B, 0x310A, 0x310A, 0x392B, 0x392B, 0x496C, 0x414C, 0x8330,
    0xEE9A, 0x7C4C, 0x964B, 0x9ECA, 0xA6CA, 0xB72A, 0xBF4A, 0xBF49, 0xA6E9, 0x9EEA, 0x8DCA, 0xACF2,
    0xFEDC, 0xF69B, 0xF69B, 0xFEBC, 0xFEBC, 0xD4D5, 0xA3F1, 0xA412, 0x8B71, 0x7AEF, 0x93D4, 0x412C,
    0x496E, 0x416C, 0x496D, 0x28C9, 0x414C, 0x416C, 0x414C, 0x416C, 0x496D, 0x416D, 0x414C, 0x414C,
    0x416C, 0x416C, 0x496D, 0x412C, 0x414D, 0x496D, 0x498E, 0x496D, 0x5A0D, 0x72CD, 0x59ED, 0xE5F9,
    0xEE3A, 0xCD36, 0xBC52, 0x9B0E, 0xB432, 0x4149, 0x1846, 0x30E9, 0x2087, 0x2067, 0x3109, 0x3109,
    0x30E9, 0x392A, 0x310A, 0x414B, 0x414B, 0x310A, 0x392A, 0x390A, 0x418C, 0x494D, 0x93B2, 0xFF5D,
    0xE67A, 0x8CCD, 0x962A, 0xB749, 0xD7C8, 0xDFC8, 0xDFE8, 0xCFC8, 0x9E8A, 0x954E, 0xDE38, 0xFE9B,
    0xFE9B, 0xFE9B, 0xF67B, 0xE598, 0xDCD5, 0xFE7B, 0xD5F8, 0xBCD5, 0x5A0C, 0x9C14, 0x51AE, 0x496E,
    0x496D, 0x496D, 0x30E9, 0x392B, 0x496D, 0x416C, 0x416C, 0x498D, 0x498D, 0x496D, 0x414C, 0x416D,
    0x496D, 0x496D, 0x414C, 0x414C, 0x498E, 0x496D, 0x496D, 0x496D, 0x498A, 0x7AEF, 0xD536, 0xE577,
    0xD494, 0xD493, 0xC3D1, 0xBC32, 0x5A0B, 0x2066, 0x28C8, 0x28A8, 0x1846, 0x30E9, 0x392A, 0x30E9,
    0x394B, 0x392B, 0x392B, 0x416C, 0x392A, 0x390A, 0x390A, 0x416C, 0x498D, 0x624D, 0xFEBB, 0xFF1D,
    0xE67A, 0xAD33, 0x956D, 0xAE4A, 0xBEAA, 0xBEAA, 0xA5CC, 0x9CF0, 0xDDF8, 0xF6BB, 0xF65A, 0xEE19,
    0xEDF9, 0xF619, 0xDD77, 0xE619, 0xFF5D, 0xFF5D, 0xEE9B, 0x7B0F, 0x6AAE, 0x7291, 0x5151, 0x5170,
    0x496D, 0x51CD, 0x51CC, 0x496D, 0x51AE, 0x498E, 0x498D, 0x496D, 0x498D, 0x498E, 0x496D, 0x416D,
    0x416D, 0x416C, 0x392C, 0x498D, 0x496D, 0x496D, 0x416D, 0x310A, 0xB454, 0xDD56, 0xE577, 0xEDB8,
    0xF5F9, 0xF5F9, 0xBC11, 0x7ACE, 0x2087, 0x28C8, 0x3109, 0x1866, 0x28A7, 0x392A, 0x3109, 0x310A,
    0x392B, 0x390B, 0x416C, 0x392B, 0x390A, 0x392B, 0x392B, 0x498D, 0x4149, 0x9B4F, 0xC4B4, 0xD556,
    0xEE1A, 0xDDD8, 0xD5B7, 0xD557, 0xCD36, 0xDD57, 0xF61A, 0xF69B, 0xEE5A, 0xFF1D, 0xF6DC, 0xEE5A,
    0xF6BB, 0xFF3D, 0xFF9E, 0xFFDF, 0xFF9E, 0xEEDB, 0xCD57, 0x498B, 0x622F, 0x5171, 0x5170, 0x496E,
    0x51CD, 0x8351, 0x414C, 0x518E, 0x518E, 0x518E, 0x496E, 0x498E, 0x498E, 0x498E, 0x498E, 0x414D,
    0x496D, 0x392B, 0x414C, 0x496D, 0x496E, 0x49AE, 0x498B, 0xC516, 0xFEBB, 0xFE7A, 0xFE7B, 0xFE9B,
    0xFE9B, 0xCCD4, 0x9370, 0x20A7, 0x28C8, 0x3109, 0x2066, 0x2086, 0x392A, 0x30EA, 0x30EA, 0x394B,
    0x310A, 0x416C, 0x414B, 0x390A, 0x390A, 0x392B, 0x498D, 0x51AC, 0x6A0B, 0xA32E, 0xCBF1, 0xC3F1,
    0xDCD4, 0xE536, 0xD4B4, 0xE515, 0xE577, 0xE5D8, 0xEE3A, 0xD597, 0xFF1C, 0xFF1C, 0xFF1D, 0xFF3D,
    0xFF9E, 0xFFBF, 0xFFBE, 0xFFDF, 0xEEFC, 0xEE9B, 0x7B30, 0x30EA, 0x496E, 0x518E, 0x51AF, 0x496D,
    0x8B72, 0x622E, 0x496E, 0x518E, 0x498E, 0x498E, 0x498E, 0x498E, 0x498E, 0x498E, 0x414D, 0x498D,
    0x416C, 0x392B, 0x416C, 0x496E, 0x51AE, 0x72CF, 0xBCD5, 0xFEBC, 0xFE7B, 0xFE5A, 0xFE5A, 0xFE5A,
    0xE619, 0xD598, 0x416A, 0x28A7, 0x392A, 0x28A7, 0x1866, 0x392B, 0x392B, 0x30E9, 0x414B, 0x310A,
    0x414B, 0x416C, 0x392B, 0x390A, 0x390A, 0x416C, 0x49AD, 0x8AEE, 0xDCD4, 0xDCB4, 0xD473, 0xE536,
    0xE536, 0xDCD4, 0xE597, 0xE5B8, 0xEDB8, 0xEDF9, 0xE5B8, 0xF67A, 0xFEBB, 0xFEDC, 0xFEFC, 0xFF3D,
    0xFF7E, 0xFFBE, 0xFFBF, 0xFF9E, 0xE65A, 0xCD98, 0x414C, 0x416D, 0x498D, 0x51AE, 0x496E, 0x6A6F,
    0x93D4, 0x414D, 0x518E, 0x498D, 0x498E, 0x498E, 0x498E, 0x498E, 0x498E, 0x498E, 0x498D, 0x49AD,
    0x414B, 0x414C, 0x496D, 0x496D, 0x7AF0, 0xA433, 0xFEBC, 0xFE7A, 0xFE5A, 0xFE3A, 0xFE3A, 0xE639,
    0xD5B7, 0x5A0B, 0x2087, 0x392A, 0x30E9, 0x1846, 0x3109, 0x392A, 0x30E9, 0x414B, 0x392A, 0x392B,
    0x416C, 0x392B, 0x392A, 0x390A, 0x416C, 0x496C, 0x82EE, 0xDD36, 0xD4F5, 0xDD36, 0xF5F9, 0xEDF9,
    0xEDB8, 0xF63A, 0xF65A, 0xFE5A, 0xFE5B, 0xFE3A, 0xF63A, 0xFE5A, 0xFE7A, 0xFE9B, 0xFEBB, 0xFEDC,
    0xFF3D, 0xFF5D, 0xFF9E, 0xE69A, 0xEE7B, 0x8351, 0x412C, 0x496D, 0x498D, 0x518E, 0x496D, 0x8B73,
    0x622E, 0x496D, 0x498D, 0x496D, 0x498D, 0x498D, 0x498E, 0x498E, 0x496D, 0x498E, 0x498D, 0x498D,
    0x414C, 0x496D, 0x414C, 0x7B11, 0xA432, 0xFE9B, 0xFE7B, 0xFE5A, 0xFE3A, 0xFE3A, 0xD639, 0xFFFF,
    0xB4D5, 0x1846, 0x392A, 0x3109, 0x1846, 0x28A8, 0x394A, 0x390A, 0x392A, 0x414B, 0x310A, 0x416C,
    0x414B, 0x390A, 0x310A, 0x416C, 0x498D, 0x7AEF, 0xDD78, 0xF63A, 0xF619, 0xFE5B, 0xF65A, 0xF63A,
    0xFE3A, 0xFE3A, 0xFE5A, 0xFE5A, 0xFE5A, 0xFE5A, 0xFE5A, 0xFE5A, 0xFE7B, 0xFE7B, 0xFEBB, 0xFEFC,
    0xFF1C, 0xFF3D, 0xF75D, 0xE65A, 0xD5B9, 0x498C, 0x416D, 0x496D, 0x498D, 0x496D, 0x5A0E, 0x6A8F,
    0x414C, 0x496D, 0x496D, 0x416D, 0x416D, 0x496D, 0x496D, 0x498D, 0x498D, 0x498E, 0x498D, 0x414C,
    0x496D, 0x414D, 0x72B0, 0xA452, 0xF67B, 0xFE7B, 0xFE5A, 0xFE3A, 0xFE3A, 0x1023, 0x7B8F, 0xE67A,
    0x4149, 0x310A, 0x392B, 0x2086, 0x2086, 0x414B, 0x394B, 0x392A, 0x416B, 0x390A, 0x414B, 0x414B,
    0x310A, 0x392A, 0x414C, 0x416C, 0x5A0D, 0xB475, 0xFE7B, 0xFE7A, 0xFE5A, 0xFE3A, 0xFE3A, 0xFE3A,
    0xFE3A, 0xFE3A, 0xFE3A, 0xFE5A, 0xFE5A, 0xFE5A, 0xFE5A, 0xFE7B, 0xFE9B, 0xFEBB, 0xFEFC, 0xFEFC,
    0xFF1C, 0xFF9E, 0xDE39, 0xEE9B, 0x8B92, 0x392B, 0x498D, 0x498D, 0x498E, 0x496D, 0x5A0E, 0x498D,
    0x416D, 0x416D, 0x416C, 0x416D, 0x414D, 0x416D, 0x496D, 0x496D, 0x498D, 0x498D, 0x414C, 0x416C,
    0x416D, 0x5A0D, 0x93D1, 0xEE5A, 0xFE9B, 0xFE5A, 0xFE5A, 0xFE5A, 0x1846, 0x0001, 0x3947, 0x3929,
    0x30EA, 0x394B, 0x28C8, 0x1845, 0x392A, 0x394B, 0x392B, 0x394B, 0x392B, 0x392B, 0x416B, 0x30C8,
    0x390A, 0x394B, 0x416C, 0x59ED, 0x9BB1, 0xF619, 0xFE5A, 0xFE5A, 0xFE3A, 0xFE3A, 0xFE3A, 0xFE3A,
    0xFE5A, 0xFE5A, 0xFE5A, 0xFE5A, 0xFE5A, 0xFE5A, 0xFE9B, 0xFE9B, 0xFEDB, 0xFEDC, 0xFF1C, 0xFF3D,
    0xFF5D, 0xF71C, 0xDE19, 0xD5D9, 0x390B, 0x498D, 0x498D, 0x51AE, 0x49AD, 0x498D, 0x416C, 0x498D,
    0x498D, 0x416D, 0x416D, 0x416D, 0x416D, 0x416D, 0x498D, 0x498D, 0x498D, 0x498D, 0x392C, 0x414C,
    0x51CD, 0x9BF2, 0xEE5A, 0xFE7B, 0xFE5A, 0xFE5A, 0xFE5A, 0x2089, 0x1846, 0x1005, 0x1025, 0x390A,
    0x394B, 0x310A, 0x1846, 0x30E9, 0x414B, 0x390A, 0x392B, 0x416C, 0x392C, 0x394B, 0x49CB, 0x3929,
    0x310A, 0x498D, 0x51CD, 0x9391, 0xDD97, 0xFE9B, 0xFE3A, 0xFE3A, 0xFE5A, 0xFE5A, 0xFE5A, 0xFE5A,
    0xFE5A, 0xFE5A, 0xFE5A, 0xFE7A, 0xFE9B, 0xFE9B, 0xFEBB, 0xFEDB, 0xFEDC, 0xFEFC, 0xFF1D, 0xFF1C,
    0xFF5D, 0xDDF9, 0xEE9B, 0x7B10, 0x390A, 0x49AD, 0x51AE, 0x51CE, 0x51AE, 0x498D, 0x498E, 0x496D,
    0x416C, 0x416C, 0x496D, 0x496D, 0x416C, 0x498D, 0x498D, 0x498D, 0x498D, 0x394C, 0x416C, 0x498C,
    0x8B91, 0xEE7A, 0xFE9B, 0xFE5A, 0xFE5A, 0xFE3A, 0x1868, 0x1846, 0x1845, 0x1846, 0x310A, 0x394B,
    0x392B, 0x2087, 0x20A7, 0x414B, 0x392B, 0x392B, 0x414C, 0x414D, 0x390C, 0x626E, 0x5A2C, 0x28C8,
    0x416C, 0x496C, 0x93D3, 0xC4D5, 0xFE9B, 0xFE5A, 0xFE5A, 0xFE5A, 0xFE5A, 0xFE5A, 0xFE5A, 0xFE5A,
    0xFE7A, 0xFE7B, 0xFE9B, 0xFE9B, 0xFE9B, 0xFEDB, 0xFEDB, 0xFEDC, 0xFEFC, 0xFF1C, 0xFF1C, 0xFF1D,
    0xF6BB, 0xD5D8, 0xCD77, 0x392A, 0x49AD, 0x51AE, 0x51CE, 0x51AE, 0x51AF, 0x51AE, 0x498D, 0x496C,
    0x416C, 0x416C, 0x416D, 0x416C, 0x496D, 0x496D, 0x496D, 0x498D, 0x414B, 0x414B, 0x414C, 0x72D0,
    0xEE9B, 0xFEBB, 0xFE9B, 0xFE5A, 0xFE5A, 0x2068, 0x1846, 0x1025, 0x1025, 0x30E9, 0x394B, 0x394B,
    0x28C8, 0x1845, 0x390A, 0x394B, 0x392B, 0x414C, 0x414D, 0x392C, 0x624E, 0x8B91, 0x28C7, 0x416C,
    0x414C, 0x8330, 0xBCD5, 0xF63A, 0xFE9B, 0xFE5A, 0xFE5A, 0xFE7B, 0xFE7A, 0xFE5A, 0xFE7B, 0xFE9B,
    0xFE9B, 0xFE9B, 0xFEBB, 0xFEBB, 0xFEDB, 0xFEDC, 0xFEFC, 0xFF1C, 0xFF1C, 0xFF1C, 0xFEFC, 0xFF3D,
    0xD5B8, 0xDE3A, 0x8351, 0x414B, 0x51AD, 0x51CE, 0x498D, 0x51AE, 0x51AE, 0x498D, 0x498D, 0x496C,
    0x414D, 0x416D, 0x416D, 0x416D, 0x498D, 0x498D, 0x416D, 0x7B11, 0x51ED, 0x392C, 0x51ED, 0xEE9B,
    0xFEFC, 0xFEBB, 0xFE9B, 0xFE7B, 0x30CF, 0x2067, 0x1866, 0x1004, 0x28C9, 0x394B, 0x394B, 0x392A,
    0x1845, 0x28A8, 0x414B, 0x392B, 0x394B, 0x414C, 0x414C, 0x51ED, 0xC537, 0x3948, 0x414B, 0x498E,
    0x624E, 0xBCF6, 0xDDB8, 0xFEBC, 0xFE5A, 0xFE7B, 0xFE9B, 0xFE9B, 0xFE9B, 0xFE9B, 0xFE9B, 0xFEBB,
    0xFEDB, 0xFEDB, 0xFEDB, 0xFEDC, 0xFEFC, 0xFEFC, 0xFF1C, 0xFF1D, 0xFF1D, 0xFF1D, 0xFF1C, 0xF6BB,
    0xD5B8, 0xB4B4, 0x51CC, 0x498D, 0x51AE, 0x59EE, 0x5A0D, 0x49AD, 0x498D, 0x498D, 0x416C, 0x414D,
    0x414D, 0x496D, 0x416D, 0x496D, 0x498D, 0x412C, 0x93D4, 0x9C13, 0x38EA, 0x624E, 0xF6FC, 0xFF1C,
    0xFEFC, 0xFEDC, 0xFEDC, 0x30CD, 0x28AD, 0x2068, 0x1025, 0x28C8, 0x394B, 0x394B, 0x392A, 0x2066,
    0x1846, 0x392B, 0x392B, 0x392B, 0x414C, 0x498D, 0x394A, 0xD5B8, 0x7B0F, 0x3929, 0x51CE, 0x498D,
    0xBCD6, 0xD557, 0xFE9B, 0xFE5A, 0xFE7B, 0xFE7B, 0xFE9B, 0xFE9B, 0xFEBB, 0xFEDC, 0xFEDC, 0xFEDC,
    0xFEDB, 0xFEDC, 0xFEFC, 0xFF1C, 0xFF1C, 0xFF1D, 0xFF3D, 0xFF3D, 0xFF3D, 0xFF1C, 0xFF3D, 0xDE39,
    0xBCF5, 0x7AEF, 0x496C, 0x518E, 0x6A70, 0x93B2, 0x498C, 0x51CE, 0x498D, 0x416C, 0x392C, 0x414C,
    0x498D, 0x498D, 0x416D, 0x498D, 0x412C, 0x7B32, 0xEEBB, 0x416B, 0x5A4D, 0xFF3C, 0xFF1D, 0xFF1D,
    0xFF1C, 0xFEFC, 0x38F3, 0x30CE, 0x288B, 0x1847, 0x28C9, 0x394B, 0x392B, 0x392A, 0x28C8, 0x1025,
    0x30E9, 0x414B, 0x394B, 0x414C, 0x498D, 0x3909, 0xA473, 0xBD16, 0x3108, 0x498C, 0x416C, 0xB4B5,
    0xD5B8, 0xF67B, 0xFEBB, 0xFEBB, 0xFEBB, 0xFEBB, 0xFEDB, 0xFEDC, 0xFEFC, 0xFEFC, 0xFEFC, 0xFF1C,
    0xFF1C, 0xFF1C, 0xFF1C, 0xFF1C, 0xFF1D, 0xFF5D, 0xFF5D, 0xFF5D, 0xFF5D, 0xFF3D, 0xFF1D, 0xBD15,
    0xBCD5, 0x51ED, 0x51AE, 0x51CE, 0xCD78, 0x624D, 0x498D, 0x51AE, 0x498D, 0x414C, 0x414C, 0x498D,
    0x498D, 0x498D, 0x498D, 0x412C, 0x7B11, 0xFF7E, 0x72AF, 0x49CC, 0xFF5D, 0xFF5D, 0xFF3D, 0xFF1D,
    0xFF3D, 0x4939, 0x40F3, 0x28AB, 0x1847, 0x30CA, 0x394B, 0x392B, 0x392B, 0x310A, 0x1846, 0x1866,
    0x394B, 0x414B, 0x414C, 0x498D, 0x392C, 0x5A2B, 0xDDF8, 0x51EC, 0x392B, 0x414C, 0x93F2, 0xCD97,
    0xE619, 0xFEFC, 0xFEDC, 0xFEDC, 0xFEFC, 0xFEFC, 0xFEDC, 0xFEFC, 0xFF1C, 0xFF1C, 0xFF1C, 0xFF1C,
    0xFF3D, 0xFF3D, 0xFF3D, 0xFF5D, 0xFF5D, 0xFF7D, 0xFF7D, 0xFF7D, 0xFF7D, 0xFF7E, 0xDE39, 0xDDF9,
    0x72D0, 0x498E, 0x496C, 0xDE19, 0xCD97, 0x498C, 0x51AE, 0x498D, 0x416C, 0x414C, 0x498D, 0x498D,
    0x414D, 0x416D, 0x392C, 0x7B11, 0xFFDF, 0x93D3, 0x5A0D, 0xFF9E, 0xFF7D, 0xFF5D, 0xFF5D, 0xF6FC,
    0x4939, 0x5159, 0x4113, 0x1847, 0x28A8, 0x392C, 0x392C, 0x392B, 0x30E9, 0x20A7, 0x1024, 0x392A,
    0x394B, 0x414C, 0x416C, 0x416C, 0x1003, 0x9C11, 0x93D2, 0x310A, 0x496D, 0x72D0, 0xDDF9, 0xDDF8,
    0xFF3D, 0xFEFC, 0xFEFC, 0xFEFC, 0xFF1C, 0xFEFC, 0xFF1C, 0xFF1D, 0xFF3D, 0xFF5D, 0xFF5D, 0xFF5D,
    0xFF5D, 0xFF5D, 0xFF7D, 0xFF7D, 0xFF7D, 0xFF7E, 0xFF7E, 0xFF7E, 0xFF9E, 0xF71C, 0xE67A, 0xA454,
    0x414C, 0x51AD, 0xCDD8, 0xFFBE, 0x93D3, 0x496D, 0x51AD, 0x496C, 0x414C, 0x496D, 0x496D, 0x414C,
    0x416D, 0x30EB, 0x7B11, 0xFFFF, 0xA475, 0x624E, 0xFFBE, 0xFF9E, 0xFF7E, 0xFF5D, 0x628B, 0x4939,
    0x4939, 0x515B, 0x4115, 0x28AB, 0x390B, 0x392C, 0x394C, 0x30E9, 0x28C8, 0x1845, 0x28A7, 0x414B,
    0x414C, 0x416C, 0x416B, 0x624C, 0x3947, 0xAC74, 0x418C, 0x416C, 0x51CC, 0xCDB8, 0xD5D8, 0xFF5D,
    0xFF1C, 0xFF1C, 0xFF1C, 0xFF1C, 0xFF1C, 0xFF3D, 0xFF5D, 0xFF5D, 0xFF7D, 0xFF7D, 0xFF7D, 0xFF7D,
    0xFF7D, 0xFF7D, 0xFF7D, 0xFF7E, 0xFF7E, 0xFF7E, 0xFF9E, 0xFF7E, 0xFF9E, 0xEEBB, 0xBD56, 0x498B,
    0x51AC, 0xD5D9, 0xFFBE, 0xB4D6, 0x416C, 0x51CE, 0x496C, 0x414C, 0x414C, 0x416D, 0x414C, 0x496D,
    0x30EB, 0x7311, 0xFFFF, 0x8BD2, 0x626E, 0xFFDF, 0xFF7E, 0xFFFF, 0x836F, 0x388D, 0x4939, 0x4939,
    0x493A, 0x513A, 0x3911, 0x390D, 0x412D, 0x392C, 0x392B, 0x28A8, 0x2087, 0x1845, 0x392B, 0x416C,
    0x498C, 0x392A, 0x9BF2, 0x7AED, 0x59EA, 0x622E, 0x414B, 0x414A, 0xB4F5, 0xDE19, 0xFF5D, 0xFF5D,
    0xFF5D, 0xFF5D, 0xFF5D, 0xFF5D, 0xFF5D, 0xFF7D, 0xFF7D, 0xFF7D, 0xFF7D, 0xFF7D, 0xFF7D, 0xFF7E,
    0xFF7E, 0xFF7E, 0xFF9E, 0xFF9E, 0xFF9E, 0xFF9E, 0xFF9E, 0xFF9E, 0xFF7E, 0xCDD8, 0x626E, 0x496B,
    0xDE3A, 0xFFBE, 0xD5D8, 0x498C, 0x51AD, 0x498D, 0x496D, 0x390B, 0x414C, 0x414C, 0x498D, 0x390C,
    0x8352, 0xFFFF, 0x5A0D, 0x72EF, 0xFFDF, 0xFFDF, 0x9C53, 0x38AD, 0x71B8, 0x5139, 0x4939, 0x493A,
    0x493A, 0x4111, 0x410F, 0x390D, 0x392C, 0x394B, 0x30E9, 0x28A7, 0x1845, 0x28C9, 0x498C, 0x498D,
    0x310A, 0x832F, 0xD556, 0x72AD, 0x414A, 0x49AC, 0x412A, 0x93B2, 0xD5F9, 0xF73D, 0xFF7D, 0xFF7D,
    0xFF7D, 0xFF7D, 0xFF7D, 0xFF7D, 0xFF7D, 0xFF7D, 0xFF7D, 0xFF7D, 0xFF7E, 0xFF7E, 0xFF9E, 0xFF9E,
    0xFF9E, 0xFF9E, 0xFF9E, 0xFF9E, 0xFF9E, 0xFF9E, 0xFF7E, 0xFFBE, 0xE69A, 0x72B0, 0x496B, 0xDE5A,
    0xFFBE, 0xEEBB, 0x5A2E, 0x498D, 0x498D, 0x498D, 0x30EA, 0x390A, 0x416C, 0x49AD, 0x390B, 0x9C54,
    0xEEDC, 0x3909, 0x8391, 0xFFFF, 0xA472, 0x30AA, 0x71B7, 0x7197, 0x5139, 0x5159, 0x513A, 0x513B,
    0x4113, 0x412F, 0x392C, 0x392B, 0x392A, 0x310A, 0x2087, 0x2087, 0x1866, 0x416B, 0x51AE, 0x28C8,
    0x626B, 0xCCF6, 0xC4D5, 0x6A6D, 0x416B, 0x414C, 0x6A8F, 0xD5D8, 0xF73D, 0xFF9E, 0xFF7E, 0xFF7E,
    0xFF7E, 0xFF7D, 0xFF7E, 0xFF9E, 0xFF9E, 0xFF9E, 0xFF9E, 0xFF9E, 0xFF9E, 0xFF9E, 0xFF9E, 0xFF9E,
    0xFF9E, 0xFF9E, 0xFF9E, 0xFF9E, 0xFF9E, 0xFF9E, 0xFF9E, 0xFF7E, 0x72CF, 0x416B, 0xDE5A, 0xFF9E,
    0xFF7E, 0x72CF, 0x414C, 0x498D, 0x498D, 0x390B, 0x30C9, 0x414C, 0x498D, 0x390B, 0xB4F6, 0xA453,
    0x72EF, 0x9C72, 0xA474, 0x288F, 0x5978, 0x6998, 0x7198, 0x515A, 0x513A, 0x493A, 0x515B, 0x4935,
    0x412F, 0x392E, 0x390B, 0x2066, 0x392A, 0x28E9, 0x28E8, 0x2087, 0x310A, 0x51AE, 0x3109, 0x51A9,
    0xCCF5, 0xC4D4, 0xBC94, 0x51CA, 0x416C, 0x498C, 0xB515, 0xF75D, 0xFF7E, 0xFF9E, 0xFF9E, 0xFF9E,
    0xFF7E, 0xFF7E, 0xFF9E, 0xFF9E, 0xFF9E, 0xFF9E, 0xFF9E, 0xFF9E, 0xFF9E, 0xFF9E, 0xFF9E, 0xFF9E,
    0xFF9E, 0xFF9E, 0xFF9E, 0xFF9E, 0xFF9E, 0xFF7E, 0xFFFF, 0xA473, 0x4129, 0xDE5A, 0xFF7D, 0xFFFF,
    0x9C53, 0x390A, 0x49AD, 0x498D, 0x392B, 0x28C9, 0x414C, 0x498D, 0x496D, 0x8350, 0xD5F8, 0xACB3,
    0x49CB, 0x38F3, 0x513C, 0x515B, 0x595A, 0x617A, 0x493B, 0x493B, 0x491C, 0x493D, 0x4918, 0x4931,
    0x494F, 0x1865, 0x0802, 0x28A8, 0x310A, 0x30E9, 0x28A8, 0x2088, 0x416C, 0x30E9, 0x3928, 0xC4D4,
    0xBCB3, 0xCD15, 0x830E, 0x414B, 0x414C, 0x6AAD, 0xFF9E, 0xFFBF, 0xFF7E, 0xFF9E, 0xFF9E, 0xFF9E,
    0xFF9E, 0xFF9E, 0xFF9E, 0xFF9E, 0xFF9E, 0xFF9E, 0xFF9E, 0xFF9E, 0xFF9E, 0xFF9E, 0xFF7E, 0xFF7E,
    0xFF9E, 0xFF9E, 0xFF7E, 0xFF7E, 0xFF7E, 0xFFFF, 0xC577, 0x498A, 0xF73D, 0xFFFF, 0xFFDE, 0xA473,
    0x30EA, 0x498E, 0x498D, 0x414C, 0x30EA, 0x496D, 0x498D, 0x412C, 0xCDB8, 0xEEBB, 0x498D, 0x38B5,
    0x493D, 0x491C, 0x411C, 0x491C, 0x493C, 0x411C, 0x411C, 0x411A, 0x4119, 0x38F4, 0x5154, 0x492F,
    0x20A6, 0x28AD, 0x30AF, 0x20A7, 0x3109, 0x28C8, 0x28A8, 0x416C, 0x28C9, 0x28A6, 0xAC73, 0xBCB4,
    0xC4D4, 0xAC52, 0x414A, 0x498C, 0x4969, 0x9C11, 0xEF3D, 0xFFFF, 0xFF9E, 0xFF7E, 0xFF9E, 0xFF9E,
    0xFF9E, 0xFF9E, 0xFF9E, 0xFF9E, 0xFF9E, 0xFF9E, 0xFF9E, 0xFF9E, 0xFF9E, 0xFFFF, 0xFFFF, 0xFFDF,
    0xFFBF, 0xFFDF, 0xFFDF, 0xFFBF, 0xFFFF, 0xC577, 0x498A, 0xBCB4, 0xC493, 0xA36F, 0x59C9, 0x414C,
    0x496D, 0x416D, 0x414C, 0x30EB, 0x498D, 0x412C, 0x8B93, 0xD61A, 0x59D2, 0x38D7, 0x4118, 0x491E,
    0x411C, 0x411C, 0x411C, 0x411C, 0x491D, 0x491E, 0x4117, 0x30CD, 0x30CE, 0x5957, 0x410F, 0x28A7,
    0x38F4, 0x4119, 0x2066, 0x28E9, 0x28C8, 0x28A8, 0x414C, 0x28C9, 0x1024, 0x8B70, 0xC4F5, 0xBC93,
    0xCD15, 0x6A6C, 0x4129, 0x51AA, 0xA3F1, 0x938F, 0xC597, 0xFFDF, 0xFFDF, 0xFF7E, 0xFF9E, 0xFF9E,
    0xFF9E, 0xFF9E, 0xFF9E, 0xFF9E, 0xFF9E, 0xFF9E, 0xFF9E, 0xF75D, 0xC597, 0xC597, 0xE69B, 0xEEDB,
    0xEE39, 0xE5B7, 0xD4B4, 0xE453, 0xAB4F, 0x59A9, 0xC32E, 0xCAEE, 0xD30E, 0x924B, 0x310A, 0x416D,
    0x416D, 0x414C, 0x390B, 0x416C, 0x416C, 0x6AAE, 0x28A8, 0x30AD, 0x38F2, 0x4116, 0x491D, 0x411D,
    0x411D, 0x411D, 0x411D, 0x4114, 0x38F5, 0x4115, 0x30CB, 0x28CB, 0x6998, 0x38EF, 0x2087, 0x30CE,
    0x28AC, 0x2087, 0x28E9, 0x28C8, 0x28A9, 0x416C, 0x28C9, 0x0803, 0x4168, 0xC4D4, 0xBCB3, 0xCD15,
    0x9BF1, 0x4149, 0x414A, 0x93B1, 0xD536, 0x9B8F, 0x9BF1, 0xDE9B, 0xFFFF, 0xFFBF, 0xFF7E, 0xFF9E,
    0xFF9E, 0xFF9E, 0xFF9E, 0xFF9E, 0xFF9E, 0xFFBF, 0xEEFC, 0x9432, 0x9C52, 0x8BB0, 0x61E9, 0x79C9,
    0xAA4B, 0xD32F, 0xFC32, 0xAB0E, 0x722A, 0xFCF5, 0xF473, 0xFC12, 0xBB0E, 0x30E8, 0x414D, 0x416C,
    0x414C, 0x392B, 0x416C, 0x496E, 0x40F1, 0x1849, 0x2069, 0x30CF, 0x491C, 0x411D, 0x411D, 0x411D,
    0x411D, 0x411D, 0x30E9, 0x30E9, 0x30EA, 0x30CA, 0x20A8, 0x69B7, 0x38EF, 0x2087, 0x28A7, 0x1866,
    0x1866, 0x28E8, 0x28C8, 0x28C9, 0x394B, 0x2066, 0x1003, 0x1002, 0x8B4F, 0xCD16, 0xC4D4, 0xC4F5,
    0x5A0B, 0x392A, 0x51EC, 0xCD36, 0xCD15, 0xBC73, 0x936F, 0xACB3, 0xEF3C, 0xFFFF, 0xFFBE, 0xFF7E,
    0xFF9E, 0xFF9E, 0xFF9E, 0xFF9E, 0xFF9E, 0xFFBE, 0xFFFF, 0xFFFF, 0xFF9E, 0xEE19, 0xAC32, 0x830E,
    0x7AAD, 0xAB6F, 0x826C, 0x7A4B, 0xDBF1, 0xE3B1, 0xF412, 0xCB6F, 0x30E8, 0x392C, 0x414C, 0x414C,
    0x392C, 0x416C, 0x390C, 0x69BD, 0x5979, 0x28AC, 0x208A, 0x38F5, 0x491E, 0x411C, 0x411D, 0x411D,
    0x411D, 0x38EF, 0x38EF, 0x28A9, 0x1846, 0x1025, 0x5974, 0x38EF, 0x1865, 0x1005, 0x0803, 0x30E7,
    0x3109, 0x28A8, 0x28A9, 0x394A, 0x1844, 0x0802, 0x0802, 0x3927, 0xB494, 0xC4D4, 0xCD36, 0x7B0F,
    0x3909, 0x498B, 0x9BF1, 0xD536, 0xCCF5, 0xD535, 0xAC52, 0x93D0, 0xB515, 0xF73D, 0xFFFF, 0xFF9E,
    0xFF7E, 0xFF9E, 0xFF9E, 0xFF9E, 0xFF9E, 0xFF7E, 0xFF7E, 0xFF9E, 0xFF7E, 0xFEFC, 0xFE9B, 0xF63A,
    0xEDF9, 0x7A8C, 0xB412, 0xC473, 0xBC32, 0xC3F1, 0x8ACD, 0x30E9, 0x412C, 0x394C, 0x414D, 0x414C,
    0x416C, 0x2087, 0x30CD, 0x5172, 0x4112, 0x30D0, 0x288B, 0x491C, 0x491E, 0x411D, 0x411D, 0x411D,
    0x28AE, 0x288C, 0x1845, 0x0801, 0x0802, 0x5170, 0x30AC, 0x0801, 0x3968, 0x830F, 0xBCB4, 0x622C,
    0x28A8, 0x28C9, 0x394B, 0x1024, 0x1022, 0x0000, 0x0802, 0x622B, 0xC4F5, 0xCD15, 0xA433, 0x4149,
    0x7ACF, 0x6A2A, 0xC4D4, 0xCCF5, 0xCCF4, 0xD515, 0xCD15, 0xAC11, 0x938F, 0xB555, 0xF77E, 0xFFFF,
    0xFF9E, 0xFF7E, 0xFF9E, 0xFF9E, 0xFF9E, 0xFF9E, 0xFF9E, 0xFF9E, 0xFF7E, 0xFF1C, 0xFEDC, 0xEE19,
    0x932E, 0xFE9B, 0xFF1C, 0xFF3D, 0xFF9E, 0xB4D5, 0x28A8, 0x414D, 0x392B, 0x416D, 0x412C, 0x414B,
    0x1884, 0x0000, 0x0801, 0x1004, 0x1847, 0x1844, 0x30AF, 0x40F8, 0x411A, 0x493B, 0x493C, 0x0000,
    0x0000, 0x0000, 0x0000, 0x1864, 0x390E, 0x6210, 0xA415, 0xCD19, 0xC4F6, 0xC4D5, 0x8B50, 0x30E9,
    0x310A, 0x392A, 0x20A6, 0x28E6, 0x0001, 0x0801, 0x1863, 0x93B0, 0xCD15, 0xBCB4, 0x4968, 0x8B2F,
    0xB473, 0xBC73, 0xCCF5, 0xCCD4, 0xCCD4, 0xCCF4, 0xD535, 0xCCF5, 0xA3F1, 0x834E, 0xB535, 0xF77D,
    0xFFFF, 0xFF9E, 0xFF7E, 0xFF9E, 0xFF9E, 0xFF9E, 0xFF9E, 0xFF9E, 0xFF7E, 0xFF9E, 0xB4D5, 0xB493,
    0xFEBB, 0xF6BB, 0xF69B, 0xF6BB, 0x9C32, 0x28A8, 0x414C, 0x392B, 0x416C, 0x392B, 0x498C, 0xAC54,
    0x72ED, 0x4169, 0x1864, 0x0000, 0x0000, 0x1003, 0x1865, 0x2088, 0x288A, 0x288C, 0x0822, 0x1864,
    0x3107, 0x20A5, 0x28C8, 0x38EC, 0xA3D4, 0xCD36, 0xBCB3, 0xBCB4, 0xC4D4, 0xAC32, 0x3929, 0x310A,
    0x392A, 0x2066, 0x626C, 0x20C4, 0x0000, 0x0822, 0x3927, 0xB453, 0xBC94, 0x4968, 0x7AEF, 0xD577,
    0xCCF5, 0xCCF5, 0xCCF5, 0xCCF5, 0xCCF5, 0xCCF5, 0xCCF5, 0xDD56, 0xCCB4, 0x9B6F, 0x7B0D, 0xACD4,
    0xF73D, 0xFFFF, 0xFFBF, 0xFF7E, 0xFF9E, 0xFF9E, 0xFF9E, 0xFF9E, 0xFF7E, 0x93F2, 0xF69B, 0xF67A,
    0xF63A, 0xF63A, 0xFF1D, 0x9C33, 0x28C9, 0x394B, 0x392B, 0x416C, 0x392B, 0x6A6E, 0xCD16, 0x934F,
    0xBCB7, 0xBC99, 0x8B74, 0x5A0D, 0x20C5, 0x0822, 0x0802, 0x0802, 0x0802, 0x392A, 0x498B, 0x49AC,
    0x30E9, 0x30E9, 0x30CB, 0x8310, 0xCD15, 0xC4D4, 0xC4D4, 0xC4D4, 0xC4D4, 0x51EB, 0x390A, 0x392A,
    0x1005, 0x832F, 0x626A, 0x0000, 0x0021, 0x1022, 0x4967, 0xA412, 0x4148, 0x82EF, 0xD536, 0xCCD4,
    0xCCF5, 0xCCF5, 0xCCF5, 0xCCF5, 0xCD15, 0xCCF5, 0xCCF5, 0xCCF5, 0xD535, 0xC4B4, 0x9B6F, 0x7AED,
    0xA473, 0xEEFC, 0xFFFF, 0xFFDF, 0xFF7E, 0xFF7E, 0xFFFF, 0xACB3, 0xCDB8, 0xFFDF, 0xFF5D, 0xFF5D,
    0xFF5D, 0xFFBE, 0x93D3, 0x392B, 0x392B, 0x392B, 0x414B, 0x392B, 0xA3F3, 0x9391, 0x9B8F, 0xC4F4,
    0xBCB5, 0xCCF9, 0xCCFB, 0xBC9B, 0x9BB8, 0x6A70, 0x3969, 0x2085, 0x3109, 0x2067, 0x2067, 0x30EA,
    0x392B, 0x496E, 0x622F, 0xCCF4, 0xC4D4, 0xC4D4, 0xC4D4, 0xCD15, 0x7ACF, 0x30E9, 0x392B, 0x2088,
    0x8B70, 0xB472, 0x1062, 0x0000, 0x0000, 0x0001, 0x3928, 0x3108, 0x832F, 0xDD16, 0xC4D4, 0xCCF5,
    0xCCF5, 0xCCF5, 0xCCF5, 0xCCF5, 0xCCF5, 0xCCF5, 0xCCF5, 0xCCD5, 0xD4F5, 0xDD36, 0xC4D4, 0x9B90,
    0x7AED, 0x9411, 0xDE7A, 0xFFDF, 0xFFFF, 0xB515, 0xACD3, 0xFFBF, 0xFF7E, 0xFF9E, 0xFF9E, 0xFFFF,
    0xF75D, 0x7B30, 0x392A, 0x310A, 0x392B, 0x30E9, 0x6A6F, 0xAC35, 0x830F, 0xC4D4, 0xC4D4, 0xC4D4,
    0xC4B3, 0xBCB4, 0xC4D9, 0xCCDE, 0xCCBF, 0xC4BD, 0xBC5B, 0x3929, 0x416A, 0x414B, 0x416C, 0x498C,
    0x5A0F, 0x6A6F, 0xA3F1, 0xCD15, 0xC4D4, 0xC4D4, 0xCD15, 0x9392, 0x30CA, 0x394B, 0x28C8, 0x93B1,
    0xCCD4, 0x8B4F, 0x0821, 0x0000, 0x0001, 0x1864, 0x28A6, 0x72CD, 0xDD56, 0xD535, 0xCCF5, 0xCCD4,
    0xCCD4, 0xCCD4, 0xCCF5, 0xCCF5, 0xCCF5, 0xCCF5, 0xCCF5, 0xCCF5, 0xCCD4, 0xCCD4, 0xD515, 0xCCF5,
    0x9B4F, 0x6A4B, 0x7B4E, 0x9C52, 0xB515, 0xFFFF, 0xFFFF, 0xFFFF, 0xFFFF, 0xFFFF, 0xF77E, 0xACD4,
    0x6A8D, 0x3109, 0x30E9, 0x3109, 0x3909, 0x9BD3, 0x9392, 0xBCB4, 0xC4D4, 0xC4D4, 0xC4D4, 0xC4D4,
    0xC4D4, 0xC4D4, 0xC4D6, 0xBC98, 0xBC7A, 0xC49C, 0xA412, 0x8B72, 0x392C, 0x416C, 0x6A8F, 0x498D,
    0x9393, 0x72AD, 0xC4D4, 0xC4D4, 0xC4D4, 0xCCF5, 0xB474, 0x416B, 0x392B, 0x28C8, 0x9BD2, 0xC493,
    0xC493, 0x6A8B, 0x0000, 0x0001, 0x1042, 0x1063, 0x1042, 0x41A8, 0x9390, 0xC4D4, 0xD536, 0xD536,
    0xD515, 0xCD15, 0xCCF5, 0xCCF5, 0xCCF5, 0xCCD4, 0xC4D4, 0xC4B4, 0xC4D4, 0xC4D4, 0xBC32, 0xB3B0,
    0xA36F, 0x82AC, 0x6A4A, 0x5A09, 0x7B6F, 0xACF5, 0xBD97, 0xB535, 0x9431, 0x7B0E, 0x82EE, 0x72AE,
    0x3109, 0x310A, 0x28C8, 0x6A8D, 0xA412, 0xB493, 0xBCD4, 0xC4D4, 0xC4D4, 0xC4D4, 0xC4D4, 0xC4D4,
    0xC4D4, 0xC4D4, 0xC4D4, 0xBCD6, 0xC4B9, 0xBCD6, 0x392A, 0x392B, 0x418C, 0x8B92, 0x414C, 0x9BF4,
    0x8B50, 0x8B4E, 0xCD36, 0xC4D4, 0xC4D4, 0xC4D4, 0x59EC, 0x392B, 0x30EA, 0x9BB1, 0xC4B4, 0xBC52,
    0xB453, 0x4167, 0x0822, 0x1863, 0x0000, 0x0000, 0x0000, 0x0000, 0x28C4, 0x5A0A, 0x830E, 0x9BD1,
    0xB473, 0xC4F5, 0xCD15, 0xD536, 0xD536, 0xD536, 0xD536, 0xCD15, 0xB452, 0x9B8F, 0x9B4F, 0x82ED,
    0x622B, 0x3928, 0x1846, 0x1007, 0x1826, 0x2067, 0x1824, 0x624B, 0x8B4F, 0x624C, 0x498B, 0x3109,
    0x28C9, 0x49AA, 0xA432, 0xC4F4, 0xC4D4, 0xBCD4, 0xC4D4, 0xC4D4, 0xC4D4, 0xC4D4, 0xC4D4, 0xC4D4,
    0xC4D4, 0xC4D4, 0xC4B4, 0xC4D4, 0x51EB, 0x30E8, 0x72AF, 0x6A8D, 0xA433, 0x49AD, 0x8332, 0xCD37,
    0x7AAD, 0xA3F1, 0xCD35, 0xC4B4, 0xC4F4, 0x624C, 0x414B, 0x390B, 0x9BB1, 0xCCD4, 0xAC11, 0xB432,
    0xBCD6, 0x9BF2, 0x626C, 0x730D, 0x1882, 0x0000, 0x0000, 0x0000, 0x0000, 0x0801, 0x1022, 0x20A4,
    0x3926, 0x4187, 0x51C9, 0x6A8C, 0x72CD, 0x7AEE, 0x622B, 0x51A9, 0x4128, 0x30C7, 0x1866, 0x1026,
    0x1848, 0x2889, 0x28AA, 0x28CA, 0x2088, 0x6A6C, 0xAC53, 0x5A0B, 0x30E8, 0x3109, 0x28C9, 0x3108,
    0xAC12, 0xCCF5, 0xC4D4, 0xC4D4, 0xC4D4, 0xC4D4, 0xC4D4, 0xC4D4, 0xC4D4, 0xC4D4, 0xC4D4, 0xC4D4,
    0xC4D4, 0xC4D4, 0xC4D4, 0x28C7, 0x7B0F, 0xC4F5, 0x7ACD, 0x9BB0, 0x51ED, 0x624F, 0xCD16, 0xBCB4,
    0x7AAC, 0xB432, 0xCD35, 0xC4F5, 0x6A8E, 0x392B, 0x30EA, 0x8B50, 0xC4B3, 0xBCB4, 0xB494, 0x9BD2,
    0x72AE, 0x72AD, 0xFF3E, 0xBD15, 0x1062, 0x0000, 0x0000, 0x0000, 0x0000, 0x0000, 0x0000, 0x0000,
    0x0000, 0x0000, 0x0001, 0x0803, 0x0804, 0x1004, 0x1026, 0x1826, 0x1846, 0x1847, 0x2089, 0x28A9,
    0x2889, 0x28CA, 0x2088, 0x51A9, 0x9B6F, 0x6A4A, 0x30E6, 0x30E9, 0x28C9, 0x30E8, 0xA3F1, 0xCCF4,
    0xC4D4, 0xC4D4, 0xC4D4, 0xC4D4, 0xC4D4, 0xC4D4, 0xC4D4, 0xC4D4, 0xC4D4, 0xC4D4, 0xC4B4, 0xC4B4,
    0xC4D4, 0xC4D4, 0x8350, 0xCD16, 0xCD15, 0xBCB4, 0xBC93, 0x624E, 0x496B, 0xBC94, 0xCD15, 0xC4D4,
    0x7AAC, 0xA3F1, 0xD576, 0x7AF0, 0x392A, 0x394A, 0x622C, 0xB473, 0xB494, 0x9B8F, 0xB432, 0xBC73,
    0x830E, 0x834F, 0xFF1D, 0x838F, 0x0000, 0x0000, 0x0000, 0x0000, 0x0000, 0x0000, 0x0000, 0x0000,
    0x0000, 0x0000, 0x0822, 0x1044, 0x1846, 0x1845, 0x1845, 0x1845, 0x1846, 0x2068, 0x2889, 0x28CA,
    0x2088, 0x4148, 0x9B90, 0x9B6F, 0x6A6C, 0x30E7, 0x28C9, 0x28A8, 0x9390, 0xD535, 0xC4D4, 0xC4D4,
    0xC4D4, 0xC4D4, 0xC4D4, 0xC4D4, 0xC4D4, 0xC4D4, 0xC4D4, 0xC4D4, 0xC4D4, 0xC4D4, 0xC4D4, 0xBCB4,
    0xC4D4, 0xCD16, 0xCCF5, 0xC4F5, 0xC4F5, 0xD536, 0xAC54, 0x412A, 0x9B91, 0xCD15, 0xCD15, 0xC4B4,
    0x8B0D, 0xA3F1, 0x8330, 0x3109, 0x624E, 0x72AD, 0x8B8F, 0xA452, 0xBC73, 0xC493, 0xBC73, 0xCCD4,
    0x9BB0, 0xC536, 0xCDB8, 0x0021, 0x0000, 0x0000, 0x0000, 0x0000, 0x0000, 0x0000, 0x0000, 0x0000,
    0x0000, 0x0001, 0x1023, 0x1845, 0x1845, 0x1845, 0x1845, 0x1846, 0x2088, 0x2068, 0x1867, 0x51CA,
    0xAC11, 0xC4D4, 0x8B4F, 0x30E7, 0x28C9, 0x2087, 0x8B4F, 0xCD35, 0xC4D4, 0xC4D4, 0xC4D4, 0xC4D4,
    0xC4D4, 0xC4D4, 0xC4D4, 0xC4D4, 0xC4D4, 0xC4D4, 0xC4D4, 0xC4D4, 0xC4D4, 0xC4D4, 0xC4D4, 0xC4D4,
    0xC4F5, 0xC4F5, 0xC4F5, 0xC4F4, 0xC4D4, 0xD556, 0x7ACE, 0x4148, 0xC4F5, 0xCD15, 0xC4D4, 0xCD15,
    0xAC11, 0x622B, 0x3929, 0x830F, 0xB452, 0x938F, 0xB453, 0xBC93, 0xC473, 0xBC73, 0xBC73, 0xB432,
    0xBCD5, 0xDDF9, 0x2905, 0x0000, 0x0000, 0x0000, 0x0000, 0x0000, 0x0000, 0x0000, 0x0000, 0x0000,
    0x0000, 0x0801, 0x1023, 0x1845, 0x1866, 0x1846, 0x1005, 0x0804, 0x3108, 0x9390, 0xD556, 0xB472,
    0x626B, 0x28C7, 0x30E9, 0x30E9, 0x8B2F, 0xCD15, 0xC4D4, 0xC4D4, 0xC4D4, 0xC4D4, 0xC4D4, 0xC4D4,
    0xC4D4, 0xC4D4, 0xC4D4, 0xC4D4, 0xC4D4, 0xC4D4, 0xC4D4, 0xC4D4, 0xC4D4, 0xC4D4, 0xC4D4, 0xC4D4,
    0xC4F4, 0xCCF5, 0xC4F4, 0xCCF5, 0xCCF5, 0xC4F5, 0x622A, 0x7AAC, 0xAC32, 0xAC11, 0xC4D4, 0xD556,
    0x8B4F, 0x3908, 0xA3F2, 0xC4B3, 0xAC12, 0xB4B4, 0xBC73, 0xC493, 0xBC73, 0xC493, 0xB432, 0xBCB5,
    0xCD77, 0x9BF1, 0x9BF1, 0x41C8, 0x0862, 0x0000, 0x0000, 0x0000, 0x0000, 0x0000, 0x0000, 0x0000,
    0x0000, 0x0000, 0x0002, 0x0002, 0x0802, 0x3927, 0x834E, 0xC4D4, 0xBC93, 0x8B0D, 0x728C, 0x3108,
    0x2087, 0x28C8, 0x8B70, 0xCD15, 0xC4D4, 0xC4D4, 0xC4D4, 0xC4D4, 0xC4D4, 0xC4D4, 0xC4D4, 0xC4D4,
    0xC4D4, 0xC4D4, 0xC4D4, 0xC4D4, 0xC4D4, 0xC4D4, 0xC4D4, 0xC4D4, 0xC4D4, 0xC4D4, 0xEE3A, 0xD556,
    0xC4D4, 0xCCF5, 0xCCF5, 0xC4F5, 0xCCF5, 0xCD15, 0xA3D0, 0x7A8C, 0xABF1, 0xC4F4, 0xCD36, 0x6A6B,
    0x51AA, 0xC4D5, 0xC4B4, 0x9BD1, 0xCD78, 0xAC32, 0xBC93, 0xC493, 0xC4B3, 0xB432, 0xBCB5, 0xC4F6,
    0xB452, 0xDD56, 0xD536, 0xBCD4, 0x93AF, 0x628B, 0x41C7, 0x3125, 0x18A3, 0x1082, 0x1062, 0x20C4,
    0x3966, 0x520A, 0x7B0E, 0x9BF0, 0xABF1, 0xB432, 0x9B6F, 0x8B4F, 0x936F, 0x6A6C, 0x30C7, 0x51CB,
    0xA3F2, 0xBCB4, 0xC4B4, 0xC4D4, 0xC4D4, 0xC4D4, 0xC4D4, 0xC4D4, 0xC4D4, 0xC4D4, 0xC4D4, 0xC4D4,
    0xC4D4, 0xC4D4, 0xC4D4, 0xC4D4, 0xC4D4, 0xC4D4, 0xC4D4, 0xC4D4, 0xC4D4, 0xFF9E, 0xFF5D, 0xDDB8,
    0xC4D4, 0xC4F4, 0xC4F5, 0xC4F4, 0xC4F4, 0xCD35, 0xCD15, 0xC4D4, 0xC4F5, 0xCD36, 0x49A9, 0x830E,
    0xCD15, 0xCCF5, 0x9BB0, 0xB4D5, 0xBCF6, 0x9370, 0xBCB4, 0xB452, 0xA412, 0xD598, 0xB4B5, 0xBC73,
    0xCCF4, 0xCCF4, 0xD536, 0xDD76, 0xDD77, 0xDD97, 0xD556, 0xC515, 0xBCD4, 0xBCD4, 0xCD15, 0xD576,
    0xDD97, 0xDD97, 0xDD56, 0xCD14, 0xC493, 0xBC93, 0x93B0, 0x51A9, 0x2886, 0x622C, 0xBC94, 0xC4F4,
    0xBCB4, 0xC4D4, 0xC4D4, 0xC4D4, 0xC4D4, 0xC4D4, 0xC4D4, 0xC4D4, 0xC4D4, 0xC4D4, 0xC4D4, 0xC4D4,
    0xC4D4, 0xC4D4, 0xC4D4, 0xC4D4, 0xC4D4, 0xC4D4, 0xC4D4, 0xC4D4,
};

// Mảng chứa con trỏ tới tất cả các ảnh để duyệt vòng lặp for
const uint16_t* const all_images[TOTAL_IMAGES] PROGMEM = {
    reze_frame_001,
    reze_frame_002,
    reze_frame_003,
    reze_frame_004,
    reze_frame_005,
    reze_frame_006,
};

#endif // IMAGE_DATA_H
