ISO-10303-21;
HEADER;
/* Generated by software containing ST-Developer
 * from STEP Tools, Inc. (www.steptools.com) 
 */

FILE_DESCRIPTION(
/* description */ (''),
/* implementation_level */ '2;1');

FILE_NAME(
/* name */ 'upper_enclosure.step',
/* time_stamp */ '2026-08-11T15:44:13+07:00',
/* author */ (''),
/* organization */ (''),
/* preprocessor_version */ 'ST-DEVELOPER v20.1',
/* originating_system */ 'Autodesk Translation Framework v15.8.0.0',
/* authorisation */ '');

FILE_SCHEMA (('AUTOMOTIVE_DESIGN { 1 0 10303 214 3 1 1 }'));
ENDSEC;

DATA;
#10=MECHANICAL_DESIGN_GEOMETRIC_PRESENTATION_REPRESENTATION('',(#13),#6776);
#11=SHAPE_REPRESENTATION_RELATIONSHIP('SRR','None',#6783,#12);
#12=ADVANCED_BREP_SHAPE_REPRESENTATION('',(#14),#6775);
#13=STYLED_ITEM('',(#6792),#14);
#14=MANIFOLD_SOLID_BREP('Body1',#4164);
#15=FACE_BOUND('',#410,.T.);
#16=FACE_BOUND('',#411,.T.);
#17=FACE_BOUND('',#412,.T.);
#18=FACE_BOUND('',#413,.T.);
#19=FACE_BOUND('',#414,.T.);
#20=FACE_BOUND('',#415,.T.);
#21=FACE_BOUND('',#416,.T.);
#22=FACE_BOUND('',#417,.T.);
#23=FACE_BOUND('',#418,.T.);
#24=FACE_BOUND('',#421,.T.);
#25=FACE_BOUND('',#422,.T.);
#26=FACE_BOUND('',#437,.T.);
#27=FACE_BOUND('',#438,.T.);
#28=FACE_BOUND('',#439,.T.);
#29=FACE_BOUND('',#440,.T.);
#30=FACE_BOUND('',#441,.T.);
#31=FACE_BOUND('',#583,.T.);
#32=FACE_BOUND('',#587,.T.);
#33=FACE_BOUND('',#590,.T.);
#34=FACE_BOUND('',#597,.T.);
#35=FACE_BOUND('',#600,.T.);
#36=CYLINDRICAL_SURFACE('',#4207,4.49765933029088);
#37=CYLINDRICAL_SURFACE('',#4209,18.3469450861036);
#38=CYLINDRICAL_SURFACE('',#4212,13.2929085920483);
#39=CYLINDRICAL_SURFACE('',#4214,5.76892310289089);
#40=CYLINDRICAL_SURFACE('',#4274,5.49999999999999);
#41=CYLINDRICAL_SURFACE('',#4285,13.1);
#42=CYLINDRICAL_SURFACE('',#4293,0.575000000000004);
#43=CYLINDRICAL_SURFACE('',#4296,1.39999999999999);
#44=CYLINDRICAL_SURFACE('',#4298,1.39999999999999);
#45=CYLINDRICAL_SURFACE('',#4300,1.4);
#46=CYLINDRICAL_SURFACE('',#4301,1.4);
#47=CYLINDRICAL_SURFACE('',#4308,0.575000000000001);
#48=CYLINDRICAL_SURFACE('',#4311,0.575000000000001);
#49=CYLINDRICAL_SURFACE('',#4314,0.575000000000001);
#50=CYLINDRICAL_SURFACE('',#4318,1.19999999999999);
#51=CYLINDRICAL_SURFACE('',#4321,1.19999999999998);
#52=CYLINDRICAL_SURFACE('',#4325,1.19999999999998);
#53=CYLINDRICAL_SURFACE('',#4328,1.19999999999999);
#54=CYLINDRICAL_SURFACE('',#4343,3.5);
#55=CYLINDRICAL_SURFACE('',#4355,1.59071351281316);
#56=CYLINDRICAL_SURFACE('',#4357,1.59071351281316);
#57=CYLINDRICAL_SURFACE('',#4360,1.59071351281316);
#58=CYLINDRICAL_SURFACE('',#4363,1.59071351281316);
#59=CYLINDRICAL_SURFACE('',#4403,0.750000000000002);
#60=CYLINDRICAL_SURFACE('',#4404,0.750000000000002);
#61=CYLINDRICAL_SURFACE('',#4416,11.4);
#62=CYLINDRICAL_SURFACE('',#4417,3.79999999999999);
#63=CYLINDRICAL_SURFACE('',#4419,3.79999999999999);
#64=CYLINDRICAL_SURFACE('',#4421,11.4);
#65=CYLINDRICAL_SURFACE('',#4422,1.5);
#66=CYLINDRICAL_SURFACE('',#4425,1.5);
#67=CYLINDRICAL_SURFACE('',#4427,1.5);
#68=CYLINDRICAL_SURFACE('',#4429,1.5);
#69=CYLINDRICAL_SURFACE('',#4447,2.5);
#70=CYLINDRICAL_SURFACE('',#4450,2.5);
#71=CYLINDRICAL_SURFACE('',#4457,2.5);
#72=CYLINDRICAL_SURFACE('',#4460,2.5);
#73=CYLINDRICAL_SURFACE('',#4463,2.5);
#74=CYLINDRICAL_SURFACE('',#4472,13.1);
#75=CYLINDRICAL_SURFACE('',#4473,5.49999999999999);
#76=B_SPLINE_CURVE_WITH_KNOTS('',3,(#5643,#5644,#5645,#5646),
 .UNSPECIFIED.,.F.,.F.,(4,4),(-0.169060895541538,0.),.UNSPECIFIED.);
#77=B_SPLINE_CURVE_WITH_KNOTS('',3,(#5658,#5659,#5660,#5661),
 .UNSPECIFIED.,.F.,.F.,(4,4),(-0.169705683877504,0.),.UNSPECIFIED.);
#78=CONICAL_SURFACE('',#4188,6.36892310289089,0.785398163397448);
#79=CONICAL_SURFACE('',#4191,13.8929085920483,0.785398163397448);
#80=CONICAL_SURFACE('',#4195,18.9469450861036,0.785398163397451);
#81=CONICAL_SURFACE('',#4198,5.09765933029088,0.78539816339745);
#82=CONICAL_SURFACE('',#4263,12.1,0.785398163397448);
#83=CONICAL_SURFACE('',#4266,4.49999999999999,0.785398163397449);
#84=CONICAL_SURFACE('',#4269,4.49999999999999,0.785398163397447);
#85=CONICAL_SURFACE('',#4272,12.1,0.785398163397448);
#86=CIRCLE('',#4180,1.39999999999999);
#87=CIRCLE('',#4181,1.4);
#88=CIRCLE('',#4182,1.39999999999999);
#89=CIRCLE('',#4183,1.4);
#90=CIRCLE('',#4189,6.96892310289089);
#91=CIRCLE('',#4190,5.76892310289089);
#92=CIRCLE('',#4192,13.2929085920483);
#93=CIRCLE('',#4193,14.4929085920483);
#94=CIRCLE('',#4196,18.3469450861036);
#95=CIRCLE('',#4197,19.5469450861036);
#96=CIRCLE('',#4199,5.69765933029088);
#97=CIRCLE('',#4200,4.49765933029088);
#98=CIRCLE('',#4208,4.49765933029088);
#99=CIRCLE('',#4210,18.3469450861036);
#100=CIRCLE('',#4213,13.2929085920483);
#101=CIRCLE('',#4215,5.76892310289089);
#102=CIRCLE('',#4222,11.1);
#103=CIRCLE('',#4223,3.49999999999999);
#104=CIRCLE('',#4224,3.49999999999999);
#105=CIRCLE('',#4225,11.1);
#106=CIRCLE('',#4226,2.5);
#107=CIRCLE('',#4227,2.5);
#108=CIRCLE('',#4228,2.5);
#109=CIRCLE('',#4229,2.5);
#110=CIRCLE('',#4230,0.750000000000002);
#111=CIRCLE('',#4231,0.750000000000002);
#112=CIRCLE('',#4234,0.750000000000002);
#113=CIRCLE('',#4235,0.750000000000002);
#114=CIRCLE('',#4244,1.4);
#115=CIRCLE('',#4245,1.39999999999999);
#116=CIRCLE('',#4246,1.4);
#117=CIRCLE('',#4247,1.39999999999999);
#118=CIRCLE('',#4254,11.4);
#119=CIRCLE('',#4255,11.4);
#120=CIRCLE('',#4256,3.79999999999999);
#121=CIRCLE('',#4257,3.79999999999999);
#122=CIRCLE('',#4258,2.5);
#123=CIRCLE('',#4259,1.5);
#124=CIRCLE('',#4260,1.5);
#125=CIRCLE('',#4261,1.5);
#126=CIRCLE('',#4264,13.1);
#127=CIRCLE('',#4267,5.49999999999999);
#128=CIRCLE('',#4270,5.49999999999999);
#129=CIRCLE('',#4273,13.1);
#130=CIRCLE('',#4275,5.49999999999999);
#131=CIRCLE('',#4277,1.19999999999999);
#132=CIRCLE('',#4278,1.19999999999998);
#133=CIRCLE('',#4279,1.19999999999999);
#134=CIRCLE('',#4280,1.19999999999998);
#135=CIRCLE('',#4281,0.575000000000001);
#136=CIRCLE('',#4282,0.575000000000004);
#137=CIRCLE('',#4283,0.575000000000001);
#138=CIRCLE('',#4284,0.575000000000001);
#139=CIRCLE('',#4286,13.1);
#140=CIRCLE('',#4288,1.59071351281316);
#141=CIRCLE('',#4289,1.59071351281316);
#142=CIRCLE('',#4290,1.59071351281316);
#143=CIRCLE('',#4291,1.59071351281316);
#144=CIRCLE('',#4292,3.5);
#145=CIRCLE('',#4294,0.575000000000004);
#146=CIRCLE('',#4303,11.4);
#147=CIRCLE('',#4304,13.1);
#148=CIRCLE('',#4306,5.49999999999999);
#149=CIRCLE('',#4307,3.79999999999999);
#150=CIRCLE('',#4309,0.575000000000001);
#151=CIRCLE('',#4312,0.575000000000001);
#152=CIRCLE('',#4315,0.575000000000001);
#153=CIRCLE('',#4319,1.19999999999999);
#154=CIRCLE('',#4322,1.19999999999998);
#155=CIRCLE('',#4326,1.19999999999998);
#156=CIRCLE('',#4329,1.19999999999999);
#157=CIRCLE('',#4332,11.4);
#158=CIRCLE('',#4335,3.79999999999999);
#159=CIRCLE('',#4344,3.5);
#160=CIRCLE('',#4356,1.59071351281316);
#161=CIRCLE('',#4358,1.59071351281316);
#162=CIRCLE('',#4361,1.59071351281316);
#163=CIRCLE('',#4364,1.59071351281316);
#164=CIRCLE('',#4423,1.5);
#165=CIRCLE('',#4424,1.5);
#166=CIRCLE('',#4426,1.5);
#167=CIRCLE('',#4428,1.5);
#168=CIRCLE('',#4430,1.5);
#169=CIRCLE('',#4448,2.5);
#170=CIRCLE('',#4451,2.5);
#171=CIRCLE('',#4458,2.5);
#172=CIRCLE('',#4461,2.5);
#173=CIRCLE('',#4464,2.5);
#174=FACE_OUTER_BOUND('',#382,.T.);
#175=FACE_OUTER_BOUND('',#383,.T.);
#176=FACE_OUTER_BOUND('',#384,.T.);
#177=FACE_OUTER_BOUND('',#385,.T.);
#178=FACE_OUTER_BOUND('',#386,.T.);
#179=FACE_OUTER_BOUND('',#387,.T.);
#180=FACE_OUTER_BOUND('',#388,.T.);
#181=FACE_OUTER_BOUND('',#389,.T.);
#182=FACE_OUTER_BOUND('',#390,.T.);
#183=FACE_OUTER_BOUND('',#391,.T.);
#184=FACE_OUTER_BOUND('',#392,.T.);
#185=FACE_OUTER_BOUND('',#393,.T.);
#186=FACE_OUTER_BOUND('',#394,.T.);
#187=FACE_OUTER_BOUND('',#395,.T.);
#188=FACE_OUTER_BOUND('',#396,.T.);
#189=FACE_OUTER_BOUND('',#397,.T.);
#190=FACE_OUTER_BOUND('',#398,.T.);
#191=FACE_OUTER_BOUND('',#399,.T.);
#192=FACE_OUTER_BOUND('',#400,.T.);
#193=FACE_OUTER_BOUND('',#401,.T.);
#194=FACE_OUTER_BOUND('',#402,.T.);
#195=FACE_OUTER_BOUND('',#403,.T.);
#196=FACE_OUTER_BOUND('',#404,.T.);
#197=FACE_OUTER_BOUND('',#405,.T.);
#198=FACE_OUTER_BOUND('',#406,.T.);
#199=FACE_OUTER_BOUND('',#407,.T.);
#200=FACE_OUTER_BOUND('',#408,.T.);
#201=FACE_OUTER_BOUND('',#409,.T.);
#202=FACE_OUTER_BOUND('',#419,.T.);
#203=FACE_OUTER_BOUND('',#420,.T.);
#204=FACE_OUTER_BOUND('',#423,.T.);
#205=FACE_OUTER_BOUND('',#424,.T.);
#206=FACE_OUTER_BOUND('',#425,.T.);
#207=FACE_OUTER_BOUND('',#426,.T.);
#208=FACE_OUTER_BOUND('',#427,.T.);
#209=FACE_OUTER_BOUND('',#428,.T.);
#210=FACE_OUTER_BOUND('',#429,.T.);
#211=FACE_OUTER_BOUND('',#430,.T.);
#212=FACE_OUTER_BOUND('',#431,.T.);
#213=FACE_OUTER_BOUND('',#432,.T.);
#214=FACE_OUTER_BOUND('',#433,.T.);
#215=FACE_OUTER_BOUND('',#434,.T.);
#216=FACE_OUTER_BOUND('',#435,.T.);
#217=FACE_OUTER_BOUND('',#436,.T.);
#218=FACE_OUTER_BOUND('',#442,.T.);
#219=FACE_OUTER_BOUND('',#443,.T.);
#220=FACE_OUTER_BOUND('',#444,.T.);
#221=FACE_OUTER_BOUND('',#445,.T.);
#222=FACE_OUTER_BOUND('',#446,.T.);
#223=FACE_OUTER_BOUND('',#447,.T.);
#224=FACE_OUTER_BOUND('',#448,.T.);
#225=FACE_OUTER_BOUND('',#449,.T.);
#226=FACE_OUTER_BOUND('',#450,.T.);
#227=FACE_OUTER_BOUND('',#451,.T.);
#228=FACE_OUTER_BOUND('',#452,.T.);
#229=FACE_OUTER_BOUND('',#453,.T.);
#230=FACE_OUTER_BOUND('',#454,.T.);
#231=FACE_OUTER_BOUND('',#455,.T.);
#232=FACE_OUTER_BOUND('',#456,.T.);
#233=FACE_OUTER_BOUND('',#457,.T.);
#234=FACE_OUTER_BOUND('',#458,.T.);
#235=FACE_OUTER_BOUND('',#459,.T.);
#236=FACE_OUTER_BOUND('',#460,.T.);
#237=FACE_OUTER_BOUND('',#461,.T.);
#238=FACE_OUTER_BOUND('',#462,.T.);
#239=FACE_OUTER_BOUND('',#463,.T.);
#240=FACE_OUTER_BOUND('',#464,.T.);
#241=FACE_OUTER_BOUND('',#465,.T.);
#242=FACE_OUTER_BOUND('',#466,.T.);
#243=FACE_OUTER_BOUND('',#467,.T.);
#244=FACE_OUTER_BOUND('',#468,.T.);
#245=FACE_OUTER_BOUND('',#469,.T.);
#246=FACE_OUTER_BOUND('',#470,.T.);
#247=FACE_OUTER_BOUND('',#471,.T.);
#248=FACE_OUTER_BOUND('',#472,.T.);
#249=FACE_OUTER_BOUND('',#473,.T.);
#250=FACE_OUTER_BOUND('',#474,.T.);
#251=FACE_OUTER_BOUND('',#475,.T.);
#252=FACE_OUTER_BOUND('',#476,.T.);
#253=FACE_OUTER_BOUND('',#477,.T.);
#254=FACE_OUTER_BOUND('',#478,.T.);
#255=FACE_OUTER_BOUND('',#479,.T.);
#256=FACE_OUTER_BOUND('',#480,.T.);
#257=FACE_OUTER_BOUND('',#481,.T.);
#258=FACE_OUTER_BOUND('',#482,.T.);
#259=FACE_OUTER_BOUND('',#483,.T.);
#260=FACE_OUTER_BOUND('',#484,.T.);
#261=FACE_OUTER_BOUND('',#485,.T.);
#262=FACE_OUTER_BOUND('',#486,.T.);
#263=FACE_OUTER_BOUND('',#487,.T.);
#264=FACE_OUTER_BOUND('',#488,.T.);
#265=FACE_OUTER_BOUND('',#489,.T.);
#266=FACE_OUTER_BOUND('',#490,.T.);
#267=FACE_OUTER_BOUND('',#491,.T.);
#268=FACE_OUTER_BOUND('',#492,.T.);
#269=FACE_OUTER_BOUND('',#493,.T.);
#270=FACE_OUTER_BOUND('',#494,.T.);
#271=FACE_OUTER_BOUND('',#495,.T.);
#272=FACE_OUTER_BOUND('',#496,.T.);
#273=FACE_OUTER_BOUND('',#497,.T.);
#274=FACE_OUTER_BOUND('',#498,.T.);
#275=FACE_OUTER_BOUND('',#499,.T.);
#276=FACE_OUTER_BOUND('',#500,.T.);
#277=FACE_OUTER_BOUND('',#501,.T.);
#278=FACE_OUTER_BOUND('',#502,.T.);
#279=FACE_OUTER_BOUND('',#503,.T.);
#280=FACE_OUTER_BOUND('',#504,.T.);
#281=FACE_OUTER_BOUND('',#505,.T.);
#282=FACE_OUTER_BOUND('',#506,.T.);
#283=FACE_OUTER_BOUND('',#507,.T.);
#284=FACE_OUTER_BOUND('',#508,.T.);
#285=FACE_OUTER_BOUND('',#509,.T.);
#286=FACE_OUTER_BOUND('',#510,.T.);
#287=FACE_OUTER_BOUND('',#511,.T.);
#288=FACE_OUTER_BOUND('',#512,.T.);
#289=FACE_OUTER_BOUND('',#513,.T.);
#290=FACE_OUTER_BOUND('',#514,.T.);
#291=FACE_OUTER_BOUND('',#515,.T.);
#292=FACE_OUTER_BOUND('',#516,.T.);
#293=FACE_OUTER_BOUND('',#517,.T.);
#294=FACE_OUTER_BOUND('',#518,.T.);
#295=FACE_OUTER_BOUND('',#519,.T.);
#296=FACE_OUTER_BOUND('',#520,.T.);
#297=FACE_OUTER_BOUND('',#521,.T.);
#298=FACE_OUTER_BOUND('',#522,.T.);
#299=FACE_OUTER_BOUND('',#523,.T.);
#300=FACE_OUTER_BOUND('',#524,.T.);
#301=FACE_OUTER_BOUND('',#525,.T.);
#302=FACE_OUTER_BOUND('',#526,.T.);
#303=FACE_OUTER_BOUND('',#527,.T.);
#304=FACE_OUTER_BOUND('',#528,.T.);
#305=FACE_OUTER_BOUND('',#529,.T.);
#306=FACE_OUTER_BOUND('',#530,.T.);
#307=FACE_OUTER_BOUND('',#531,.T.);
#308=FACE_OUTER_BOUND('',#532,.T.);
#309=FACE_OUTER_BOUND('',#533,.T.);
#310=FACE_OUTER_BOUND('',#534,.T.);
#311=FACE_OUTER_BOUND('',#535,.T.);
#312=FACE_OUTER_BOUND('',#536,.T.);
#313=FACE_OUTER_BOUND('',#537,.T.);
#314=FACE_OUTER_BOUND('',#538,.T.);
#315=FACE_OUTER_BOUND('',#539,.T.);
#316=FACE_OUTER_BOUND('',#540,.T.);
#317=FACE_OUTER_BOUND('',#541,.T.);
#318=FACE_OUTER_BOUND('',#542,.T.);
#319=FACE_OUTER_BOUND('',#543,.T.);
#320=FACE_OUTER_BOUND('',#544,.T.);
#321=FACE_OUTER_BOUND('',#545,.T.);
#322=FACE_OUTER_BOUND('',#546,.T.);
#323=FACE_OUTER_BOUND('',#547,.T.);
#324=FACE_OUTER_BOUND('',#548,.T.);
#325=FACE_OUTER_BOUND('',#549,.T.);
#326=FACE_OUTER_BOUND('',#550,.T.);
#327=FACE_OUTER_BOUND('',#551,.T.);
#328=FACE_OUTER_BOUND('',#552,.T.);
#329=FACE_OUTER_BOUND('',#553,.T.);
#330=FACE_OUTER_BOUND('',#554,.T.);
#331=FACE_OUTER_BOUND('',#555,.T.);
#332=FACE_OUTER_BOUND('',#556,.T.);
#333=FACE_OUTER_BOUND('',#557,.T.);
#334=FACE_OUTER_BOUND('',#558,.T.);
#335=FACE_OUTER_BOUND('',#559,.T.);
#336=FACE_OUTER_BOUND('',#560,.T.);
#337=FACE_OUTER_BOUND('',#561,.T.);
#338=FACE_OUTER_BOUND('',#562,.T.);
#339=FACE_OUTER_BOUND('',#563,.T.);
#340=FACE_OUTER_BOUND('',#564,.T.);
#341=FACE_OUTER_BOUND('',#565,.T.);
#342=FACE_OUTER_BOUND('',#566,.T.);
#343=FACE_OUTER_BOUND('',#567,.T.);
#344=FACE_OUTER_BOUND('',#568,.T.);
#345=FACE_OUTER_BOUND('',#569,.T.);
#346=FACE_OUTER_BOUND('',#570,.T.);
#347=FACE_OUTER_BOUND('',#571,.T.);
#348=FACE_OUTER_BOUND('',#572,.T.);
#349=FACE_OUTER_BOUND('',#573,.T.);
#350=FACE_OUTER_BOUND('',#574,.T.);
#351=FACE_OUTER_BOUND('',#575,.T.);
#352=FACE_OUTER_BOUND('',#576,.T.);
#353=FACE_OUTER_BOUND('',#577,.T.);
#354=FACE_OUTER_BOUND('',#578,.T.);
#355=FACE_OUTER_BOUND('',#579,.T.);
#356=FACE_OUTER_BOUND('',#580,.T.);
#357=FACE_OUTER_BOUND('',#581,.T.);
#358=FACE_OUTER_BOUND('',#582,.T.);
#359=FACE_OUTER_BOUND('',#584,.T.);
#360=FACE_OUTER_BOUND('',#585,.T.);
#361=FACE_OUTER_BOUND('',#586,.T.);
#362=FACE_OUTER_BOUND('',#588,.T.);
#363=FACE_OUTER_BOUND('',#589,.T.);
#364=FACE_OUTER_BOUND('',#591,.T.);
#365=FACE_OUTER_BOUND('',#592,.T.);
#366=FACE_OUTER_BOUND('',#593,.T.);
#367=FACE_OUTER_BOUND('',#594,.T.);
#368=FACE_OUTER_BOUND('',#595,.T.);
#369=FACE_OUTER_BOUND('',#596,.T.);
#370=FACE_OUTER_BOUND('',#598,.T.);
#371=FACE_OUTER_BOUND('',#599,.T.);
#372=FACE_OUTER_BOUND('',#601,.T.);
#373=FACE_OUTER_BOUND('',#602,.T.);
#374=FACE_OUTER_BOUND('',#603,.T.);
#375=FACE_OUTER_BOUND('',#604,.T.);
#376=FACE_OUTER_BOUND('',#605,.T.);
#377=FACE_OUTER_BOUND('',#606,.T.);
#378=FACE_OUTER_BOUND('',#607,.T.);
#379=FACE_OUTER_BOUND('',#608,.T.);
#380=FACE_OUTER_BOUND('',#609,.T.);
#381=FACE_OUTER_BOUND('',#610,.T.);
#382=EDGE_LOOP('',(#2606,#2607,#2608,#2609));
#383=EDGE_LOOP('',(#2610,#2611,#2612,#2613,#2614,#2615,#2616,#2617,#2618,
#2619,#2620,#2621,#2622,#2623,#2624,#2625));
#384=EDGE_LOOP('',(#2626,#2627,#2628,#2629));
#385=EDGE_LOOP('',(#2630,#2631,#2632,#2633));
#386=EDGE_LOOP('',(#2634,#2635,#2636,#2637));
#387=EDGE_LOOP('',(#2638,#2639,#2640,#2641));
#388=EDGE_LOOP('',(#2642,#2643,#2644,#2645));
#389=EDGE_LOOP('',(#2646,#2647,#2648,#2649));
#390=EDGE_LOOP('',(#2650,#2651,#2652,#2653));
#391=EDGE_LOOP('',(#2654,#2655,#2656,#2657));
#392=EDGE_LOOP('',(#2658,#2659,#2660,#2661));
#393=EDGE_LOOP('',(#2662,#2663,#2664,#2665));
#394=EDGE_LOOP('',(#2666,#2667,#2668,#2669));
#395=EDGE_LOOP('',(#2670,#2671,#2672,#2673));
#396=EDGE_LOOP('',(#2674,#2675,#2676,#2677,#2678,#2679,#2680,#2681));
#397=EDGE_LOOP('',(#2682,#2683,#2684,#2685));
#398=EDGE_LOOP('',(#2686,#2687,#2688,#2689));
#399=EDGE_LOOP('',(#2690,#2691,#2692,#2693));
#400=EDGE_LOOP('',(#2694,#2695,#2696,#2697));
#401=EDGE_LOOP('',(#2698,#2699,#2700,#2701));
#402=EDGE_LOOP('',(#2702,#2703,#2704,#2705));
#403=EDGE_LOOP('',(#2706,#2707,#2708,#2709));
#404=EDGE_LOOP('',(#2710,#2711,#2712,#2713));
#405=EDGE_LOOP('',(#2714,#2715,#2716,#2717));
#406=EDGE_LOOP('',(#2718,#2719,#2720,#2721));
#407=EDGE_LOOP('',(#2722,#2723,#2724,#2725));
#408=EDGE_LOOP('',(#2726,#2727,#2728,#2729));
#409=EDGE_LOOP('',(#2730,#2731,#2732,#2733,#2734,#2735,#2736,#2737));
#410=EDGE_LOOP('',(#2738,#2739,#2740,#2741,#2742,#2743,#2744,#2745,#2746,
#2747,#2748,#2749,#2750,#2751,#2752));
#411=EDGE_LOOP('',(#2753,#2754,#2755,#2756));
#412=EDGE_LOOP('',(#2757,#2758,#2759,#2760));
#413=EDGE_LOOP('',(#2761));
#414=EDGE_LOOP('',(#2762));
#415=EDGE_LOOP('',(#2763));
#416=EDGE_LOOP('',(#2764));
#417=EDGE_LOOP('',(#2765));
#418=EDGE_LOOP('',(#2766));
#419=EDGE_LOOP('',(#2767,#2768,#2769,#2770));
#420=EDGE_LOOP('',(#2771,#2772,#2773,#2774,#2775,#2776,#2777,#2778,#2779,
#2780,#2781,#2782,#2783,#2784,#2785,#2786,#2787,#2788,#2789));
#421=EDGE_LOOP('',(#2790));
#422=EDGE_LOOP('',(#2791));
#423=EDGE_LOOP('',(#2792,#2793,#2794,#2795));
#424=EDGE_LOOP('',(#2796,#2797,#2798,#2799));
#425=EDGE_LOOP('',(#2800,#2801,#2802,#2803));
#426=EDGE_LOOP('',(#2804,#2805,#2806,#2807,#2808,#2809,#2810,#2811));
#427=EDGE_LOOP('',(#2812,#2813,#2814,#2815));
#428=EDGE_LOOP('',(#2816,#2817,#2818,#2819));
#429=EDGE_LOOP('',(#2820,#2821,#2822,#2823));
#430=EDGE_LOOP('',(#2824,#2825,#2826,#2827,#2828,#2829,#2830,#2831,#2832,
#2833,#2834,#2835,#2836,#2837,#2838,#2839));
#431=EDGE_LOOP('',(#2840,#2841,#2842,#2843));
#432=EDGE_LOOP('',(#2844,#2845,#2846,#2847));
#433=EDGE_LOOP('',(#2848,#2849,#2850,#2851));
#434=EDGE_LOOP('',(#2852,#2853,#2854,#2855));
#435=EDGE_LOOP('',(#2856,#2857,#2858,#2859));
#436=EDGE_LOOP('',(#2860,#2861,#2862,#2863,#2864,#2865,#2866,#2867,#2868,
#2869,#2870,#2871,#2872,#2873,#2874,#2875,#2876,#2877,#2878,#2879));
#437=EDGE_LOOP('',(#2880,#2881,#2882,#2883,#2884,#2885,#2886,#2887,#2888,
#2889,#2890,#2891,#2892,#2893,#2894,#2895,#2896,#2897,#2898,#2899,#2900,
#2901));
#438=EDGE_LOOP('',(#2902,#2903,#2904,#2905,#2906,#2907,#2908,#2909,#2910,
#2911,#2912,#2913,#2914,#2915,#2916,#2917,#2918,#2919,#2920,#2921,#2922,
#2923,#2924,#2925));
#439=EDGE_LOOP('',(#2926));
#440=EDGE_LOOP('',(#2927));
#441=EDGE_LOOP('',(#2928));
#442=EDGE_LOOP('',(#2929,#2930,#2931,#2932));
#443=EDGE_LOOP('',(#2933,#2934,#2935,#2936));
#444=EDGE_LOOP('',(#2937,#2938,#2939,#2940));
#445=EDGE_LOOP('',(#2941,#2942,#2943,#2944));
#446=EDGE_LOOP('',(#2945,#2946,#2947,#2948));
#447=EDGE_LOOP('',(#2949,#2950,#2951,#2952));
#448=EDGE_LOOP('',(#2953,#2954,#2955,#2956));
#449=EDGE_LOOP('',(#2957,#2958,#2959,#2960));
#450=EDGE_LOOP('',(#2961,#2962,#2963,#2964));
#451=EDGE_LOOP('',(#2965,#2966,#2967,#2968,#2969,#2970,#2971,#2972,#2973,
#2974,#2975,#2976,#2977,#2978,#2979,#2980,#2981,#2982,#2983,#2984,#2985,
#2986,#2987,#2988));
#452=EDGE_LOOP('',(#2989,#2990,#2991,#2992));
#453=EDGE_LOOP('',(#2993,#2994,#2995,#2996,#2997,#2998,#2999,#3000,#3001,
#3002,#3003,#3004,#3005,#3006,#3007,#3008,#3009,#3010,#3011,#3012,#3013,
#3014,#3015,#3016,#3017,#3018,#3019,#3020,#3021,#3022,#3023,#3024,#3025,
#3026));
#454=EDGE_LOOP('',(#3027,#3028,#3029,#3030));
#455=EDGE_LOOP('',(#3031,#3032,#3033,#3034));
#456=EDGE_LOOP('',(#3035,#3036,#3037,#3038));
#457=EDGE_LOOP('',(#3039,#3040,#3041,#3042));
#458=EDGE_LOOP('',(#3043,#3044,#3045,#3046));
#459=EDGE_LOOP('',(#3047,#3048,#3049,#3050));
#460=EDGE_LOOP('',(#3051,#3052,#3053,#3054));
#461=EDGE_LOOP('',(#3055,#3056,#3057,#3058));
#462=EDGE_LOOP('',(#3059,#3060,#3061,#3062,#3063,#3064,#3065,#3066));
#463=EDGE_LOOP('',(#3067,#3068,#3069,#3070,#3071,#3072,#3073,#3074));
#464=EDGE_LOOP('',(#3075,#3076,#3077,#3078));
#465=EDGE_LOOP('',(#3079,#3080,#3081,#3082));
#466=EDGE_LOOP('',(#3083,#3084,#3085,#3086));
#467=EDGE_LOOP('',(#3087,#3088,#3089,#3090));
#468=EDGE_LOOP('',(#3091,#3092,#3093,#3094));
#469=EDGE_LOOP('',(#3095,#3096,#3097,#3098));
#470=EDGE_LOOP('',(#3099,#3100,#3101,#3102));
#471=EDGE_LOOP('',(#3103,#3104,#3105,#3106));
#472=EDGE_LOOP('',(#3107,#3108,#3109,#3110));
#473=EDGE_LOOP('',(#3111,#3112,#3113,#3114));
#474=EDGE_LOOP('',(#3115,#3116,#3117,#3118));
#475=EDGE_LOOP('',(#3119,#3120,#3121,#3122));
#476=EDGE_LOOP('',(#3123,#3124,#3125,#3126));
#477=EDGE_LOOP('',(#3127,#3128,#3129,#3130));
#478=EDGE_LOOP('',(#3131,#3132,#3133,#3134));
#479=EDGE_LOOP('',(#3135,#3136,#3137,#3138,#3139,#3140));
#480=EDGE_LOOP('',(#3141,#3142,#3143,#3144,#3145,#3146,#3147,#3148));
#481=EDGE_LOOP('',(#3149,#3150,#3151,#3152));
#482=EDGE_LOOP('',(#3153,#3154,#3155,#3156,#3157,#3158,#3159,#3160));
#483=EDGE_LOOP('',(#3161,#3162,#3163,#3164));
#484=EDGE_LOOP('',(#3165,#3166,#3167,#3168));
#485=EDGE_LOOP('',(#3169,#3170,#3171,#3172));
#486=EDGE_LOOP('',(#3173,#3174,#3175,#3176));
#487=EDGE_LOOP('',(#3177,#3178,#3179,#3180));
#488=EDGE_LOOP('',(#3181,#3182,#3183,#3184));
#489=EDGE_LOOP('',(#3185,#3186,#3187,#3188));
#490=EDGE_LOOP('',(#3189,#3190,#3191,#3192));
#491=EDGE_LOOP('',(#3193,#3194,#3195,#3196));
#492=EDGE_LOOP('',(#3197,#3198,#3199,#3200));
#493=EDGE_LOOP('',(#3201,#3202,#3203,#3204));
#494=EDGE_LOOP('',(#3205,#3206,#3207,#3208));
#495=EDGE_LOOP('',(#3209,#3210,#3211,#3212));
#496=EDGE_LOOP('',(#3213,#3214,#3215,#3216));
#497=EDGE_LOOP('',(#3217,#3218,#3219,#3220));
#498=EDGE_LOOP('',(#3221,#3222,#3223,#3224));
#499=EDGE_LOOP('',(#3225,#3226,#3227,#3228));
#500=EDGE_LOOP('',(#3229,#3230,#3231,#3232));
#501=EDGE_LOOP('',(#3233,#3234,#3235,#3236));
#502=EDGE_LOOP('',(#3237,#3238,#3239,#3240));
#503=EDGE_LOOP('',(#3241,#3242,#3243,#3244));
#504=EDGE_LOOP('',(#3245,#3246,#3247,#3248));
#505=EDGE_LOOP('',(#3249,#3250,#3251,#3252));
#506=EDGE_LOOP('',(#3253,#3254,#3255,#3256));
#507=EDGE_LOOP('',(#3257,#3258,#3259,#3260,#3261,#3262,#3263,#3264,#3265,
#3266,#3267,#3268,#3269,#3270,#3271,#3272,#3273,#3274,#3275,#3276,#3277,
#3278,#3279,#3280,#3281,#3282,#3283,#3284,#3285,#3286,#3287,#3288,#3289,
#3290));
#508=EDGE_LOOP('',(#3291,#3292,#3293,#3294));
#509=EDGE_LOOP('',(#3295,#3296,#3297,#3298));
#510=EDGE_LOOP('',(#3299,#3300,#3301,#3302));
#511=EDGE_LOOP('',(#3303,#3304,#3305,#3306));
#512=EDGE_LOOP('',(#3307,#3308,#3309,#3310));
#513=EDGE_LOOP('',(#3311,#3312,#3313,#3314));
#514=EDGE_LOOP('',(#3315,#3316,#3317,#3318));
#515=EDGE_LOOP('',(#3319,#3320,#3321,#3322,#3323,#3324,#3325,#3326,#3327,
#3328,#3329,#3330));
#516=EDGE_LOOP('',(#3331,#3332,#3333,#3334));
#517=EDGE_LOOP('',(#3335,#3336,#3337,#3338));
#518=EDGE_LOOP('',(#3339,#3340,#3341,#3342));
#519=EDGE_LOOP('',(#3343,#3344,#3345,#3346));
#520=EDGE_LOOP('',(#3347,#3348,#3349,#3350));
#521=EDGE_LOOP('',(#3351,#3352,#3353,#3354));
#522=EDGE_LOOP('',(#3355,#3356,#3357,#3358));
#523=EDGE_LOOP('',(#3359,#3360,#3361,#3362));
#524=EDGE_LOOP('',(#3363,#3364,#3365,#3366));
#525=EDGE_LOOP('',(#3367,#3368,#3369,#3370));
#526=EDGE_LOOP('',(#3371,#3372,#3373,#3374));
#527=EDGE_LOOP('',(#3375,#3376,#3377,#3378,#3379,#3380,#3381,#3382,#3383,
#3384,#3385,#3386));
#528=EDGE_LOOP('',(#3387,#3388,#3389,#3390));
#529=EDGE_LOOP('',(#3391,#3392,#3393,#3394,#3395,#3396,#3397,#3398,#3399,
#3400,#3401,#3402,#3403,#3404,#3405,#3406));
#530=EDGE_LOOP('',(#3407,#3408,#3409,#3410));
#531=EDGE_LOOP('',(#3411,#3412,#3413,#3414));
#532=EDGE_LOOP('',(#3415,#3416,#3417,#3418));
#533=EDGE_LOOP('',(#3419,#3420,#3421,#3422));
#534=EDGE_LOOP('',(#3423,#3424,#3425,#3426));
#535=EDGE_LOOP('',(#3427,#3428,#3429,#3430));
#536=EDGE_LOOP('',(#3431,#3432,#3433,#3434));
#537=EDGE_LOOP('',(#3435,#3436,#3437,#3438));
#538=EDGE_LOOP('',(#3439,#3440,#3441,#3442));
#539=EDGE_LOOP('',(#3443,#3444,#3445,#3446));
#540=EDGE_LOOP('',(#3447,#3448,#3449,#3450,#3451,#3452,#3453,#3454,#3455,
#3456,#3457,#3458));
#541=EDGE_LOOP('',(#3459,#3460,#3461,#3462));
#542=EDGE_LOOP('',(#3463,#3464,#3465,#3466,#3467,#3468,#3469,#3470,#3471,
#3472,#3473,#3474,#3475,#3476));
#543=EDGE_LOOP('',(#3477,#3478,#3479,#3480));
#544=EDGE_LOOP('',(#3481,#3482,#3483,#3484));
#545=EDGE_LOOP('',(#3485,#3486,#3487,#3488));
#546=EDGE_LOOP('',(#3489,#3490,#3491,#3492));
#547=EDGE_LOOP('',(#3493,#3494,#3495,#3496));
#548=EDGE_LOOP('',(#3497,#3498,#3499,#3500));
#549=EDGE_LOOP('',(#3501,#3502,#3503,#3504));
#550=EDGE_LOOP('',(#3505,#3506,#3507,#3508));
#551=EDGE_LOOP('',(#3509,#3510,#3511,#3512));
#552=EDGE_LOOP('',(#3513,#3514,#3515,#3516));
#553=EDGE_LOOP('',(#3517,#3518,#3519,#3520));
#554=EDGE_LOOP('',(#3521,#3522,#3523,#3524));
#555=EDGE_LOOP('',(#3525,#3526,#3527,#3528));
#556=EDGE_LOOP('',(#3529,#3530,#3531,#3532));
#557=EDGE_LOOP('',(#3533,#3534,#3535,#3536));
#558=EDGE_LOOP('',(#3537,#3538,#3539,#3540));
#559=EDGE_LOOP('',(#3541,#3542,#3543,#3544));
#560=EDGE_LOOP('',(#3545,#3546,#3547,#3548));
#561=EDGE_LOOP('',(#3549,#3550,#3551,#3552));
#562=EDGE_LOOP('',(#3553,#3554,#3555,#3556,#3557,#3558,#3559,#3560,#3561,
#3562,#3563,#3564,#3565,#3566,#3567,#3568,#3569,#3570));
#563=EDGE_LOOP('',(#3571,#3572,#3573,#3574));
#564=EDGE_LOOP('',(#3575,#3576,#3577,#3578));
#565=EDGE_LOOP('',(#3579,#3580,#3581,#3582));
#566=EDGE_LOOP('',(#3583,#3584,#3585,#3586));
#567=EDGE_LOOP('',(#3587,#3588,#3589,#3590));
#568=EDGE_LOOP('',(#3591,#3592,#3593,#3594));
#569=EDGE_LOOP('',(#3595,#3596,#3597,#3598,#3599,#3600));
#570=EDGE_LOOP('',(#3601,#3602,#3603,#3604,#3605,#3606));
#571=EDGE_LOOP('',(#3607,#3608,#3609,#3610,#3611,#3612));
#572=EDGE_LOOP('',(#3613,#3614,#3615,#3616,#3617,#3618));
#573=EDGE_LOOP('',(#3619,#3620,#3621,#3622));
#574=EDGE_LOOP('',(#3623,#3624,#3625,#3626));
#575=EDGE_LOOP('',(#3627,#3628,#3629,#3630,#3631,#3632));
#576=EDGE_LOOP('',(#3633,#3634,#3635,#3636,#3637,#3638));
#577=EDGE_LOOP('',(#3639,#3640,#3641,#3642));
#578=EDGE_LOOP('',(#3643,#3644,#3645,#3646,#3647,#3648));
#579=EDGE_LOOP('',(#3649,#3650,#3651,#3652,#3653,#3654));
#580=EDGE_LOOP('',(#3655,#3656,#3657,#3658,#3659,#3660,#3661,#3662,#3663,
#3664,#3665,#3666,#3667,#3668,#3669,#3670,#3671,#3672,#3673,#3674));
#581=EDGE_LOOP('',(#3675,#3676,#3677,#3678));
#582=EDGE_LOOP('',(#3679,#3680,#3681,#3682));
#583=EDGE_LOOP('',(#3683));
#584=EDGE_LOOP('',(#3684,#3685,#3686,#3687));
#585=EDGE_LOOP('',(#3688,#3689,#3690,#3691));
#586=EDGE_LOOP('',(#3692));
#587=EDGE_LOOP('',(#3693));
#588=EDGE_LOOP('',(#3694,#3695,#3696,#3697));
#589=EDGE_LOOP('',(#3698));
#590=EDGE_LOOP('',(#3699));
#591=EDGE_LOOP('',(#3700,#3701,#3702,#3703));
#592=EDGE_LOOP('',(#3704,#3705,#3706,#3707,#3708));
#593=EDGE_LOOP('',(#3709,#3710,#3711,#3712));
#594=EDGE_LOOP('',(#3713,#3714,#3715,#3716,#3717,#3718,#3719));
#595=EDGE_LOOP('',(#3720,#3721,#3722,#3723));
#596=EDGE_LOOP('',(#3724));
#597=EDGE_LOOP('',(#3725));
#598=EDGE_LOOP('',(#3726,#3727,#3728,#3729));
#599=EDGE_LOOP('',(#3730));
#600=EDGE_LOOP('',(#3731));
#601=EDGE_LOOP('',(#3732,#3733,#3734,#3735));
#602=EDGE_LOOP('',(#3736,#3737));
#603=EDGE_LOOP('',(#3738,#3739,#3740,#3741));
#604=EDGE_LOOP('',(#3742,#3743,#3744,#3745,#3746,#3747,#3748,#3749,#3750,
#3751));
#605=EDGE_LOOP('',(#3752,#3753,#3754,#3755));
#606=EDGE_LOOP('',(#3756,#3757,#3758,#3759));
#607=EDGE_LOOP('',(#3760,#3761,#3762,#3763,#3764,#3765,#3766,#3767));
#608=EDGE_LOOP('',(#3768,#3769,#3770,#3771,#3772,#3773,#3774,#3775,#3776,
#3777,#3778,#3779,#3780,#3781,#3782,#3783,#3784,#3785,#3786,#3787));
#609=EDGE_LOOP('',(#3788,#3789,#3790,#3791));
#610=EDGE_LOOP('',(#3792,#3793,#3794,#3795));
#611=LINE('',#5577,#1116);
#612=LINE('',#5579,#1117);
#613=LINE('',#5581,#1118);
#614=LINE('',#5582,#1119);
#615=LINE('',#5585,#1120);
#616=LINE('',#5587,#1121);
#617=LINE('',#5589,#1122);
#618=LINE('',#5591,#1123);
#619=LINE('',#5593,#1124);
#620=LINE('',#5595,#1125);
#621=LINE('',#5599,#1126);
#622=LINE('',#5603,#1127);
#623=LINE('',#5607,#1128);
#624=LINE('',#5611,#1129);
#625=LINE('',#5612,#1130);
#626=LINE('',#5616,#1131);
#627=LINE('',#5617,#1132);
#628=LINE('',#5618,#1133);
#629=LINE('',#5621,#1134);
#630=LINE('',#5622,#1135);
#631=LINE('',#5626,#1136);
#632=LINE('',#5628,#1137);
#633=LINE('',#5630,#1138);
#634=LINE('',#5631,#1139);
#635=LINE('',#5634,#1140);
#636=LINE('',#5636,#1141);
#637=LINE('',#5637,#1142);
#638=LINE('',#5651,#1143);
#639=LINE('',#5655,#1144);
#640=LINE('',#5657,#1145);
#641=LINE('',#5666,#1146);
#642=LINE('',#5671,#1147);
#643=LINE('',#5676,#1148);
#644=LINE('',#5678,#1149);
#645=LINE('',#5679,#1150);
#646=LINE('',#5682,#1151);
#647=LINE('',#5684,#1152);
#648=LINE('',#5685,#1153);
#649=LINE('',#5688,#1154);
#650=LINE('',#5690,#1155);
#651=LINE('',#5691,#1156);
#652=LINE('',#5694,#1157);
#653=LINE('',#5696,#1158);
#654=LINE('',#5698,#1159);
#655=LINE('',#5700,#1160);
#656=LINE('',#5702,#1161);
#657=LINE('',#5704,#1162);
#658=LINE('',#5705,#1163);
#659=LINE('',#5708,#1164);
#660=LINE('',#5709,#1165);
#661=LINE('',#5712,#1166);
#662=LINE('',#5713,#1167);
#663=LINE('',#5716,#1168);
#664=LINE('',#5720,#1169);
#665=LINE('',#5724,#1170);
#666=LINE('',#5725,#1171);
#667=LINE('',#5728,#1172);
#668=LINE('',#5732,#1173);
#669=LINE('',#5736,#1174);
#670=LINE('',#5737,#1175);
#671=LINE('',#5740,#1176);
#672=LINE('',#5741,#1177);
#673=LINE('',#5744,#1178);
#674=LINE('',#5746,#1179);
#675=LINE('',#5747,#1180);
#676=LINE('',#5750,#1181);
#677=LINE('',#5752,#1182);
#678=LINE('',#5753,#1183);
#679=LINE('',#5756,#1184);
#680=LINE('',#5758,#1185);
#681=LINE('',#5759,#1186);
#682=LINE('',#5763,#1187);
#683=LINE('',#5767,#1188);
#684=LINE('',#5771,#1189);
#685=LINE('',#5775,#1190);
#686=LINE('',#5777,#1191);
#687=LINE('',#5780,#1192);
#688=LINE('',#5782,#1193);
#689=LINE('',#5784,#1194);
#690=LINE('',#5785,#1195);
#691=LINE('',#5788,#1196);
#692=LINE('',#5790,#1197);
#693=LINE('',#5792,#1198);
#694=LINE('',#5793,#1199);
#695=LINE('',#5809,#1200);
#696=LINE('',#5811,#1201);
#697=LINE('',#5813,#1202);
#698=LINE('',#5814,#1203);
#699=LINE('',#5817,#1204);
#700=LINE('',#5819,#1205);
#701=LINE('',#5821,#1206);
#702=LINE('',#5823,#1207);
#703=LINE('',#5825,#1208);
#704=LINE('',#5826,#1209);
#705=LINE('',#5828,#1210);
#706=LINE('',#5829,#1211);
#707=LINE('',#5836,#1212);
#708=LINE('',#5837,#1213);
#709=LINE('',#5840,#1214);
#710=LINE('',#5841,#1215);
#711=LINE('',#5843,#1216);
#712=LINE('',#5846,#1217);
#713=LINE('',#5847,#1218);
#714=LINE('',#5850,#1219);
#715=LINE('',#5851,#1220);
#716=LINE('',#5854,#1221);
#717=LINE('',#5855,#1222);
#718=LINE('',#5857,#1223);
#719=LINE('',#5862,#1224);
#720=LINE('',#5866,#1225);
#721=LINE('',#5870,#1226);
#722=LINE('',#5874,#1227);
#723=LINE('',#5876,#1228);
#724=LINE('',#5878,#1229);
#725=LINE('',#5880,#1230);
#726=LINE('',#5881,#1231);
#727=LINE('',#5885,#1232);
#728=LINE('',#5887,#1233);
#729=LINE('',#5889,#1234);
#730=LINE('',#5890,#1235);
#731=LINE('',#5893,#1236);
#732=LINE('',#5895,#1237);
#733=LINE('',#5896,#1238);
#734=LINE('',#5899,#1239);
#735=LINE('',#5901,#1240);
#736=LINE('',#5902,#1241);
#737=LINE('',#5904,#1242);
#738=LINE('',#5908,#1243);
#739=LINE('',#5910,#1244);
#740=LINE('',#5912,#1245);
#741=LINE('',#5913,#1246);
#742=LINE('',#5917,#1247);
#743=LINE('',#5921,#1248);
#744=LINE('',#5926,#1249);
#745=LINE('',#5928,#1250);
#746=LINE('',#5930,#1251);
#747=LINE('',#5932,#1252);
#748=LINE('',#5934,#1253);
#749=LINE('',#5936,#1254);
#750=LINE('',#5938,#1255);
#751=LINE('',#5940,#1256);
#752=LINE('',#5942,#1257);
#753=LINE('',#5946,#1258);
#754=LINE('',#5948,#1259);
#755=LINE('',#5950,#1260);
#756=LINE('',#5951,#1261);
#757=LINE('',#5953,#1262);
#758=LINE('',#5955,#1263);
#759=LINE('',#5956,#1264);
#760=LINE('',#5958,#1265);
#761=LINE('',#5960,#1266);
#762=LINE('',#5962,#1267);
#763=LINE('',#5963,#1268);
#764=LINE('',#5965,#1269);
#765=LINE('',#5967,#1270);
#766=LINE('',#5969,#1271);
#767=LINE('',#5971,#1272);
#768=LINE('',#5972,#1273);
#769=LINE('',#5975,#1274);
#770=LINE('',#5977,#1275);
#771=LINE('',#5979,#1276);
#772=LINE('',#5981,#1277);
#773=LINE('',#5983,#1278);
#774=LINE('',#5985,#1279);
#775=LINE('',#5987,#1280);
#776=LINE('',#5989,#1281);
#777=LINE('',#5991,#1282);
#778=LINE('',#5993,#1283);
#779=LINE('',#5995,#1284);
#780=LINE('',#5997,#1285);
#781=LINE('',#5999,#1286);
#782=LINE('',#6001,#1287);
#783=LINE('',#6003,#1288);
#784=LINE('',#6005,#1289);
#785=LINE('',#6009,#1290);
#786=LINE('',#6011,#1291);
#787=LINE('',#6013,#1292);
#788=LINE('',#6015,#1293);
#789=LINE('',#6017,#1294);
#790=LINE('',#6019,#1295);
#791=LINE('',#6020,#1296);
#792=LINE('',#6029,#1297);
#793=LINE('',#6031,#1298);
#794=LINE('',#6032,#1299);
#795=LINE('',#6035,#1300);
#796=LINE('',#6039,#1301);
#797=LINE('',#6040,#1302);
#798=LINE('',#6043,#1303);
#799=LINE('',#6047,#1304);
#800=LINE('',#6048,#1305);
#801=LINE('',#6050,#1306);
#802=LINE('',#6053,#1307);
#803=LINE('',#6058,#1308);
#804=LINE('',#6061,#1309);
#805=LINE('',#6064,#1310);
#806=LINE('',#6066,#1311);
#807=LINE('',#6068,#1312);
#808=LINE('',#6072,#1313);
#809=LINE('',#6076,#1314);
#810=LINE('',#6078,#1315);
#811=LINE('',#6080,#1316);
#812=LINE('',#6084,#1317);
#813=LINE('',#6088,#1318);
#814=LINE('',#6090,#1319);
#815=LINE('',#6094,#1320);
#816=LINE('',#6099,#1321);
#817=LINE('',#6102,#1322);
#818=LINE('',#6105,#1323);
#819=LINE('',#6109,#1324);
#820=LINE('',#6111,#1325);
#821=LINE('',#6115,#1326);
#822=LINE('',#6119,#1327);
#823=LINE('',#6123,#1328);
#824=LINE('',#6127,#1329);
#825=LINE('',#6129,#1330);
#826=LINE('',#6131,#1331);
#827=LINE('',#6133,#1332);
#828=LINE('',#6135,#1333);
#829=LINE('',#6137,#1334);
#830=LINE('',#6139,#1335);
#831=LINE('',#6141,#1336);
#832=LINE('',#6143,#1337);
#833=LINE('',#6147,#1338);
#834=LINE('',#6149,#1339);
#835=LINE('',#6151,#1340);
#836=LINE('',#6153,#1341);
#837=LINE('',#6155,#1342);
#838=LINE('',#6157,#1343);
#839=LINE('',#6159,#1344);
#840=LINE('',#6161,#1345);
#841=LINE('',#6163,#1346);
#842=LINE('',#6165,#1347);
#843=LINE('',#6167,#1348);
#844=LINE('',#6169,#1349);
#845=LINE('',#6170,#1350);
#846=LINE('',#6173,#1351);
#847=LINE('',#6176,#1352);
#848=LINE('',#6177,#1353);
#849=LINE('',#6179,#1354);
#850=LINE('',#6181,#1355);
#851=LINE('',#6182,#1356);
#852=LINE('',#6184,#1357);
#853=LINE('',#6186,#1358);
#854=LINE('',#6193,#1359);
#855=LINE('',#6194,#1360);
#856=LINE('',#6200,#1361);
#857=LINE('',#6202,#1362);
#858=LINE('',#6204,#1363);
#859=LINE('',#6208,#1364);
#860=LINE('',#6210,#1365);
#861=LINE('',#6214,#1366);
#862=LINE('',#6215,#1367);
#863=LINE('',#6220,#1368);
#864=LINE('',#6221,#1369);
#865=LINE('',#6224,#1370);
#866=LINE('',#6229,#1371);
#867=LINE('',#6230,#1372);
#868=LINE('',#6231,#1373);
#869=LINE('',#6235,#1374);
#870=LINE('',#6236,#1375);
#871=LINE('',#6237,#1376);
#872=LINE('',#6243,#1377);
#873=LINE('',#6244,#1378);
#874=LINE('',#6245,#1379);
#875=LINE('',#6251,#1380);
#876=LINE('',#6252,#1381);
#877=LINE('',#6253,#1382);
#878=LINE('',#6257,#1383);
#879=LINE('',#6258,#1384);
#880=LINE('',#6259,#1385);
#881=LINE('',#6263,#1386);
#882=LINE('',#6266,#1387);
#883=LINE('',#6267,#1388);
#884=LINE('',#6272,#1389);
#885=LINE('',#6273,#1390);
#886=LINE('',#6276,#1391);
#887=LINE('',#6278,#1392);
#888=LINE('',#6281,#1393);
#889=LINE('',#6283,#1394);
#890=LINE('',#6288,#1395);
#891=LINE('',#6290,#1396);
#892=LINE('',#6291,#1397);
#893=LINE('',#6293,#1398);
#894=LINE('',#6297,#1399);
#895=LINE('',#6298,#1400);
#896=LINE('',#6299,#1401);
#897=LINE('',#6302,#1402);
#898=LINE('',#6303,#1403);
#899=LINE('',#6306,#1404);
#900=LINE('',#6307,#1405);
#901=LINE('',#6311,#1406);
#902=LINE('',#6312,#1407);
#903=LINE('',#6313,#1408);
#904=LINE('',#6316,#1409);
#905=LINE('',#6317,#1410);
#906=LINE('',#6319,#1411);
#907=LINE('',#6322,#1412);
#908=LINE('',#6325,#1413);
#909=LINE('',#6329,#1414);
#910=LINE('',#6330,#1415);
#911=LINE('',#6331,#1416);
#912=LINE('',#6334,#1417);
#913=LINE('',#6335,#1418);
#914=LINE('',#6338,#1419);
#915=LINE('',#6339,#1420);
#916=LINE('',#6343,#1421);
#917=LINE('',#6344,#1422);
#918=LINE('',#6345,#1423);
#919=LINE('',#6348,#1424);
#920=LINE('',#6349,#1425);
#921=LINE('',#6352,#1426);
#922=LINE('',#6353,#1427);
#923=LINE('',#6357,#1428);
#924=LINE('',#6358,#1429);
#925=LINE('',#6359,#1430);
#926=LINE('',#6362,#1431);
#927=LINE('',#6363,#1432);
#928=LINE('',#6366,#1433);
#929=LINE('',#6367,#1434);
#930=LINE('',#6371,#1435);
#931=LINE('',#6372,#1436);
#932=LINE('',#6373,#1437);
#933=LINE('',#6380,#1438);
#934=LINE('',#6381,#1439);
#935=LINE('',#6384,#1440);
#936=LINE('',#6385,#1441);
#937=LINE('',#6389,#1442);
#938=LINE('',#6392,#1443);
#939=LINE('',#6393,#1444);
#940=LINE('',#6397,#1445);
#941=LINE('',#6398,#1446);
#942=LINE('',#6399,#1447);
#943=LINE('',#6400,#1448);
#944=LINE('',#6401,#1449);
#945=LINE('',#6402,#1450);
#946=LINE('',#6403,#1451);
#947=LINE('',#6404,#1452);
#948=LINE('',#6412,#1453);
#949=LINE('',#6414,#1454);
#950=LINE('',#6415,#1455);
#951=LINE('',#6418,#1456);
#952=LINE('',#6419,#1457);
#953=LINE('',#6423,#1458);
#954=LINE('',#6424,#1459);
#955=LINE('',#6426,#1460);
#956=LINE('',#6428,#1461);
#957=LINE('',#6429,#1462);
#958=LINE('',#6430,#1463);
#959=LINE('',#6431,#1464);
#960=LINE('',#6432,#1465);
#961=LINE('',#6435,#1466);
#962=LINE('',#6437,#1467);
#963=LINE('',#6438,#1468);
#964=LINE('',#6441,#1469);
#965=LINE('',#6442,#1470);
#966=LINE('',#6445,#1471);
#967=LINE('',#6447,#1472);
#968=LINE('',#6448,#1473);
#969=LINE('',#6450,#1474);
#970=LINE('',#6453,#1475);
#971=LINE('',#6454,#1476);
#972=LINE('',#6457,#1477);
#973=LINE('',#6458,#1478);
#974=LINE('',#6460,#1479);
#975=LINE('',#6463,#1480);
#976=LINE('',#6464,#1481);
#977=LINE('',#6466,#1482);
#978=LINE('',#6470,#1483);
#979=LINE('',#6471,#1484);
#980=LINE('',#6472,#1485);
#981=LINE('',#6474,#1486);
#982=LINE('',#6478,#1487);
#983=LINE('',#6480,#1488);
#984=LINE('',#6482,#1489);
#985=LINE('',#6484,#1490);
#986=LINE('',#6486,#1491);
#987=LINE('',#6488,#1492);
#988=LINE('',#6490,#1493);
#989=LINE('',#6492,#1494);
#990=LINE('',#6493,#1495);
#991=LINE('',#6495,#1496);
#992=LINE('',#6496,#1497);
#993=LINE('',#6498,#1498);
#994=LINE('',#6501,#1499);
#995=LINE('',#6502,#1500);
#996=LINE('',#6503,#1501);
#997=LINE('',#6505,#1502);
#998=LINE('',#6507,#1503);
#999=LINE('',#6508,#1504);
#1000=LINE('',#6510,#1505);
#1001=LINE('',#6511,#1506);
#1002=LINE('',#6512,#1507);
#1003=LINE('',#6515,#1508);
#1004=LINE('',#6517,#1509);
#1005=LINE('',#6518,#1510);
#1006=LINE('',#6521,#1511);
#1007=LINE('',#6523,#1512);
#1008=LINE('',#6524,#1513);
#1009=LINE('',#6527,#1514);
#1010=LINE('',#6528,#1515);
#1011=LINE('',#6531,#1516);
#1012=LINE('',#6532,#1517);
#1013=LINE('',#6534,#1518);
#1014=LINE('',#6537,#1519);
#1015=LINE('',#6538,#1520);
#1016=LINE('',#6542,#1521);
#1017=LINE('',#6543,#1522);
#1018=LINE('',#6546,#1523);
#1019=LINE('',#6547,#1524);
#1020=LINE('',#6549,#1525);
#1021=LINE('',#6551,#1526);
#1022=LINE('',#6554,#1527);
#1023=LINE('',#6557,#1528);
#1024=LINE('',#6558,#1529);
#1025=LINE('',#6560,#1530);
#1026=LINE('',#6562,#1531);
#1027=LINE('',#6564,#1532);
#1028=LINE('',#6571,#1533);
#1029=LINE('',#6573,#1534);
#1030=LINE('',#6575,#1535);
#1031=LINE('',#6576,#1536);
#1032=LINE('',#6580,#1537);
#1033=LINE('',#6582,#1538);
#1034=LINE('',#6584,#1539);
#1035=LINE('',#6585,#1540);
#1036=LINE('',#6589,#1541);
#1037=LINE('',#6591,#1542);
#1038=LINE('',#6593,#1543);
#1039=LINE('',#6594,#1544);
#1040=LINE('',#6596,#1545);
#1041=LINE('',#6597,#1546);
#1042=LINE('',#6600,#1547);
#1043=LINE('',#6602,#1548);
#1044=LINE('',#6603,#1549);
#1045=LINE('',#6606,#1550);
#1046=LINE('',#6608,#1551);
#1047=LINE('',#6609,#1552);
#1048=LINE('',#6611,#1553);
#1049=LINE('',#6612,#1554);
#1050=LINE('',#6617,#1555);
#1051=LINE('',#6619,#1556);
#1052=LINE('',#6620,#1557);
#1053=LINE('',#6623,#1558);
#1054=LINE('',#6629,#1559);
#1055=LINE('',#6634,#1560);
#1056=LINE('',#6638,#1561);
#1057=LINE('',#6642,#1562);
#1058=LINE('',#6646,#1563);
#1059=LINE('',#6648,#1564);
#1060=LINE('',#6650,#1565);
#1061=LINE('',#6651,#1566);
#1062=LINE('',#6654,#1567);
#1063=LINE('',#6655,#1568);
#1064=LINE('',#6656,#1569);
#1065=LINE('',#6658,#1570);
#1066=LINE('',#6659,#1571);
#1067=LINE('',#6663,#1572);
#1068=LINE('',#6665,#1573);
#1069=LINE('',#6666,#1574);
#1070=LINE('',#6667,#1575);
#1071=LINE('',#6671,#1576);
#1072=LINE('',#6672,#1577);
#1073=LINE('',#6674,#1578);
#1074=LINE('',#6675,#1579);
#1075=LINE('',#6677,#1580);
#1076=LINE('',#6678,#1581);
#1077=LINE('',#6682,#1582);
#1078=LINE('',#6684,#1583);
#1079=LINE('',#6686,#1584);
#1080=LINE('',#6687,#1585);
#1081=LINE('',#6690,#1586);
#1082=LINE('',#6691,#1587);
#1083=LINE('',#6692,#1588);
#1084=LINE('',#6695,#1589);
#1085=LINE('',#6696,#1590);
#1086=LINE('',#6697,#1591);
#1087=LINE('',#6701,#1592);
#1088=LINE('',#6703,#1593);
#1089=LINE('',#6705,#1594);
#1090=LINE('',#6706,#1595);
#1091=LINE('',#6708,#1596);
#1092=LINE('',#6709,#1597);
#1093=LINE('',#6712,#1598);
#1094=LINE('',#6713,#1599);
#1095=LINE('',#6714,#1600);
#1096=LINE('',#6716,#1601);
#1097=LINE('',#6717,#1602);
#1098=LINE('',#6718,#1603);
#1099=LINE('',#6724,#1604);
#1100=LINE('',#6729,#1605);
#1101=LINE('',#6734,#1606);
#1102=LINE('',#6736,#1607);
#1103=LINE('',#6737,#1608);
#1104=LINE('',#6740,#1609);
#1105=LINE('',#6741,#1610);
#1106=LINE('',#6742,#1611);
#1107=LINE('',#6744,#1612);
#1108=LINE('',#6745,#1613);
#1109=LINE('',#6747,#1614);
#1110=LINE('',#6748,#1615);
#1111=LINE('',#6751,#1616);
#1112=LINE('',#6756,#1617);
#1113=LINE('',#6763,#1618);
#1114=LINE('',#6765,#1619);
#1115=LINE('',#6770,#1620);
#1116=VECTOR('',#4478,10.);
#1117=VECTOR('',#4479,10.);
#1118=VECTOR('',#4480,10.);
#1119=VECTOR('',#4481,10.);
#1120=VECTOR('',#4484,10.);
#1121=VECTOR('',#4485,10.);
#1122=VECTOR('',#4486,10.);
#1123=VECTOR('',#4487,10.);
#1124=VECTOR('',#4488,10.);
#1125=VECTOR('',#4489,10.);
#1126=VECTOR('',#4492,10.);
#1127=VECTOR('',#4495,10.);
#1128=VECTOR('',#4498,10.);
#1129=VECTOR('',#4501,10.);
#1130=VECTOR('',#4502,10.);
#1131=VECTOR('',#4505,10.);
#1132=VECTOR('',#4506,10.);
#1133=VECTOR('',#4507,10.);
#1134=VECTOR('',#4510,10.);
#1135=VECTOR('',#4511,10.);
#1136=VECTOR('',#4514,10.);
#1137=VECTOR('',#4515,10.);
#1138=VECTOR('',#4516,10.);
#1139=VECTOR('',#4517,10.);
#1140=VECTOR('',#4520,10.);
#1141=VECTOR('',#4521,10.);
#1142=VECTOR('',#4522,10.);
#1143=VECTOR('',#4533,10.);
#1144=VECTOR('',#4538,10.);
#1145=VECTOR('',#4539,10.);
#1146=VECTOR('',#4544,10.);
#1147=VECTOR('',#4549,10.);
#1148=VECTOR('',#4556,10.);
#1149=VECTOR('',#4557,10.);
#1150=VECTOR('',#4558,10.);
#1151=VECTOR('',#4561,10.);
#1152=VECTOR('',#4562,10.);
#1153=VECTOR('',#4563,10.);
#1154=VECTOR('',#4566,10.);
#1155=VECTOR('',#4567,10.);
#1156=VECTOR('',#4568,10.);
#1157=VECTOR('',#4571,10.);
#1158=VECTOR('',#4572,10.);
#1159=VECTOR('',#4573,10.);
#1160=VECTOR('',#4574,10.);
#1161=VECTOR('',#4575,10.);
#1162=VECTOR('',#4576,10.);
#1163=VECTOR('',#4577,10.);
#1164=VECTOR('',#4580,10.);
#1165=VECTOR('',#4581,10.);
#1166=VECTOR('',#4584,10.);
#1167=VECTOR('',#4585,10.);
#1168=VECTOR('',#4588,10.);
#1169=VECTOR('',#4593,10.);
#1170=VECTOR('',#4598,10.);
#1171=VECTOR('',#4599,10.);
#1172=VECTOR('',#4602,10.);
#1173=VECTOR('',#4607,10.);
#1174=VECTOR('',#4612,10.);
#1175=VECTOR('',#4613,10.);
#1176=VECTOR('',#4616,10.);
#1177=VECTOR('',#4617,10.);
#1178=VECTOR('',#4620,10.);
#1179=VECTOR('',#4621,10.);
#1180=VECTOR('',#4622,10.);
#1181=VECTOR('',#4625,10.);
#1182=VECTOR('',#4626,10.);
#1183=VECTOR('',#4627,10.);
#1184=VECTOR('',#4630,10.);
#1185=VECTOR('',#4631,10.);
#1186=VECTOR('',#4632,10.);
#1187=VECTOR('',#4635,10.);
#1188=VECTOR('',#4638,10.);
#1189=VECTOR('',#4641,10.);
#1190=VECTOR('',#4644,10.);
#1191=VECTOR('',#4647,10.);
#1192=VECTOR('',#4648,10.);
#1193=VECTOR('',#4649,10.);
#1194=VECTOR('',#4650,10.);
#1195=VECTOR('',#4651,10.);
#1196=VECTOR('',#4652,10.);
#1197=VECTOR('',#4653,10.);
#1198=VECTOR('',#4654,10.);
#1199=VECTOR('',#4655,10.);
#1200=VECTOR('',#4670,10.);
#1201=VECTOR('',#4671,10.);
#1202=VECTOR('',#4672,10.);
#1203=VECTOR('',#4673,10.);
#1204=VECTOR('',#4676,10.);
#1205=VECTOR('',#4677,10.);
#1206=VECTOR('',#4678,10.);
#1207=VECTOR('',#4679,10.);
#1208=VECTOR('',#4680,10.);
#1209=VECTOR('',#4681,10.);
#1210=VECTOR('',#4682,10.);
#1211=VECTOR('',#4683,10.);
#1212=VECTOR('',#4690,10.);
#1213=VECTOR('',#4691,10.);
#1214=VECTOR('',#4694,10.);
#1215=VECTOR('',#4695,10.);
#1216=VECTOR('',#4698,10.);
#1217=VECTOR('',#4701,10.);
#1218=VECTOR('',#4702,10.);
#1219=VECTOR('',#4705,10.);
#1220=VECTOR('',#4706,10.);
#1221=VECTOR('',#4709,10.);
#1222=VECTOR('',#4710,10.);
#1223=VECTOR('',#4713,10.);
#1224=VECTOR('',#4718,10.);
#1225=VECTOR('',#4721,10.);
#1226=VECTOR('',#4724,10.);
#1227=VECTOR('',#4727,10.);
#1228=VECTOR('',#4728,10.);
#1229=VECTOR('',#4729,10.);
#1230=VECTOR('',#4730,10.);
#1231=VECTOR('',#4731,10.);
#1232=VECTOR('',#4734,10.);
#1233=VECTOR('',#4735,10.);
#1234=VECTOR('',#4736,10.);
#1235=VECTOR('',#4737,10.);
#1236=VECTOR('',#4740,10.);
#1237=VECTOR('',#4741,10.);
#1238=VECTOR('',#4742,10.);
#1239=VECTOR('',#4745,10.);
#1240=VECTOR('',#4746,10.);
#1241=VECTOR('',#4747,10.);
#1242=VECTOR('',#4750,10.);
#1243=VECTOR('',#4753,10.);
#1244=VECTOR('',#4754,10.);
#1245=VECTOR('',#4755,10.);
#1246=VECTOR('',#4756,10.);
#1247=VECTOR('',#4759,10.);
#1248=VECTOR('',#4762,10.);
#1249=VECTOR('',#4767,10.);
#1250=VECTOR('',#4768,10.);
#1251=VECTOR('',#4769,10.);
#1252=VECTOR('',#4770,10.);
#1253=VECTOR('',#4771,10.);
#1254=VECTOR('',#4772,10.);
#1255=VECTOR('',#4773,10.);
#1256=VECTOR('',#4774,10.);
#1257=VECTOR('',#4775,10.);
#1258=VECTOR('',#4778,10.);
#1259=VECTOR('',#4779,10.);
#1260=VECTOR('',#4780,10.);
#1261=VECTOR('',#4781,10.);
#1262=VECTOR('',#4782,10.);
#1263=VECTOR('',#4783,10.);
#1264=VECTOR('',#4784,10.);
#1265=VECTOR('',#4785,10.);
#1266=VECTOR('',#4786,10.);
#1267=VECTOR('',#4787,10.);
#1268=VECTOR('',#4788,10.);
#1269=VECTOR('',#4789,10.);
#1270=VECTOR('',#4790,10.);
#1271=VECTOR('',#4791,10.);
#1272=VECTOR('',#4792,10.);
#1273=VECTOR('',#4793,10.);
#1274=VECTOR('',#4794,10.);
#1275=VECTOR('',#4795,10.);
#1276=VECTOR('',#4796,10.);
#1277=VECTOR('',#4797,10.);
#1278=VECTOR('',#4798,10.);
#1279=VECTOR('',#4799,10.);
#1280=VECTOR('',#4800,10.);
#1281=VECTOR('',#4801,10.);
#1282=VECTOR('',#4802,10.);
#1283=VECTOR('',#4803,10.);
#1284=VECTOR('',#4804,10.);
#1285=VECTOR('',#4805,10.);
#1286=VECTOR('',#4806,10.);
#1287=VECTOR('',#4807,10.);
#1288=VECTOR('',#4808,10.);
#1289=VECTOR('',#4809,10.);
#1290=VECTOR('',#4812,10.);
#1291=VECTOR('',#4813,10.);
#1292=VECTOR('',#4814,10.);
#1293=VECTOR('',#4815,10.);
#1294=VECTOR('',#4816,10.);
#1295=VECTOR('',#4817,10.);
#1296=VECTOR('',#4818,10.);
#1297=VECTOR('',#4827,10.);
#1298=VECTOR('',#4828,10.);
#1299=VECTOR('',#4829,10.);
#1300=VECTOR('',#4832,10.);
#1301=VECTOR('',#4837,10.);
#1302=VECTOR('',#4838,10.);
#1303=VECTOR('',#4841,10.);
#1304=VECTOR('',#4846,10.);
#1305=VECTOR('',#4847,10.);
#1306=VECTOR('',#4850,10.);
#1307=VECTOR('',#4855,10.);
#1308=VECTOR('',#4862,10.);
#1309=VECTOR('',#4865,10.);
#1310=VECTOR('',#4868,10.);
#1311=VECTOR('',#4869,10.);
#1312=VECTOR('',#4870,10.);
#1313=VECTOR('',#4873,10.);
#1314=VECTOR('',#4876,10.);
#1315=VECTOR('',#4877,10.);
#1316=VECTOR('',#4878,10.);
#1317=VECTOR('',#4881,10.);
#1318=VECTOR('',#4884,10.);
#1319=VECTOR('',#4885,10.);
#1320=VECTOR('',#4888,10.);
#1321=VECTOR('',#4893,10.);
#1322=VECTOR('',#4896,10.);
#1323=VECTOR('',#4899,10.);
#1324=VECTOR('',#4904,10.);
#1325=VECTOR('',#4905,10.);
#1326=VECTOR('',#4908,10.);
#1327=VECTOR('',#4911,10.);
#1328=VECTOR('',#4914,10.);
#1329=VECTOR('',#4917,10.);
#1330=VECTOR('',#4918,10.);
#1331=VECTOR('',#4919,10.);
#1332=VECTOR('',#4920,10.);
#1333=VECTOR('',#4921,10.);
#1334=VECTOR('',#4922,10.);
#1335=VECTOR('',#4923,10.);
#1336=VECTOR('',#4924,10.);
#1337=VECTOR('',#4925,10.);
#1338=VECTOR('',#4928,10.);
#1339=VECTOR('',#4929,10.);
#1340=VECTOR('',#4930,10.);
#1341=VECTOR('',#4931,10.);
#1342=VECTOR('',#4932,10.);
#1343=VECTOR('',#4933,10.);
#1344=VECTOR('',#4934,10.);
#1345=VECTOR('',#4935,10.);
#1346=VECTOR('',#4936,10.);
#1347=VECTOR('',#4937,10.);
#1348=VECTOR('',#4938,10.);
#1349=VECTOR('',#4939,10.);
#1350=VECTOR('',#4940,10.);
#1351=VECTOR('',#4943,10.);
#1352=VECTOR('',#4948,10.);
#1353=VECTOR('',#4949,10.);
#1354=VECTOR('',#4952,10.);
#1355=VECTOR('',#4955,10.);
#1356=VECTOR('',#4956,10.);
#1357=VECTOR('',#4959,10.);
#1358=VECTOR('',#4962,10.);
#1359=VECTOR('',#4971,10.);
#1360=VECTOR('',#4972,10.);
#1361=VECTOR('',#4979,10.);
#1362=VECTOR('',#4980,10.);
#1363=VECTOR('',#4981,10.);
#1364=VECTOR('',#4986,10.);
#1365=VECTOR('',#4987,10.);
#1366=VECTOR('',#4992,10.);
#1367=VECTOR('',#4993,10.);
#1368=VECTOR('',#5000,10.);
#1369=VECTOR('',#5001,10.);
#1370=VECTOR('',#5004,10.);
#1371=VECTOR('',#5009,10.);
#1372=VECTOR('',#5010,10.);
#1373=VECTOR('',#5011,10.);
#1374=VECTOR('',#5014,10.);
#1375=VECTOR('',#5015,10.);
#1376=VECTOR('',#5016,10.);
#1377=VECTOR('',#5023,10.);
#1378=VECTOR('',#5024,10.);
#1379=VECTOR('',#5025,10.);
#1380=VECTOR('',#5032,10.);
#1381=VECTOR('',#5033,10.);
#1382=VECTOR('',#5034,10.);
#1383=VECTOR('',#5037,10.);
#1384=VECTOR('',#5038,10.);
#1385=VECTOR('',#5039,10.);
#1386=VECTOR('',#5044,10.);
#1387=VECTOR('',#5047,10.);
#1388=VECTOR('',#5048,10.);
#1389=VECTOR('',#5055,10.);
#1390=VECTOR('',#5056,10.);
#1391=VECTOR('',#5059,10.);
#1392=VECTOR('',#5060,10.);
#1393=VECTOR('',#5063,10.);
#1394=VECTOR('',#5066,10.);
#1395=VECTOR('',#5071,10.);
#1396=VECTOR('',#5072,10.);
#1397=VECTOR('',#5073,10.);
#1398=VECTOR('',#5076,10.);
#1399=VECTOR('',#5079,10.);
#1400=VECTOR('',#5080,10.);
#1401=VECTOR('',#5081,10.);
#1402=VECTOR('',#5084,10.);
#1403=VECTOR('',#5085,10.);
#1404=VECTOR('',#5088,10.);
#1405=VECTOR('',#5089,10.);
#1406=VECTOR('',#5092,10.);
#1407=VECTOR('',#5093,10.);
#1408=VECTOR('',#5094,10.);
#1409=VECTOR('',#5097,10.);
#1410=VECTOR('',#5098,10.);
#1411=VECTOR('',#5101,10.);
#1412=VECTOR('',#5104,10.);
#1413=VECTOR('',#5107,10.);
#1414=VECTOR('',#5110,10.);
#1415=VECTOR('',#5111,10.);
#1416=VECTOR('',#5112,10.);
#1417=VECTOR('',#5115,10.);
#1418=VECTOR('',#5116,10.);
#1419=VECTOR('',#5119,10.);
#1420=VECTOR('',#5120,10.);
#1421=VECTOR('',#5123,10.);
#1422=VECTOR('',#5124,10.);
#1423=VECTOR('',#5125,10.);
#1424=VECTOR('',#5128,10.);
#1425=VECTOR('',#5129,10.);
#1426=VECTOR('',#5132,10.);
#1427=VECTOR('',#5133,10.);
#1428=VECTOR('',#5136,10.);
#1429=VECTOR('',#5137,10.);
#1430=VECTOR('',#5138,10.);
#1431=VECTOR('',#5141,10.);
#1432=VECTOR('',#5142,10.);
#1433=VECTOR('',#5145,10.);
#1434=VECTOR('',#5146,10.);
#1435=VECTOR('',#5149,10.);
#1436=VECTOR('',#5150,10.);
#1437=VECTOR('',#5151,10.);
#1438=VECTOR('',#5160,10.);
#1439=VECTOR('',#5161,10.);
#1440=VECTOR('',#5164,10.);
#1441=VECTOR('',#5165,10.);
#1442=VECTOR('',#5170,10.);
#1443=VECTOR('',#5173,10.);
#1444=VECTOR('',#5174,10.);
#1445=VECTOR('',#5181,10.);
#1446=VECTOR('',#5182,10.);
#1447=VECTOR('',#5183,10.);
#1448=VECTOR('',#5184,10.);
#1449=VECTOR('',#5185,10.);
#1450=VECTOR('',#5186,10.);
#1451=VECTOR('',#5187,10.);
#1452=VECTOR('',#5188,10.);
#1453=VECTOR('',#5201,10.);
#1454=VECTOR('',#5202,10.);
#1455=VECTOR('',#5203,10.);
#1456=VECTOR('',#5206,10.);
#1457=VECTOR('',#5207,10.);
#1458=VECTOR('',#5210,10.);
#1459=VECTOR('',#5211,10.);
#1460=VECTOR('',#5212,10.);
#1461=VECTOR('',#5213,10.);
#1462=VECTOR('',#5214,10.);
#1463=VECTOR('',#5215,10.);
#1464=VECTOR('',#5216,10.);
#1465=VECTOR('',#5217,10.);
#1466=VECTOR('',#5220,10.);
#1467=VECTOR('',#5221,10.);
#1468=VECTOR('',#5222,10.);
#1469=VECTOR('',#5225,10.);
#1470=VECTOR('',#5226,10.);
#1471=VECTOR('',#5229,10.);
#1472=VECTOR('',#5230,10.);
#1473=VECTOR('',#5231,10.);
#1474=VECTOR('',#5234,10.);
#1475=VECTOR('',#5237,10.);
#1476=VECTOR('',#5238,10.);
#1477=VECTOR('',#5241,10.);
#1478=VECTOR('',#5242,10.);
#1479=VECTOR('',#5245,10.);
#1480=VECTOR('',#5248,10.);
#1481=VECTOR('',#5249,10.);
#1482=VECTOR('',#5252,10.);
#1483=VECTOR('',#5255,10.);
#1484=VECTOR('',#5256,10.);
#1485=VECTOR('',#5257,10.);
#1486=VECTOR('',#5260,10.);
#1487=VECTOR('',#5263,10.);
#1488=VECTOR('',#5264,10.);
#1489=VECTOR('',#5265,10.);
#1490=VECTOR('',#5266,10.);
#1491=VECTOR('',#5267,10.);
#1492=VECTOR('',#5268,10.);
#1493=VECTOR('',#5269,10.);
#1494=VECTOR('',#5270,10.);
#1495=VECTOR('',#5271,10.);
#1496=VECTOR('',#5272,10.);
#1497=VECTOR('',#5273,10.);
#1498=VECTOR('',#5276,10.);
#1499=VECTOR('',#5279,10.);
#1500=VECTOR('',#5280,10.);
#1501=VECTOR('',#5281,10.);
#1502=VECTOR('',#5282,10.);
#1503=VECTOR('',#5283,10.);
#1504=VECTOR('',#5284,10.);
#1505=VECTOR('',#5285,10.);
#1506=VECTOR('',#5286,10.);
#1507=VECTOR('',#5287,10.);
#1508=VECTOR('',#5290,10.);
#1509=VECTOR('',#5291,10.);
#1510=VECTOR('',#5292,10.);
#1511=VECTOR('',#5295,10.);
#1512=VECTOR('',#5296,10.);
#1513=VECTOR('',#5297,10.);
#1514=VECTOR('',#5300,10.);
#1515=VECTOR('',#5301,10.);
#1516=VECTOR('',#5304,10.);
#1517=VECTOR('',#5305,10.);
#1518=VECTOR('',#5308,10.);
#1519=VECTOR('',#5311,10.);
#1520=VECTOR('',#5312,10.);
#1521=VECTOR('',#5317,10.);
#1522=VECTOR('',#5318,10.);
#1523=VECTOR('',#5321,10.);
#1524=VECTOR('',#5322,10.);
#1525=VECTOR('',#5325,10.);
#1526=VECTOR('',#5328,10.);
#1527=VECTOR('',#5333,10.);
#1528=VECTOR('',#5338,10.);
#1529=VECTOR('',#5339,10.);
#1530=VECTOR('',#5342,0.750000000000002);
#1531=VECTOR('',#5345,0.750000000000002);
#1532=VECTOR('',#5348,10.);
#1533=VECTOR('',#5357,10.);
#1534=VECTOR('',#5358,10.);
#1535=VECTOR('',#5359,10.);
#1536=VECTOR('',#5360,10.);
#1537=VECTOR('',#5363,10.);
#1538=VECTOR('',#5364,10.);
#1539=VECTOR('',#5365,10.);
#1540=VECTOR('',#5366,10.);
#1541=VECTOR('',#5369,10.);
#1542=VECTOR('',#5370,10.);
#1543=VECTOR('',#5371,10.);
#1544=VECTOR('',#5372,10.);
#1545=VECTOR('',#5375,10.);
#1546=VECTOR('',#5376,10.);
#1547=VECTOR('',#5379,10.);
#1548=VECTOR('',#5380,10.);
#1549=VECTOR('',#5381,10.);
#1550=VECTOR('',#5384,10.);
#1551=VECTOR('',#5385,10.);
#1552=VECTOR('',#5386,10.);
#1553=VECTOR('',#5389,10.);
#1554=VECTOR('',#5390,10.);
#1555=VECTOR('',#5397,10.);
#1556=VECTOR('',#5398,10.);
#1557=VECTOR('',#5399,10.);
#1558=VECTOR('',#5404,10.);
#1559=VECTOR('',#5411,1.5);
#1560=VECTOR('',#5418,1.5);
#1561=VECTOR('',#5423,1.5);
#1562=VECTOR('',#5428,1.5);
#1563=VECTOR('',#5431,10.);
#1564=VECTOR('',#5432,10.);
#1565=VECTOR('',#5433,10.);
#1566=VECTOR('',#5434,10.);
#1567=VECTOR('',#5437,10.);
#1568=VECTOR('',#5438,10.);
#1569=VECTOR('',#5439,10.);
#1570=VECTOR('',#5442,10.);
#1571=VECTOR('',#5443,10.);
#1572=VECTOR('',#5446,10.);
#1573=VECTOR('',#5447,10.);
#1574=VECTOR('',#5448,10.);
#1575=VECTOR('',#5449,10.);
#1576=VECTOR('',#5452,10.);
#1577=VECTOR('',#5453,10.);
#1578=VECTOR('',#5454,10.);
#1579=VECTOR('',#5455,10.);
#1580=VECTOR('',#5458,10.);
#1581=VECTOR('',#5459,10.);
#1582=VECTOR('',#5462,10.);
#1583=VECTOR('',#5463,10.);
#1584=VECTOR('',#5464,10.);
#1585=VECTOR('',#5465,10.);
#1586=VECTOR('',#5468,10.);
#1587=VECTOR('',#5469,10.);
#1588=VECTOR('',#5470,10.);
#1589=VECTOR('',#5473,10.);
#1590=VECTOR('',#5474,10.);
#1591=VECTOR('',#5475,10.);
#1592=VECTOR('',#5478,10.);
#1593=VECTOR('',#5479,10.);
#1594=VECTOR('',#5480,10.);
#1595=VECTOR('',#5481,10.);
#1596=VECTOR('',#5484,10.);
#1597=VECTOR('',#5485,10.);
#1598=VECTOR('',#5488,10.);
#1599=VECTOR('',#5489,10.);
#1600=VECTOR('',#5490,10.);
#1601=VECTOR('',#5493,10.);
#1602=VECTOR('',#5494,10.);
#1603=VECTOR('',#5495,10.);
#1604=VECTOR('',#5504,2.5);
#1605=VECTOR('',#5511,2.5);
#1606=VECTOR('',#5518,10.);
#1607=VECTOR('',#5519,10.);
#1608=VECTOR('',#5520,10.);
#1609=VECTOR('',#5523,10.);
#1610=VECTOR('',#5524,10.);
#1611=VECTOR('',#5525,10.);
#1612=VECTOR('',#5528,10.);
#1613=VECTOR('',#5529,10.);
#1614=VECTOR('',#5532,10.);
#1615=VECTOR('',#5533,10.);
#1616=VECTOR('',#5536,2.5);
#1617=VECTOR('',#5543,2.5);
#1618=VECTOR('',#5556,10.);
#1619=VECTOR('',#5559,10.);
#1620=VECTOR('',#5568,10.);
#1621=VERTEX_POINT('',#5575);
#1622=VERTEX_POINT('',#5576);
#1623=VERTEX_POINT('',#5578);
#1624=VERTEX_POINT('',#5580);
#1625=VERTEX_POINT('',#5584);
#1626=VERTEX_POINT('',#5586);
#1627=VERTEX_POINT('',#5588);
#1628=VERTEX_POINT('',#5590);
#1629=VERTEX_POINT('',#5592);
#1630=VERTEX_POINT('',#5594);
#1631=VERTEX_POINT('',#5596);
#1632=VERTEX_POINT('',#5598);
#1633=VERTEX_POINT('',#5600);
#1634=VERTEX_POINT('',#5602);
#1635=VERTEX_POINT('',#5604);
#1636=VERTEX_POINT('',#5606);
#1637=VERTEX_POINT('',#5608);
#1638=VERTEX_POINT('',#5610);
#1639=VERTEX_POINT('',#5614);
#1640=VERTEX_POINT('',#5615);
#1641=VERTEX_POINT('',#5620);
#1642=VERTEX_POINT('',#5624);
#1643=VERTEX_POINT('',#5625);
#1644=VERTEX_POINT('',#5627);
#1645=VERTEX_POINT('',#5629);
#1646=VERTEX_POINT('',#5633);
#1647=VERTEX_POINT('',#5635);
#1648=VERTEX_POINT('',#5639);
#1649=VERTEX_POINT('',#5641);
#1650=VERTEX_POINT('',#5648);
#1651=VERTEX_POINT('',#5650);
#1652=VERTEX_POINT('',#5654);
#1653=VERTEX_POINT('',#5656);
#1654=VERTEX_POINT('',#5663);
#1655=VERTEX_POINT('',#5665);
#1656=VERTEX_POINT('',#5669);
#1657=VERTEX_POINT('',#5670);
#1658=VERTEX_POINT('',#5675);
#1659=VERTEX_POINT('',#5677);
#1660=VERTEX_POINT('',#5681);
#1661=VERTEX_POINT('',#5683);
#1662=VERTEX_POINT('',#5687);
#1663=VERTEX_POINT('',#5689);
#1664=VERTEX_POINT('',#5693);
#1665=VERTEX_POINT('',#5695);
#1666=VERTEX_POINT('',#5697);
#1667=VERTEX_POINT('',#5699);
#1668=VERTEX_POINT('',#5701);
#1669=VERTEX_POINT('',#5703);
#1670=VERTEX_POINT('',#5707);
#1671=VERTEX_POINT('',#5711);
#1672=VERTEX_POINT('',#5715);
#1673=VERTEX_POINT('',#5719);
#1674=VERTEX_POINT('',#5723);
#1675=VERTEX_POINT('',#5727);
#1676=VERTEX_POINT('',#5731);
#1677=VERTEX_POINT('',#5735);
#1678=VERTEX_POINT('',#5739);
#1679=VERTEX_POINT('',#5743);
#1680=VERTEX_POINT('',#5745);
#1681=VERTEX_POINT('',#5749);
#1682=VERTEX_POINT('',#5751);
#1683=VERTEX_POINT('',#5755);
#1684=VERTEX_POINT('',#5757);
#1685=VERTEX_POINT('',#5761);
#1686=VERTEX_POINT('',#5762);
#1687=VERTEX_POINT('',#5764);
#1688=VERTEX_POINT('',#5766);
#1689=VERTEX_POINT('',#5768);
#1690=VERTEX_POINT('',#5770);
#1691=VERTEX_POINT('',#5772);
#1692=VERTEX_POINT('',#5774);
#1693=VERTEX_POINT('',#5778);
#1694=VERTEX_POINT('',#5779);
#1695=VERTEX_POINT('',#5781);
#1696=VERTEX_POINT('',#5783);
#1697=VERTEX_POINT('',#5786);
#1698=VERTEX_POINT('',#5787);
#1699=VERTEX_POINT('',#5789);
#1700=VERTEX_POINT('',#5791);
#1701=VERTEX_POINT('',#5794);
#1702=VERTEX_POINT('',#5796);
#1703=VERTEX_POINT('',#5798);
#1704=VERTEX_POINT('',#5800);
#1705=VERTEX_POINT('',#5802);
#1706=VERTEX_POINT('',#5804);
#1707=VERTEX_POINT('',#5807);
#1708=VERTEX_POINT('',#5808);
#1709=VERTEX_POINT('',#5810);
#1710=VERTEX_POINT('',#5812);
#1711=VERTEX_POINT('',#5816);
#1712=VERTEX_POINT('',#5818);
#1713=VERTEX_POINT('',#5820);
#1714=VERTEX_POINT('',#5822);
#1715=VERTEX_POINT('',#5824);
#1716=VERTEX_POINT('',#5827);
#1717=VERTEX_POINT('',#5830);
#1718=VERTEX_POINT('',#5832);
#1719=VERTEX_POINT('',#5835);
#1720=VERTEX_POINT('',#5839);
#1721=VERTEX_POINT('',#5845);
#1722=VERTEX_POINT('',#5849);
#1723=VERTEX_POINT('',#5853);
#1724=VERTEX_POINT('',#5859);
#1725=VERTEX_POINT('',#5861);
#1726=VERTEX_POINT('',#5863);
#1727=VERTEX_POINT('',#5865);
#1728=VERTEX_POINT('',#5867);
#1729=VERTEX_POINT('',#5869);
#1730=VERTEX_POINT('',#5871);
#1731=VERTEX_POINT('',#5873);
#1732=VERTEX_POINT('',#5875);
#1733=VERTEX_POINT('',#5877);
#1734=VERTEX_POINT('',#5879);
#1735=VERTEX_POINT('',#5883);
#1736=VERTEX_POINT('',#5884);
#1737=VERTEX_POINT('',#5886);
#1738=VERTEX_POINT('',#5888);
#1739=VERTEX_POINT('',#5892);
#1740=VERTEX_POINT('',#5894);
#1741=VERTEX_POINT('',#5898);
#1742=VERTEX_POINT('',#5900);
#1743=VERTEX_POINT('',#5906);
#1744=VERTEX_POINT('',#5907);
#1745=VERTEX_POINT('',#5909);
#1746=VERTEX_POINT('',#5911);
#1747=VERTEX_POINT('',#5915);
#1748=VERTEX_POINT('',#5916);
#1749=VERTEX_POINT('',#5918);
#1750=VERTEX_POINT('',#5920);
#1751=VERTEX_POINT('',#5923);
#1752=VERTEX_POINT('',#5925);
#1753=VERTEX_POINT('',#5927);
#1754=VERTEX_POINT('',#5929);
#1755=VERTEX_POINT('',#5931);
#1756=VERTEX_POINT('',#5933);
#1757=VERTEX_POINT('',#5935);
#1758=VERTEX_POINT('',#5937);
#1759=VERTEX_POINT('',#5939);
#1760=VERTEX_POINT('',#5941);
#1761=VERTEX_POINT('',#5943);
#1762=VERTEX_POINT('',#5945);
#1763=VERTEX_POINT('',#5947);
#1764=VERTEX_POINT('',#5949);
#1765=VERTEX_POINT('',#5952);
#1766=VERTEX_POINT('',#5954);
#1767=VERTEX_POINT('',#5957);
#1768=VERTEX_POINT('',#5959);
#1769=VERTEX_POINT('',#5961);
#1770=VERTEX_POINT('',#5964);
#1771=VERTEX_POINT('',#5966);
#1772=VERTEX_POINT('',#5968);
#1773=VERTEX_POINT('',#5970);
#1774=VERTEX_POINT('',#5973);
#1775=VERTEX_POINT('',#5974);
#1776=VERTEX_POINT('',#5976);
#1777=VERTEX_POINT('',#5978);
#1778=VERTEX_POINT('',#5980);
#1779=VERTEX_POINT('',#5982);
#1780=VERTEX_POINT('',#5984);
#1781=VERTEX_POINT('',#5986);
#1782=VERTEX_POINT('',#5988);
#1783=VERTEX_POINT('',#5990);
#1784=VERTEX_POINT('',#5992);
#1785=VERTEX_POINT('',#5994);
#1786=VERTEX_POINT('',#5996);
#1787=VERTEX_POINT('',#5998);
#1788=VERTEX_POINT('',#6000);
#1789=VERTEX_POINT('',#6002);
#1790=VERTEX_POINT('',#6004);
#1791=VERTEX_POINT('',#6006);
#1792=VERTEX_POINT('',#6008);
#1793=VERTEX_POINT('',#6010);
#1794=VERTEX_POINT('',#6012);
#1795=VERTEX_POINT('',#6014);
#1796=VERTEX_POINT('',#6016);
#1797=VERTEX_POINT('',#6018);
#1798=VERTEX_POINT('',#6021);
#1799=VERTEX_POINT('',#6023);
#1800=VERTEX_POINT('',#6025);
#1801=VERTEX_POINT('',#6028);
#1802=VERTEX_POINT('',#6030);
#1803=VERTEX_POINT('',#6034);
#1804=VERTEX_POINT('',#6038);
#1805=VERTEX_POINT('',#6042);
#1806=VERTEX_POINT('',#6046);
#1807=VERTEX_POINT('',#6057);
#1808=VERTEX_POINT('',#6059);
#1809=VERTEX_POINT('',#6063);
#1810=VERTEX_POINT('',#6065);
#1811=VERTEX_POINT('',#6067);
#1812=VERTEX_POINT('',#6069);
#1813=VERTEX_POINT('',#6071);
#1814=VERTEX_POINT('',#6073);
#1815=VERTEX_POINT('',#6075);
#1816=VERTEX_POINT('',#6077);
#1817=VERTEX_POINT('',#6079);
#1818=VERTEX_POINT('',#6081);
#1819=VERTEX_POINT('',#6083);
#1820=VERTEX_POINT('',#6085);
#1821=VERTEX_POINT('',#6087);
#1822=VERTEX_POINT('',#6089);
#1823=VERTEX_POINT('',#6091);
#1824=VERTEX_POINT('',#6093);
#1825=VERTEX_POINT('',#6096);
#1826=VERTEX_POINT('',#6098);
#1827=VERTEX_POINT('',#6100);
#1828=VERTEX_POINT('',#6104);
#1829=VERTEX_POINT('',#6108);
#1830=VERTEX_POINT('',#6110);
#1831=VERTEX_POINT('',#6112);
#1832=VERTEX_POINT('',#6114);
#1833=VERTEX_POINT('',#6116);
#1834=VERTEX_POINT('',#6118);
#1835=VERTEX_POINT('',#6120);
#1836=VERTEX_POINT('',#6122);
#1837=VERTEX_POINT('',#6124);
#1838=VERTEX_POINT('',#6126);
#1839=VERTEX_POINT('',#6128);
#1840=VERTEX_POINT('',#6130);
#1841=VERTEX_POINT('',#6132);
#1842=VERTEX_POINT('',#6134);
#1843=VERTEX_POINT('',#6136);
#1844=VERTEX_POINT('',#6138);
#1845=VERTEX_POINT('',#6140);
#1846=VERTEX_POINT('',#6142);
#1847=VERTEX_POINT('',#6144);
#1848=VERTEX_POINT('',#6146);
#1849=VERTEX_POINT('',#6148);
#1850=VERTEX_POINT('',#6150);
#1851=VERTEX_POINT('',#6152);
#1852=VERTEX_POINT('',#6154);
#1853=VERTEX_POINT('',#6156);
#1854=VERTEX_POINT('',#6158);
#1855=VERTEX_POINT('',#6160);
#1856=VERTEX_POINT('',#6162);
#1857=VERTEX_POINT('',#6164);
#1858=VERTEX_POINT('',#6166);
#1859=VERTEX_POINT('',#6168);
#1860=VERTEX_POINT('',#6172);
#1861=VERTEX_POINT('',#6190);
#1862=VERTEX_POINT('',#6192);
#1863=VERTEX_POINT('',#6197);
#1864=VERTEX_POINT('',#6199);
#1865=VERTEX_POINT('',#6201);
#1866=VERTEX_POINT('',#6203);
#1867=VERTEX_POINT('',#6207);
#1868=VERTEX_POINT('',#6209);
#1869=VERTEX_POINT('',#6213);
#1870=VERTEX_POINT('',#6219);
#1871=VERTEX_POINT('',#6223);
#1872=VERTEX_POINT('',#6227);
#1873=VERTEX_POINT('',#6228);
#1874=VERTEX_POINT('',#6233);
#1875=VERTEX_POINT('',#6234);
#1876=VERTEX_POINT('',#6241);
#1877=VERTEX_POINT('',#6242);
#1878=VERTEX_POINT('',#6249);
#1879=VERTEX_POINT('',#6250);
#1880=VERTEX_POINT('',#6255);
#1881=VERTEX_POINT('',#6256);
#1882=VERTEX_POINT('',#6261);
#1883=VERTEX_POINT('',#6265);
#1884=VERTEX_POINT('',#6271);
#1885=VERTEX_POINT('',#6275);
#1886=VERTEX_POINT('',#6277);
#1887=VERTEX_POINT('',#6279);
#1888=VERTEX_POINT('',#6285);
#1889=VERTEX_POINT('',#6287);
#1890=VERTEX_POINT('',#6289);
#1891=VERTEX_POINT('',#6295);
#1892=VERTEX_POINT('',#6296);
#1893=VERTEX_POINT('',#6301);
#1894=VERTEX_POINT('',#6305);
#1895=VERTEX_POINT('',#6309);
#1896=VERTEX_POINT('',#6310);
#1897=VERTEX_POINT('',#6315);
#1898=VERTEX_POINT('',#6321);
#1899=VERTEX_POINT('',#6323);
#1900=VERTEX_POINT('',#6327);
#1901=VERTEX_POINT('',#6328);
#1902=VERTEX_POINT('',#6333);
#1903=VERTEX_POINT('',#6337);
#1904=VERTEX_POINT('',#6341);
#1905=VERTEX_POINT('',#6342);
#1906=VERTEX_POINT('',#6347);
#1907=VERTEX_POINT('',#6351);
#1908=VERTEX_POINT('',#6355);
#1909=VERTEX_POINT('',#6356);
#1910=VERTEX_POINT('',#6361);
#1911=VERTEX_POINT('',#6365);
#1912=VERTEX_POINT('',#6369);
#1913=VERTEX_POINT('',#6370);
#1914=VERTEX_POINT('',#6377);
#1915=VERTEX_POINT('',#6378);
#1916=VERTEX_POINT('',#6383);
#1917=VERTEX_POINT('',#6387);
#1918=VERTEX_POINT('',#6391);
#1919=VERTEX_POINT('',#6411);
#1920=VERTEX_POINT('',#6413);
#1921=VERTEX_POINT('',#6417);
#1922=VERTEX_POINT('',#6421);
#1923=VERTEX_POINT('',#6422);
#1924=VERTEX_POINT('',#6425);
#1925=VERTEX_POINT('',#6427);
#1926=VERTEX_POINT('',#6434);
#1927=VERTEX_POINT('',#6436);
#1928=VERTEX_POINT('',#6440);
#1929=VERTEX_POINT('',#6444);
#1930=VERTEX_POINT('',#6446);
#1931=VERTEX_POINT('',#6452);
#1932=VERTEX_POINT('',#6456);
#1933=VERTEX_POINT('',#6462);
#1934=VERTEX_POINT('',#6468);
#1935=VERTEX_POINT('',#6469);
#1936=VERTEX_POINT('',#6476);
#1937=VERTEX_POINT('',#6477);
#1938=VERTEX_POINT('',#6479);
#1939=VERTEX_POINT('',#6481);
#1940=VERTEX_POINT('',#6483);
#1941=VERTEX_POINT('',#6485);
#1942=VERTEX_POINT('',#6487);
#1943=VERTEX_POINT('',#6489);
#1944=VERTEX_POINT('',#6491);
#1945=VERTEX_POINT('',#6494);
#1946=VERTEX_POINT('',#6500);
#1947=VERTEX_POINT('',#6504);
#1948=VERTEX_POINT('',#6506);
#1949=VERTEX_POINT('',#6509);
#1950=VERTEX_POINT('',#6514);
#1951=VERTEX_POINT('',#6516);
#1952=VERTEX_POINT('',#6520);
#1953=VERTEX_POINT('',#6522);
#1954=VERTEX_POINT('',#6526);
#1955=VERTEX_POINT('',#6530);
#1956=VERTEX_POINT('',#6536);
#1957=VERTEX_POINT('',#6541);
#1958=VERTEX_POINT('',#6545);
#1959=VERTEX_POINT('',#6569);
#1960=VERTEX_POINT('',#6570);
#1961=VERTEX_POINT('',#6572);
#1962=VERTEX_POINT('',#6574);
#1963=VERTEX_POINT('',#6578);
#1964=VERTEX_POINT('',#6579);
#1965=VERTEX_POINT('',#6581);
#1966=VERTEX_POINT('',#6583);
#1967=VERTEX_POINT('',#6587);
#1968=VERTEX_POINT('',#6588);
#1969=VERTEX_POINT('',#6590);
#1970=VERTEX_POINT('',#6592);
#1971=VERTEX_POINT('',#6599);
#1972=VERTEX_POINT('',#6601);
#1973=VERTEX_POINT('',#6605);
#1974=VERTEX_POINT('',#6607);
#1975=VERTEX_POINT('',#6616);
#1976=VERTEX_POINT('',#6618);
#1977=VERTEX_POINT('',#6626);
#1978=VERTEX_POINT('',#6628);
#1979=VERTEX_POINT('',#6632);
#1980=VERTEX_POINT('',#6636);
#1981=VERTEX_POINT('',#6640);
#1982=VERTEX_POINT('',#6644);
#1983=VERTEX_POINT('',#6645);
#1984=VERTEX_POINT('',#6647);
#1985=VERTEX_POINT('',#6649);
#1986=VERTEX_POINT('',#6653);
#1987=VERTEX_POINT('',#6661);
#1988=VERTEX_POINT('',#6662);
#1989=VERTEX_POINT('',#6664);
#1990=VERTEX_POINT('',#6669);
#1991=VERTEX_POINT('',#6670);
#1992=VERTEX_POINT('',#6673);
#1993=VERTEX_POINT('',#6680);
#1994=VERTEX_POINT('',#6681);
#1995=VERTEX_POINT('',#6683);
#1996=VERTEX_POINT('',#6685);
#1997=VERTEX_POINT('',#6689);
#1998=VERTEX_POINT('',#6694);
#1999=VERTEX_POINT('',#6699);
#2000=VERTEX_POINT('',#6700);
#2001=VERTEX_POINT('',#6702);
#2002=VERTEX_POINT('',#6704);
#2003=VERTEX_POINT('',#6711);
#2004=VERTEX_POINT('',#6723);
#2005=VERTEX_POINT('',#6728);
#2006=VERTEX_POINT('',#6733);
#2007=VERTEX_POINT('',#6735);
#2008=VERTEX_POINT('',#6739);
#2009=VERTEX_POINT('',#6750);
#2010=VERTEX_POINT('',#6755);
#2011=EDGE_CURVE('',#1621,#1622,#611,.T.);
#2012=EDGE_CURVE('',#1623,#1621,#612,.T.);
#2013=EDGE_CURVE('',#1624,#1623,#613,.T.);
#2014=EDGE_CURVE('',#1622,#1624,#614,.T.);
#2015=EDGE_CURVE('',#1625,#1624,#615,.T.);
#2016=EDGE_CURVE('',#1626,#1623,#616,.T.);
#2017=EDGE_CURVE('',#1627,#1626,#617,.T.);
#2018=EDGE_CURVE('',#1628,#1627,#618,.T.);
#2019=EDGE_CURVE('',#1629,#1628,#619,.T.);
#2020=EDGE_CURVE('',#1630,#1629,#620,.T.);
#2021=EDGE_CURVE('',#1630,#1631,#86,.T.);
#2022=EDGE_CURVE('',#1631,#1632,#621,.T.);
#2023=EDGE_CURVE('',#1632,#1633,#87,.T.);
#2024=EDGE_CURVE('',#1633,#1634,#622,.T.);
#2025=EDGE_CURVE('',#1634,#1635,#88,.T.);
#2026=EDGE_CURVE('',#1635,#1636,#623,.T.);
#2027=EDGE_CURVE('',#1636,#1637,#89,.T.);
#2028=EDGE_CURVE('',#1638,#1637,#624,.T.);
#2029=EDGE_CURVE('',#1638,#1625,#625,.T.);
#2030=EDGE_CURVE('',#1639,#1640,#626,.T.);
#2031=EDGE_CURVE('',#1625,#1639,#627,.T.);
#2032=EDGE_CURVE('',#1640,#1638,#628,.T.);
#2033=EDGE_CURVE('',#1637,#1641,#629,.T.);
#2034=EDGE_CURVE('',#1641,#1640,#630,.T.);
#2035=EDGE_CURVE('',#1642,#1643,#631,.T.);
#2036=EDGE_CURVE('',#1643,#1644,#632,.T.);
#2037=EDGE_CURVE('',#1644,#1645,#633,.T.);
#2038=EDGE_CURVE('',#1645,#1642,#634,.T.);
#2039=EDGE_CURVE('',#1643,#1646,#635,.T.);
#2040=EDGE_CURVE('',#1646,#1647,#636,.T.);
#2041=EDGE_CURVE('',#1647,#1644,#637,.T.);
#2042=EDGE_CURVE('',#1648,#1647,#90,.T.);
#2043=EDGE_CURVE('',#1646,#1649,#91,.T.);
#2044=EDGE_CURVE('',#1649,#1648,#76,.T.);
#2045=EDGE_CURVE('',#1649,#1650,#92,.T.);
#2046=EDGE_CURVE('',#1650,#1651,#638,.T.);
#2047=EDGE_CURVE('',#1651,#1648,#93,.T.);
#2048=EDGE_CURVE('',#1652,#1651,#639,.T.);
#2049=EDGE_CURVE('',#1650,#1653,#640,.T.);
#2050=EDGE_CURVE('',#1653,#1652,#77,.T.);
#2051=EDGE_CURVE('',#1653,#1654,#94,.T.);
#2052=EDGE_CURVE('',#1654,#1655,#641,.T.);
#2053=EDGE_CURVE('',#1655,#1652,#95,.T.);
#2054=EDGE_CURVE('',#1656,#1657,#642,.T.);
#2055=EDGE_CURVE('',#1657,#1655,#96,.T.);
#2056=EDGE_CURVE('',#1654,#1656,#97,.T.);
#2057=EDGE_CURVE('',#1658,#1657,#643,.T.);
#2058=EDGE_CURVE('',#1656,#1659,#644,.T.);
#2059=EDGE_CURVE('',#1659,#1658,#645,.T.);
#2060=EDGE_CURVE('',#1659,#1660,#646,.T.);
#2061=EDGE_CURVE('',#1660,#1661,#647,.T.);
#2062=EDGE_CURVE('',#1661,#1658,#648,.T.);
#2063=EDGE_CURVE('',#1645,#1662,#649,.T.);
#2064=EDGE_CURVE('',#1662,#1663,#650,.T.);
#2065=EDGE_CURVE('',#1663,#1642,#651,.T.);
#2066=EDGE_CURVE('',#1660,#1664,#652,.T.);
#2067=EDGE_CURVE('',#1664,#1665,#653,.T.);
#2068=EDGE_CURVE('',#1666,#1665,#654,.T.);
#2069=EDGE_CURVE('',#1667,#1666,#655,.T.);
#2070=EDGE_CURVE('',#1668,#1667,#656,.T.);
#2071=EDGE_CURVE('',#1669,#1668,#657,.F.);
#2072=EDGE_CURVE('',#1669,#1661,#658,.T.);
#2073=EDGE_CURVE('',#1670,#1659,#659,.T.);
#2074=EDGE_CURVE('',#1670,#1664,#660,.T.);
#2075=EDGE_CURVE('',#1671,#1656,#661,.T.);
#2076=EDGE_CURVE('',#1671,#1670,#662,.T.);
#2077=EDGE_CURVE('',#1672,#1654,#663,.T.);
#2078=EDGE_CURVE('',#1672,#1671,#98,.T.);
#2079=EDGE_CURVE('',#1673,#1653,#664,.T.);
#2080=EDGE_CURVE('',#1673,#1672,#99,.T.);
#2081=EDGE_CURVE('',#1674,#1650,#665,.T.);
#2082=EDGE_CURVE('',#1674,#1673,#666,.T.);
#2083=EDGE_CURVE('',#1675,#1649,#667,.T.);
#2084=EDGE_CURVE('',#1675,#1674,#100,.T.);
#2085=EDGE_CURVE('',#1676,#1646,#668,.T.);
#2086=EDGE_CURVE('',#1676,#1675,#101,.T.);
#2087=EDGE_CURVE('',#1677,#1643,#669,.T.);
#2088=EDGE_CURVE('',#1677,#1676,#670,.T.);
#2089=EDGE_CURVE('',#1678,#1642,#671,.T.);
#2090=EDGE_CURVE('',#1678,#1677,#672,.T.);
#2091=EDGE_CURVE('',#1679,#1669,#673,.T.);
#2092=EDGE_CURVE('',#1668,#1680,#674,.T.);
#2093=EDGE_CURVE('',#1680,#1679,#675,.T.);
#2094=EDGE_CURVE('',#1681,#1679,#676,.T.);
#2095=EDGE_CURVE('',#1680,#1682,#677,.T.);
#2096=EDGE_CURVE('',#1682,#1681,#678,.T.);
#2097=EDGE_CURVE('',#1682,#1683,#679,.T.);
#2098=EDGE_CURVE('',#1683,#1684,#680,.F.);
#2099=EDGE_CURVE('',#1684,#1681,#681,.T.);
#2100=EDGE_CURVE('',#1685,#1686,#682,.T.);
#2101=EDGE_CURVE('',#1687,#1685,#102,.T.);
#2102=EDGE_CURVE('',#1688,#1687,#683,.T.);
#2103=EDGE_CURVE('',#1689,#1688,#103,.T.);
#2104=EDGE_CURVE('',#1690,#1689,#684,.T.);
#2105=EDGE_CURVE('',#1691,#1690,#104,.T.);
#2106=EDGE_CURVE('',#1692,#1691,#685,.T.);
#2107=EDGE_CURVE('',#1686,#1692,#105,.T.);
#2108=EDGE_CURVE('',#1662,#1684,#686,.T.);
#2109=EDGE_CURVE('',#1693,#1694,#687,.T.);
#2110=EDGE_CURVE('',#1694,#1695,#688,.T.);
#2111=EDGE_CURVE('',#1695,#1696,#689,.T.);
#2112=EDGE_CURVE('',#1696,#1693,#690,.T.);
#2113=EDGE_CURVE('',#1697,#1698,#691,.T.);
#2114=EDGE_CURVE('',#1698,#1699,#692,.T.);
#2115=EDGE_CURVE('',#1699,#1700,#693,.T.);
#2116=EDGE_CURVE('',#1700,#1697,#694,.T.);
#2117=EDGE_CURVE('',#1701,#1701,#106,.T.);
#2118=EDGE_CURVE('',#1702,#1702,#107,.T.);
#2119=EDGE_CURVE('',#1703,#1703,#108,.T.);
#2120=EDGE_CURVE('',#1704,#1704,#109,.T.);
#2121=EDGE_CURVE('',#1705,#1705,#110,.T.);
#2122=EDGE_CURVE('',#1706,#1706,#111,.T.);
#2123=EDGE_CURVE('',#1707,#1708,#695,.T.);
#2124=EDGE_CURVE('',#1709,#1708,#696,.T.);
#2125=EDGE_CURVE('',#1710,#1709,#697,.T.);
#2126=EDGE_CURVE('',#1710,#1707,#698,.T.);
#2127=EDGE_CURVE('',#1711,#1709,#699,.T.);
#2128=EDGE_CURVE('',#1712,#1711,#700,.T.);
#2129=EDGE_CURVE('',#1713,#1712,#701,.T.);
#2130=EDGE_CURVE('',#1714,#1713,#702,.T.);
#2131=EDGE_CURVE('',#1714,#1715,#703,.T.);
#2132=EDGE_CURVE('',#1715,#1665,#704,.T.);
#2133=EDGE_CURVE('',#1678,#1716,#705,.T.);
#2134=EDGE_CURVE('',#1710,#1716,#706,.T.);
#2135=EDGE_CURVE('',#1717,#1717,#112,.T.);
#2136=EDGE_CURVE('',#1718,#1718,#113,.T.);
#2137=EDGE_CURVE('',#1719,#1708,#707,.T.);
#2138=EDGE_CURVE('',#1719,#1711,#708,.T.);
#2139=EDGE_CURVE('',#1715,#1720,#709,.T.);
#2140=EDGE_CURVE('',#1720,#1666,#710,.T.);
#2141=EDGE_CURVE('',#1716,#1663,#711,.T.);
#2142=EDGE_CURVE('',#1721,#1683,#712,.T.);
#2143=EDGE_CURVE('',#1721,#1707,#713,.T.);
#2144=EDGE_CURVE('',#1722,#1682,#714,.T.);
#2145=EDGE_CURVE('',#1721,#1722,#715,.T.);
#2146=EDGE_CURVE('',#1723,#1667,#716,.T.);
#2147=EDGE_CURVE('',#1723,#1680,#717,.T.);
#2148=EDGE_CURVE('',#1622,#1639,#718,.T.);
#2149=EDGE_CURVE('',#1641,#1724,#114,.T.);
#2150=EDGE_CURVE('',#1724,#1725,#719,.T.);
#2151=EDGE_CURVE('',#1725,#1726,#115,.T.);
#2152=EDGE_CURVE('',#1726,#1727,#720,.T.);
#2153=EDGE_CURVE('',#1727,#1728,#116,.T.);
#2154=EDGE_CURVE('',#1728,#1729,#721,.T.);
#2155=EDGE_CURVE('',#1729,#1730,#117,.T.);
#2156=EDGE_CURVE('',#1731,#1730,#722,.T.);
#2157=EDGE_CURVE('',#1732,#1731,#723,.T.);
#2158=EDGE_CURVE('',#1733,#1732,#724,.T.);
#2159=EDGE_CURVE('',#1733,#1734,#725,.T.);
#2160=EDGE_CURVE('',#1621,#1734,#726,.T.);
#2161=EDGE_CURVE('',#1735,#1736,#727,.T.);
#2162=EDGE_CURVE('',#1737,#1735,#728,.T.);
#2163=EDGE_CURVE('',#1738,#1737,#729,.T.);
#2164=EDGE_CURVE('',#1736,#1738,#730,.T.);
#2165=EDGE_CURVE('',#1739,#1738,#731,.T.);
#2166=EDGE_CURVE('',#1740,#1739,#732,.T.);
#2167=EDGE_CURVE('',#1736,#1740,#733,.T.);
#2168=EDGE_CURVE('',#1740,#1741,#734,.T.);
#2169=EDGE_CURVE('',#1742,#1739,#735,.T.);
#2170=EDGE_CURVE('',#1741,#1742,#736,.T.);
#2171=EDGE_CURVE('',#1737,#1742,#737,.T.);
#2172=EDGE_CURVE('',#1743,#1744,#738,.T.);
#2173=EDGE_CURVE('',#1745,#1743,#739,.T.);
#2174=EDGE_CURVE('',#1746,#1745,#740,.T.);
#2175=EDGE_CURVE('',#1744,#1746,#741,.T.);
#2176=EDGE_CURVE('',#1747,#1748,#742,.T.);
#2177=EDGE_CURVE('',#1748,#1749,#118,.T.);
#2178=EDGE_CURVE('',#1749,#1750,#743,.T.);
#2179=EDGE_CURVE('',#1750,#1733,#119,.T.);
#2180=EDGE_CURVE('',#1732,#1751,#120,.T.);
#2181=EDGE_CURVE('',#1751,#1752,#744,.T.);
#2182=EDGE_CURVE('',#1752,#1753,#745,.T.);
#2183=EDGE_CURVE('',#1753,#1754,#746,.T.);
#2184=EDGE_CURVE('',#1754,#1755,#747,.T.);
#2185=EDGE_CURVE('',#1755,#1756,#748,.T.);
#2186=EDGE_CURVE('',#1756,#1757,#749,.T.);
#2187=EDGE_CURVE('',#1757,#1758,#750,.T.);
#2188=EDGE_CURVE('',#1758,#1759,#751,.T.);
#2189=EDGE_CURVE('',#1759,#1760,#752,.T.);
#2190=EDGE_CURVE('',#1760,#1761,#121,.T.);
#2191=EDGE_CURVE('',#1761,#1762,#753,.T.);
#2192=EDGE_CURVE('',#1763,#1762,#754,.T.);
#2193=EDGE_CURVE('',#1764,#1763,#755,.T.);
#2194=EDGE_CURVE('',#1747,#1764,#756,.T.);
#2195=EDGE_CURVE('',#1735,#1765,#757,.T.);
#2196=EDGE_CURVE('',#1765,#1766,#758,.T.);
#2197=EDGE_CURVE('',#1766,#1723,#759,.T.);
#2198=EDGE_CURVE('',#1720,#1767,#760,.T.);
#2199=EDGE_CURVE('',#1767,#1768,#761,.T.);
#2200=EDGE_CURVE('',#1768,#1769,#762,.T.);
#2201=EDGE_CURVE('',#1769,#1719,#763,.T.);
#2202=EDGE_CURVE('',#1722,#1770,#764,.T.);
#2203=EDGE_CURVE('',#1770,#1771,#765,.T.);
#2204=EDGE_CURVE('',#1771,#1772,#766,.T.);
#2205=EDGE_CURVE('',#1772,#1773,#767,.T.);
#2206=EDGE_CURVE('',#1773,#1741,#768,.T.);
#2207=EDGE_CURVE('',#1774,#1775,#769,.T.);
#2208=EDGE_CURVE('',#1776,#1774,#770,.T.);
#2209=EDGE_CURVE('',#1776,#1777,#771,.T.);
#2210=EDGE_CURVE('',#1778,#1777,#772,.T.);
#2211=EDGE_CURVE('',#1779,#1778,#773,.T.);
#2212=EDGE_CURVE('',#1780,#1779,#774,.T.);
#2213=EDGE_CURVE('',#1780,#1781,#775,.T.);
#2214=EDGE_CURVE('',#1782,#1781,#776,.T.);
#2215=EDGE_CURVE('',#1783,#1782,#777,.T.);
#2216=EDGE_CURVE('',#1784,#1783,#778,.T.);
#2217=EDGE_CURVE('',#1784,#1785,#779,.T.);
#2218=EDGE_CURVE('',#1785,#1786,#780,.T.);
#2219=EDGE_CURVE('',#1786,#1787,#781,.T.);
#2220=EDGE_CURVE('',#1787,#1788,#782,.T.);
#2221=EDGE_CURVE('',#1788,#1789,#783,.T.);
#2222=EDGE_CURVE('',#1789,#1790,#784,.T.);
#2223=EDGE_CURVE('',#1790,#1791,#122,.T.);
#2224=EDGE_CURVE('',#1791,#1792,#785,.T.);
#2225=EDGE_CURVE('',#1792,#1793,#786,.T.);
#2226=EDGE_CURVE('',#1793,#1794,#787,.T.);
#2227=EDGE_CURVE('',#1794,#1795,#788,.T.);
#2228=EDGE_CURVE('',#1795,#1796,#789,.T.);
#2229=EDGE_CURVE('',#1796,#1797,#790,.T.);
#2230=EDGE_CURVE('',#1797,#1775,#791,.T.);
#2231=EDGE_CURVE('',#1798,#1798,#123,.T.);
#2232=EDGE_CURVE('',#1799,#1799,#124,.T.);
#2233=EDGE_CURVE('',#1800,#1800,#125,.T.);
#2234=EDGE_CURVE('',#1801,#1685,#792,.T.);
#2235=EDGE_CURVE('',#1686,#1802,#793,.T.);
#2236=EDGE_CURVE('',#1802,#1801,#794,.T.);
#2237=EDGE_CURVE('',#1803,#1687,#795,.T.);
#2238=EDGE_CURVE('',#1801,#1803,#126,.T.);
#2239=EDGE_CURVE('',#1804,#1688,#796,.T.);
#2240=EDGE_CURVE('',#1803,#1804,#797,.T.);
#2241=EDGE_CURVE('',#1805,#1689,#798,.T.);
#2242=EDGE_CURVE('',#1804,#1805,#127,.T.);
#2243=EDGE_CURVE('',#1806,#1690,#799,.T.);
#2244=EDGE_CURVE('',#1805,#1806,#800,.T.);
#2245=EDGE_CURVE('',#1628,#1691,#801,.T.);
#2246=EDGE_CURVE('',#1806,#1628,#128,.T.);
#2247=EDGE_CURVE('',#1627,#1692,#802,.T.);
#2248=EDGE_CURVE('',#1627,#1802,#129,.T.);
#2249=EDGE_CURVE('',#1804,#1807,#803,.T.);
#2250=EDGE_CURVE('',#1808,#1807,#130,.T.);
#2251=EDGE_CURVE('',#1805,#1808,#804,.T.);
#2252=EDGE_CURVE('',#1803,#1809,#805,.T.);
#2253=EDGE_CURVE('',#1810,#1809,#806,.T.);
#2254=EDGE_CURVE('',#1810,#1811,#807,.T.);
#2255=EDGE_CURVE('',#1811,#1812,#131,.T.);
#2256=EDGE_CURVE('',#1812,#1813,#808,.T.);
#2257=EDGE_CURVE('',#1813,#1814,#132,.T.);
#2258=EDGE_CURVE('',#1814,#1815,#809,.T.);
#2259=EDGE_CURVE('',#1816,#1815,#810,.T.);
#2260=EDGE_CURVE('',#1816,#1817,#811,.T.);
#2261=EDGE_CURVE('',#1817,#1818,#133,.T.);
#2262=EDGE_CURVE('',#1818,#1819,#812,.T.);
#2263=EDGE_CURVE('',#1819,#1820,#134,.T.);
#2264=EDGE_CURVE('',#1820,#1821,#813,.T.);
#2265=EDGE_CURVE('',#1822,#1821,#814,.T.);
#2266=EDGE_CURVE('',#1822,#1823,#135,.T.);
#2267=EDGE_CURVE('',#1823,#1824,#815,.T.);
#2268=EDGE_CURVE('',#1824,#1764,#136,.T.);
#2269=EDGE_CURVE('',#1763,#1825,#137,.T.);
#2270=EDGE_CURVE('',#1825,#1826,#816,.T.);
#2271=EDGE_CURVE('',#1826,#1827,#138,.T.);
#2272=EDGE_CURVE('',#1807,#1827,#817,.T.);
#2273=EDGE_CURVE('',#1801,#1828,#818,.T.);
#2274=EDGE_CURVE('',#1809,#1828,#139,.T.);
#2275=EDGE_CURVE('',#1802,#1829,#819,.T.);
#2276=EDGE_CURVE('',#1830,#1829,#820,.T.);
#2277=EDGE_CURVE('',#1830,#1831,#140,.T.);
#2278=EDGE_CURVE('',#1831,#1832,#821,.T.);
#2279=EDGE_CURVE('',#1832,#1833,#141,.T.);
#2280=EDGE_CURVE('',#1833,#1834,#822,.T.);
#2281=EDGE_CURVE('',#1834,#1835,#142,.T.);
#2282=EDGE_CURVE('',#1835,#1836,#823,.T.);
#2283=EDGE_CURVE('',#1836,#1837,#143,.T.);
#2284=EDGE_CURVE('',#1838,#1837,#824,.T.);
#2285=EDGE_CURVE('',#1838,#1839,#825,.T.);
#2286=EDGE_CURVE('',#1839,#1840,#826,.T.);
#2287=EDGE_CURVE('',#1840,#1841,#827,.T.);
#2288=EDGE_CURVE('',#1842,#1841,#828,.T.);
#2289=EDGE_CURVE('',#1842,#1843,#829,.T.);
#2290=EDGE_CURVE('',#1843,#1844,#830,.T.);
#2291=EDGE_CURVE('',#1844,#1845,#831,.T.);
#2292=EDGE_CURVE('',#1846,#1845,#832,.T.);
#2293=EDGE_CURVE('',#1846,#1847,#144,.T.);
#2294=EDGE_CURVE('',#1848,#1847,#833,.T.);
#2295=EDGE_CURVE('',#1848,#1849,#834,.T.);
#2296=EDGE_CURVE('',#1849,#1850,#835,.T.);
#2297=EDGE_CURVE('',#1850,#1851,#836,.T.);
#2298=EDGE_CURVE('',#1852,#1851,#837,.T.);
#2299=EDGE_CURVE('',#1852,#1853,#838,.T.);
#2300=EDGE_CURVE('',#1853,#1854,#839,.T.);
#2301=EDGE_CURVE('',#1854,#1855,#840,.T.);
#2302=EDGE_CURVE('',#1856,#1855,#841,.T.);
#2303=EDGE_CURVE('',#1856,#1857,#842,.T.);
#2304=EDGE_CURVE('',#1857,#1858,#843,.T.);
#2305=EDGE_CURVE('',#1858,#1859,#844,.T.);
#2306=EDGE_CURVE('',#1828,#1859,#845,.T.);
#2307=EDGE_CURVE('',#1824,#1860,#846,.T.);
#2308=EDGE_CURVE('',#1747,#1860,#145,.T.);
#2309=EDGE_CURVE('',#1632,#1728,#847,.T.);
#2310=EDGE_CURVE('',#1631,#1729,#848,.T.);
#2311=EDGE_CURVE('',#1730,#1630,#849,.T.);
#2312=EDGE_CURVE('',#1636,#1724,#850,.T.);
#2313=EDGE_CURVE('',#1635,#1725,#851,.T.);
#2314=EDGE_CURVE('',#1634,#1726,#852,.T.);
#2315=EDGE_CURVE('',#1633,#1727,#853,.T.);
#2316=EDGE_CURVE('',#1734,#1861,#146,.T.);
#2317=EDGE_CURVE('',#1861,#1862,#854,.T.);
#2318=EDGE_CURVE('',#1862,#1830,#855,.T.);
#2319=EDGE_CURVE('',#1829,#1626,#147,.T.);
#2320=EDGE_CURVE('',#1629,#1863,#148,.T.);
#2321=EDGE_CURVE('',#1863,#1864,#856,.T.);
#2322=EDGE_CURVE('',#1864,#1865,#857,.T.);
#2323=EDGE_CURVE('',#1865,#1866,#858,.T.);
#2324=EDGE_CURVE('',#1866,#1731,#149,.T.);
#2325=EDGE_CURVE('',#1827,#1867,#859,.T.);
#2326=EDGE_CURVE('',#1826,#1868,#860,.T.);
#2327=EDGE_CURVE('',#1867,#1868,#150,.T.);
#2328=EDGE_CURVE('',#1868,#1869,#861,.T.);
#2329=EDGE_CURVE('',#1825,#1869,#862,.T.);
#2330=EDGE_CURVE('',#1869,#1762,#151,.T.);
#2331=EDGE_CURVE('',#1860,#1870,#863,.T.);
#2332=EDGE_CURVE('',#1823,#1870,#864,.T.);
#2333=EDGE_CURVE('',#1871,#1822,#865,.T.);
#2334=EDGE_CURVE('',#1870,#1871,#152,.T.);
#2335=EDGE_CURVE('',#1872,#1873,#866,.T.);
#2336=EDGE_CURVE('',#1817,#1872,#867,.T.);
#2337=EDGE_CURVE('',#1873,#1816,#868,.T.);
#2338=EDGE_CURVE('',#1874,#1875,#869,.T.);
#2339=EDGE_CURVE('',#1819,#1874,#870,.T.);
#2340=EDGE_CURVE('',#1818,#1875,#871,.T.);
#2341=EDGE_CURVE('',#1875,#1872,#153,.T.);
#2342=EDGE_CURVE('',#1876,#1877,#872,.T.);
#2343=EDGE_CURVE('',#1821,#1876,#873,.T.);
#2344=EDGE_CURVE('',#1820,#1877,#874,.T.);
#2345=EDGE_CURVE('',#1877,#1874,#154,.T.);
#2346=EDGE_CURVE('',#1878,#1879,#875,.T.);
#2347=EDGE_CURVE('',#1811,#1878,#876,.T.);
#2348=EDGE_CURVE('',#1879,#1810,#877,.T.);
#2349=EDGE_CURVE('',#1880,#1881,#878,.T.);
#2350=EDGE_CURVE('',#1815,#1880,#879,.T.);
#2351=EDGE_CURVE('',#1814,#1881,#880,.T.);
#2352=EDGE_CURVE('',#1881,#1882,#155,.T.);
#2353=EDGE_CURVE('',#1813,#1882,#881,.T.);
#2354=EDGE_CURVE('',#1882,#1883,#882,.T.);
#2355=EDGE_CURVE('',#1812,#1883,#883,.T.);
#2356=EDGE_CURVE('',#1883,#1878,#156,.T.);
#2357=EDGE_CURVE('',#1761,#1884,#884,.T.);
#2358=EDGE_CURVE('',#1867,#1884,#885,.T.);
#2359=EDGE_CURVE('',#1859,#1885,#886,.T.);
#2360=EDGE_CURVE('',#1885,#1886,#887,.T.);
#2361=EDGE_CURVE('',#1886,#1887,#157,.T.);
#2362=EDGE_CURVE('',#1887,#1879,#888,.T.);
#2363=EDGE_CURVE('',#1880,#1873,#889,.T.);
#2364=EDGE_CURVE('',#1884,#1888,#158,.T.);
#2365=EDGE_CURVE('',#1888,#1889,#890,.T.);
#2366=EDGE_CURVE('',#1889,#1890,#891,.T.);
#2367=EDGE_CURVE('',#1890,#1808,#892,.T.);
#2368=EDGE_CURVE('',#1876,#1871,#893,.T.);
#2369=EDGE_CURVE('',#1891,#1892,#894,.T.);
#2370=EDGE_CURVE('',#1844,#1891,#895,.T.);
#2371=EDGE_CURVE('',#1843,#1892,#896,.T.);
#2372=EDGE_CURVE('',#1892,#1893,#897,.T.);
#2373=EDGE_CURVE('',#1893,#1842,#898,.T.);
#2374=EDGE_CURVE('',#1894,#1891,#899,.T.);
#2375=EDGE_CURVE('',#1845,#1894,#900,.T.);
#2376=EDGE_CURVE('',#1895,#1896,#901,.T.);
#2377=EDGE_CURVE('',#1858,#1895,#902,.T.);
#2378=EDGE_CURVE('',#1857,#1896,#903,.T.);
#2379=EDGE_CURVE('',#1896,#1897,#904,.T.);
#2380=EDGE_CURVE('',#1897,#1856,#905,.T.);
#2381=EDGE_CURVE('',#1885,#1895,#906,.T.);
#2382=EDGE_CURVE('',#1898,#1846,#907,.T.);
#2383=EDGE_CURVE('',#1899,#1898,#159,.T.);
#2384=EDGE_CURVE('',#1847,#1899,#908,.T.);
#2385=EDGE_CURVE('',#1900,#1901,#909,.T.);
#2386=EDGE_CURVE('',#1840,#1900,#910,.T.);
#2387=EDGE_CURVE('',#1839,#1901,#911,.T.);
#2388=EDGE_CURVE('',#1901,#1902,#912,.T.);
#2389=EDGE_CURVE('',#1902,#1838,#913,.T.);
#2390=EDGE_CURVE('',#1903,#1900,#914,.T.);
#2391=EDGE_CURVE('',#1841,#1903,#915,.T.);
#2392=EDGE_CURVE('',#1904,#1905,#916,.T.);
#2393=EDGE_CURVE('',#1854,#1904,#917,.T.);
#2394=EDGE_CURVE('',#1853,#1905,#918,.T.);
#2395=EDGE_CURVE('',#1905,#1906,#919,.T.);
#2396=EDGE_CURVE('',#1906,#1852,#920,.T.);
#2397=EDGE_CURVE('',#1907,#1904,#921,.T.);
#2398=EDGE_CURVE('',#1855,#1907,#922,.T.);
#2399=EDGE_CURVE('',#1908,#1909,#923,.T.);
#2400=EDGE_CURVE('',#1850,#1908,#924,.T.);
#2401=EDGE_CURVE('',#1849,#1909,#925,.T.);
#2402=EDGE_CURVE('',#1909,#1910,#926,.T.);
#2403=EDGE_CURVE('',#1910,#1848,#927,.T.);
#2404=EDGE_CURVE('',#1911,#1908,#928,.T.);
#2405=EDGE_CURVE('',#1851,#1911,#929,.T.);
#2406=EDGE_CURVE('',#1912,#1913,#930,.T.);
#2407=EDGE_CURVE('',#1832,#1912,#931,.T.);
#2408=EDGE_CURVE('',#1831,#1913,#932,.T.);
#2409=EDGE_CURVE('',#1913,#1862,#160,.T.);
#2410=EDGE_CURVE('',#1914,#1915,#161,.T.);
#2411=EDGE_CURVE('',#1837,#1914,#933,.T.);
#2412=EDGE_CURVE('',#1836,#1915,#934,.T.);
#2413=EDGE_CURVE('',#1915,#1916,#935,.T.);
#2414=EDGE_CURVE('',#1835,#1916,#936,.T.);
#2415=EDGE_CURVE('',#1916,#1917,#162,.T.);
#2416=EDGE_CURVE('',#1834,#1917,#937,.T.);
#2417=EDGE_CURVE('',#1917,#1918,#938,.T.);
#2418=EDGE_CURVE('',#1833,#1918,#939,.T.);
#2419=EDGE_CURVE('',#1918,#1912,#163,.T.);
#2420=EDGE_CURVE('',#1903,#1893,#940,.T.);
#2421=EDGE_CURVE('',#1914,#1902,#941,.T.);
#2422=EDGE_CURVE('',#1750,#1861,#942,.T.);
#2423=EDGE_CURVE('',#1749,#1886,#943,.T.);
#2424=EDGE_CURVE('',#1907,#1897,#944,.T.);
#2425=EDGE_CURVE('',#1911,#1906,#945,.T.);
#2426=EDGE_CURVE('',#1899,#1910,#946,.T.);
#2427=EDGE_CURVE('',#1894,#1898,#947,.T.);
#2428=EDGE_CURVE('',#1919,#1781,#948,.T.);
#2429=EDGE_CURVE('',#1919,#1920,#949,.T.);
#2430=EDGE_CURVE('',#1920,#1782,#950,.T.);
#2431=EDGE_CURVE('',#1780,#1921,#951,.T.);
#2432=EDGE_CURVE('',#1919,#1921,#952,.T.);
#2433=EDGE_CURVE('',#1922,#1923,#953,.T.);
#2434=EDGE_CURVE('',#1923,#1775,#954,.T.);
#2435=EDGE_CURVE('',#1797,#1924,#955,.T.);
#2436=EDGE_CURVE('',#1924,#1925,#956,.T.);
#2437=EDGE_CURVE('',#1925,#1794,#957,.T.);
#2438=EDGE_CURVE('',#1793,#1694,#958,.T.);
#2439=EDGE_CURVE('',#1757,#1693,#959,.T.);
#2440=EDGE_CURVE('',#1756,#1922,#960,.T.);
#2441=EDGE_CURVE('',#1926,#1777,#961,.T.);
#2442=EDGE_CURVE('',#1926,#1927,#962,.T.);
#2443=EDGE_CURVE('',#1927,#1778,#963,.T.);
#2444=EDGE_CURVE('',#1776,#1928,#964,.T.);
#2445=EDGE_CURVE('',#1926,#1928,#965,.T.);
#2446=EDGE_CURVE('',#1784,#1929,#966,.T.);
#2447=EDGE_CURVE('',#1930,#1783,#967,.T.);
#2448=EDGE_CURVE('',#1929,#1930,#968,.T.);
#2449=EDGE_CURVE('',#1930,#1920,#969,.T.);
#2450=EDGE_CURVE('',#1931,#1929,#970,.T.);
#2451=EDGE_CURVE('',#1785,#1931,#971,.T.);
#2452=EDGE_CURVE('',#1932,#1779,#972,.T.);
#2453=EDGE_CURVE('',#1921,#1932,#973,.T.);
#2454=EDGE_CURVE('',#1932,#1927,#974,.T.);
#2455=EDGE_CURVE('',#1933,#1774,#975,.T.);
#2456=EDGE_CURVE('',#1928,#1933,#976,.T.);
#2457=EDGE_CURVE('',#1933,#1923,#977,.T.);
#2458=EDGE_CURVE('',#1934,#1935,#978,.T.);
#2459=EDGE_CURVE('',#1935,#1925,#979,.T.);
#2460=EDGE_CURVE('',#1934,#1924,#980,.T.);
#2461=EDGE_CURVE('',#1934,#1796,#981,.T.);
#2462=EDGE_CURVE('',#1936,#1937,#982,.T.);
#2463=EDGE_CURVE('',#1938,#1937,#983,.T.);
#2464=EDGE_CURVE('',#1939,#1938,#984,.T.);
#2465=EDGE_CURVE('',#1939,#1940,#985,.T.);
#2466=EDGE_CURVE('',#1940,#1941,#986,.T.);
#2467=EDGE_CURVE('',#1942,#1941,#987,.T.);
#2468=EDGE_CURVE('',#1943,#1942,#988,.T.);
#2469=EDGE_CURVE('',#1943,#1944,#989,.T.);
#2470=EDGE_CURVE('',#1944,#1787,#990,.T.);
#2471=EDGE_CURVE('',#1945,#1786,#991,.T.);
#2472=EDGE_CURVE('',#1945,#1936,#992,.T.);
#2473=EDGE_CURVE('',#1935,#1795,#993,.T.);
#2474=EDGE_CURVE('',#1946,#1755,#994,.T.);
#2475=EDGE_CURVE('',#1754,#1696,#995,.T.);
#2476=EDGE_CURVE('',#1792,#1695,#996,.T.);
#2477=EDGE_CURVE('',#1791,#1947,#997,.T.);
#2478=EDGE_CURVE('',#1947,#1948,#998,.T.);
#2479=EDGE_CURVE('',#1948,#1790,#999,.T.);
#2480=EDGE_CURVE('',#1789,#1949,#1000,.T.);
#2481=EDGE_CURVE('',#1949,#1945,#1001,.T.);
#2482=EDGE_CURVE('',#1931,#1946,#1002,.T.);
#2483=EDGE_CURVE('',#1950,#1938,#1003,.T.);
#2484=EDGE_CURVE('',#1937,#1951,#1004,.T.);
#2485=EDGE_CURVE('',#1951,#1950,#1005,.T.);
#2486=EDGE_CURVE('',#1941,#1952,#1006,.T.);
#2487=EDGE_CURVE('',#1952,#1953,#1007,.T.);
#2488=EDGE_CURVE('',#1953,#1942,#1008,.T.);
#2489=EDGE_CURVE('',#1940,#1954,#1009,.T.);
#2490=EDGE_CURVE('',#1952,#1954,#1010,.T.);
#2491=EDGE_CURVE('',#1955,#1950,#1011,.T.);
#2492=EDGE_CURVE('',#1955,#1939,#1012,.T.);
#2493=EDGE_CURVE('',#1954,#1955,#1013,.T.);
#2494=EDGE_CURVE('',#1956,#1936,#1014,.T.);
#2495=EDGE_CURVE('',#1951,#1956,#1015,.T.);
#2496=EDGE_CURVE('',#1944,#1957,#1016,.T.);
#2497=EDGE_CURVE('',#1788,#1957,#1017,.T.);
#2498=EDGE_CURVE('',#1958,#1953,#1018,.T.);
#2499=EDGE_CURVE('',#1958,#1943,#1019,.T.);
#2500=EDGE_CURVE('',#1957,#1958,#1020,.T.);
#2501=EDGE_CURVE('',#1949,#1956,#1021,.T.);
#2502=EDGE_CURVE('',#1946,#1922,#1022,.T.);
#2503=EDGE_CURVE('',#1713,#1768,#1023,.T.);
#2504=EDGE_CURVE('',#1769,#1712,#1024,.T.);
#2505=EDGE_CURVE('',#1718,#1706,#1025,.T.);
#2506=EDGE_CURVE('',#1717,#1705,#1026,.T.);
#2507=EDGE_CURVE('',#1767,#1714,#1027,.T.);
#2508=EDGE_CURVE('',#1959,#1960,#1028,.T.);
#2509=EDGE_CURVE('',#1960,#1961,#1029,.T.);
#2510=EDGE_CURVE('',#1961,#1962,#1030,.T.);
#2511=EDGE_CURVE('',#1962,#1959,#1031,.T.);
#2512=EDGE_CURVE('',#1963,#1964,#1032,.T.);
#2513=EDGE_CURVE('',#1964,#1965,#1033,.T.);
#2514=EDGE_CURVE('',#1965,#1966,#1034,.T.);
#2515=EDGE_CURVE('',#1966,#1963,#1035,.T.);
#2516=EDGE_CURVE('',#1967,#1968,#1036,.T.);
#2517=EDGE_CURVE('',#1968,#1969,#1037,.T.);
#2518=EDGE_CURVE('',#1969,#1970,#1038,.T.);
#2519=EDGE_CURVE('',#1970,#1967,#1039,.T.);
#2520=EDGE_CURVE('',#1865,#1752,#1040,.T.);
#2521=EDGE_CURVE('',#1751,#1866,#1041,.T.);
#2522=EDGE_CURVE('',#1964,#1971,#1042,.T.);
#2523=EDGE_CURVE('',#1972,#1971,#1043,.T.);
#2524=EDGE_CURVE('',#1972,#1965,#1044,.T.);
#2525=EDGE_CURVE('',#1960,#1973,#1045,.T.);
#2526=EDGE_CURVE('',#1974,#1973,#1046,.T.);
#2527=EDGE_CURVE('',#1974,#1961,#1047,.T.);
#2528=EDGE_CURVE('',#1759,#1889,#1048,.T.);
#2529=EDGE_CURVE('',#1760,#1888,#1049,.T.);
#2530=EDGE_CURVE('',#1975,#1967,#1050,.T.);
#2531=EDGE_CURVE('',#1970,#1976,#1051,.T.);
#2532=EDGE_CURVE('',#1975,#1976,#1052,.T.);
#2533=EDGE_CURVE('',#1748,#1887,#1053,.T.);
#2534=EDGE_CURVE('',#1977,#1977,#164,.T.);
#2535=EDGE_CURVE('',#1977,#1978,#1054,.T.);
#2536=EDGE_CURVE('',#1978,#1978,#165,.T.);
#2537=EDGE_CURVE('',#1979,#1979,#166,.T.);
#2538=EDGE_CURVE('',#1979,#1798,#1055,.T.);
#2539=EDGE_CURVE('',#1980,#1980,#167,.T.);
#2540=EDGE_CURVE('',#1980,#1799,#1056,.T.);
#2541=EDGE_CURVE('',#1981,#1981,#168,.T.);
#2542=EDGE_CURVE('',#1981,#1800,#1057,.T.);
#2543=EDGE_CURVE('',#1982,#1983,#1058,.T.);
#2544=EDGE_CURVE('',#1984,#1982,#1059,.T.);
#2545=EDGE_CURVE('',#1985,#1984,#1060,.T.);
#2546=EDGE_CURVE('',#1985,#1983,#1061,.T.);
#2547=EDGE_CURVE('',#1983,#1986,#1062,.T.);
#2548=EDGE_CURVE('',#1966,#1985,#1063,.T.);
#2549=EDGE_CURVE('',#1986,#1972,#1064,.T.);
#2550=EDGE_CURVE('',#1753,#1982,#1065,.T.);
#2551=EDGE_CURVE('',#1984,#1864,#1066,.T.);
#2552=EDGE_CURVE('',#1987,#1988,#1067,.T.);
#2553=EDGE_CURVE('',#1989,#1987,#1068,.T.);
#2554=EDGE_CURVE('',#1962,#1989,#1069,.T.);
#2555=EDGE_CURVE('',#1988,#1974,#1070,.T.);
#2556=EDGE_CURVE('',#1990,#1991,#1071,.T.);
#2557=EDGE_CURVE('',#1976,#1990,#1072,.T.);
#2558=EDGE_CURVE('',#1992,#1969,#1073,.T.);
#2559=EDGE_CURVE('',#1992,#1991,#1074,.T.);
#2560=EDGE_CURVE('',#1991,#1987,#1075,.T.);
#2561=EDGE_CURVE('',#1989,#1992,#1076,.T.);
#2562=EDGE_CURVE('',#1993,#1994,#1077,.T.);
#2563=EDGE_CURVE('',#1995,#1993,#1078,.T.);
#2564=EDGE_CURVE('',#1996,#1995,#1079,.T.);
#2565=EDGE_CURVE('',#1996,#1994,#1080,.T.);
#2566=EDGE_CURVE('',#1994,#1997,#1081,.T.);
#2567=EDGE_CURVE('',#1968,#1996,#1082,.T.);
#2568=EDGE_CURVE('',#1997,#1975,#1083,.T.);
#2569=EDGE_CURVE('',#1998,#1993,#1084,.T.);
#2570=EDGE_CURVE('',#1971,#1998,#1085,.T.);
#2571=EDGE_CURVE('',#1995,#1963,#1086,.T.);
#2572=EDGE_CURVE('',#1999,#2000,#1087,.T.);
#2573=EDGE_CURVE('',#2001,#1999,#1088,.T.);
#2574=EDGE_CURVE('',#2002,#2001,#1089,.T.);
#2575=EDGE_CURVE('',#2002,#2000,#1090,.T.);
#2576=EDGE_CURVE('',#2000,#1758,#1091,.T.);
#2577=EDGE_CURVE('',#1890,#2002,#1092,.T.);
#2578=EDGE_CURVE('',#2003,#1999,#1093,.T.);
#2579=EDGE_CURVE('',#1973,#2003,#1094,.T.);
#2580=EDGE_CURVE('',#2001,#1959,#1095,.T.);
#2581=EDGE_CURVE('',#1998,#1986,#1096,.T.);
#2582=EDGE_CURVE('',#1990,#1997,#1097,.T.);
#2583=EDGE_CURVE('',#2003,#1988,#1098,.T.);
#2584=EDGE_CURVE('',#1704,#2004,#1099,.T.);
#2585=EDGE_CURVE('',#2004,#2004,#169,.T.);
#2586=EDGE_CURVE('',#1703,#2005,#1100,.T.);
#2587=EDGE_CURVE('',#2005,#2005,#170,.T.);
#2588=EDGE_CURVE('',#2006,#1770,#1101,.T.);
#2589=EDGE_CURVE('',#2006,#2007,#1102,.T.);
#2590=EDGE_CURVE('',#1771,#2007,#1103,.T.);
#2591=EDGE_CURVE('',#1743,#2008,#1104,.T.);
#2592=EDGE_CURVE('',#1766,#2008,#1105,.T.);
#2593=EDGE_CURVE('',#1745,#1765,#1106,.T.);
#2594=EDGE_CURVE('',#2008,#2006,#1107,.T.);
#2595=EDGE_CURVE('',#2007,#1743,#1108,.T.);
#2596=EDGE_CURVE('',#1744,#1700,#1109,.T.);
#2597=EDGE_CURVE('',#1772,#1699,#1110,.T.);
#2598=EDGE_CURVE('',#1701,#2009,#1111,.T.);
#2599=EDGE_CURVE('',#2009,#2009,#171,.T.);
#2600=EDGE_CURVE('',#1702,#2010,#1112,.T.);
#2601=EDGE_CURVE('',#2010,#2010,#172,.T.);
#2602=EDGE_CURVE('',#1948,#1947,#173,.T.);
#2603=EDGE_CURVE('',#1746,#1697,#1113,.T.);
#2604=EDGE_CURVE('',#1773,#1698,#1114,.T.);
#2605=EDGE_CURVE('',#1806,#1863,#1115,.T.);
#2606=ORIENTED_EDGE('',*,*,#2011,.F.);
#2607=ORIENTED_EDGE('',*,*,#2012,.F.);
#2608=ORIENTED_EDGE('',*,*,#2013,.F.);
#2609=ORIENTED_EDGE('',*,*,#2014,.F.);
#2610=ORIENTED_EDGE('',*,*,#2015,.T.);
#2611=ORIENTED_EDGE('',*,*,#2013,.T.);
#2612=ORIENTED_EDGE('',*,*,#2016,.F.);
#2613=ORIENTED_EDGE('',*,*,#2017,.F.);
#2614=ORIENTED_EDGE('',*,*,#2018,.F.);
#2615=ORIENTED_EDGE('',*,*,#2019,.F.);
#2616=ORIENTED_EDGE('',*,*,#2020,.F.);
#2617=ORIENTED_EDGE('',*,*,#2021,.T.);
#2618=ORIENTED_EDGE('',*,*,#2022,.T.);
#2619=ORIENTED_EDGE('',*,*,#2023,.T.);
#2620=ORIENTED_EDGE('',*,*,#2024,.T.);
#2621=ORIENTED_EDGE('',*,*,#2025,.T.);
#2622=ORIENTED_EDGE('',*,*,#2026,.T.);
#2623=ORIENTED_EDGE('',*,*,#2027,.T.);
#2624=ORIENTED_EDGE('',*,*,#2028,.F.);
#2625=ORIENTED_EDGE('',*,*,#2029,.T.);
#2626=ORIENTED_EDGE('',*,*,#2030,.F.);
#2627=ORIENTED_EDGE('',*,*,#2031,.F.);
#2628=ORIENTED_EDGE('',*,*,#2029,.F.);
#2629=ORIENTED_EDGE('',*,*,#2032,.F.);
#2630=ORIENTED_EDGE('',*,*,#2032,.T.);
#2631=ORIENTED_EDGE('',*,*,#2028,.T.);
#2632=ORIENTED_EDGE('',*,*,#2033,.T.);
#2633=ORIENTED_EDGE('',*,*,#2034,.T.);
#2634=ORIENTED_EDGE('',*,*,#2035,.T.);
#2635=ORIENTED_EDGE('',*,*,#2036,.T.);
#2636=ORIENTED_EDGE('',*,*,#2037,.T.);
#2637=ORIENTED_EDGE('',*,*,#2038,.T.);
#2638=ORIENTED_EDGE('',*,*,#2039,.T.);
#2639=ORIENTED_EDGE('',*,*,#2040,.T.);
#2640=ORIENTED_EDGE('',*,*,#2041,.T.);
#2641=ORIENTED_EDGE('',*,*,#2036,.F.);
#2642=ORIENTED_EDGE('',*,*,#2042,.T.);
#2643=ORIENTED_EDGE('',*,*,#2040,.F.);
#2644=ORIENTED_EDGE('',*,*,#2043,.T.);
#2645=ORIENTED_EDGE('',*,*,#2044,.T.);
#2646=ORIENTED_EDGE('',*,*,#2045,.T.);
#2647=ORIENTED_EDGE('',*,*,#2046,.T.);
#2648=ORIENTED_EDGE('',*,*,#2047,.T.);
#2649=ORIENTED_EDGE('',*,*,#2044,.F.);
#2650=ORIENTED_EDGE('',*,*,#2048,.T.);
#2651=ORIENTED_EDGE('',*,*,#2046,.F.);
#2652=ORIENTED_EDGE('',*,*,#2049,.T.);
#2653=ORIENTED_EDGE('',*,*,#2050,.T.);
#2654=ORIENTED_EDGE('',*,*,#2051,.T.);
#2655=ORIENTED_EDGE('',*,*,#2052,.T.);
#2656=ORIENTED_EDGE('',*,*,#2053,.T.);
#2657=ORIENTED_EDGE('',*,*,#2050,.F.);
#2658=ORIENTED_EDGE('',*,*,#2054,.T.);
#2659=ORIENTED_EDGE('',*,*,#2055,.T.);
#2660=ORIENTED_EDGE('',*,*,#2052,.F.);
#2661=ORIENTED_EDGE('',*,*,#2056,.T.);
#2662=ORIENTED_EDGE('',*,*,#2057,.T.);
#2663=ORIENTED_EDGE('',*,*,#2054,.F.);
#2664=ORIENTED_EDGE('',*,*,#2058,.T.);
#2665=ORIENTED_EDGE('',*,*,#2059,.T.);
#2666=ORIENTED_EDGE('',*,*,#2060,.T.);
#2667=ORIENTED_EDGE('',*,*,#2061,.T.);
#2668=ORIENTED_EDGE('',*,*,#2062,.T.);
#2669=ORIENTED_EDGE('',*,*,#2059,.F.);
#2670=ORIENTED_EDGE('',*,*,#2063,.T.);
#2671=ORIENTED_EDGE('',*,*,#2064,.T.);
#2672=ORIENTED_EDGE('',*,*,#2065,.T.);
#2673=ORIENTED_EDGE('',*,*,#2038,.F.);
#2674=ORIENTED_EDGE('',*,*,#2061,.F.);
#2675=ORIENTED_EDGE('',*,*,#2066,.T.);
#2676=ORIENTED_EDGE('',*,*,#2067,.T.);
#2677=ORIENTED_EDGE('',*,*,#2068,.F.);
#2678=ORIENTED_EDGE('',*,*,#2069,.F.);
#2679=ORIENTED_EDGE('',*,*,#2070,.F.);
#2680=ORIENTED_EDGE('',*,*,#2071,.F.);
#2681=ORIENTED_EDGE('',*,*,#2072,.T.);
#2682=ORIENTED_EDGE('',*,*,#2060,.F.);
#2683=ORIENTED_EDGE('',*,*,#2073,.F.);
#2684=ORIENTED_EDGE('',*,*,#2074,.T.);
#2685=ORIENTED_EDGE('',*,*,#2066,.F.);
#2686=ORIENTED_EDGE('',*,*,#2058,.F.);
#2687=ORIENTED_EDGE('',*,*,#2075,.F.);
#2688=ORIENTED_EDGE('',*,*,#2076,.T.);
#2689=ORIENTED_EDGE('',*,*,#2073,.T.);
#2690=ORIENTED_EDGE('',*,*,#2056,.F.);
#2691=ORIENTED_EDGE('',*,*,#2077,.F.);
#2692=ORIENTED_EDGE('',*,*,#2078,.T.);
#2693=ORIENTED_EDGE('',*,*,#2075,.T.);
#2694=ORIENTED_EDGE('',*,*,#2051,.F.);
#2695=ORIENTED_EDGE('',*,*,#2079,.F.);
#2696=ORIENTED_EDGE('',*,*,#2080,.T.);
#2697=ORIENTED_EDGE('',*,*,#2077,.T.);
#2698=ORIENTED_EDGE('',*,*,#2049,.F.);
#2699=ORIENTED_EDGE('',*,*,#2081,.F.);
#2700=ORIENTED_EDGE('',*,*,#2082,.T.);
#2701=ORIENTED_EDGE('',*,*,#2079,.T.);
#2702=ORIENTED_EDGE('',*,*,#2045,.F.);
#2703=ORIENTED_EDGE('',*,*,#2083,.F.);
#2704=ORIENTED_EDGE('',*,*,#2084,.T.);
#2705=ORIENTED_EDGE('',*,*,#2081,.T.);
#2706=ORIENTED_EDGE('',*,*,#2043,.F.);
#2707=ORIENTED_EDGE('',*,*,#2085,.F.);
#2708=ORIENTED_EDGE('',*,*,#2086,.T.);
#2709=ORIENTED_EDGE('',*,*,#2083,.T.);
#2710=ORIENTED_EDGE('',*,*,#2039,.F.);
#2711=ORIENTED_EDGE('',*,*,#2087,.F.);
#2712=ORIENTED_EDGE('',*,*,#2088,.T.);
#2713=ORIENTED_EDGE('',*,*,#2085,.T.);
#2714=ORIENTED_EDGE('',*,*,#2035,.F.);
#2715=ORIENTED_EDGE('',*,*,#2089,.F.);
#2716=ORIENTED_EDGE('',*,*,#2090,.T.);
#2717=ORIENTED_EDGE('',*,*,#2087,.T.);
#2718=ORIENTED_EDGE('',*,*,#2091,.T.);
#2719=ORIENTED_EDGE('',*,*,#2071,.T.);
#2720=ORIENTED_EDGE('',*,*,#2092,.T.);
#2721=ORIENTED_EDGE('',*,*,#2093,.T.);
#2722=ORIENTED_EDGE('',*,*,#2094,.T.);
#2723=ORIENTED_EDGE('',*,*,#2093,.F.);
#2724=ORIENTED_EDGE('',*,*,#2095,.T.);
#2725=ORIENTED_EDGE('',*,*,#2096,.T.);
#2726=ORIENTED_EDGE('',*,*,#2097,.T.);
#2727=ORIENTED_EDGE('',*,*,#2098,.T.);
#2728=ORIENTED_EDGE('',*,*,#2099,.T.);
#2729=ORIENTED_EDGE('',*,*,#2096,.F.);
#2730=ORIENTED_EDGE('',*,*,#2100,.F.);
#2731=ORIENTED_EDGE('',*,*,#2101,.F.);
#2732=ORIENTED_EDGE('',*,*,#2102,.F.);
#2733=ORIENTED_EDGE('',*,*,#2103,.F.);
#2734=ORIENTED_EDGE('',*,*,#2104,.F.);
#2735=ORIENTED_EDGE('',*,*,#2105,.F.);
#2736=ORIENTED_EDGE('',*,*,#2106,.F.);
#2737=ORIENTED_EDGE('',*,*,#2107,.F.);
#2738=ORIENTED_EDGE('',*,*,#2062,.F.);
#2739=ORIENTED_EDGE('',*,*,#2072,.F.);
#2740=ORIENTED_EDGE('',*,*,#2091,.F.);
#2741=ORIENTED_EDGE('',*,*,#2094,.F.);
#2742=ORIENTED_EDGE('',*,*,#2099,.F.);
#2743=ORIENTED_EDGE('',*,*,#2108,.F.);
#2744=ORIENTED_EDGE('',*,*,#2063,.F.);
#2745=ORIENTED_EDGE('',*,*,#2037,.F.);
#2746=ORIENTED_EDGE('',*,*,#2041,.F.);
#2747=ORIENTED_EDGE('',*,*,#2042,.F.);
#2748=ORIENTED_EDGE('',*,*,#2047,.F.);
#2749=ORIENTED_EDGE('',*,*,#2048,.F.);
#2750=ORIENTED_EDGE('',*,*,#2053,.F.);
#2751=ORIENTED_EDGE('',*,*,#2055,.F.);
#2752=ORIENTED_EDGE('',*,*,#2057,.F.);
#2753=ORIENTED_EDGE('',*,*,#2109,.T.);
#2754=ORIENTED_EDGE('',*,*,#2110,.T.);
#2755=ORIENTED_EDGE('',*,*,#2111,.T.);
#2756=ORIENTED_EDGE('',*,*,#2112,.T.);
#2757=ORIENTED_EDGE('',*,*,#2113,.T.);
#2758=ORIENTED_EDGE('',*,*,#2114,.T.);
#2759=ORIENTED_EDGE('',*,*,#2115,.T.);
#2760=ORIENTED_EDGE('',*,*,#2116,.T.);
#2761=ORIENTED_EDGE('',*,*,#2117,.T.);
#2762=ORIENTED_EDGE('',*,*,#2118,.T.);
#2763=ORIENTED_EDGE('',*,*,#2119,.T.);
#2764=ORIENTED_EDGE('',*,*,#2120,.T.);
#2765=ORIENTED_EDGE('',*,*,#2121,.T.);
#2766=ORIENTED_EDGE('',*,*,#2122,.T.);
#2767=ORIENTED_EDGE('',*,*,#2123,.T.);
#2768=ORIENTED_EDGE('',*,*,#2124,.F.);
#2769=ORIENTED_EDGE('',*,*,#2125,.F.);
#2770=ORIENTED_EDGE('',*,*,#2126,.T.);
#2771=ORIENTED_EDGE('',*,*,#2125,.T.);
#2772=ORIENTED_EDGE('',*,*,#2127,.F.);
#2773=ORIENTED_EDGE('',*,*,#2128,.F.);
#2774=ORIENTED_EDGE('',*,*,#2129,.F.);
#2775=ORIENTED_EDGE('',*,*,#2130,.F.);
#2776=ORIENTED_EDGE('',*,*,#2131,.T.);
#2777=ORIENTED_EDGE('',*,*,#2132,.T.);
#2778=ORIENTED_EDGE('',*,*,#2067,.F.);
#2779=ORIENTED_EDGE('',*,*,#2074,.F.);
#2780=ORIENTED_EDGE('',*,*,#2076,.F.);
#2781=ORIENTED_EDGE('',*,*,#2078,.F.);
#2782=ORIENTED_EDGE('',*,*,#2080,.F.);
#2783=ORIENTED_EDGE('',*,*,#2082,.F.);
#2784=ORIENTED_EDGE('',*,*,#2084,.F.);
#2785=ORIENTED_EDGE('',*,*,#2086,.F.);
#2786=ORIENTED_EDGE('',*,*,#2088,.F.);
#2787=ORIENTED_EDGE('',*,*,#2090,.F.);
#2788=ORIENTED_EDGE('',*,*,#2133,.T.);
#2789=ORIENTED_EDGE('',*,*,#2134,.F.);
#2790=ORIENTED_EDGE('',*,*,#2135,.F.);
#2791=ORIENTED_EDGE('',*,*,#2136,.T.);
#2792=ORIENTED_EDGE('',*,*,#2124,.T.);
#2793=ORIENTED_EDGE('',*,*,#2137,.F.);
#2794=ORIENTED_EDGE('',*,*,#2138,.T.);
#2795=ORIENTED_EDGE('',*,*,#2127,.T.);
#2796=ORIENTED_EDGE('',*,*,#2139,.T.);
#2797=ORIENTED_EDGE('',*,*,#2140,.T.);
#2798=ORIENTED_EDGE('',*,*,#2068,.T.);
#2799=ORIENTED_EDGE('',*,*,#2132,.F.);
#2800=ORIENTED_EDGE('',*,*,#2065,.F.);
#2801=ORIENTED_EDGE('',*,*,#2141,.F.);
#2802=ORIENTED_EDGE('',*,*,#2133,.F.);
#2803=ORIENTED_EDGE('',*,*,#2089,.T.);
#2804=ORIENTED_EDGE('',*,*,#2064,.F.);
#2805=ORIENTED_EDGE('',*,*,#2108,.T.);
#2806=ORIENTED_EDGE('',*,*,#2098,.F.);
#2807=ORIENTED_EDGE('',*,*,#2142,.F.);
#2808=ORIENTED_EDGE('',*,*,#2143,.T.);
#2809=ORIENTED_EDGE('',*,*,#2126,.F.);
#2810=ORIENTED_EDGE('',*,*,#2134,.T.);
#2811=ORIENTED_EDGE('',*,*,#2141,.T.);
#2812=ORIENTED_EDGE('',*,*,#2097,.F.);
#2813=ORIENTED_EDGE('',*,*,#2144,.F.);
#2814=ORIENTED_EDGE('',*,*,#2145,.F.);
#2815=ORIENTED_EDGE('',*,*,#2142,.T.);
#2816=ORIENTED_EDGE('',*,*,#2092,.F.);
#2817=ORIENTED_EDGE('',*,*,#2070,.T.);
#2818=ORIENTED_EDGE('',*,*,#2146,.F.);
#2819=ORIENTED_EDGE('',*,*,#2147,.T.);
#2820=ORIENTED_EDGE('',*,*,#2148,.F.);
#2821=ORIENTED_EDGE('',*,*,#2014,.T.);
#2822=ORIENTED_EDGE('',*,*,#2015,.F.);
#2823=ORIENTED_EDGE('',*,*,#2031,.T.);
#2824=ORIENTED_EDGE('',*,*,#2148,.T.);
#2825=ORIENTED_EDGE('',*,*,#2030,.T.);
#2826=ORIENTED_EDGE('',*,*,#2034,.F.);
#2827=ORIENTED_EDGE('',*,*,#2149,.T.);
#2828=ORIENTED_EDGE('',*,*,#2150,.T.);
#2829=ORIENTED_EDGE('',*,*,#2151,.T.);
#2830=ORIENTED_EDGE('',*,*,#2152,.T.);
#2831=ORIENTED_EDGE('',*,*,#2153,.T.);
#2832=ORIENTED_EDGE('',*,*,#2154,.T.);
#2833=ORIENTED_EDGE('',*,*,#2155,.T.);
#2834=ORIENTED_EDGE('',*,*,#2156,.F.);
#2835=ORIENTED_EDGE('',*,*,#2157,.F.);
#2836=ORIENTED_EDGE('',*,*,#2158,.F.);
#2837=ORIENTED_EDGE('',*,*,#2159,.T.);
#2838=ORIENTED_EDGE('',*,*,#2160,.F.);
#2839=ORIENTED_EDGE('',*,*,#2011,.T.);
#2840=ORIENTED_EDGE('',*,*,#2161,.F.);
#2841=ORIENTED_EDGE('',*,*,#2162,.F.);
#2842=ORIENTED_EDGE('',*,*,#2163,.F.);
#2843=ORIENTED_EDGE('',*,*,#2164,.F.);
#2844=ORIENTED_EDGE('',*,*,#2164,.T.);
#2845=ORIENTED_EDGE('',*,*,#2165,.F.);
#2846=ORIENTED_EDGE('',*,*,#2166,.F.);
#2847=ORIENTED_EDGE('',*,*,#2167,.F.);
#2848=ORIENTED_EDGE('',*,*,#2168,.F.);
#2849=ORIENTED_EDGE('',*,*,#2166,.T.);
#2850=ORIENTED_EDGE('',*,*,#2169,.F.);
#2851=ORIENTED_EDGE('',*,*,#2170,.F.);
#2852=ORIENTED_EDGE('',*,*,#2163,.T.);
#2853=ORIENTED_EDGE('',*,*,#2171,.T.);
#2854=ORIENTED_EDGE('',*,*,#2169,.T.);
#2855=ORIENTED_EDGE('',*,*,#2165,.T.);
#2856=ORIENTED_EDGE('',*,*,#2172,.F.);
#2857=ORIENTED_EDGE('',*,*,#2173,.F.);
#2858=ORIENTED_EDGE('',*,*,#2174,.F.);
#2859=ORIENTED_EDGE('',*,*,#2175,.F.);
#2860=ORIENTED_EDGE('',*,*,#2176,.T.);
#2861=ORIENTED_EDGE('',*,*,#2177,.T.);
#2862=ORIENTED_EDGE('',*,*,#2178,.T.);
#2863=ORIENTED_EDGE('',*,*,#2179,.T.);
#2864=ORIENTED_EDGE('',*,*,#2158,.T.);
#2865=ORIENTED_EDGE('',*,*,#2180,.T.);
#2866=ORIENTED_EDGE('',*,*,#2181,.T.);
#2867=ORIENTED_EDGE('',*,*,#2182,.T.);
#2868=ORIENTED_EDGE('',*,*,#2183,.T.);
#2869=ORIENTED_EDGE('',*,*,#2184,.T.);
#2870=ORIENTED_EDGE('',*,*,#2185,.T.);
#2871=ORIENTED_EDGE('',*,*,#2186,.T.);
#2872=ORIENTED_EDGE('',*,*,#2187,.T.);
#2873=ORIENTED_EDGE('',*,*,#2188,.T.);
#2874=ORIENTED_EDGE('',*,*,#2189,.T.);
#2875=ORIENTED_EDGE('',*,*,#2190,.T.);
#2876=ORIENTED_EDGE('',*,*,#2191,.T.);
#2877=ORIENTED_EDGE('',*,*,#2192,.F.);
#2878=ORIENTED_EDGE('',*,*,#2193,.F.);
#2879=ORIENTED_EDGE('',*,*,#2194,.F.);
#2880=ORIENTED_EDGE('',*,*,#2195,.T.);
#2881=ORIENTED_EDGE('',*,*,#2196,.T.);
#2882=ORIENTED_EDGE('',*,*,#2197,.T.);
#2883=ORIENTED_EDGE('',*,*,#2146,.T.);
#2884=ORIENTED_EDGE('',*,*,#2069,.T.);
#2885=ORIENTED_EDGE('',*,*,#2140,.F.);
#2886=ORIENTED_EDGE('',*,*,#2198,.T.);
#2887=ORIENTED_EDGE('',*,*,#2199,.T.);
#2888=ORIENTED_EDGE('',*,*,#2200,.T.);
#2889=ORIENTED_EDGE('',*,*,#2201,.T.);
#2890=ORIENTED_EDGE('',*,*,#2137,.T.);
#2891=ORIENTED_EDGE('',*,*,#2123,.F.);
#2892=ORIENTED_EDGE('',*,*,#2143,.F.);
#2893=ORIENTED_EDGE('',*,*,#2145,.T.);
#2894=ORIENTED_EDGE('',*,*,#2202,.T.);
#2895=ORIENTED_EDGE('',*,*,#2203,.T.);
#2896=ORIENTED_EDGE('',*,*,#2204,.T.);
#2897=ORIENTED_EDGE('',*,*,#2205,.T.);
#2898=ORIENTED_EDGE('',*,*,#2206,.T.);
#2899=ORIENTED_EDGE('',*,*,#2170,.T.);
#2900=ORIENTED_EDGE('',*,*,#2171,.F.);
#2901=ORIENTED_EDGE('',*,*,#2162,.T.);
#2902=ORIENTED_EDGE('',*,*,#2207,.F.);
#2903=ORIENTED_EDGE('',*,*,#2208,.F.);
#2904=ORIENTED_EDGE('',*,*,#2209,.T.);
#2905=ORIENTED_EDGE('',*,*,#2210,.F.);
#2906=ORIENTED_EDGE('',*,*,#2211,.F.);
#2907=ORIENTED_EDGE('',*,*,#2212,.F.);
#2908=ORIENTED_EDGE('',*,*,#2213,.T.);
#2909=ORIENTED_EDGE('',*,*,#2214,.F.);
#2910=ORIENTED_EDGE('',*,*,#2215,.F.);
#2911=ORIENTED_EDGE('',*,*,#2216,.F.);
#2912=ORIENTED_EDGE('',*,*,#2217,.T.);
#2913=ORIENTED_EDGE('',*,*,#2218,.T.);
#2914=ORIENTED_EDGE('',*,*,#2219,.T.);
#2915=ORIENTED_EDGE('',*,*,#2220,.T.);
#2916=ORIENTED_EDGE('',*,*,#2221,.T.);
#2917=ORIENTED_EDGE('',*,*,#2222,.T.);
#2918=ORIENTED_EDGE('',*,*,#2223,.T.);
#2919=ORIENTED_EDGE('',*,*,#2224,.T.);
#2920=ORIENTED_EDGE('',*,*,#2225,.T.);
#2921=ORIENTED_EDGE('',*,*,#2226,.T.);
#2922=ORIENTED_EDGE('',*,*,#2227,.T.);
#2923=ORIENTED_EDGE('',*,*,#2228,.T.);
#2924=ORIENTED_EDGE('',*,*,#2229,.T.);
#2925=ORIENTED_EDGE('',*,*,#2230,.T.);
#2926=ORIENTED_EDGE('',*,*,#2231,.T.);
#2927=ORIENTED_EDGE('',*,*,#2232,.T.);
#2928=ORIENTED_EDGE('',*,*,#2233,.T.);
#2929=ORIENTED_EDGE('',*,*,#2234,.T.);
#2930=ORIENTED_EDGE('',*,*,#2100,.T.);
#2931=ORIENTED_EDGE('',*,*,#2235,.T.);
#2932=ORIENTED_EDGE('',*,*,#2236,.T.);
#2933=ORIENTED_EDGE('',*,*,#2237,.T.);
#2934=ORIENTED_EDGE('',*,*,#2101,.T.);
#2935=ORIENTED_EDGE('',*,*,#2234,.F.);
#2936=ORIENTED_EDGE('',*,*,#2238,.T.);
#2937=ORIENTED_EDGE('',*,*,#2239,.T.);
#2938=ORIENTED_EDGE('',*,*,#2102,.T.);
#2939=ORIENTED_EDGE('',*,*,#2237,.F.);
#2940=ORIENTED_EDGE('',*,*,#2240,.T.);
#2941=ORIENTED_EDGE('',*,*,#2241,.T.);
#2942=ORIENTED_EDGE('',*,*,#2103,.T.);
#2943=ORIENTED_EDGE('',*,*,#2239,.F.);
#2944=ORIENTED_EDGE('',*,*,#2242,.T.);
#2945=ORIENTED_EDGE('',*,*,#2243,.T.);
#2946=ORIENTED_EDGE('',*,*,#2104,.T.);
#2947=ORIENTED_EDGE('',*,*,#2241,.F.);
#2948=ORIENTED_EDGE('',*,*,#2244,.T.);
#2949=ORIENTED_EDGE('',*,*,#2245,.T.);
#2950=ORIENTED_EDGE('',*,*,#2105,.T.);
#2951=ORIENTED_EDGE('',*,*,#2243,.F.);
#2952=ORIENTED_EDGE('',*,*,#2246,.T.);
#2953=ORIENTED_EDGE('',*,*,#2247,.T.);
#2954=ORIENTED_EDGE('',*,*,#2106,.T.);
#2955=ORIENTED_EDGE('',*,*,#2245,.F.);
#2956=ORIENTED_EDGE('',*,*,#2018,.T.);
#2957=ORIENTED_EDGE('',*,*,#2235,.F.);
#2958=ORIENTED_EDGE('',*,*,#2107,.T.);
#2959=ORIENTED_EDGE('',*,*,#2247,.F.);
#2960=ORIENTED_EDGE('',*,*,#2248,.T.);
#2961=ORIENTED_EDGE('',*,*,#2242,.F.);
#2962=ORIENTED_EDGE('',*,*,#2249,.T.);
#2963=ORIENTED_EDGE('',*,*,#2250,.F.);
#2964=ORIENTED_EDGE('',*,*,#2251,.F.);
#2965=ORIENTED_EDGE('',*,*,#2240,.F.);
#2966=ORIENTED_EDGE('',*,*,#2252,.T.);
#2967=ORIENTED_EDGE('',*,*,#2253,.F.);
#2968=ORIENTED_EDGE('',*,*,#2254,.T.);
#2969=ORIENTED_EDGE('',*,*,#2255,.T.);
#2970=ORIENTED_EDGE('',*,*,#2256,.T.);
#2971=ORIENTED_EDGE('',*,*,#2257,.T.);
#2972=ORIENTED_EDGE('',*,*,#2258,.T.);
#2973=ORIENTED_EDGE('',*,*,#2259,.F.);
#2974=ORIENTED_EDGE('',*,*,#2260,.T.);
#2975=ORIENTED_EDGE('',*,*,#2261,.T.);
#2976=ORIENTED_EDGE('',*,*,#2262,.T.);
#2977=ORIENTED_EDGE('',*,*,#2263,.T.);
#2978=ORIENTED_EDGE('',*,*,#2264,.T.);
#2979=ORIENTED_EDGE('',*,*,#2265,.F.);
#2980=ORIENTED_EDGE('',*,*,#2266,.T.);
#2981=ORIENTED_EDGE('',*,*,#2267,.T.);
#2982=ORIENTED_EDGE('',*,*,#2268,.T.);
#2983=ORIENTED_EDGE('',*,*,#2193,.T.);
#2984=ORIENTED_EDGE('',*,*,#2269,.T.);
#2985=ORIENTED_EDGE('',*,*,#2270,.T.);
#2986=ORIENTED_EDGE('',*,*,#2271,.T.);
#2987=ORIENTED_EDGE('',*,*,#2272,.F.);
#2988=ORIENTED_EDGE('',*,*,#2249,.F.);
#2989=ORIENTED_EDGE('',*,*,#2238,.F.);
#2990=ORIENTED_EDGE('',*,*,#2273,.T.);
#2991=ORIENTED_EDGE('',*,*,#2274,.F.);
#2992=ORIENTED_EDGE('',*,*,#2252,.F.);
#2993=ORIENTED_EDGE('',*,*,#2236,.F.);
#2994=ORIENTED_EDGE('',*,*,#2275,.T.);
#2995=ORIENTED_EDGE('',*,*,#2276,.F.);
#2996=ORIENTED_EDGE('',*,*,#2277,.T.);
#2997=ORIENTED_EDGE('',*,*,#2278,.T.);
#2998=ORIENTED_EDGE('',*,*,#2279,.T.);
#2999=ORIENTED_EDGE('',*,*,#2280,.T.);
#3000=ORIENTED_EDGE('',*,*,#2281,.T.);
#3001=ORIENTED_EDGE('',*,*,#2282,.T.);
#3002=ORIENTED_EDGE('',*,*,#2283,.T.);
#3003=ORIENTED_EDGE('',*,*,#2284,.F.);
#3004=ORIENTED_EDGE('',*,*,#2285,.T.);
#3005=ORIENTED_EDGE('',*,*,#2286,.T.);
#3006=ORIENTED_EDGE('',*,*,#2287,.T.);
#3007=ORIENTED_EDGE('',*,*,#2288,.F.);
#3008=ORIENTED_EDGE('',*,*,#2289,.T.);
#3009=ORIENTED_EDGE('',*,*,#2290,.T.);
#3010=ORIENTED_EDGE('',*,*,#2291,.T.);
#3011=ORIENTED_EDGE('',*,*,#2292,.F.);
#3012=ORIENTED_EDGE('',*,*,#2293,.T.);
#3013=ORIENTED_EDGE('',*,*,#2294,.F.);
#3014=ORIENTED_EDGE('',*,*,#2295,.T.);
#3015=ORIENTED_EDGE('',*,*,#2296,.T.);
#3016=ORIENTED_EDGE('',*,*,#2297,.T.);
#3017=ORIENTED_EDGE('',*,*,#2298,.F.);
#3018=ORIENTED_EDGE('',*,*,#2299,.T.);
#3019=ORIENTED_EDGE('',*,*,#2300,.T.);
#3020=ORIENTED_EDGE('',*,*,#2301,.T.);
#3021=ORIENTED_EDGE('',*,*,#2302,.F.);
#3022=ORIENTED_EDGE('',*,*,#2303,.T.);
#3023=ORIENTED_EDGE('',*,*,#2304,.T.);
#3024=ORIENTED_EDGE('',*,*,#2305,.T.);
#3025=ORIENTED_EDGE('',*,*,#2306,.F.);
#3026=ORIENTED_EDGE('',*,*,#2273,.F.);
#3027=ORIENTED_EDGE('',*,*,#2194,.T.);
#3028=ORIENTED_EDGE('',*,*,#2268,.F.);
#3029=ORIENTED_EDGE('',*,*,#2307,.T.);
#3030=ORIENTED_EDGE('',*,*,#2308,.F.);
#3031=ORIENTED_EDGE('',*,*,#2154,.F.);
#3032=ORIENTED_EDGE('',*,*,#2309,.F.);
#3033=ORIENTED_EDGE('',*,*,#2022,.F.);
#3034=ORIENTED_EDGE('',*,*,#2310,.T.);
#3035=ORIENTED_EDGE('',*,*,#2155,.F.);
#3036=ORIENTED_EDGE('',*,*,#2310,.F.);
#3037=ORIENTED_EDGE('',*,*,#2021,.F.);
#3038=ORIENTED_EDGE('',*,*,#2311,.F.);
#3039=ORIENTED_EDGE('',*,*,#2150,.F.);
#3040=ORIENTED_EDGE('',*,*,#2312,.F.);
#3041=ORIENTED_EDGE('',*,*,#2026,.F.);
#3042=ORIENTED_EDGE('',*,*,#2313,.T.);
#3043=ORIENTED_EDGE('',*,*,#2151,.F.);
#3044=ORIENTED_EDGE('',*,*,#2313,.F.);
#3045=ORIENTED_EDGE('',*,*,#2025,.F.);
#3046=ORIENTED_EDGE('',*,*,#2314,.T.);
#3047=ORIENTED_EDGE('',*,*,#2152,.F.);
#3048=ORIENTED_EDGE('',*,*,#2314,.F.);
#3049=ORIENTED_EDGE('',*,*,#2024,.F.);
#3050=ORIENTED_EDGE('',*,*,#2315,.T.);
#3051=ORIENTED_EDGE('',*,*,#2153,.F.);
#3052=ORIENTED_EDGE('',*,*,#2315,.F.);
#3053=ORIENTED_EDGE('',*,*,#2023,.F.);
#3054=ORIENTED_EDGE('',*,*,#2309,.T.);
#3055=ORIENTED_EDGE('',*,*,#2149,.F.);
#3056=ORIENTED_EDGE('',*,*,#2033,.F.);
#3057=ORIENTED_EDGE('',*,*,#2027,.F.);
#3058=ORIENTED_EDGE('',*,*,#2312,.T.);
#3059=ORIENTED_EDGE('',*,*,#2012,.T.);
#3060=ORIENTED_EDGE('',*,*,#2160,.T.);
#3061=ORIENTED_EDGE('',*,*,#2316,.T.);
#3062=ORIENTED_EDGE('',*,*,#2317,.T.);
#3063=ORIENTED_EDGE('',*,*,#2318,.T.);
#3064=ORIENTED_EDGE('',*,*,#2276,.T.);
#3065=ORIENTED_EDGE('',*,*,#2319,.T.);
#3066=ORIENTED_EDGE('',*,*,#2016,.T.);
#3067=ORIENTED_EDGE('',*,*,#2311,.T.);
#3068=ORIENTED_EDGE('',*,*,#2020,.T.);
#3069=ORIENTED_EDGE('',*,*,#2320,.T.);
#3070=ORIENTED_EDGE('',*,*,#2321,.T.);
#3071=ORIENTED_EDGE('',*,*,#2322,.T.);
#3072=ORIENTED_EDGE('',*,*,#2323,.T.);
#3073=ORIENTED_EDGE('',*,*,#2324,.T.);
#3074=ORIENTED_EDGE('',*,*,#2156,.T.);
#3075=ORIENTED_EDGE('',*,*,#2325,.F.);
#3076=ORIENTED_EDGE('',*,*,#2271,.F.);
#3077=ORIENTED_EDGE('',*,*,#2326,.T.);
#3078=ORIENTED_EDGE('',*,*,#2327,.F.);
#3079=ORIENTED_EDGE('',*,*,#2328,.F.);
#3080=ORIENTED_EDGE('',*,*,#2326,.F.);
#3081=ORIENTED_EDGE('',*,*,#2270,.F.);
#3082=ORIENTED_EDGE('',*,*,#2329,.T.);
#3083=ORIENTED_EDGE('',*,*,#2192,.T.);
#3084=ORIENTED_EDGE('',*,*,#2330,.F.);
#3085=ORIENTED_EDGE('',*,*,#2329,.F.);
#3086=ORIENTED_EDGE('',*,*,#2269,.F.);
#3087=ORIENTED_EDGE('',*,*,#2331,.F.);
#3088=ORIENTED_EDGE('',*,*,#2307,.F.);
#3089=ORIENTED_EDGE('',*,*,#2267,.F.);
#3090=ORIENTED_EDGE('',*,*,#2332,.T.);
#3091=ORIENTED_EDGE('',*,*,#2333,.F.);
#3092=ORIENTED_EDGE('',*,*,#2334,.F.);
#3093=ORIENTED_EDGE('',*,*,#2332,.F.);
#3094=ORIENTED_EDGE('',*,*,#2266,.F.);
#3095=ORIENTED_EDGE('',*,*,#2335,.F.);
#3096=ORIENTED_EDGE('',*,*,#2336,.F.);
#3097=ORIENTED_EDGE('',*,*,#2260,.F.);
#3098=ORIENTED_EDGE('',*,*,#2337,.F.);
#3099=ORIENTED_EDGE('',*,*,#2338,.F.);
#3100=ORIENTED_EDGE('',*,*,#2339,.F.);
#3101=ORIENTED_EDGE('',*,*,#2262,.F.);
#3102=ORIENTED_EDGE('',*,*,#2340,.T.);
#3103=ORIENTED_EDGE('',*,*,#2341,.F.);
#3104=ORIENTED_EDGE('',*,*,#2340,.F.);
#3105=ORIENTED_EDGE('',*,*,#2261,.F.);
#3106=ORIENTED_EDGE('',*,*,#2336,.T.);
#3107=ORIENTED_EDGE('',*,*,#2342,.F.);
#3108=ORIENTED_EDGE('',*,*,#2343,.F.);
#3109=ORIENTED_EDGE('',*,*,#2264,.F.);
#3110=ORIENTED_EDGE('',*,*,#2344,.T.);
#3111=ORIENTED_EDGE('',*,*,#2345,.F.);
#3112=ORIENTED_EDGE('',*,*,#2344,.F.);
#3113=ORIENTED_EDGE('',*,*,#2263,.F.);
#3114=ORIENTED_EDGE('',*,*,#2339,.T.);
#3115=ORIENTED_EDGE('',*,*,#2346,.F.);
#3116=ORIENTED_EDGE('',*,*,#2347,.F.);
#3117=ORIENTED_EDGE('',*,*,#2254,.F.);
#3118=ORIENTED_EDGE('',*,*,#2348,.F.);
#3119=ORIENTED_EDGE('',*,*,#2349,.F.);
#3120=ORIENTED_EDGE('',*,*,#2350,.F.);
#3121=ORIENTED_EDGE('',*,*,#2258,.F.);
#3122=ORIENTED_EDGE('',*,*,#2351,.T.);
#3123=ORIENTED_EDGE('',*,*,#2352,.F.);
#3124=ORIENTED_EDGE('',*,*,#2351,.F.);
#3125=ORIENTED_EDGE('',*,*,#2257,.F.);
#3126=ORIENTED_EDGE('',*,*,#2353,.T.);
#3127=ORIENTED_EDGE('',*,*,#2354,.F.);
#3128=ORIENTED_EDGE('',*,*,#2353,.F.);
#3129=ORIENTED_EDGE('',*,*,#2256,.F.);
#3130=ORIENTED_EDGE('',*,*,#2355,.T.);
#3131=ORIENTED_EDGE('',*,*,#2356,.F.);
#3132=ORIENTED_EDGE('',*,*,#2355,.F.);
#3133=ORIENTED_EDGE('',*,*,#2255,.F.);
#3134=ORIENTED_EDGE('',*,*,#2347,.T.);
#3135=ORIENTED_EDGE('',*,*,#2327,.T.);
#3136=ORIENTED_EDGE('',*,*,#2328,.T.);
#3137=ORIENTED_EDGE('',*,*,#2330,.T.);
#3138=ORIENTED_EDGE('',*,*,#2191,.F.);
#3139=ORIENTED_EDGE('',*,*,#2357,.T.);
#3140=ORIENTED_EDGE('',*,*,#2358,.F.);
#3141=ORIENTED_EDGE('',*,*,#2348,.T.);
#3142=ORIENTED_EDGE('',*,*,#2253,.T.);
#3143=ORIENTED_EDGE('',*,*,#2274,.T.);
#3144=ORIENTED_EDGE('',*,*,#2306,.T.);
#3145=ORIENTED_EDGE('',*,*,#2359,.T.);
#3146=ORIENTED_EDGE('',*,*,#2360,.T.);
#3147=ORIENTED_EDGE('',*,*,#2361,.T.);
#3148=ORIENTED_EDGE('',*,*,#2362,.T.);
#3149=ORIENTED_EDGE('',*,*,#2337,.T.);
#3150=ORIENTED_EDGE('',*,*,#2259,.T.);
#3151=ORIENTED_EDGE('',*,*,#2350,.T.);
#3152=ORIENTED_EDGE('',*,*,#2363,.T.);
#3153=ORIENTED_EDGE('',*,*,#2325,.T.);
#3154=ORIENTED_EDGE('',*,*,#2358,.T.);
#3155=ORIENTED_EDGE('',*,*,#2364,.T.);
#3156=ORIENTED_EDGE('',*,*,#2365,.T.);
#3157=ORIENTED_EDGE('',*,*,#2366,.T.);
#3158=ORIENTED_EDGE('',*,*,#2367,.T.);
#3159=ORIENTED_EDGE('',*,*,#2250,.T.);
#3160=ORIENTED_EDGE('',*,*,#2272,.T.);
#3161=ORIENTED_EDGE('',*,*,#2333,.T.);
#3162=ORIENTED_EDGE('',*,*,#2265,.T.);
#3163=ORIENTED_EDGE('',*,*,#2343,.T.);
#3164=ORIENTED_EDGE('',*,*,#2368,.T.);
#3165=ORIENTED_EDGE('',*,*,#2369,.F.);
#3166=ORIENTED_EDGE('',*,*,#2370,.F.);
#3167=ORIENTED_EDGE('',*,*,#2290,.F.);
#3168=ORIENTED_EDGE('',*,*,#2371,.T.);
#3169=ORIENTED_EDGE('',*,*,#2372,.F.);
#3170=ORIENTED_EDGE('',*,*,#2371,.F.);
#3171=ORIENTED_EDGE('',*,*,#2289,.F.);
#3172=ORIENTED_EDGE('',*,*,#2373,.F.);
#3173=ORIENTED_EDGE('',*,*,#2374,.F.);
#3174=ORIENTED_EDGE('',*,*,#2375,.F.);
#3175=ORIENTED_EDGE('',*,*,#2291,.F.);
#3176=ORIENTED_EDGE('',*,*,#2370,.T.);
#3177=ORIENTED_EDGE('',*,*,#2376,.F.);
#3178=ORIENTED_EDGE('',*,*,#2377,.F.);
#3179=ORIENTED_EDGE('',*,*,#2304,.F.);
#3180=ORIENTED_EDGE('',*,*,#2378,.T.);
#3181=ORIENTED_EDGE('',*,*,#2379,.F.);
#3182=ORIENTED_EDGE('',*,*,#2378,.F.);
#3183=ORIENTED_EDGE('',*,*,#2303,.F.);
#3184=ORIENTED_EDGE('',*,*,#2380,.F.);
#3185=ORIENTED_EDGE('',*,*,#2381,.F.);
#3186=ORIENTED_EDGE('',*,*,#2359,.F.);
#3187=ORIENTED_EDGE('',*,*,#2305,.F.);
#3188=ORIENTED_EDGE('',*,*,#2377,.T.);
#3189=ORIENTED_EDGE('',*,*,#2382,.F.);
#3190=ORIENTED_EDGE('',*,*,#2383,.F.);
#3191=ORIENTED_EDGE('',*,*,#2384,.F.);
#3192=ORIENTED_EDGE('',*,*,#2293,.F.);
#3193=ORIENTED_EDGE('',*,*,#2385,.F.);
#3194=ORIENTED_EDGE('',*,*,#2386,.F.);
#3195=ORIENTED_EDGE('',*,*,#2286,.F.);
#3196=ORIENTED_EDGE('',*,*,#2387,.T.);
#3197=ORIENTED_EDGE('',*,*,#2388,.F.);
#3198=ORIENTED_EDGE('',*,*,#2387,.F.);
#3199=ORIENTED_EDGE('',*,*,#2285,.F.);
#3200=ORIENTED_EDGE('',*,*,#2389,.F.);
#3201=ORIENTED_EDGE('',*,*,#2390,.F.);
#3202=ORIENTED_EDGE('',*,*,#2391,.F.);
#3203=ORIENTED_EDGE('',*,*,#2287,.F.);
#3204=ORIENTED_EDGE('',*,*,#2386,.T.);
#3205=ORIENTED_EDGE('',*,*,#2392,.F.);
#3206=ORIENTED_EDGE('',*,*,#2393,.F.);
#3207=ORIENTED_EDGE('',*,*,#2300,.F.);
#3208=ORIENTED_EDGE('',*,*,#2394,.T.);
#3209=ORIENTED_EDGE('',*,*,#2395,.F.);
#3210=ORIENTED_EDGE('',*,*,#2394,.F.);
#3211=ORIENTED_EDGE('',*,*,#2299,.F.);
#3212=ORIENTED_EDGE('',*,*,#2396,.F.);
#3213=ORIENTED_EDGE('',*,*,#2397,.F.);
#3214=ORIENTED_EDGE('',*,*,#2398,.F.);
#3215=ORIENTED_EDGE('',*,*,#2301,.F.);
#3216=ORIENTED_EDGE('',*,*,#2393,.T.);
#3217=ORIENTED_EDGE('',*,*,#2399,.F.);
#3218=ORIENTED_EDGE('',*,*,#2400,.F.);
#3219=ORIENTED_EDGE('',*,*,#2296,.F.);
#3220=ORIENTED_EDGE('',*,*,#2401,.T.);
#3221=ORIENTED_EDGE('',*,*,#2402,.F.);
#3222=ORIENTED_EDGE('',*,*,#2401,.F.);
#3223=ORIENTED_EDGE('',*,*,#2295,.F.);
#3224=ORIENTED_EDGE('',*,*,#2403,.F.);
#3225=ORIENTED_EDGE('',*,*,#2404,.F.);
#3226=ORIENTED_EDGE('',*,*,#2405,.F.);
#3227=ORIENTED_EDGE('',*,*,#2297,.F.);
#3228=ORIENTED_EDGE('',*,*,#2400,.T.);
#3229=ORIENTED_EDGE('',*,*,#2406,.F.);
#3230=ORIENTED_EDGE('',*,*,#2407,.F.);
#3231=ORIENTED_EDGE('',*,*,#2278,.F.);
#3232=ORIENTED_EDGE('',*,*,#2408,.T.);
#3233=ORIENTED_EDGE('',*,*,#2409,.F.);
#3234=ORIENTED_EDGE('',*,*,#2408,.F.);
#3235=ORIENTED_EDGE('',*,*,#2277,.F.);
#3236=ORIENTED_EDGE('',*,*,#2318,.F.);
#3237=ORIENTED_EDGE('',*,*,#2410,.F.);
#3238=ORIENTED_EDGE('',*,*,#2411,.F.);
#3239=ORIENTED_EDGE('',*,*,#2283,.F.);
#3240=ORIENTED_EDGE('',*,*,#2412,.T.);
#3241=ORIENTED_EDGE('',*,*,#2413,.F.);
#3242=ORIENTED_EDGE('',*,*,#2412,.F.);
#3243=ORIENTED_EDGE('',*,*,#2282,.F.);
#3244=ORIENTED_EDGE('',*,*,#2414,.T.);
#3245=ORIENTED_EDGE('',*,*,#2415,.F.);
#3246=ORIENTED_EDGE('',*,*,#2414,.F.);
#3247=ORIENTED_EDGE('',*,*,#2281,.F.);
#3248=ORIENTED_EDGE('',*,*,#2416,.T.);
#3249=ORIENTED_EDGE('',*,*,#2417,.F.);
#3250=ORIENTED_EDGE('',*,*,#2416,.F.);
#3251=ORIENTED_EDGE('',*,*,#2280,.F.);
#3252=ORIENTED_EDGE('',*,*,#2418,.T.);
#3253=ORIENTED_EDGE('',*,*,#2419,.F.);
#3254=ORIENTED_EDGE('',*,*,#2418,.F.);
#3255=ORIENTED_EDGE('',*,*,#2279,.F.);
#3256=ORIENTED_EDGE('',*,*,#2407,.T.);
#3257=ORIENTED_EDGE('',*,*,#2374,.T.);
#3258=ORIENTED_EDGE('',*,*,#2369,.T.);
#3259=ORIENTED_EDGE('',*,*,#2372,.T.);
#3260=ORIENTED_EDGE('',*,*,#2420,.F.);
#3261=ORIENTED_EDGE('',*,*,#2390,.T.);
#3262=ORIENTED_EDGE('',*,*,#2385,.T.);
#3263=ORIENTED_EDGE('',*,*,#2388,.T.);
#3264=ORIENTED_EDGE('',*,*,#2421,.F.);
#3265=ORIENTED_EDGE('',*,*,#2410,.T.);
#3266=ORIENTED_EDGE('',*,*,#2413,.T.);
#3267=ORIENTED_EDGE('',*,*,#2415,.T.);
#3268=ORIENTED_EDGE('',*,*,#2417,.T.);
#3269=ORIENTED_EDGE('',*,*,#2419,.T.);
#3270=ORIENTED_EDGE('',*,*,#2406,.T.);
#3271=ORIENTED_EDGE('',*,*,#2409,.T.);
#3272=ORIENTED_EDGE('',*,*,#2317,.F.);
#3273=ORIENTED_EDGE('',*,*,#2422,.F.);
#3274=ORIENTED_EDGE('',*,*,#2178,.F.);
#3275=ORIENTED_EDGE('',*,*,#2423,.T.);
#3276=ORIENTED_EDGE('',*,*,#2360,.F.);
#3277=ORIENTED_EDGE('',*,*,#2381,.T.);
#3278=ORIENTED_EDGE('',*,*,#2376,.T.);
#3279=ORIENTED_EDGE('',*,*,#2379,.T.);
#3280=ORIENTED_EDGE('',*,*,#2424,.F.);
#3281=ORIENTED_EDGE('',*,*,#2397,.T.);
#3282=ORIENTED_EDGE('',*,*,#2392,.T.);
#3283=ORIENTED_EDGE('',*,*,#2395,.T.);
#3284=ORIENTED_EDGE('',*,*,#2425,.F.);
#3285=ORIENTED_EDGE('',*,*,#2404,.T.);
#3286=ORIENTED_EDGE('',*,*,#2399,.T.);
#3287=ORIENTED_EDGE('',*,*,#2402,.T.);
#3288=ORIENTED_EDGE('',*,*,#2426,.F.);
#3289=ORIENTED_EDGE('',*,*,#2383,.T.);
#3290=ORIENTED_EDGE('',*,*,#2427,.F.);
#3291=ORIENTED_EDGE('',*,*,#2396,.T.);
#3292=ORIENTED_EDGE('',*,*,#2298,.T.);
#3293=ORIENTED_EDGE('',*,*,#2405,.T.);
#3294=ORIENTED_EDGE('',*,*,#2425,.T.);
#3295=ORIENTED_EDGE('',*,*,#2389,.T.);
#3296=ORIENTED_EDGE('',*,*,#2284,.T.);
#3297=ORIENTED_EDGE('',*,*,#2411,.T.);
#3298=ORIENTED_EDGE('',*,*,#2421,.T.);
#3299=ORIENTED_EDGE('',*,*,#2384,.T.);
#3300=ORIENTED_EDGE('',*,*,#2426,.T.);
#3301=ORIENTED_EDGE('',*,*,#2403,.T.);
#3302=ORIENTED_EDGE('',*,*,#2294,.T.);
#3303=ORIENTED_EDGE('',*,*,#2380,.T.);
#3304=ORIENTED_EDGE('',*,*,#2302,.T.);
#3305=ORIENTED_EDGE('',*,*,#2398,.T.);
#3306=ORIENTED_EDGE('',*,*,#2424,.T.);
#3307=ORIENTED_EDGE('',*,*,#2373,.T.);
#3308=ORIENTED_EDGE('',*,*,#2288,.T.);
#3309=ORIENTED_EDGE('',*,*,#2391,.T.);
#3310=ORIENTED_EDGE('',*,*,#2420,.T.);
#3311=ORIENTED_EDGE('',*,*,#2428,.F.);
#3312=ORIENTED_EDGE('',*,*,#2429,.T.);
#3313=ORIENTED_EDGE('',*,*,#2430,.T.);
#3314=ORIENTED_EDGE('',*,*,#2214,.T.);
#3315=ORIENTED_EDGE('',*,*,#2428,.T.);
#3316=ORIENTED_EDGE('',*,*,#2213,.F.);
#3317=ORIENTED_EDGE('',*,*,#2431,.T.);
#3318=ORIENTED_EDGE('',*,*,#2432,.F.);
#3319=ORIENTED_EDGE('',*,*,#2433,.T.);
#3320=ORIENTED_EDGE('',*,*,#2434,.T.);
#3321=ORIENTED_EDGE('',*,*,#2230,.F.);
#3322=ORIENTED_EDGE('',*,*,#2435,.T.);
#3323=ORIENTED_EDGE('',*,*,#2436,.T.);
#3324=ORIENTED_EDGE('',*,*,#2437,.T.);
#3325=ORIENTED_EDGE('',*,*,#2226,.F.);
#3326=ORIENTED_EDGE('',*,*,#2438,.T.);
#3327=ORIENTED_EDGE('',*,*,#2109,.F.);
#3328=ORIENTED_EDGE('',*,*,#2439,.F.);
#3329=ORIENTED_EDGE('',*,*,#2186,.F.);
#3330=ORIENTED_EDGE('',*,*,#2440,.T.);
#3331=ORIENTED_EDGE('',*,*,#2441,.F.);
#3332=ORIENTED_EDGE('',*,*,#2442,.T.);
#3333=ORIENTED_EDGE('',*,*,#2443,.T.);
#3334=ORIENTED_EDGE('',*,*,#2210,.T.);
#3335=ORIENTED_EDGE('',*,*,#2441,.T.);
#3336=ORIENTED_EDGE('',*,*,#2209,.F.);
#3337=ORIENTED_EDGE('',*,*,#2444,.T.);
#3338=ORIENTED_EDGE('',*,*,#2445,.F.);
#3339=ORIENTED_EDGE('',*,*,#2446,.F.);
#3340=ORIENTED_EDGE('',*,*,#2216,.T.);
#3341=ORIENTED_EDGE('',*,*,#2447,.F.);
#3342=ORIENTED_EDGE('',*,*,#2448,.F.);
#3343=ORIENTED_EDGE('',*,*,#2447,.T.);
#3344=ORIENTED_EDGE('',*,*,#2215,.T.);
#3345=ORIENTED_EDGE('',*,*,#2430,.F.);
#3346=ORIENTED_EDGE('',*,*,#2449,.F.);
#3347=ORIENTED_EDGE('',*,*,#2446,.T.);
#3348=ORIENTED_EDGE('',*,*,#2450,.F.);
#3349=ORIENTED_EDGE('',*,*,#2451,.F.);
#3350=ORIENTED_EDGE('',*,*,#2217,.F.);
#3351=ORIENTED_EDGE('',*,*,#2431,.F.);
#3352=ORIENTED_EDGE('',*,*,#2212,.T.);
#3353=ORIENTED_EDGE('',*,*,#2452,.F.);
#3354=ORIENTED_EDGE('',*,*,#2453,.F.);
#3355=ORIENTED_EDGE('',*,*,#2454,.F.);
#3356=ORIENTED_EDGE('',*,*,#2452,.T.);
#3357=ORIENTED_EDGE('',*,*,#2211,.T.);
#3358=ORIENTED_EDGE('',*,*,#2443,.F.);
#3359=ORIENTED_EDGE('',*,*,#2444,.F.);
#3360=ORIENTED_EDGE('',*,*,#2208,.T.);
#3361=ORIENTED_EDGE('',*,*,#2455,.F.);
#3362=ORIENTED_EDGE('',*,*,#2456,.F.);
#3363=ORIENTED_EDGE('',*,*,#2455,.T.);
#3364=ORIENTED_EDGE('',*,*,#2207,.T.);
#3365=ORIENTED_EDGE('',*,*,#2434,.F.);
#3366=ORIENTED_EDGE('',*,*,#2457,.F.);
#3367=ORIENTED_EDGE('',*,*,#2458,.T.);
#3368=ORIENTED_EDGE('',*,*,#2459,.T.);
#3369=ORIENTED_EDGE('',*,*,#2436,.F.);
#3370=ORIENTED_EDGE('',*,*,#2460,.F.);
#3371=ORIENTED_EDGE('',*,*,#2461,.F.);
#3372=ORIENTED_EDGE('',*,*,#2460,.T.);
#3373=ORIENTED_EDGE('',*,*,#2435,.F.);
#3374=ORIENTED_EDGE('',*,*,#2229,.F.);
#3375=ORIENTED_EDGE('',*,*,#2462,.T.);
#3376=ORIENTED_EDGE('',*,*,#2463,.F.);
#3377=ORIENTED_EDGE('',*,*,#2464,.F.);
#3378=ORIENTED_EDGE('',*,*,#2465,.T.);
#3379=ORIENTED_EDGE('',*,*,#2466,.T.);
#3380=ORIENTED_EDGE('',*,*,#2467,.F.);
#3381=ORIENTED_EDGE('',*,*,#2468,.F.);
#3382=ORIENTED_EDGE('',*,*,#2469,.T.);
#3383=ORIENTED_EDGE('',*,*,#2470,.T.);
#3384=ORIENTED_EDGE('',*,*,#2219,.F.);
#3385=ORIENTED_EDGE('',*,*,#2471,.F.);
#3386=ORIENTED_EDGE('',*,*,#2472,.T.);
#3387=ORIENTED_EDGE('',*,*,#2473,.T.);
#3388=ORIENTED_EDGE('',*,*,#2227,.F.);
#3389=ORIENTED_EDGE('',*,*,#2437,.F.);
#3390=ORIENTED_EDGE('',*,*,#2459,.F.);
#3391=ORIENTED_EDGE('',*,*,#2474,.T.);
#3392=ORIENTED_EDGE('',*,*,#2184,.F.);
#3393=ORIENTED_EDGE('',*,*,#2475,.T.);
#3394=ORIENTED_EDGE('',*,*,#2111,.F.);
#3395=ORIENTED_EDGE('',*,*,#2476,.F.);
#3396=ORIENTED_EDGE('',*,*,#2224,.F.);
#3397=ORIENTED_EDGE('',*,*,#2477,.T.);
#3398=ORIENTED_EDGE('',*,*,#2478,.T.);
#3399=ORIENTED_EDGE('',*,*,#2479,.T.);
#3400=ORIENTED_EDGE('',*,*,#2222,.F.);
#3401=ORIENTED_EDGE('',*,*,#2480,.T.);
#3402=ORIENTED_EDGE('',*,*,#2481,.T.);
#3403=ORIENTED_EDGE('',*,*,#2471,.T.);
#3404=ORIENTED_EDGE('',*,*,#2218,.F.);
#3405=ORIENTED_EDGE('',*,*,#2451,.T.);
#3406=ORIENTED_EDGE('',*,*,#2482,.T.);
#3407=ORIENTED_EDGE('',*,*,#2483,.T.);
#3408=ORIENTED_EDGE('',*,*,#2463,.T.);
#3409=ORIENTED_EDGE('',*,*,#2484,.T.);
#3410=ORIENTED_EDGE('',*,*,#2485,.T.);
#3411=ORIENTED_EDGE('',*,*,#2486,.T.);
#3412=ORIENTED_EDGE('',*,*,#2487,.T.);
#3413=ORIENTED_EDGE('',*,*,#2488,.T.);
#3414=ORIENTED_EDGE('',*,*,#2467,.T.);
#3415=ORIENTED_EDGE('',*,*,#2466,.F.);
#3416=ORIENTED_EDGE('',*,*,#2489,.T.);
#3417=ORIENTED_EDGE('',*,*,#2490,.F.);
#3418=ORIENTED_EDGE('',*,*,#2486,.F.);
#3419=ORIENTED_EDGE('',*,*,#2464,.T.);
#3420=ORIENTED_EDGE('',*,*,#2483,.F.);
#3421=ORIENTED_EDGE('',*,*,#2491,.F.);
#3422=ORIENTED_EDGE('',*,*,#2492,.T.);
#3423=ORIENTED_EDGE('',*,*,#2465,.F.);
#3424=ORIENTED_EDGE('',*,*,#2492,.F.);
#3425=ORIENTED_EDGE('',*,*,#2493,.F.);
#3426=ORIENTED_EDGE('',*,*,#2489,.F.);
#3427=ORIENTED_EDGE('',*,*,#2462,.F.);
#3428=ORIENTED_EDGE('',*,*,#2494,.F.);
#3429=ORIENTED_EDGE('',*,*,#2495,.F.);
#3430=ORIENTED_EDGE('',*,*,#2484,.F.);
#3431=ORIENTED_EDGE('',*,*,#2461,.T.);
#3432=ORIENTED_EDGE('',*,*,#2228,.F.);
#3433=ORIENTED_EDGE('',*,*,#2473,.F.);
#3434=ORIENTED_EDGE('',*,*,#2458,.F.);
#3435=ORIENTED_EDGE('',*,*,#2470,.F.);
#3436=ORIENTED_EDGE('',*,*,#2496,.T.);
#3437=ORIENTED_EDGE('',*,*,#2497,.F.);
#3438=ORIENTED_EDGE('',*,*,#2220,.F.);
#3439=ORIENTED_EDGE('',*,*,#2468,.T.);
#3440=ORIENTED_EDGE('',*,*,#2488,.F.);
#3441=ORIENTED_EDGE('',*,*,#2498,.F.);
#3442=ORIENTED_EDGE('',*,*,#2499,.T.);
#3443=ORIENTED_EDGE('',*,*,#2469,.F.);
#3444=ORIENTED_EDGE('',*,*,#2499,.F.);
#3445=ORIENTED_EDGE('',*,*,#2500,.F.);
#3446=ORIENTED_EDGE('',*,*,#2496,.F.);
#3447=ORIENTED_EDGE('',*,*,#2495,.T.);
#3448=ORIENTED_EDGE('',*,*,#2501,.F.);
#3449=ORIENTED_EDGE('',*,*,#2480,.F.);
#3450=ORIENTED_EDGE('',*,*,#2221,.F.);
#3451=ORIENTED_EDGE('',*,*,#2497,.T.);
#3452=ORIENTED_EDGE('',*,*,#2500,.T.);
#3453=ORIENTED_EDGE('',*,*,#2498,.T.);
#3454=ORIENTED_EDGE('',*,*,#2487,.F.);
#3455=ORIENTED_EDGE('',*,*,#2490,.T.);
#3456=ORIENTED_EDGE('',*,*,#2493,.T.);
#3457=ORIENTED_EDGE('',*,*,#2491,.T.);
#3458=ORIENTED_EDGE('',*,*,#2485,.F.);
#3459=ORIENTED_EDGE('',*,*,#2494,.T.);
#3460=ORIENTED_EDGE('',*,*,#2472,.F.);
#3461=ORIENTED_EDGE('',*,*,#2481,.F.);
#3462=ORIENTED_EDGE('',*,*,#2501,.T.);
#3463=ORIENTED_EDGE('',*,*,#2433,.F.);
#3464=ORIENTED_EDGE('',*,*,#2502,.F.);
#3465=ORIENTED_EDGE('',*,*,#2482,.F.);
#3466=ORIENTED_EDGE('',*,*,#2450,.T.);
#3467=ORIENTED_EDGE('',*,*,#2448,.T.);
#3468=ORIENTED_EDGE('',*,*,#2449,.T.);
#3469=ORIENTED_EDGE('',*,*,#2429,.F.);
#3470=ORIENTED_EDGE('',*,*,#2432,.T.);
#3471=ORIENTED_EDGE('',*,*,#2453,.T.);
#3472=ORIENTED_EDGE('',*,*,#2454,.T.);
#3473=ORIENTED_EDGE('',*,*,#2442,.F.);
#3474=ORIENTED_EDGE('',*,*,#2445,.T.);
#3475=ORIENTED_EDGE('',*,*,#2456,.T.);
#3476=ORIENTED_EDGE('',*,*,#2457,.T.);
#3477=ORIENTED_EDGE('',*,*,#2440,.F.);
#3478=ORIENTED_EDGE('',*,*,#2185,.F.);
#3479=ORIENTED_EDGE('',*,*,#2474,.F.);
#3480=ORIENTED_EDGE('',*,*,#2502,.T.);
#3481=ORIENTED_EDGE('',*,*,#2200,.F.);
#3482=ORIENTED_EDGE('',*,*,#2503,.F.);
#3483=ORIENTED_EDGE('',*,*,#2129,.T.);
#3484=ORIENTED_EDGE('',*,*,#2504,.F.);
#3485=ORIENTED_EDGE('',*,*,#2136,.F.);
#3486=ORIENTED_EDGE('',*,*,#2505,.T.);
#3487=ORIENTED_EDGE('',*,*,#2122,.F.);
#3488=ORIENTED_EDGE('',*,*,#2505,.F.);
#3489=ORIENTED_EDGE('',*,*,#2135,.T.);
#3490=ORIENTED_EDGE('',*,*,#2506,.T.);
#3491=ORIENTED_EDGE('',*,*,#2121,.F.);
#3492=ORIENTED_EDGE('',*,*,#2506,.F.);
#3493=ORIENTED_EDGE('',*,*,#2131,.F.);
#3494=ORIENTED_EDGE('',*,*,#2507,.F.);
#3495=ORIENTED_EDGE('',*,*,#2198,.F.);
#3496=ORIENTED_EDGE('',*,*,#2139,.F.);
#3497=ORIENTED_EDGE('',*,*,#2138,.F.);
#3498=ORIENTED_EDGE('',*,*,#2201,.F.);
#3499=ORIENTED_EDGE('',*,*,#2504,.T.);
#3500=ORIENTED_EDGE('',*,*,#2128,.T.);
#3501=ORIENTED_EDGE('',*,*,#2199,.F.);
#3502=ORIENTED_EDGE('',*,*,#2507,.T.);
#3503=ORIENTED_EDGE('',*,*,#2130,.T.);
#3504=ORIENTED_EDGE('',*,*,#2503,.T.);
#3505=ORIENTED_EDGE('',*,*,#2375,.T.);
#3506=ORIENTED_EDGE('',*,*,#2427,.T.);
#3507=ORIENTED_EDGE('',*,*,#2382,.T.);
#3508=ORIENTED_EDGE('',*,*,#2292,.T.);
#3509=ORIENTED_EDGE('',*,*,#2508,.T.);
#3510=ORIENTED_EDGE('',*,*,#2509,.T.);
#3511=ORIENTED_EDGE('',*,*,#2510,.T.);
#3512=ORIENTED_EDGE('',*,*,#2511,.T.);
#3513=ORIENTED_EDGE('',*,*,#2512,.T.);
#3514=ORIENTED_EDGE('',*,*,#2513,.T.);
#3515=ORIENTED_EDGE('',*,*,#2514,.T.);
#3516=ORIENTED_EDGE('',*,*,#2515,.T.);
#3517=ORIENTED_EDGE('',*,*,#2516,.T.);
#3518=ORIENTED_EDGE('',*,*,#2517,.T.);
#3519=ORIENTED_EDGE('',*,*,#2518,.T.);
#3520=ORIENTED_EDGE('',*,*,#2519,.T.);
#3521=ORIENTED_EDGE('',*,*,#2520,.T.);
#3522=ORIENTED_EDGE('',*,*,#2181,.F.);
#3523=ORIENTED_EDGE('',*,*,#2521,.T.);
#3524=ORIENTED_EDGE('',*,*,#2323,.F.);
#3525=ORIENTED_EDGE('',*,*,#2522,.T.);
#3526=ORIENTED_EDGE('',*,*,#2523,.F.);
#3527=ORIENTED_EDGE('',*,*,#2524,.T.);
#3528=ORIENTED_EDGE('',*,*,#2513,.F.);
#3529=ORIENTED_EDGE('',*,*,#2525,.T.);
#3530=ORIENTED_EDGE('',*,*,#2526,.F.);
#3531=ORIENTED_EDGE('',*,*,#2527,.T.);
#3532=ORIENTED_EDGE('',*,*,#2509,.F.);
#3533=ORIENTED_EDGE('',*,*,#2528,.T.);
#3534=ORIENTED_EDGE('',*,*,#2365,.F.);
#3535=ORIENTED_EDGE('',*,*,#2529,.F.);
#3536=ORIENTED_EDGE('',*,*,#2189,.F.);
#3537=ORIENTED_EDGE('',*,*,#2159,.F.);
#3538=ORIENTED_EDGE('',*,*,#2179,.F.);
#3539=ORIENTED_EDGE('',*,*,#2422,.T.);
#3540=ORIENTED_EDGE('',*,*,#2316,.F.);
#3541=ORIENTED_EDGE('',*,*,#2521,.F.);
#3542=ORIENTED_EDGE('',*,*,#2180,.F.);
#3543=ORIENTED_EDGE('',*,*,#2157,.T.);
#3544=ORIENTED_EDGE('',*,*,#2324,.F.);
#3545=ORIENTED_EDGE('',*,*,#2530,.T.);
#3546=ORIENTED_EDGE('',*,*,#2519,.F.);
#3547=ORIENTED_EDGE('',*,*,#2531,.T.);
#3548=ORIENTED_EDGE('',*,*,#2532,.F.);
#3549=ORIENTED_EDGE('',*,*,#2357,.F.);
#3550=ORIENTED_EDGE('',*,*,#2190,.F.);
#3551=ORIENTED_EDGE('',*,*,#2529,.T.);
#3552=ORIENTED_EDGE('',*,*,#2364,.F.);
#3553=ORIENTED_EDGE('',*,*,#2334,.T.);
#3554=ORIENTED_EDGE('',*,*,#2368,.F.);
#3555=ORIENTED_EDGE('',*,*,#2342,.T.);
#3556=ORIENTED_EDGE('',*,*,#2345,.T.);
#3557=ORIENTED_EDGE('',*,*,#2338,.T.);
#3558=ORIENTED_EDGE('',*,*,#2341,.T.);
#3559=ORIENTED_EDGE('',*,*,#2335,.T.);
#3560=ORIENTED_EDGE('',*,*,#2363,.F.);
#3561=ORIENTED_EDGE('',*,*,#2349,.T.);
#3562=ORIENTED_EDGE('',*,*,#2352,.T.);
#3563=ORIENTED_EDGE('',*,*,#2354,.T.);
#3564=ORIENTED_EDGE('',*,*,#2356,.T.);
#3565=ORIENTED_EDGE('',*,*,#2346,.T.);
#3566=ORIENTED_EDGE('',*,*,#2362,.F.);
#3567=ORIENTED_EDGE('',*,*,#2533,.F.);
#3568=ORIENTED_EDGE('',*,*,#2176,.F.);
#3569=ORIENTED_EDGE('',*,*,#2308,.T.);
#3570=ORIENTED_EDGE('',*,*,#2331,.T.);
#3571=ORIENTED_EDGE('',*,*,#2423,.F.);
#3572=ORIENTED_EDGE('',*,*,#2177,.F.);
#3573=ORIENTED_EDGE('',*,*,#2533,.T.);
#3574=ORIENTED_EDGE('',*,*,#2361,.F.);
#3575=ORIENTED_EDGE('',*,*,#2534,.F.);
#3576=ORIENTED_EDGE('',*,*,#2535,.T.);
#3577=ORIENTED_EDGE('',*,*,#2536,.F.);
#3578=ORIENTED_EDGE('',*,*,#2535,.F.);
#3579=ORIENTED_EDGE('',*,*,#2537,.F.);
#3580=ORIENTED_EDGE('',*,*,#2538,.T.);
#3581=ORIENTED_EDGE('',*,*,#2231,.F.);
#3582=ORIENTED_EDGE('',*,*,#2538,.F.);
#3583=ORIENTED_EDGE('',*,*,#2539,.F.);
#3584=ORIENTED_EDGE('',*,*,#2540,.T.);
#3585=ORIENTED_EDGE('',*,*,#2232,.F.);
#3586=ORIENTED_EDGE('',*,*,#2540,.F.);
#3587=ORIENTED_EDGE('',*,*,#2541,.F.);
#3588=ORIENTED_EDGE('',*,*,#2542,.T.);
#3589=ORIENTED_EDGE('',*,*,#2233,.F.);
#3590=ORIENTED_EDGE('',*,*,#2542,.F.);
#3591=ORIENTED_EDGE('',*,*,#2543,.F.);
#3592=ORIENTED_EDGE('',*,*,#2544,.F.);
#3593=ORIENTED_EDGE('',*,*,#2545,.F.);
#3594=ORIENTED_EDGE('',*,*,#2546,.T.);
#3595=ORIENTED_EDGE('',*,*,#2547,.F.);
#3596=ORIENTED_EDGE('',*,*,#2546,.F.);
#3597=ORIENTED_EDGE('',*,*,#2548,.F.);
#3598=ORIENTED_EDGE('',*,*,#2514,.F.);
#3599=ORIENTED_EDGE('',*,*,#2524,.F.);
#3600=ORIENTED_EDGE('',*,*,#2549,.F.);
#3601=ORIENTED_EDGE('',*,*,#2550,.F.);
#3602=ORIENTED_EDGE('',*,*,#2182,.F.);
#3603=ORIENTED_EDGE('',*,*,#2520,.F.);
#3604=ORIENTED_EDGE('',*,*,#2322,.F.);
#3605=ORIENTED_EDGE('',*,*,#2551,.F.);
#3606=ORIENTED_EDGE('',*,*,#2544,.T.);
#3607=ORIENTED_EDGE('',*,*,#2552,.F.);
#3608=ORIENTED_EDGE('',*,*,#2553,.F.);
#3609=ORIENTED_EDGE('',*,*,#2554,.F.);
#3610=ORIENTED_EDGE('',*,*,#2510,.F.);
#3611=ORIENTED_EDGE('',*,*,#2527,.F.);
#3612=ORIENTED_EDGE('',*,*,#2555,.F.);
#3613=ORIENTED_EDGE('',*,*,#2556,.F.);
#3614=ORIENTED_EDGE('',*,*,#2557,.F.);
#3615=ORIENTED_EDGE('',*,*,#2531,.F.);
#3616=ORIENTED_EDGE('',*,*,#2518,.F.);
#3617=ORIENTED_EDGE('',*,*,#2558,.F.);
#3618=ORIENTED_EDGE('',*,*,#2559,.T.);
#3619=ORIENTED_EDGE('',*,*,#2560,.F.);
#3620=ORIENTED_EDGE('',*,*,#2559,.F.);
#3621=ORIENTED_EDGE('',*,*,#2561,.F.);
#3622=ORIENTED_EDGE('',*,*,#2553,.T.);
#3623=ORIENTED_EDGE('',*,*,#2562,.F.);
#3624=ORIENTED_EDGE('',*,*,#2563,.F.);
#3625=ORIENTED_EDGE('',*,*,#2564,.F.);
#3626=ORIENTED_EDGE('',*,*,#2565,.T.);
#3627=ORIENTED_EDGE('',*,*,#2566,.F.);
#3628=ORIENTED_EDGE('',*,*,#2565,.F.);
#3629=ORIENTED_EDGE('',*,*,#2567,.F.);
#3630=ORIENTED_EDGE('',*,*,#2516,.F.);
#3631=ORIENTED_EDGE('',*,*,#2530,.F.);
#3632=ORIENTED_EDGE('',*,*,#2568,.F.);
#3633=ORIENTED_EDGE('',*,*,#2569,.F.);
#3634=ORIENTED_EDGE('',*,*,#2570,.F.);
#3635=ORIENTED_EDGE('',*,*,#2522,.F.);
#3636=ORIENTED_EDGE('',*,*,#2512,.F.);
#3637=ORIENTED_EDGE('',*,*,#2571,.F.);
#3638=ORIENTED_EDGE('',*,*,#2563,.T.);
#3639=ORIENTED_EDGE('',*,*,#2572,.F.);
#3640=ORIENTED_EDGE('',*,*,#2573,.F.);
#3641=ORIENTED_EDGE('',*,*,#2574,.F.);
#3642=ORIENTED_EDGE('',*,*,#2575,.T.);
#3643=ORIENTED_EDGE('',*,*,#2576,.F.);
#3644=ORIENTED_EDGE('',*,*,#2575,.F.);
#3645=ORIENTED_EDGE('',*,*,#2577,.F.);
#3646=ORIENTED_EDGE('',*,*,#2366,.F.);
#3647=ORIENTED_EDGE('',*,*,#2528,.F.);
#3648=ORIENTED_EDGE('',*,*,#2188,.F.);
#3649=ORIENTED_EDGE('',*,*,#2578,.F.);
#3650=ORIENTED_EDGE('',*,*,#2579,.F.);
#3651=ORIENTED_EDGE('',*,*,#2525,.F.);
#3652=ORIENTED_EDGE('',*,*,#2508,.F.);
#3653=ORIENTED_EDGE('',*,*,#2580,.F.);
#3654=ORIENTED_EDGE('',*,*,#2573,.T.);
#3655=ORIENTED_EDGE('',*,*,#2550,.T.);
#3656=ORIENTED_EDGE('',*,*,#2543,.T.);
#3657=ORIENTED_EDGE('',*,*,#2547,.T.);
#3658=ORIENTED_EDGE('',*,*,#2581,.F.);
#3659=ORIENTED_EDGE('',*,*,#2569,.T.);
#3660=ORIENTED_EDGE('',*,*,#2562,.T.);
#3661=ORIENTED_EDGE('',*,*,#2566,.T.);
#3662=ORIENTED_EDGE('',*,*,#2582,.F.);
#3663=ORIENTED_EDGE('',*,*,#2556,.T.);
#3664=ORIENTED_EDGE('',*,*,#2560,.T.);
#3665=ORIENTED_EDGE('',*,*,#2552,.T.);
#3666=ORIENTED_EDGE('',*,*,#2583,.F.);
#3667=ORIENTED_EDGE('',*,*,#2578,.T.);
#3668=ORIENTED_EDGE('',*,*,#2572,.T.);
#3669=ORIENTED_EDGE('',*,*,#2576,.T.);
#3670=ORIENTED_EDGE('',*,*,#2187,.F.);
#3671=ORIENTED_EDGE('',*,*,#2439,.T.);
#3672=ORIENTED_EDGE('',*,*,#2112,.F.);
#3673=ORIENTED_EDGE('',*,*,#2475,.F.);
#3674=ORIENTED_EDGE('',*,*,#2183,.F.);
#3675=ORIENTED_EDGE('',*,*,#2532,.T.);
#3676=ORIENTED_EDGE('',*,*,#2557,.T.);
#3677=ORIENTED_EDGE('',*,*,#2582,.T.);
#3678=ORIENTED_EDGE('',*,*,#2568,.T.);
#3679=ORIENTED_EDGE('',*,*,#2526,.T.);
#3680=ORIENTED_EDGE('',*,*,#2579,.T.);
#3681=ORIENTED_EDGE('',*,*,#2583,.T.);
#3682=ORIENTED_EDGE('',*,*,#2555,.T.);
#3683=ORIENTED_EDGE('',*,*,#2536,.T.);
#3684=ORIENTED_EDGE('',*,*,#2523,.T.);
#3685=ORIENTED_EDGE('',*,*,#2570,.T.);
#3686=ORIENTED_EDGE('',*,*,#2581,.T.);
#3687=ORIENTED_EDGE('',*,*,#2549,.T.);
#3688=ORIENTED_EDGE('',*,*,#2120,.F.);
#3689=ORIENTED_EDGE('',*,*,#2584,.T.);
#3690=ORIENTED_EDGE('',*,*,#2585,.T.);
#3691=ORIENTED_EDGE('',*,*,#2584,.F.);
#3692=ORIENTED_EDGE('',*,*,#2585,.F.);
#3693=ORIENTED_EDGE('',*,*,#2537,.T.);
#3694=ORIENTED_EDGE('',*,*,#2119,.F.);
#3695=ORIENTED_EDGE('',*,*,#2586,.T.);
#3696=ORIENTED_EDGE('',*,*,#2587,.T.);
#3697=ORIENTED_EDGE('',*,*,#2586,.F.);
#3698=ORIENTED_EDGE('',*,*,#2587,.F.);
#3699=ORIENTED_EDGE('',*,*,#2539,.T.);
#3700=ORIENTED_EDGE('',*,*,#2588,.F.);
#3701=ORIENTED_EDGE('',*,*,#2589,.T.);
#3702=ORIENTED_EDGE('',*,*,#2590,.F.);
#3703=ORIENTED_EDGE('',*,*,#2203,.F.);
#3704=ORIENTED_EDGE('',*,*,#2591,.T.);
#3705=ORIENTED_EDGE('',*,*,#2592,.F.);
#3706=ORIENTED_EDGE('',*,*,#2196,.F.);
#3707=ORIENTED_EDGE('',*,*,#2593,.F.);
#3708=ORIENTED_EDGE('',*,*,#2173,.T.);
#3709=ORIENTED_EDGE('',*,*,#2594,.F.);
#3710=ORIENTED_EDGE('',*,*,#2591,.F.);
#3711=ORIENTED_EDGE('',*,*,#2595,.F.);
#3712=ORIENTED_EDGE('',*,*,#2589,.F.);
#3713=ORIENTED_EDGE('',*,*,#2172,.T.);
#3714=ORIENTED_EDGE('',*,*,#2596,.T.);
#3715=ORIENTED_EDGE('',*,*,#2115,.F.);
#3716=ORIENTED_EDGE('',*,*,#2597,.F.);
#3717=ORIENTED_EDGE('',*,*,#2204,.F.);
#3718=ORIENTED_EDGE('',*,*,#2590,.T.);
#3719=ORIENTED_EDGE('',*,*,#2595,.T.);
#3720=ORIENTED_EDGE('',*,*,#2117,.F.);
#3721=ORIENTED_EDGE('',*,*,#2598,.T.);
#3722=ORIENTED_EDGE('',*,*,#2599,.T.);
#3723=ORIENTED_EDGE('',*,*,#2598,.F.);
#3724=ORIENTED_EDGE('',*,*,#2599,.F.);
#3725=ORIENTED_EDGE('',*,*,#2534,.T.);
#3726=ORIENTED_EDGE('',*,*,#2118,.F.);
#3727=ORIENTED_EDGE('',*,*,#2600,.T.);
#3728=ORIENTED_EDGE('',*,*,#2601,.T.);
#3729=ORIENTED_EDGE('',*,*,#2600,.F.);
#3730=ORIENTED_EDGE('',*,*,#2601,.F.);
#3731=ORIENTED_EDGE('',*,*,#2541,.T.);
#3732=ORIENTED_EDGE('',*,*,#2223,.F.);
#3733=ORIENTED_EDGE('',*,*,#2479,.F.);
#3734=ORIENTED_EDGE('',*,*,#2602,.T.);
#3735=ORIENTED_EDGE('',*,*,#2477,.F.);
#3736=ORIENTED_EDGE('',*,*,#2602,.F.);
#3737=ORIENTED_EDGE('',*,*,#2478,.F.);
#3738=ORIENTED_EDGE('',*,*,#2175,.T.);
#3739=ORIENTED_EDGE('',*,*,#2603,.T.);
#3740=ORIENTED_EDGE('',*,*,#2116,.F.);
#3741=ORIENTED_EDGE('',*,*,#2596,.F.);
#3742=ORIENTED_EDGE('',*,*,#2168,.T.);
#3743=ORIENTED_EDGE('',*,*,#2206,.F.);
#3744=ORIENTED_EDGE('',*,*,#2604,.T.);
#3745=ORIENTED_EDGE('',*,*,#2113,.F.);
#3746=ORIENTED_EDGE('',*,*,#2603,.F.);
#3747=ORIENTED_EDGE('',*,*,#2174,.T.);
#3748=ORIENTED_EDGE('',*,*,#2593,.T.);
#3749=ORIENTED_EDGE('',*,*,#2195,.F.);
#3750=ORIENTED_EDGE('',*,*,#2161,.T.);
#3751=ORIENTED_EDGE('',*,*,#2167,.T.);
#3752=ORIENTED_EDGE('',*,*,#2114,.F.);
#3753=ORIENTED_EDGE('',*,*,#2604,.F.);
#3754=ORIENTED_EDGE('',*,*,#2205,.F.);
#3755=ORIENTED_EDGE('',*,*,#2597,.T.);
#3756=ORIENTED_EDGE('',*,*,#2110,.F.);
#3757=ORIENTED_EDGE('',*,*,#2438,.F.);
#3758=ORIENTED_EDGE('',*,*,#2225,.F.);
#3759=ORIENTED_EDGE('',*,*,#2476,.T.);
#3760=ORIENTED_EDGE('',*,*,#2095,.F.);
#3761=ORIENTED_EDGE('',*,*,#2147,.F.);
#3762=ORIENTED_EDGE('',*,*,#2197,.F.);
#3763=ORIENTED_EDGE('',*,*,#2592,.T.);
#3764=ORIENTED_EDGE('',*,*,#2594,.T.);
#3765=ORIENTED_EDGE('',*,*,#2588,.T.);
#3766=ORIENTED_EDGE('',*,*,#2202,.F.);
#3767=ORIENTED_EDGE('',*,*,#2144,.T.);
#3768=ORIENTED_EDGE('',*,*,#2244,.F.);
#3769=ORIENTED_EDGE('',*,*,#2251,.T.);
#3770=ORIENTED_EDGE('',*,*,#2367,.F.);
#3771=ORIENTED_EDGE('',*,*,#2577,.T.);
#3772=ORIENTED_EDGE('',*,*,#2574,.T.);
#3773=ORIENTED_EDGE('',*,*,#2580,.T.);
#3774=ORIENTED_EDGE('',*,*,#2511,.F.);
#3775=ORIENTED_EDGE('',*,*,#2554,.T.);
#3776=ORIENTED_EDGE('',*,*,#2561,.T.);
#3777=ORIENTED_EDGE('',*,*,#2558,.T.);
#3778=ORIENTED_EDGE('',*,*,#2517,.F.);
#3779=ORIENTED_EDGE('',*,*,#2567,.T.);
#3780=ORIENTED_EDGE('',*,*,#2564,.T.);
#3781=ORIENTED_EDGE('',*,*,#2571,.T.);
#3782=ORIENTED_EDGE('',*,*,#2515,.F.);
#3783=ORIENTED_EDGE('',*,*,#2548,.T.);
#3784=ORIENTED_EDGE('',*,*,#2545,.T.);
#3785=ORIENTED_EDGE('',*,*,#2551,.T.);
#3786=ORIENTED_EDGE('',*,*,#2321,.F.);
#3787=ORIENTED_EDGE('',*,*,#2605,.F.);
#3788=ORIENTED_EDGE('',*,*,#2248,.F.);
#3789=ORIENTED_EDGE('',*,*,#2017,.T.);
#3790=ORIENTED_EDGE('',*,*,#2319,.F.);
#3791=ORIENTED_EDGE('',*,*,#2275,.F.);
#3792=ORIENTED_EDGE('',*,*,#2246,.F.);
#3793=ORIENTED_EDGE('',*,*,#2605,.T.);
#3794=ORIENTED_EDGE('',*,*,#2320,.F.);
#3795=ORIENTED_EDGE('',*,*,#2019,.T.);
#3796=PLANE('',#4178);
#3797=PLANE('',#4179);
#3798=PLANE('',#4184);
#3799=PLANE('',#4185);
#3800=PLANE('',#4186);
#3801=PLANE('',#4187);
#3802=PLANE('',#4194);
#3803=PLANE('',#4201);
#3804=PLANE('',#4202);
#3805=PLANE('',#4203);
#3806=PLANE('',#4204);
#3807=PLANE('',#4205);
#3808=PLANE('',#4206);
#3809=PLANE('',#4211);
#3810=PLANE('',#4216);
#3811=PLANE('',#4217);
#3812=PLANE('',#4218);
#3813=PLANE('',#4219);
#3814=PLANE('',#4220);
#3815=PLANE('',#4221);
#3816=PLANE('',#4232);
#3817=PLANE('',#4233);
#3818=PLANE('',#4236);
#3819=PLANE('',#4237);
#3820=PLANE('',#4238);
#3821=PLANE('',#4239);
#3822=PLANE('',#4240);
#3823=PLANE('',#4241);
#3824=PLANE('',#4242);
#3825=PLANE('',#4243);
#3826=PLANE('',#4248);
#3827=PLANE('',#4249);
#3828=PLANE('',#4250);
#3829=PLANE('',#4251);
#3830=PLANE('',#4252);
#3831=PLANE('',#4253);
#3832=PLANE('',#4262);
#3833=PLANE('',#4265);
#3834=PLANE('',#4268);
#3835=PLANE('',#4271);
#3836=PLANE('',#4276);
#3837=PLANE('',#4287);
#3838=PLANE('',#4295);
#3839=PLANE('',#4297);
#3840=PLANE('',#4299);
#3841=PLANE('',#4302);
#3842=PLANE('',#4305);
#3843=PLANE('',#4310);
#3844=PLANE('',#4313);
#3845=PLANE('',#4316);
#3846=PLANE('',#4317);
#3847=PLANE('',#4320);
#3848=PLANE('',#4323);
#3849=PLANE('',#4324);
#3850=PLANE('',#4327);
#3851=PLANE('',#4330);
#3852=PLANE('',#4331);
#3853=PLANE('',#4333);
#3854=PLANE('',#4334);
#3855=PLANE('',#4336);
#3856=PLANE('',#4337);
#3857=PLANE('',#4338);
#3858=PLANE('',#4339);
#3859=PLANE('',#4340);
#3860=PLANE('',#4341);
#3861=PLANE('',#4342);
#3862=PLANE('',#4345);
#3863=PLANE('',#4346);
#3864=PLANE('',#4347);
#3865=PLANE('',#4348);
#3866=PLANE('',#4349);
#3867=PLANE('',#4350);
#3868=PLANE('',#4351);
#3869=PLANE('',#4352);
#3870=PLANE('',#4353);
#3871=PLANE('',#4354);
#3872=PLANE('',#4359);
#3873=PLANE('',#4362);
#3874=PLANE('',#4365);
#3875=PLANE('',#4366);
#3876=PLANE('',#4367);
#3877=PLANE('',#4368);
#3878=PLANE('',#4369);
#3879=PLANE('',#4370);
#3880=PLANE('',#4371);
#3881=PLANE('',#4372);
#3882=PLANE('',#4373);
#3883=PLANE('',#4374);
#3884=PLANE('',#4375);
#3885=PLANE('',#4376);
#3886=PLANE('',#4377);
#3887=PLANE('',#4378);
#3888=PLANE('',#4379);
#3889=PLANE('',#4380);
#3890=PLANE('',#4381);
#3891=PLANE('',#4382);
#3892=PLANE('',#4383);
#3893=PLANE('',#4384);
#3894=PLANE('',#4385);
#3895=PLANE('',#4386);
#3896=PLANE('',#4387);
#3897=PLANE('',#4388);
#3898=PLANE('',#4389);
#3899=PLANE('',#4390);
#3900=PLANE('',#4391);
#3901=PLANE('',#4392);
#3902=PLANE('',#4393);
#3903=PLANE('',#4394);
#3904=PLANE('',#4395);
#3905=PLANE('',#4396);
#3906=PLANE('',#4397);
#3907=PLANE('',#4398);
#3908=PLANE('',#4399);
#3909=PLANE('',#4400);
#3910=PLANE('',#4401);
#3911=PLANE('',#4402);
#3912=PLANE('',#4405);
#3913=PLANE('',#4406);
#3914=PLANE('',#4407);
#3915=PLANE('',#4408);
#3916=PLANE('',#4409);
#3917=PLANE('',#4410);
#3918=PLANE('',#4411);
#3919=PLANE('',#4412);
#3920=PLANE('',#4413);
#3921=PLANE('',#4414);
#3922=PLANE('',#4415);
#3923=PLANE('',#4418);
#3924=PLANE('',#4420);
#3925=PLANE('',#4431);
#3926=PLANE('',#4432);
#3927=PLANE('',#4433);
#3928=PLANE('',#4434);
#3929=PLANE('',#4435);
#3930=PLANE('',#4436);
#3931=PLANE('',#4437);
#3932=PLANE('',#4438);
#3933=PLANE('',#4439);
#3934=PLANE('',#4440);
#3935=PLANE('',#4441);
#3936=PLANE('',#4442);
#3937=PLANE('',#4443);
#3938=PLANE('',#4444);
#3939=PLANE('',#4445);
#3940=PLANE('',#4446);
#3941=PLANE('',#4449);
#3942=PLANE('',#4452);
#3943=PLANE('',#4453);
#3944=PLANE('',#4454);
#3945=PLANE('',#4455);
#3946=PLANE('',#4456);
#3947=PLANE('',#4459);
#3948=PLANE('',#4462);
#3949=PLANE('',#4465);
#3950=PLANE('',#4466);
#3951=PLANE('',#4467);
#3952=PLANE('',#4468);
#3953=PLANE('',#4469);
#3954=PLANE('',#4470);
#3955=PLANE('',#4471);
#3956=ADVANCED_FACE('',(#174),#3796,.F.);
#3957=ADVANCED_FACE('',(#175),#3797,.T.);
#3958=ADVANCED_FACE('',(#176),#3798,.F.);
#3959=ADVANCED_FACE('',(#177),#3799,.T.);
#3960=ADVANCED_FACE('',(#178),#3800,.T.);
#3961=ADVANCED_FACE('',(#179),#3801,.T.);
#3962=ADVANCED_FACE('',(#180),#78,.F.);
#3963=ADVANCED_FACE('',(#181),#79,.F.);
#3964=ADVANCED_FACE('',(#182),#3802,.T.);
#3965=ADVANCED_FACE('',(#183),#80,.F.);
#3966=ADVANCED_FACE('',(#184),#81,.F.);
#3967=ADVANCED_FACE('',(#185),#3803,.T.);
#3968=ADVANCED_FACE('',(#186),#3804,.T.);
#3969=ADVANCED_FACE('',(#187),#3805,.T.);
#3970=ADVANCED_FACE('',(#188),#3806,.T.);
#3971=ADVANCED_FACE('',(#189),#3807,.T.);
#3972=ADVANCED_FACE('',(#190),#3808,.F.);
#3973=ADVANCED_FACE('',(#191),#36,.F.);
#3974=ADVANCED_FACE('',(#192),#37,.F.);
#3975=ADVANCED_FACE('',(#193),#3809,.F.);
#3976=ADVANCED_FACE('',(#194),#38,.F.);
#3977=ADVANCED_FACE('',(#195),#39,.F.);
#3978=ADVANCED_FACE('',(#196),#3810,.F.);
#3979=ADVANCED_FACE('',(#197),#3811,.F.);
#3980=ADVANCED_FACE('',(#198),#3812,.T.);
#3981=ADVANCED_FACE('',(#199),#3813,.T.);
#3982=ADVANCED_FACE('',(#200),#3814,.T.);
#3983=ADVANCED_FACE('',(#201,#15,#16,#17,#18,#19,#20,#21,#22,#23),#3815,
 .F.);
#3984=ADVANCED_FACE('',(#202),#3816,.T.);
#3985=ADVANCED_FACE('',(#203,#24,#25),#3817,.T.);
#3986=ADVANCED_FACE('',(#204),#3818,.F.);
#3987=ADVANCED_FACE('',(#205),#3819,.T.);
#3988=ADVANCED_FACE('',(#206),#3820,.T.);
#3989=ADVANCED_FACE('',(#207),#3821,.T.);
#3990=ADVANCED_FACE('',(#208),#3822,.F.);
#3991=ADVANCED_FACE('',(#209),#3823,.F.);
#3992=ADVANCED_FACE('',(#210),#3824,.F.);
#3993=ADVANCED_FACE('',(#211),#3825,.T.);
#3994=ADVANCED_FACE('',(#212),#3826,.F.);
#3995=ADVANCED_FACE('',(#213),#3827,.T.);
#3996=ADVANCED_FACE('',(#214),#3828,.T.);
#3997=ADVANCED_FACE('',(#215),#3829,.T.);
#3998=ADVANCED_FACE('',(#216),#3830,.T.);
#3999=ADVANCED_FACE('',(#217,#26,#27,#28,#29,#30),#3831,.T.);
#4000=ADVANCED_FACE('',(#218),#3832,.T.);
#4001=ADVANCED_FACE('',(#219),#82,.T.);
#4002=ADVANCED_FACE('',(#220),#3833,.T.);
#4003=ADVANCED_FACE('',(#221),#83,.T.);
#4004=ADVANCED_FACE('',(#222),#3834,.T.);
#4005=ADVANCED_FACE('',(#223),#84,.T.);
#4006=ADVANCED_FACE('',(#224),#3835,.T.);
#4007=ADVANCED_FACE('',(#225),#85,.T.);
#4008=ADVANCED_FACE('',(#226),#40,.T.);
#4009=ADVANCED_FACE('',(#227),#3836,.T.);
#4010=ADVANCED_FACE('',(#228),#41,.T.);
#4011=ADVANCED_FACE('',(#229),#3837,.T.);
#4012=ADVANCED_FACE('',(#230),#42,.F.);
#4013=ADVANCED_FACE('',(#231),#3838,.F.);
#4014=ADVANCED_FACE('',(#232),#43,.F.);
#4015=ADVANCED_FACE('',(#233),#3839,.F.);
#4016=ADVANCED_FACE('',(#234),#44,.F.);
#4017=ADVANCED_FACE('',(#235),#3840,.F.);
#4018=ADVANCED_FACE('',(#236),#45,.F.);
#4019=ADVANCED_FACE('',(#237),#46,.F.);
#4020=ADVANCED_FACE('',(#238),#3841,.T.);
#4021=ADVANCED_FACE('',(#239),#3842,.T.);
#4022=ADVANCED_FACE('',(#240),#47,.F.);
#4023=ADVANCED_FACE('',(#241),#3843,.F.);
#4024=ADVANCED_FACE('',(#242),#48,.F.);
#4025=ADVANCED_FACE('',(#243),#3844,.F.);
#4026=ADVANCED_FACE('',(#244),#49,.F.);
#4027=ADVANCED_FACE('',(#245),#3845,.F.);
#4028=ADVANCED_FACE('',(#246),#3846,.F.);
#4029=ADVANCED_FACE('',(#247),#50,.F.);
#4030=ADVANCED_FACE('',(#248),#3847,.F.);
#4031=ADVANCED_FACE('',(#249),#51,.F.);
#4032=ADVANCED_FACE('',(#250),#3848,.F.);
#4033=ADVANCED_FACE('',(#251),#3849,.F.);
#4034=ADVANCED_FACE('',(#252),#52,.F.);
#4035=ADVANCED_FACE('',(#253),#3850,.F.);
#4036=ADVANCED_FACE('',(#254),#53,.F.);
#4037=ADVANCED_FACE('',(#255),#3851,.T.);
#4038=ADVANCED_FACE('',(#256),#3852,.T.);
#4039=ADVANCED_FACE('',(#257),#3853,.T.);
#4040=ADVANCED_FACE('',(#258),#3854,.T.);
#4041=ADVANCED_FACE('',(#259),#3855,.T.);
#4042=ADVANCED_FACE('',(#260),#3856,.F.);
#4043=ADVANCED_FACE('',(#261),#3857,.F.);
#4044=ADVANCED_FACE('',(#262),#3858,.F.);
#4045=ADVANCED_FACE('',(#263),#3859,.F.);
#4046=ADVANCED_FACE('',(#264),#3860,.F.);
#4047=ADVANCED_FACE('',(#265),#3861,.F.);
#4048=ADVANCED_FACE('',(#266),#54,.F.);
#4049=ADVANCED_FACE('',(#267),#3862,.F.);
#4050=ADVANCED_FACE('',(#268),#3863,.F.);
#4051=ADVANCED_FACE('',(#269),#3864,.F.);
#4052=ADVANCED_FACE('',(#270),#3865,.F.);
#4053=ADVANCED_FACE('',(#271),#3866,.F.);
#4054=ADVANCED_FACE('',(#272),#3867,.F.);
#4055=ADVANCED_FACE('',(#273),#3868,.F.);
#4056=ADVANCED_FACE('',(#274),#3869,.F.);
#4057=ADVANCED_FACE('',(#275),#3870,.F.);
#4058=ADVANCED_FACE('',(#276),#3871,.F.);
#4059=ADVANCED_FACE('',(#277),#55,.F.);
#4060=ADVANCED_FACE('',(#278),#56,.F.);
#4061=ADVANCED_FACE('',(#279),#3872,.F.);
#4062=ADVANCED_FACE('',(#280),#57,.F.);
#4063=ADVANCED_FACE('',(#281),#3873,.F.);
#4064=ADVANCED_FACE('',(#282),#58,.F.);
#4065=ADVANCED_FACE('',(#283),#3874,.T.);
#4066=ADVANCED_FACE('',(#284),#3875,.T.);
#4067=ADVANCED_FACE('',(#285),#3876,.T.);
#4068=ADVANCED_FACE('',(#286),#3877,.T.);
#4069=ADVANCED_FACE('',(#287),#3878,.T.);
#4070=ADVANCED_FACE('',(#288),#3879,.T.);
#4071=ADVANCED_FACE('',(#289),#3880,.T.);
#4072=ADVANCED_FACE('',(#290),#3881,.T.);
#4073=ADVANCED_FACE('',(#291),#3882,.F.);
#4074=ADVANCED_FACE('',(#292),#3883,.T.);
#4075=ADVANCED_FACE('',(#293),#3884,.T.);
#4076=ADVANCED_FACE('',(#294),#3885,.T.);
#4077=ADVANCED_FACE('',(#295),#3886,.T.);
#4078=ADVANCED_FACE('',(#296),#3887,.T.);
#4079=ADVANCED_FACE('',(#297),#3888,.T.);
#4080=ADVANCED_FACE('',(#298),#3889,.T.);
#4081=ADVANCED_FACE('',(#299),#3890,.T.);
#4082=ADVANCED_FACE('',(#300),#3891,.T.);
#4083=ADVANCED_FACE('',(#301),#3892,.T.);
#4084=ADVANCED_FACE('',(#302),#3893,.T.);
#4085=ADVANCED_FACE('',(#303),#3894,.T.);
#4086=ADVANCED_FACE('',(#304),#3895,.T.);
#4087=ADVANCED_FACE('',(#305),#3896,.F.);
#4088=ADVANCED_FACE('',(#306),#3897,.T.);
#4089=ADVANCED_FACE('',(#307),#3898,.T.);
#4090=ADVANCED_FACE('',(#308),#3899,.F.);
#4091=ADVANCED_FACE('',(#309),#3900,.F.);
#4092=ADVANCED_FACE('',(#310),#3901,.F.);
#4093=ADVANCED_FACE('',(#311),#3902,.F.);
#4094=ADVANCED_FACE('',(#312),#3903,.F.);
#4095=ADVANCED_FACE('',(#313),#3904,.F.);
#4096=ADVANCED_FACE('',(#314),#3905,.F.);
#4097=ADVANCED_FACE('',(#315),#3906,.F.);
#4098=ADVANCED_FACE('',(#316),#3907,.T.);
#4099=ADVANCED_FACE('',(#317),#3908,.T.);
#4100=ADVANCED_FACE('',(#318),#3909,.T.);
#4101=ADVANCED_FACE('',(#319),#3910,.T.);
#4102=ADVANCED_FACE('',(#320),#3911,.F.);
#4103=ADVANCED_FACE('',(#321),#59,.F.);
#4104=ADVANCED_FACE('',(#322),#60,.F.);
#4105=ADVANCED_FACE('',(#323),#3912,.F.);
#4106=ADVANCED_FACE('',(#324),#3913,.F.);
#4107=ADVANCED_FACE('',(#325),#3914,.F.);
#4108=ADVANCED_FACE('',(#326),#3915,.T.);
#4109=ADVANCED_FACE('',(#327),#3916,.T.);
#4110=ADVANCED_FACE('',(#328),#3917,.T.);
#4111=ADVANCED_FACE('',(#329),#3918,.T.);
#4112=ADVANCED_FACE('',(#330),#3919,.T.);
#4113=ADVANCED_FACE('',(#331),#3920,.T.);
#4114=ADVANCED_FACE('',(#332),#3921,.T.);
#4115=ADVANCED_FACE('',(#333),#3922,.T.);
#4116=ADVANCED_FACE('',(#334),#61,.F.);
#4117=ADVANCED_FACE('',(#335),#62,.F.);
#4118=ADVANCED_FACE('',(#336),#3923,.T.);
#4119=ADVANCED_FACE('',(#337),#63,.F.);
#4120=ADVANCED_FACE('',(#338),#3924,.T.);
#4121=ADVANCED_FACE('',(#339),#64,.F.);
#4122=ADVANCED_FACE('',(#340),#65,.F.);
#4123=ADVANCED_FACE('',(#341),#66,.F.);
#4124=ADVANCED_FACE('',(#342),#67,.F.);
#4125=ADVANCED_FACE('',(#343),#68,.F.);
#4126=ADVANCED_FACE('',(#344),#3925,.F.);
#4127=ADVANCED_FACE('',(#345),#3926,.F.);
#4128=ADVANCED_FACE('',(#346),#3927,.F.);
#4129=ADVANCED_FACE('',(#347),#3928,.F.);
#4130=ADVANCED_FACE('',(#348),#3929,.F.);
#4131=ADVANCED_FACE('',(#349),#3930,.F.);
#4132=ADVANCED_FACE('',(#350),#3931,.F.);
#4133=ADVANCED_FACE('',(#351),#3932,.F.);
#4134=ADVANCED_FACE('',(#352),#3933,.F.);
#4135=ADVANCED_FACE('',(#353),#3934,.F.);
#4136=ADVANCED_FACE('',(#354),#3935,.F.);
#4137=ADVANCED_FACE('',(#355),#3936,.F.);
#4138=ADVANCED_FACE('',(#356),#3937,.F.);
#4139=ADVANCED_FACE('',(#357),#3938,.T.);
#4140=ADVANCED_FACE('',(#358,#31),#3939,.T.);
#4141=ADVANCED_FACE('',(#359),#3940,.T.);
#4142=ADVANCED_FACE('',(#360),#69,.F.);
#4143=ADVANCED_FACE('',(#361,#32),#3941,.F.);
#4144=ADVANCED_FACE('',(#362),#70,.F.);
#4145=ADVANCED_FACE('',(#363,#33),#3942,.F.);
#4146=ADVANCED_FACE('',(#364),#3943,.F.);
#4147=ADVANCED_FACE('',(#365),#3944,.F.);
#4148=ADVANCED_FACE('',(#366),#3945,.F.);
#4149=ADVANCED_FACE('',(#367),#3946,.F.);
#4150=ADVANCED_FACE('',(#368),#71,.F.);
#4151=ADVANCED_FACE('',(#369,#34),#3947,.F.);
#4152=ADVANCED_FACE('',(#370),#72,.F.);
#4153=ADVANCED_FACE('',(#371,#35),#3948,.F.);
#4154=ADVANCED_FACE('',(#372),#73,.F.);
#4155=ADVANCED_FACE('',(#373),#3949,.T.);
#4156=ADVANCED_FACE('',(#374),#3950,.F.);
#4157=ADVANCED_FACE('',(#375),#3951,.F.);
#4158=ADVANCED_FACE('',(#376),#3952,.F.);
#4159=ADVANCED_FACE('',(#377),#3953,.F.);
#4160=ADVANCED_FACE('',(#378),#3954,.F.);
#4161=ADVANCED_FACE('',(#379),#3955,.T.);
#4162=ADVANCED_FACE('',(#380),#74,.T.);
#4163=ADVANCED_FACE('',(#381),#75,.T.);
#4164=CLOSED_SHELL('',(#3956,#3957,#3958,#3959,#3960,#3961,#3962,#3963,
#3964,#3965,#3966,#3967,#3968,#3969,#3970,#3971,#3972,#3973,#3974,#3975,
#3976,#3977,#3978,#3979,#3980,#3981,#3982,#3983,#3984,#3985,#3986,#3987,
#3988,#3989,#3990,#3991,#3992,#3993,#3994,#3995,#3996,#3997,#3998,#3999,
#4000,#4001,#4002,#4003,#4004,#4005,#4006,#4007,#4008,#4009,#4010,#4011,
#4012,#4013,#4014,#4015,#4016,#4017,#4018,#4019,#4020,#4021,#4022,#4023,
#4024,#4025,#4026,#4027,#4028,#4029,#4030,#4031,#4032,#4033,#4034,#4035,
#4036,#4037,#4038,#4039,#4040,#4041,#4042,#4043,#4044,#4045,#4046,#4047,
#4048,#4049,#4050,#4051,#4052,#4053,#4054,#4055,#4056,#4057,#4058,#4059,
#4060,#4061,#4062,#4063,#4064,#4065,#4066,#4067,#4068,#4069,#4070,#4071,
#4072,#4073,#4074,#4075,#4076,#4077,#4078,#4079,#4080,#4081,#4082,#4083,
#4084,#4085,#4086,#4087,#4088,#4089,#4090,#4091,#4092,#4093,#4094,#4095,
#4096,#4097,#4098,#4099,#4100,#4101,#4102,#4103,#4104,#4105,#4106,#4107,
#4108,#4109,#4110,#4111,#4112,#4113,#4114,#4115,#4116,#4117,#4118,#4119,
#4120,#4121,#4122,#4123,#4124,#4125,#4126,#4127,#4128,#4129,#4130,#4131,
#4132,#4133,#4134,#4135,#4136,#4137,#4138,#4139,#4140,#4141,#4142,#4143,
#4144,#4145,#4146,#4147,#4148,#4149,#4150,#4151,#4152,#4153,#4154,#4155,
#4156,#4157,#4158,#4159,#4160,#4161,#4162,#4163));
#4165=DERIVED_UNIT_ELEMENT(#4167,1.);
#4166=DERIVED_UNIT_ELEMENT(#6778,-3.);
#4167=(
MASS_UNIT()
NAMED_UNIT(*)
SI_UNIT(.KILO.,.GRAM.)
);
#4168=DERIVED_UNIT((#4165,#4166));
#4169=MEASURE_REPRESENTATION_ITEM('density measure',
POSITIVE_RATIO_MEASURE(7850.),#4168);
#4170=PROPERTY_DEFINITION_REPRESENTATION(#4175,#4172);
#4171=PROPERTY_DEFINITION_REPRESENTATION(#4176,#4173);
#4172=REPRESENTATION('material name',(#4174),#6775);
#4173=REPRESENTATION('density',(#4169),#6775);
#4174=DESCRIPTIVE_REPRESENTATION_ITEM('Steel','Steel');
#4175=PROPERTY_DEFINITION('material property','material name',#6785);
#4176=PROPERTY_DEFINITION('material property','density of part',#6785);
#4177=AXIS2_PLACEMENT_3D('',#5573,#4474,#4475);
#4178=AXIS2_PLACEMENT_3D('',#5574,#4476,#4477);
#4179=AXIS2_PLACEMENT_3D('',#5583,#4482,#4483);
#4180=AXIS2_PLACEMENT_3D('',#5597,#4490,#4491);
#4181=AXIS2_PLACEMENT_3D('',#5601,#4493,#4494);
#4182=AXIS2_PLACEMENT_3D('',#5605,#4496,#4497);
#4183=AXIS2_PLACEMENT_3D('',#5609,#4499,#4500);
#4184=AXIS2_PLACEMENT_3D('',#5613,#4503,#4504);
#4185=AXIS2_PLACEMENT_3D('',#5619,#4508,#4509);
#4186=AXIS2_PLACEMENT_3D('',#5623,#4512,#4513);
#4187=AXIS2_PLACEMENT_3D('',#5632,#4518,#4519);
#4188=AXIS2_PLACEMENT_3D('',#5638,#4523,#4524);
#4189=AXIS2_PLACEMENT_3D('',#5640,#4525,#4526);
#4190=AXIS2_PLACEMENT_3D('',#5642,#4527,#4528);
#4191=AXIS2_PLACEMENT_3D('',#5647,#4529,#4530);
#4192=AXIS2_PLACEMENT_3D('',#5649,#4531,#4532);
#4193=AXIS2_PLACEMENT_3D('',#5652,#4534,#4535);
#4194=AXIS2_PLACEMENT_3D('',#5653,#4536,#4537);
#4195=AXIS2_PLACEMENT_3D('',#5662,#4540,#4541);
#4196=AXIS2_PLACEMENT_3D('',#5664,#4542,#4543);
#4197=AXIS2_PLACEMENT_3D('',#5667,#4545,#4546);
#4198=AXIS2_PLACEMENT_3D('',#5668,#4547,#4548);
#4199=AXIS2_PLACEMENT_3D('',#5672,#4550,#4551);
#4200=AXIS2_PLACEMENT_3D('',#5673,#4552,#4553);
#4201=AXIS2_PLACEMENT_3D('',#5674,#4554,#4555);
#4202=AXIS2_PLACEMENT_3D('',#5680,#4559,#4560);
#4203=AXIS2_PLACEMENT_3D('',#5686,#4564,#4565);
#4204=AXIS2_PLACEMENT_3D('',#5692,#4569,#4570);
#4205=AXIS2_PLACEMENT_3D('',#5706,#4578,#4579);
#4206=AXIS2_PLACEMENT_3D('',#5710,#4582,#4583);
#4207=AXIS2_PLACEMENT_3D('',#5714,#4586,#4587);
#4208=AXIS2_PLACEMENT_3D('',#5717,#4589,#4590);
#4209=AXIS2_PLACEMENT_3D('',#5718,#4591,#4592);
#4210=AXIS2_PLACEMENT_3D('',#5721,#4594,#4595);
#4211=AXIS2_PLACEMENT_3D('',#5722,#4596,#4597);
#4212=AXIS2_PLACEMENT_3D('',#5726,#4600,#4601);
#4213=AXIS2_PLACEMENT_3D('',#5729,#4603,#4604);
#4214=AXIS2_PLACEMENT_3D('',#5730,#4605,#4606);
#4215=AXIS2_PLACEMENT_3D('',#5733,#4608,#4609);
#4216=AXIS2_PLACEMENT_3D('',#5734,#4610,#4611);
#4217=AXIS2_PLACEMENT_3D('',#5738,#4614,#4615);
#4218=AXIS2_PLACEMENT_3D('',#5742,#4618,#4619);
#4219=AXIS2_PLACEMENT_3D('',#5748,#4623,#4624);
#4220=AXIS2_PLACEMENT_3D('',#5754,#4628,#4629);
#4221=AXIS2_PLACEMENT_3D('',#5760,#4633,#4634);
#4222=AXIS2_PLACEMENT_3D('',#5765,#4636,#4637);
#4223=AXIS2_PLACEMENT_3D('',#5769,#4639,#4640);
#4224=AXIS2_PLACEMENT_3D('',#5773,#4642,#4643);
#4225=AXIS2_PLACEMENT_3D('',#5776,#4645,#4646);
#4226=AXIS2_PLACEMENT_3D('',#5795,#4656,#4657);
#4227=AXIS2_PLACEMENT_3D('',#5797,#4658,#4659);
#4228=AXIS2_PLACEMENT_3D('',#5799,#4660,#4661);
#4229=AXIS2_PLACEMENT_3D('',#5801,#4662,#4663);
#4230=AXIS2_PLACEMENT_3D('',#5803,#4664,#4665);
#4231=AXIS2_PLACEMENT_3D('',#5805,#4666,#4667);
#4232=AXIS2_PLACEMENT_3D('',#5806,#4668,#4669);
#4233=AXIS2_PLACEMENT_3D('',#5815,#4674,#4675);
#4234=AXIS2_PLACEMENT_3D('',#5831,#4684,#4685);
#4235=AXIS2_PLACEMENT_3D('',#5833,#4686,#4687);
#4236=AXIS2_PLACEMENT_3D('',#5834,#4688,#4689);
#4237=AXIS2_PLACEMENT_3D('',#5838,#4692,#4693);
#4238=AXIS2_PLACEMENT_3D('',#5842,#4696,#4697);
#4239=AXIS2_PLACEMENT_3D('',#5844,#4699,#4700);
#4240=AXIS2_PLACEMENT_3D('',#5848,#4703,#4704);
#4241=AXIS2_PLACEMENT_3D('',#5852,#4707,#4708);
#4242=AXIS2_PLACEMENT_3D('',#5856,#4711,#4712);
#4243=AXIS2_PLACEMENT_3D('',#5858,#4714,#4715);
#4244=AXIS2_PLACEMENT_3D('',#5860,#4716,#4717);
#4245=AXIS2_PLACEMENT_3D('',#5864,#4719,#4720);
#4246=AXIS2_PLACEMENT_3D('',#5868,#4722,#4723);
#4247=AXIS2_PLACEMENT_3D('',#5872,#4725,#4726);
#4248=AXIS2_PLACEMENT_3D('',#5882,#4732,#4733);
#4249=AXIS2_PLACEMENT_3D('',#5891,#4738,#4739);
#4250=AXIS2_PLACEMENT_3D('',#5897,#4743,#4744);
#4251=AXIS2_PLACEMENT_3D('',#5903,#4748,#4749);
#4252=AXIS2_PLACEMENT_3D('',#5905,#4751,#4752);
#4253=AXIS2_PLACEMENT_3D('',#5914,#4757,#4758);
#4254=AXIS2_PLACEMENT_3D('',#5919,#4760,#4761);
#4255=AXIS2_PLACEMENT_3D('',#5922,#4763,#4764);
#4256=AXIS2_PLACEMENT_3D('',#5924,#4765,#4766);
#4257=AXIS2_PLACEMENT_3D('',#5944,#4776,#4777);
#4258=AXIS2_PLACEMENT_3D('',#6007,#4810,#4811);
#4259=AXIS2_PLACEMENT_3D('',#6022,#4819,#4820);
#4260=AXIS2_PLACEMENT_3D('',#6024,#4821,#4822);
#4261=AXIS2_PLACEMENT_3D('',#6026,#4823,#4824);
#4262=AXIS2_PLACEMENT_3D('',#6027,#4825,#4826);
#4263=AXIS2_PLACEMENT_3D('',#6033,#4830,#4831);
#4264=AXIS2_PLACEMENT_3D('',#6036,#4833,#4834);
#4265=AXIS2_PLACEMENT_3D('',#6037,#4835,#4836);
#4266=AXIS2_PLACEMENT_3D('',#6041,#4839,#4840);
#4267=AXIS2_PLACEMENT_3D('',#6044,#4842,#4843);
#4268=AXIS2_PLACEMENT_3D('',#6045,#4844,#4845);
#4269=AXIS2_PLACEMENT_3D('',#6049,#4848,#4849);
#4270=AXIS2_PLACEMENT_3D('',#6051,#4851,#4852);
#4271=AXIS2_PLACEMENT_3D('',#6052,#4853,#4854);
#4272=AXIS2_PLACEMENT_3D('',#6054,#4856,#4857);
#4273=AXIS2_PLACEMENT_3D('',#6055,#4858,#4859);
#4274=AXIS2_PLACEMENT_3D('',#6056,#4860,#4861);
#4275=AXIS2_PLACEMENT_3D('',#6060,#4863,#4864);
#4276=AXIS2_PLACEMENT_3D('',#6062,#4866,#4867);
#4277=AXIS2_PLACEMENT_3D('',#6070,#4871,#4872);
#4278=AXIS2_PLACEMENT_3D('',#6074,#4874,#4875);
#4279=AXIS2_PLACEMENT_3D('',#6082,#4879,#4880);
#4280=AXIS2_PLACEMENT_3D('',#6086,#4882,#4883);
#4281=AXIS2_PLACEMENT_3D('',#6092,#4886,#4887);
#4282=AXIS2_PLACEMENT_3D('',#6095,#4889,#4890);
#4283=AXIS2_PLACEMENT_3D('',#6097,#4891,#4892);
#4284=AXIS2_PLACEMENT_3D('',#6101,#4894,#4895);
#4285=AXIS2_PLACEMENT_3D('',#6103,#4897,#4898);
#4286=AXIS2_PLACEMENT_3D('',#6106,#4900,#4901);
#4287=AXIS2_PLACEMENT_3D('',#6107,#4902,#4903);
#4288=AXIS2_PLACEMENT_3D('',#6113,#4906,#4907);
#4289=AXIS2_PLACEMENT_3D('',#6117,#4909,#4910);
#4290=AXIS2_PLACEMENT_3D('',#6121,#4912,#4913);
#4291=AXIS2_PLACEMENT_3D('',#6125,#4915,#4916);
#4292=AXIS2_PLACEMENT_3D('',#6145,#4926,#4927);
#4293=AXIS2_PLACEMENT_3D('',#6171,#4941,#4942);
#4294=AXIS2_PLACEMENT_3D('',#6174,#4944,#4945);
#4295=AXIS2_PLACEMENT_3D('',#6175,#4946,#4947);
#4296=AXIS2_PLACEMENT_3D('',#6178,#4950,#4951);
#4297=AXIS2_PLACEMENT_3D('',#6180,#4953,#4954);
#4298=AXIS2_PLACEMENT_3D('',#6183,#4957,#4958);
#4299=AXIS2_PLACEMENT_3D('',#6185,#4960,#4961);
#4300=AXIS2_PLACEMENT_3D('',#6187,#4963,#4964);
#4301=AXIS2_PLACEMENT_3D('',#6188,#4965,#4966);
#4302=AXIS2_PLACEMENT_3D('',#6189,#4967,#4968);
#4303=AXIS2_PLACEMENT_3D('',#6191,#4969,#4970);
#4304=AXIS2_PLACEMENT_3D('',#6195,#4973,#4974);
#4305=AXIS2_PLACEMENT_3D('',#6196,#4975,#4976);
#4306=AXIS2_PLACEMENT_3D('',#6198,#4977,#4978);
#4307=AXIS2_PLACEMENT_3D('',#6205,#4982,#4983);
#4308=AXIS2_PLACEMENT_3D('',#6206,#4984,#4985);
#4309=AXIS2_PLACEMENT_3D('',#6211,#4988,#4989);
#4310=AXIS2_PLACEMENT_3D('',#6212,#4990,#4991);
#4311=AXIS2_PLACEMENT_3D('',#6216,#4994,#4995);
#4312=AXIS2_PLACEMENT_3D('',#6217,#4996,#4997);
#4313=AXIS2_PLACEMENT_3D('',#6218,#4998,#4999);
#4314=AXIS2_PLACEMENT_3D('',#6222,#5002,#5003);
#4315=AXIS2_PLACEMENT_3D('',#6225,#5005,#5006);
#4316=AXIS2_PLACEMENT_3D('',#6226,#5007,#5008);
#4317=AXIS2_PLACEMENT_3D('',#6232,#5012,#5013);
#4318=AXIS2_PLACEMENT_3D('',#6238,#5017,#5018);
#4319=AXIS2_PLACEMENT_3D('',#6239,#5019,#5020);
#4320=AXIS2_PLACEMENT_3D('',#6240,#5021,#5022);
#4321=AXIS2_PLACEMENT_3D('',#6246,#5026,#5027);
#4322=AXIS2_PLACEMENT_3D('',#6247,#5028,#5029);
#4323=AXIS2_PLACEMENT_3D('',#6248,#5030,#5031);
#4324=AXIS2_PLACEMENT_3D('',#6254,#5035,#5036);
#4325=AXIS2_PLACEMENT_3D('',#6260,#5040,#5041);
#4326=AXIS2_PLACEMENT_3D('',#6262,#5042,#5043);
#4327=AXIS2_PLACEMENT_3D('',#6264,#5045,#5046);
#4328=AXIS2_PLACEMENT_3D('',#6268,#5049,#5050);
#4329=AXIS2_PLACEMENT_3D('',#6269,#5051,#5052);
#4330=AXIS2_PLACEMENT_3D('',#6270,#5053,#5054);
#4331=AXIS2_PLACEMENT_3D('',#6274,#5057,#5058);
#4332=AXIS2_PLACEMENT_3D('',#6280,#5061,#5062);
#4333=AXIS2_PLACEMENT_3D('',#6282,#5064,#5065);
#4334=AXIS2_PLACEMENT_3D('',#6284,#5067,#5068);
#4335=AXIS2_PLACEMENT_3D('',#6286,#5069,#5070);
#4336=AXIS2_PLACEMENT_3D('',#6292,#5074,#5075);
#4337=AXIS2_PLACEMENT_3D('',#6294,#5077,#5078);
#4338=AXIS2_PLACEMENT_3D('',#6300,#5082,#5083);
#4339=AXIS2_PLACEMENT_3D('',#6304,#5086,#5087);
#4340=AXIS2_PLACEMENT_3D('',#6308,#5090,#5091);
#4341=AXIS2_PLACEMENT_3D('',#6314,#5095,#5096);
#4342=AXIS2_PLACEMENT_3D('',#6318,#5099,#5100);
#4343=AXIS2_PLACEMENT_3D('',#6320,#5102,#5103);
#4344=AXIS2_PLACEMENT_3D('',#6324,#5105,#5106);
#4345=AXIS2_PLACEMENT_3D('',#6326,#5108,#5109);
#4346=AXIS2_PLACEMENT_3D('',#6332,#5113,#5114);
#4347=AXIS2_PLACEMENT_3D('',#6336,#5117,#5118);
#4348=AXIS2_PLACEMENT_3D('',#6340,#5121,#5122);
#4349=AXIS2_PLACEMENT_3D('',#6346,#5126,#5127);
#4350=AXIS2_PLACEMENT_3D('',#6350,#5130,#5131);
#4351=AXIS2_PLACEMENT_3D('',#6354,#5134,#5135);
#4352=AXIS2_PLACEMENT_3D('',#6360,#5139,#5140);
#4353=AXIS2_PLACEMENT_3D('',#6364,#5143,#5144);
#4354=AXIS2_PLACEMENT_3D('',#6368,#5147,#5148);
#4355=AXIS2_PLACEMENT_3D('',#6374,#5152,#5153);
#4356=AXIS2_PLACEMENT_3D('',#6375,#5154,#5155);
#4357=AXIS2_PLACEMENT_3D('',#6376,#5156,#5157);
#4358=AXIS2_PLACEMENT_3D('',#6379,#5158,#5159);
#4359=AXIS2_PLACEMENT_3D('',#6382,#5162,#5163);
#4360=AXIS2_PLACEMENT_3D('',#6386,#5166,#5167);
#4361=AXIS2_PLACEMENT_3D('',#6388,#5168,#5169);
#4362=AXIS2_PLACEMENT_3D('',#6390,#5171,#5172);
#4363=AXIS2_PLACEMENT_3D('',#6394,#5175,#5176);
#4364=AXIS2_PLACEMENT_3D('',#6395,#5177,#5178);
#4365=AXIS2_PLACEMENT_3D('',#6396,#5179,#5180);
#4366=AXIS2_PLACEMENT_3D('',#6405,#5189,#5190);
#4367=AXIS2_PLACEMENT_3D('',#6406,#5191,#5192);
#4368=AXIS2_PLACEMENT_3D('',#6407,#5193,#5194);
#4369=AXIS2_PLACEMENT_3D('',#6408,#5195,#5196);
#4370=AXIS2_PLACEMENT_3D('',#6409,#5197,#5198);
#4371=AXIS2_PLACEMENT_3D('',#6410,#5199,#5200);
#4372=AXIS2_PLACEMENT_3D('',#6416,#5204,#5205);
#4373=AXIS2_PLACEMENT_3D('',#6420,#5208,#5209);
#4374=AXIS2_PLACEMENT_3D('',#6433,#5218,#5219);
#4375=AXIS2_PLACEMENT_3D('',#6439,#5223,#5224);
#4376=AXIS2_PLACEMENT_3D('',#6443,#5227,#5228);
#4377=AXIS2_PLACEMENT_3D('',#6449,#5232,#5233);
#4378=AXIS2_PLACEMENT_3D('',#6451,#5235,#5236);
#4379=AXIS2_PLACEMENT_3D('',#6455,#5239,#5240);
#4380=AXIS2_PLACEMENT_3D('',#6459,#5243,#5244);
#4381=AXIS2_PLACEMENT_3D('',#6461,#5246,#5247);
#4382=AXIS2_PLACEMENT_3D('',#6465,#5250,#5251);
#4383=AXIS2_PLACEMENT_3D('',#6467,#5253,#5254);
#4384=AXIS2_PLACEMENT_3D('',#6473,#5258,#5259);
#4385=AXIS2_PLACEMENT_3D('',#6475,#5261,#5262);
#4386=AXIS2_PLACEMENT_3D('',#6497,#5274,#5275);
#4387=AXIS2_PLACEMENT_3D('',#6499,#5277,#5278);
#4388=AXIS2_PLACEMENT_3D('',#6513,#5288,#5289);
#4389=AXIS2_PLACEMENT_3D('',#6519,#5293,#5294);
#4390=AXIS2_PLACEMENT_3D('',#6525,#5298,#5299);
#4391=AXIS2_PLACEMENT_3D('',#6529,#5302,#5303);
#4392=AXIS2_PLACEMENT_3D('',#6533,#5306,#5307);
#4393=AXIS2_PLACEMENT_3D('',#6535,#5309,#5310);
#4394=AXIS2_PLACEMENT_3D('',#6539,#5313,#5314);
#4395=AXIS2_PLACEMENT_3D('',#6540,#5315,#5316);
#4396=AXIS2_PLACEMENT_3D('',#6544,#5319,#5320);
#4397=AXIS2_PLACEMENT_3D('',#6548,#5323,#5324);
#4398=AXIS2_PLACEMENT_3D('',#6550,#5326,#5327);
#4399=AXIS2_PLACEMENT_3D('',#6552,#5329,#5330);
#4400=AXIS2_PLACEMENT_3D('',#6553,#5331,#5332);
#4401=AXIS2_PLACEMENT_3D('',#6555,#5334,#5335);
#4402=AXIS2_PLACEMENT_3D('',#6556,#5336,#5337);
#4403=AXIS2_PLACEMENT_3D('',#6559,#5340,#5341);
#4404=AXIS2_PLACEMENT_3D('',#6561,#5343,#5344);
#4405=AXIS2_PLACEMENT_3D('',#6563,#5346,#5347);
#4406=AXIS2_PLACEMENT_3D('',#6565,#5349,#5350);
#4407=AXIS2_PLACEMENT_3D('',#6566,#5351,#5352);
#4408=AXIS2_PLACEMENT_3D('',#6567,#5353,#5354);
#4409=AXIS2_PLACEMENT_3D('',#6568,#5355,#5356);
#4410=AXIS2_PLACEMENT_3D('',#6577,#5361,#5362);
#4411=AXIS2_PLACEMENT_3D('',#6586,#5367,#5368);
#4412=AXIS2_PLACEMENT_3D('',#6595,#5373,#5374);
#4413=AXIS2_PLACEMENT_3D('',#6598,#5377,#5378);
#4414=AXIS2_PLACEMENT_3D('',#6604,#5382,#5383);
#4415=AXIS2_PLACEMENT_3D('',#6610,#5387,#5388);
#4416=AXIS2_PLACEMENT_3D('',#6613,#5391,#5392);
#4417=AXIS2_PLACEMENT_3D('',#6614,#5393,#5394);
#4418=AXIS2_PLACEMENT_3D('',#6615,#5395,#5396);
#4419=AXIS2_PLACEMENT_3D('',#6621,#5400,#5401);
#4420=AXIS2_PLACEMENT_3D('',#6622,#5402,#5403);
#4421=AXIS2_PLACEMENT_3D('',#6624,#5405,#5406);
#4422=AXIS2_PLACEMENT_3D('',#6625,#5407,#5408);
#4423=AXIS2_PLACEMENT_3D('',#6627,#5409,#5410);
#4424=AXIS2_PLACEMENT_3D('',#6630,#5412,#5413);
#4425=AXIS2_PLACEMENT_3D('',#6631,#5414,#5415);
#4426=AXIS2_PLACEMENT_3D('',#6633,#5416,#5417);
#4427=AXIS2_PLACEMENT_3D('',#6635,#5419,#5420);
#4428=AXIS2_PLACEMENT_3D('',#6637,#5421,#5422);
#4429=AXIS2_PLACEMENT_3D('',#6639,#5424,#5425);
#4430=AXIS2_PLACEMENT_3D('',#6641,#5426,#5427);
#4431=AXIS2_PLACEMENT_3D('',#6643,#5429,#5430);
#4432=AXIS2_PLACEMENT_3D('',#6652,#5435,#5436);
#4433=AXIS2_PLACEMENT_3D('',#6657,#5440,#5441);
#4434=AXIS2_PLACEMENT_3D('',#6660,#5444,#5445);
#4435=AXIS2_PLACEMENT_3D('',#6668,#5450,#5451);
#4436=AXIS2_PLACEMENT_3D('',#6676,#5456,#5457);
#4437=AXIS2_PLACEMENT_3D('',#6679,#5460,#5461);
#4438=AXIS2_PLACEMENT_3D('',#6688,#5466,#5467);
#4439=AXIS2_PLACEMENT_3D('',#6693,#5471,#5472);
#4440=AXIS2_PLACEMENT_3D('',#6698,#5476,#5477);
#4441=AXIS2_PLACEMENT_3D('',#6707,#5482,#5483);
#4442=AXIS2_PLACEMENT_3D('',#6710,#5486,#5487);
#4443=AXIS2_PLACEMENT_3D('',#6715,#5491,#5492);
#4444=AXIS2_PLACEMENT_3D('',#6719,#5496,#5497);
#4445=AXIS2_PLACEMENT_3D('',#6720,#5498,#5499);
#4446=AXIS2_PLACEMENT_3D('',#6721,#5500,#5501);
#4447=AXIS2_PLACEMENT_3D('',#6722,#5502,#5503);
#4448=AXIS2_PLACEMENT_3D('',#6725,#5505,#5506);
#4449=AXIS2_PLACEMENT_3D('',#6726,#5507,#5508);
#4450=AXIS2_PLACEMENT_3D('',#6727,#5509,#5510);
#4451=AXIS2_PLACEMENT_3D('',#6730,#5512,#5513);
#4452=AXIS2_PLACEMENT_3D('',#6731,#5514,#5515);
#4453=AXIS2_PLACEMENT_3D('',#6732,#5516,#5517);
#4454=AXIS2_PLACEMENT_3D('',#6738,#5521,#5522);
#4455=AXIS2_PLACEMENT_3D('',#6743,#5526,#5527);
#4456=AXIS2_PLACEMENT_3D('',#6746,#5530,#5531);
#4457=AXIS2_PLACEMENT_3D('',#6749,#5534,#5535);
#4458=AXIS2_PLACEMENT_3D('',#6752,#5537,#5538);
#4459=AXIS2_PLACEMENT_3D('',#6753,#5539,#5540);
#4460=AXIS2_PLACEMENT_3D('',#6754,#5541,#5542);
#4461=AXIS2_PLACEMENT_3D('',#6757,#5544,#5545);
#4462=AXIS2_PLACEMENT_3D('',#6758,#5546,#5547);
#4463=AXIS2_PLACEMENT_3D('',#6759,#5548,#5549);
#4464=AXIS2_PLACEMENT_3D('',#6760,#5550,#5551);
#4465=AXIS2_PLACEMENT_3D('',#6761,#5552,#5553);
#4466=AXIS2_PLACEMENT_3D('',#6762,#5554,#5555);
#4467=AXIS2_PLACEMENT_3D('',#6764,#5557,#5558);
#4468=AXIS2_PLACEMENT_3D('',#6766,#5560,#5561);
#4469=AXIS2_PLACEMENT_3D('',#6767,#5562,#5563);
#4470=AXIS2_PLACEMENT_3D('',#6768,#5564,#5565);
#4471=AXIS2_PLACEMENT_3D('',#6769,#5566,#5567);
#4472=AXIS2_PLACEMENT_3D('',#6771,#5569,#5570);
#4473=AXIS2_PLACEMENT_3D('',#6772,#5571,#5572);
#4474=DIRECTION('axis',(0.,0.,1.));
#4475=DIRECTION('refdir',(1.,0.,0.));
#4476=DIRECTION('center_axis',(0.,-1.,0.));
#4477=DIRECTION('ref_axis',(0.,0.,-1.));
#4478=DIRECTION('',(0.,0.,-1.));
#4479=DIRECTION('',(-1.,0.,0.));
#4480=DIRECTION('',(0.,0.,1.));
#4481=DIRECTION('',(1.,0.,0.));
#4482=DIRECTION('center_axis',(1.,0.,0.));
#4483=DIRECTION('ref_axis',(0.,-1.,0.));
#4484=DIRECTION('',(0.,-1.,0.));
#4485=DIRECTION('',(0.,1.,0.));
#4486=DIRECTION('',(0.,0.,1.));
#4487=DIRECTION('',(0.,-1.,0.));
#4488=DIRECTION('',(0.,0.,-1.));
#4489=DIRECTION('',(0.,1.,0.));
#4490=DIRECTION('center_axis',(-1.,0.,0.));
#4491=DIRECTION('ref_axis',(0.,1.,-7.93016446160833E-16));
#4492=DIRECTION('',(0.,0.,-1.));
#4493=DIRECTION('center_axis',(-1.,0.,0.));
#4494=DIRECTION('ref_axis',(0.,0.,-1.));
#4495=DIRECTION('',(0.,-1.,-1.15648229721279E-17));
#4496=DIRECTION('center_axis',(-1.,0.,0.));
#4497=DIRECTION('ref_axis',(0.,-1.,1.38777878078146E-15));
#4498=DIRECTION('',(0.,0.,1.));
#4499=DIRECTION('center_axis',(-1.,0.,0.));
#4500=DIRECTION('ref_axis',(0.,0.,1.));
#4501=DIRECTION('',(0.,1.,0.));
#4502=DIRECTION('',(0.,0.,-1.));
#4503=DIRECTION('center_axis',(0.,1.,0.));
#4504=DIRECTION('ref_axis',(0.,0.,1.));
#4505=DIRECTION('',(0.,0.,1.));
#4506=DIRECTION('',(-1.,0.,0.));
#4507=DIRECTION('',(1.,0.,0.));
#4508=DIRECTION('center_axis',(0.,0.,1.));
#4509=DIRECTION('ref_axis',(1.,0.,0.));
#4510=DIRECTION('',(-1.,0.,0.));
#4511=DIRECTION('',(0.,-1.,0.));
#4512=DIRECTION('center_axis',(0.702812806426462,0.0778084771921336,-0.707106781186548));
#4513=DIRECTION('ref_axis',(-0.709257018019351,0.,-0.704949985736789));
#4514=DIRECTION('',(0.110037803712713,-0.993927402657801,0.));
#4515=DIRECTION('',(-0.697988977170535,-0.116495599388461,-0.706569291061785));
#4516=DIRECTION('',(-0.110037803712713,0.993927402657801,0.));
#4517=DIRECTION('',(0.706569013749798,0.0389930457552791,0.706569013749799));
#4518=DIRECTION('center_axis',(0.68998742691917,0.154652354309471,-0.707106781186548));
#4519=DIRECTION('ref_axis',(-0.715717614453678,0.,-0.698389788270659));
#4520=DIRECTION('',(0.218711456917384,-0.975789577016006,0.));
#4521=DIRECTION('',(-0.689987426919171,-0.154652354309473,-0.707106781186547));
#4522=DIRECTION('',(-0.218711456917384,0.975789577016006,0.));
#4523=DIRECTION('center_axis',(0.,0.,-1.));
#4524=DIRECTION('ref_axis',(-0.975789577016006,-0.218711456917381,0.));
#4525=DIRECTION('center_axis',(0.,0.,-1.));
#4526=DIRECTION('ref_axis',(-0.975789577016006,-0.218711456917381,0.));
#4527=DIRECTION('center_axis',(0.,0.,1.));
#4528=DIRECTION('ref_axis',(-0.975789577016006,-0.218711456917381,0.));
#4529=DIRECTION('center_axis',(0.,0.,-1.));
#4530=DIRECTION('ref_axis',(-0.510191800518186,-0.860060652910021,0.));
#4531=DIRECTION('center_axis',(0.,0.,1.));
#4532=DIRECTION('ref_axis',(-0.510191800518186,-0.860060652910021,0.));
#4533=DIRECTION('',(0.,-0.707106781186549,-0.707106781186546));
#4534=DIRECTION('center_axis',(0.,0.,-1.));
#4535=DIRECTION('ref_axis',(-0.510191800518186,-0.860060652910021,0.));
#4536=DIRECTION('center_axis',(-4.03814659300967E-17,0.707106781186547,
-0.707106781186548));
#4537=DIRECTION('ref_axis',(-1.,0.,5.71080167868498E-17));
#4538=DIRECTION('',(-1.,-5.71080167868499E-17,0.));
#4539=DIRECTION('',(1.,5.71080167868499E-17,0.));
#4540=DIRECTION('center_axis',(0.,0.,-1.));
#4541=DIRECTION('ref_axis',(0.0721938658472443,-0.997390618430929,0.));
#4542=DIRECTION('center_axis',(0.,0.,1.));
#4543=DIRECTION('ref_axis',(0.0721938658472443,-0.997390618430929,0.));
#4544=DIRECTION('',(0.267424596996622,-0.654586957493958,-0.707106781186546));
#4545=DIRECTION('center_axis',(0.,0.,-1.));
#4546=DIRECTION('ref_axis',(0.0721938658472443,-0.997390618430929,0.));
#4547=DIRECTION('center_axis',(0.,0.,-1.));
#4548=DIRECTION('ref_axis',(0.378195491984777,-0.925725753040495,0.));
#4549=DIRECTION('',(0.699582814228664,-0.102878015318644,-0.707106781186547));
#4550=DIRECTION('center_axis',(0.,0.,-1.));
#4551=DIRECTION('ref_axis',(0.378195491984777,-0.925725753040495,0.));
#4552=DIRECTION('center_axis',(0.,0.,1.));
#4553=DIRECTION('ref_axis',(0.378195491984777,-0.925725753040496,0.));
#4554=DIRECTION('center_axis',(-0.699582814228661,0.102878015318652,-0.707106781186549));
#4555=DIRECTION('ref_axis',(-0.710878717839581,0.,0.703314615604392));
#4556=DIRECTION('',(-0.145491484533665,-0.989359503885312,0.));
#4557=DIRECTION('',(0.145491484533665,0.989359503885312,0.));
#4558=DIRECTION('',(0.706163147168395,-0.0516451271898537,-0.706163147168394));
#4559=DIRECTION('center_axis',(-0.707106781186547,0.,-0.707106781186548));
#4560=DIRECTION('ref_axis',(-0.707106781186548,0.,0.707106781186547));
#4561=DIRECTION('',(0.,1.,0.));
#4562=DIRECTION('',(0.707106781186548,0.,-0.707106781186547));
#4563=DIRECTION('',(0.,-1.,0.));
#4564=DIRECTION('center_axis',(0.707106781186548,0.,-0.707106781186547));
#4565=DIRECTION('ref_axis',(-0.707106781186547,0.,-0.707106781186548));
#4566=DIRECTION('',(0.,1.,0.));
#4567=DIRECTION('',(0.707106781186547,0.,0.707106781186548));
#4568=DIRECTION('',(0.,-1.,0.));
#4569=DIRECTION('center_axis',(0.,1.,0.));
#4570=DIRECTION('ref_axis',(0.,0.,1.));
#4571=DIRECTION('',(0.,0.,1.));
#4572=DIRECTION('',(1.,0.,0.));
#4573=DIRECTION('',(0.,0.,-1.));
#4574=DIRECTION('',(-1.,0.,0.));
#4575=DIRECTION('',(0.,0.,1.));
#4576=DIRECTION('',(0.707106781186548,0.,-0.707106781186547));
#4577=DIRECTION('',(-1.,0.,0.));
#4578=DIRECTION('center_axis',(-1.,0.,0.));
#4579=DIRECTION('ref_axis',(0.,0.,1.));
#4580=DIRECTION('',(0.,0.,-1.));
#4581=DIRECTION('',(0.,1.,0.));
#4582=DIRECTION('center_axis',(0.989359503885312,-0.145491484533665,0.));
#4583=DIRECTION('ref_axis',(-0.145491484533665,-0.989359503885312,0.));
#4584=DIRECTION('',(0.,0.,-1.));
#4585=DIRECTION('',(0.145491484533665,0.989359503885312,0.));
#4586=DIRECTION('center_axis',(0.,0.,-1.));
#4587=DIRECTION('ref_axis',(0.378195491984777,-0.925725753040496,0.));
#4588=DIRECTION('',(0.,0.,-1.));
#4589=DIRECTION('center_axis',(0.,0.,1.));
#4590=DIRECTION('ref_axis',(0.378195491984777,-0.925725753040496,0.));
#4591=DIRECTION('center_axis',(0.,0.,-1.));
#4592=DIRECTION('ref_axis',(0.0721938658472443,-0.997390618430929,0.));
#4593=DIRECTION('',(0.,0.,-1.));
#4594=DIRECTION('center_axis',(0.,0.,1.));
#4595=DIRECTION('ref_axis',(0.0721938658472443,-0.997390618430929,0.));
#4596=DIRECTION('center_axis',(5.71080167868499E-17,-1.,0.));
#4597=DIRECTION('ref_axis',(-1.,-5.71080167868499E-17,0.));
#4598=DIRECTION('',(0.,0.,-1.));
#4599=DIRECTION('',(1.,5.71080167868499E-17,0.));
#4600=DIRECTION('center_axis',(0.,0.,-1.));
#4601=DIRECTION('ref_axis',(-0.510191800518186,-0.860060652910021,0.));
#4602=DIRECTION('',(0.,0.,-1.));
#4603=DIRECTION('center_axis',(0.,0.,1.));
#4604=DIRECTION('ref_axis',(-0.510191800518186,-0.860060652910021,0.));
#4605=DIRECTION('center_axis',(0.,0.,-1.));
#4606=DIRECTION('ref_axis',(-0.975789577016006,-0.218711456917381,0.));
#4607=DIRECTION('',(0.,0.,-1.));
#4608=DIRECTION('center_axis',(0.,0.,1.));
#4609=DIRECTION('ref_axis',(-0.975789577016006,-0.218711456917381,0.));
#4610=DIRECTION('center_axis',(-0.975789577016006,-0.218711456917384,0.));
#4611=DIRECTION('ref_axis',(-0.218711456917384,0.975789577016006,0.));
#4612=DIRECTION('',(0.,0.,-1.));
#4613=DIRECTION('',(0.218711456917384,-0.975789577016006,0.));
#4614=DIRECTION('center_axis',(-0.993927402657801,-0.110037803712713,0.));
#4615=DIRECTION('ref_axis',(-0.110037803712713,0.993927402657801,0.));
#4616=DIRECTION('',(0.,0.,-1.));
#4617=DIRECTION('',(0.110037803712713,-0.993927402657801,0.));
#4618=DIRECTION('center_axis',(-0.707106781186547,0.,-0.707106781186548));
#4619=DIRECTION('ref_axis',(-0.707106781186548,0.,0.707106781186547));
#4620=DIRECTION('',(0.,-1.,0.));
#4621=DIRECTION('',(0.,1.,0.));
#4622=DIRECTION('',(0.577350269189629,0.577350269189625,-0.577350269189624));
#4623=DIRECTION('center_axis',(0.,-0.707106781186547,-0.707106781186548));
#4624=DIRECTION('ref_axis',(-1.,0.,0.));
#4625=DIRECTION('',(1.,0.,0.));
#4626=DIRECTION('',(-1.,0.,0.));
#4627=DIRECTION('',(-0.577350269189627,0.577350269189625,-0.577350269189625));
#4628=DIRECTION('center_axis',(0.707106781186547,4.53773120543361E-17,-0.707106781186548));
#4629=DIRECTION('ref_axis',(-0.707106781186548,0.,-0.707106781186547));
#4630=DIRECTION('',(6.41732101312784E-17,-1.,0.));
#4631=DIRECTION('',(0.707106781186548,0.,0.707106781186547));
#4632=DIRECTION('',(-6.41732101312784E-17,1.,0.));
#4633=DIRECTION('center_axis',(0.,0.,1.));
#4634=DIRECTION('ref_axis',(1.,0.,0.));
#4635=DIRECTION('',(1.,9.52609488173553E-17,0.));
#4636=DIRECTION('center_axis',(0.,0.,1.));
#4637=DIRECTION('ref_axis',(-1.,3.38999396832109E-16,0.));
#4638=DIRECTION('',(3.34692565371595E-17,-1.,0.));
#4639=DIRECTION('center_axis',(0.,0.,1.));
#4640=DIRECTION('ref_axis',(-1.21115239050017E-15,1.,0.));
#4641=DIRECTION('',(-1.,2.24004651022667E-16,0.));
#4642=DIRECTION('center_axis',(0.,0.,1.));
#4643=DIRECTION('ref_axis',(1.,-3.22973970800046E-15,0.));
#4644=DIRECTION('',(0.,1.,0.));
#4645=DIRECTION('center_axis',(0.,0.,1.));
#4646=DIRECTION('ref_axis',(-6.77998793664218E-16,-1.,0.));
#4647=DIRECTION('',(-1.,-3.52611704282768E-17,0.));
#4648=DIRECTION('',(2.22044604925031E-17,-1.,0.));
#4649=DIRECTION('',(1.,0.,0.));
#4650=DIRECTION('',(0.,1.,0.));
#4651=DIRECTION('',(-1.,0.,0.));
#4652=DIRECTION('',(-1.,0.,0.));
#4653=DIRECTION('',(0.,-1.,0.));
#4654=DIRECTION('',(1.,0.,0.));
#4655=DIRECTION('',(0.,1.,0.));
#4656=DIRECTION('center_axis',(0.,0.,1.));
#4657=DIRECTION('ref_axis',(1.,0.,0.));
#4658=DIRECTION('center_axis',(0.,0.,1.));
#4659=DIRECTION('ref_axis',(1.,0.,0.));
#4660=DIRECTION('center_axis',(0.,0.,1.));
#4661=DIRECTION('ref_axis',(1.,0.,0.));
#4662=DIRECTION('center_axis',(0.,0.,1.));
#4663=DIRECTION('ref_axis',(1.,0.,0.));
#4664=DIRECTION('center_axis',(0.,0.,1.));
#4665=DIRECTION('ref_axis',(1.,0.,0.));
#4666=DIRECTION('center_axis',(0.,0.,1.));
#4667=DIRECTION('ref_axis',(1.,0.,0.));
#4668=DIRECTION('center_axis',(1.,0.,0.));
#4669=DIRECTION('ref_axis',(0.,0.,-1.));
#4670=DIRECTION('',(0.,-1.,0.));
#4671=DIRECTION('',(0.,0.,1.));
#4672=DIRECTION('',(0.,-1.,0.));
#4673=DIRECTION('',(0.,0.,1.));
#4674=DIRECTION('center_axis',(0.,0.,1.));
#4675=DIRECTION('ref_axis',(1.,0.,0.));
#4676=DIRECTION('',(-1.,0.,0.));
#4677=DIRECTION('',(0.,1.,0.));
#4678=DIRECTION('',(-1.,0.,0.));
#4679=DIRECTION('',(0.,-1.,0.));
#4680=DIRECTION('',(-1.,0.,0.));
#4681=DIRECTION('',(0.,1.,0.));
#4682=DIRECTION('',(0.,1.,0.));
#4683=DIRECTION('',(1.,3.52611704282768E-17,0.));
#4684=DIRECTION('center_axis',(0.,0.,1.));
#4685=DIRECTION('ref_axis',(1.,0.,0.));
#4686=DIRECTION('center_axis',(0.,0.,-1.));
#4687=DIRECTION('ref_axis',(1.,0.,0.));
#4688=DIRECTION('center_axis',(0.,-1.,0.));
#4689=DIRECTION('ref_axis',(-1.,0.,0.));
#4690=DIRECTION('',(-1.,0.,0.));
#4691=DIRECTION('',(0.,0.,-1.));
#4692=DIRECTION('center_axis',(-1.,0.,0.));
#4693=DIRECTION('ref_axis',(0.,0.,1.));
#4694=DIRECTION('',(0.,0.,1.));
#4695=DIRECTION('',(0.,1.,0.));
#4696=DIRECTION('center_axis',(1.,0.,0.));
#4697=DIRECTION('ref_axis',(0.,0.,-1.));
#4698=DIRECTION('',(0.,0.,-1.));
#4699=DIRECTION('center_axis',(0.,1.,0.));
#4700=DIRECTION('ref_axis',(0.,0.,1.));
#4701=DIRECTION('',(0.,0.,-1.));
#4702=DIRECTION('',(1.,3.52611704282768E-17,0.));
#4703=DIRECTION('center_axis',(-1.,-6.41732101312784E-17,0.));
#4704=DIRECTION('ref_axis',(-6.41732101312784E-17,1.,0.));
#4705=DIRECTION('',(0.,0.,-1.));
#4706=DIRECTION('',(-6.41732101312784E-17,1.,0.));
#4707=DIRECTION('center_axis',(1.,0.,0.));
#4708=DIRECTION('ref_axis',(0.,-1.,0.));
#4709=DIRECTION('',(0.,-1.,0.));
#4710=DIRECTION('',(0.,0.,-1.));
#4711=DIRECTION('center_axis',(0.,-1.45260073431141E-17,-1.));
#4712=DIRECTION('ref_axis',(0.,-1.,1.45260073431141E-17));
#4713=DIRECTION('',(0.,1.,0.));
#4714=DIRECTION('center_axis',(-1.,0.,0.));
#4715=DIRECTION('ref_axis',(0.,-1.,0.));
#4716=DIRECTION('center_axis',(1.,0.,0.));
#4717=DIRECTION('ref_axis',(0.,0.,1.));
#4718=DIRECTION('',(0.,0.,-1.));
#4719=DIRECTION('center_axis',(1.,0.,0.));
#4720=DIRECTION('ref_axis',(0.,-1.,1.38777878078146E-15));
#4721=DIRECTION('',(0.,1.,1.15648229721279E-17));
#4722=DIRECTION('center_axis',(1.,0.,0.));
#4723=DIRECTION('ref_axis',(0.,0.,-1.));
#4724=DIRECTION('',(0.,0.,1.));
#4725=DIRECTION('center_axis',(1.,0.,0.));
#4726=DIRECTION('ref_axis',(0.,1.,-7.93016446160833E-16));
#4727=DIRECTION('',(0.,-1.,0.));
#4728=DIRECTION('',(0.,0.,1.));
#4729=DIRECTION('',(0.,1.,0.));
#4730=DIRECTION('',(0.,0.,1.));
#4731=DIRECTION('',(0.,-1.,0.));
#4732=DIRECTION('center_axis',(-1.,0.,0.));
#4733=DIRECTION('ref_axis',(0.,0.,1.));
#4734=DIRECTION('',(0.,0.,-1.));
#4735=DIRECTION('',(0.,1.,0.));
#4736=DIRECTION('',(0.,0.,1.));
#4737=DIRECTION('',(0.,-1.,0.));
#4738=DIRECTION('center_axis',(0.,0.,-1.));
#4739=DIRECTION('ref_axis',(1.,0.,0.));
#4740=DIRECTION('',(1.,0.,0.));
#4741=DIRECTION('',(0.,-1.,0.));
#4742=DIRECTION('',(-1.,0.,0.));
#4743=DIRECTION('center_axis',(-1.,0.,0.));
#4744=DIRECTION('ref_axis',(0.,0.,-1.));
#4745=DIRECTION('',(0.,0.,1.));
#4746=DIRECTION('',(0.,0.,-1.));
#4747=DIRECTION('',(0.,-1.,0.));
#4748=DIRECTION('center_axis',(0.,-1.,0.));
#4749=DIRECTION('ref_axis',(0.,0.,-1.));
#4750=DIRECTION('',(-1.,0.,0.));
#4751=DIRECTION('center_axis',(0.,0.,-1.));
#4752=DIRECTION('ref_axis',(1.,0.,0.));
#4753=DIRECTION('',(1.,0.,0.));
#4754=DIRECTION('',(0.,-1.,0.));
#4755=DIRECTION('',(-1.,0.,0.));
#4756=DIRECTION('',(0.,1.,0.));
#4757=DIRECTION('center_axis',(0.,0.,1.));
#4758=DIRECTION('ref_axis',(1.,0.,0.));
#4759=DIRECTION('',(4.06412400808365E-17,-1.,0.));
#4760=DIRECTION('center_axis',(0.,0.,1.));
#4761=DIRECTION('ref_axis',(-1.,3.89551938464968E-16,0.));
#4762=DIRECTION('',(1.,7.36107331770473E-17,0.));
#4763=DIRECTION('center_axis',(0.,0.,1.));
#4764=DIRECTION('ref_axis',(-7.79103876929934E-16,-1.,0.));
#4765=DIRECTION('center_axis',(0.,0.,1.));
#4766=DIRECTION('ref_axis',(1.,-4.67462326157962E-15,0.));
#4767=DIRECTION('',(-1.,2.24004651022667E-16,0.));
#4768=DIRECTION('',(0.,-1.,0.));
#4769=DIRECTION('',(1.,0.,0.));
#4770=DIRECTION('',(0.,-1.,0.));
#4771=DIRECTION('',(-1.,0.,0.));
#4772=DIRECTION('',(-2.22044604925031E-17,1.,0.));
#4773=DIRECTION('',(1.,0.,0.));
#4774=DIRECTION('',(0.,1.,0.));
#4775=DIRECTION('',(-1.,2.24004651022667E-16,0.));
#4776=DIRECTION('center_axis',(0.,0.,1.));
#4777=DIRECTION('ref_axis',(-1.75298372309236E-15,1.,0.));
#4778=DIRECTION('',(4.06412400808365E-17,-1.,0.));
#4779=DIRECTION('',(1.,0.,0.));
#4780=DIRECTION('',(0.,1.,0.));
#4781=DIRECTION('',(-1.,0.,0.));
#4782=DIRECTION('',(1.,0.,0.));
#4783=DIRECTION('',(0.,-1.,0.));
#4784=DIRECTION('',(1.,0.,0.));
#4785=DIRECTION('',(1.,0.,0.));
#4786=DIRECTION('',(0.,-1.,0.));
#4787=DIRECTION('',(-1.,0.,0.));
#4788=DIRECTION('',(0.,1.,0.));
#4789=DIRECTION('',(1.,0.,0.));
#4790=DIRECTION('',(0.,1.,0.));
#4791=DIRECTION('',(-1.,0.,0.));
#4792=DIRECTION('',(0.,1.,0.));
#4793=DIRECTION('',(1.,0.,0.));
#4794=DIRECTION('',(-1.,0.,0.));
#4795=DIRECTION('',(0.,-1.,0.));
#4796=DIRECTION('',(1.,0.,0.));
#4797=DIRECTION('',(0.,1.,0.));
#4798=DIRECTION('',(-1.,0.,0.));
#4799=DIRECTION('',(0.,-1.,0.));
#4800=DIRECTION('',(1.,0.,0.));
#4801=DIRECTION('',(0.,1.,0.));
#4802=DIRECTION('',(-1.,0.,0.));
#4803=DIRECTION('',(0.,-1.,0.));
#4804=DIRECTION('',(1.,0.,0.));
#4805=DIRECTION('',(0.,-1.,0.));
#4806=DIRECTION('',(-1.,0.,0.));
#4807=DIRECTION('',(0.,-1.,0.));
#4808=DIRECTION('',(1.,0.,0.));
#4809=DIRECTION('',(0.,-1.,0.));
#4810=DIRECTION('center_axis',(0.,0.,-1.));
#4811=DIRECTION('ref_axis',(1.,0.,0.));
#4812=DIRECTION('',(0.,-1.,0.));
#4813=DIRECTION('',(-1.,0.,0.));
#4814=DIRECTION('',(-2.22044604925031E-17,1.,0.));
#4815=DIRECTION('',(1.,0.,0.));
#4816=DIRECTION('',(0.,1.,0.));
#4817=DIRECTION('',(-1.,0.,0.));
#4818=DIRECTION('',(-2.22044604925031E-17,1.,0.));
#4819=DIRECTION('center_axis',(0.,0.,-1.));
#4820=DIRECTION('ref_axis',(1.,0.,0.));
#4821=DIRECTION('center_axis',(0.,0.,-1.));
#4822=DIRECTION('ref_axis',(1.,0.,0.));
#4823=DIRECTION('center_axis',(0.,0.,-1.));
#4824=DIRECTION('ref_axis',(1.,0.,0.));
#4825=DIRECTION('center_axis',(6.73596628910165E-17,-0.707106781186547,
-0.707106781186548));
#4826=DIRECTION('ref_axis',(-1.,0.,-9.52609488173552E-17));
#4827=DIRECTION('',(0.,0.707106781186547,-0.707106781186548));
#4828=DIRECTION('',(0.,-0.707106781186548,0.707106781186547));
#4829=DIRECTION('',(-1.,-9.52609488173553E-17,0.));
#4830=DIRECTION('center_axis',(0.,0.,1.));
#4831=DIRECTION('ref_axis',(-1.,3.38999396832109E-16,0.));
#4832=DIRECTION('',(0.707106781186547,0.,-0.707106781186548));
#4833=DIRECTION('center_axis',(0.,0.,-1.));
#4834=DIRECTION('ref_axis',(-1.,3.38999396832109E-16,0.));
#4835=DIRECTION('center_axis',(-0.707106781186548,-2.36663382586977E-17,
-0.707106781186547));
#4836=DIRECTION('ref_axis',(-0.707106781186547,0.,0.707106781186548));
#4837=DIRECTION('',(0.707106781186549,0.,-0.707106781186546));
#4838=DIRECTION('',(-3.34692565371595E-17,1.,0.));
#4839=DIRECTION('center_axis',(0.,0.,1.));
#4840=DIRECTION('ref_axis',(-1.21115239050017E-15,1.,0.));
#4841=DIRECTION('',(7.85046229341885E-16,-0.707106781186549,-0.707106781186546));
#4842=DIRECTION('center_axis',(0.,0.,-1.));
#4843=DIRECTION('ref_axis',(-1.21115239050017E-15,1.,0.));
#4844=DIRECTION('center_axis',(1.58395207755454E-16,0.707106781186549,-0.707106781186546));
#4845=DIRECTION('ref_axis',(-1.,0.,-2.24004651022667E-16));
#4846=DIRECTION('',(0.,-0.707106781186546,-0.707106781186549));
#4847=DIRECTION('',(1.,-2.24004651022667E-16,0.));
#4848=DIRECTION('center_axis',(0.,0.,1.));
#4849=DIRECTION('ref_axis',(1.,-3.22973970800046E-15,0.));
#4850=DIRECTION('',(-0.707106781186546,0.,-0.707106781186549));
#4851=DIRECTION('center_axis',(0.,0.,-1.));
#4852=DIRECTION('ref_axis',(1.,-3.22973970800046E-15,0.));
#4853=DIRECTION('center_axis',(0.707106781186549,0.,-0.707106781186546));
#4854=DIRECTION('ref_axis',(-0.707106781186546,0.,-0.707106781186549));
#4855=DIRECTION('',(-0.707106781186546,-7.85046229341889E-16,-0.707106781186549));
#4856=DIRECTION('center_axis',(0.,0.,1.));
#4857=DIRECTION('ref_axis',(-6.77998793664217E-16,-1.,0.));
#4858=DIRECTION('center_axis',(0.,0.,-1.));
#4859=DIRECTION('ref_axis',(-6.77998793664218E-16,-1.,0.));
#4860=DIRECTION('center_axis',(0.,0.,-1.));
#4861=DIRECTION('ref_axis',(-1.21115239050017E-15,1.,0.));
#4862=DIRECTION('',(0.,0.,1.));
#4863=DIRECTION('center_axis',(0.,0.,1.));
#4864=DIRECTION('ref_axis',(-1.21115239050017E-15,1.,0.));
#4865=DIRECTION('',(0.,0.,1.));
#4866=DIRECTION('center_axis',(-1.,-3.34692565371595E-17,0.));
#4867=DIRECTION('ref_axis',(-3.34692565371595E-17,1.,0.));
#4868=DIRECTION('',(0.,0.,1.));
#4869=DIRECTION('',(3.34692565371595E-17,-1.,0.));
#4870=DIRECTION('',(-3.07022255186851E-32,9.17326188127235E-16,-1.));
#4871=DIRECTION('center_axis',(1.,3.34692565371595E-17,0.));
#4872=DIRECTION('ref_axis',(0.,7.40148683083442E-15,-1.));
#4873=DIRECTION('',(-3.34692565371595E-17,1.,3.8728703860587E-16));
#4874=DIRECTION('center_axis',(1.,3.34692565371595E-17,0.));
#4875=DIRECTION('ref_axis',(0.,1.,6.47630097698017E-15));
#4876=DIRECTION('',(-3.07022255186851E-32,9.17326188127237E-16,1.));
#4877=DIRECTION('',(3.34692565371595E-17,-1.,0.));
#4878=DIRECTION('',(-3.07022255186851E-32,9.17326188127235E-16,-1.));
#4879=DIRECTION('center_axis',(1.,3.34692565371595E-17,0.));
#4880=DIRECTION('ref_axis',(0.,7.40148683083442E-15,-1.));
#4881=DIRECTION('',(-3.34692565371595E-17,1.,3.8728703860587E-16));
#4882=DIRECTION('center_axis',(1.,3.34692565371595E-17,0.));
#4883=DIRECTION('ref_axis',(0.,1.,6.47630097698017E-15));
#4884=DIRECTION('',(0.,0.,1.));
#4885=DIRECTION('',(3.34692565371595E-17,-1.,0.));
#4886=DIRECTION('center_axis',(1.,3.34692565371595E-17,0.));
#4887=DIRECTION('ref_axis',(0.,-1.,5.79246795456602E-15));
#4888=DIRECTION('',(0.,0.,-1.));
#4889=DIRECTION('center_axis',(1.,3.34692565371595E-17,0.));
#4890=DIRECTION('ref_axis',(0.,0.,-1.));
#4891=DIRECTION('center_axis',(1.,3.34692565371595E-17,0.));
#4892=DIRECTION('ref_axis',(0.,1.,-6.12432809779637E-15));
#4893=DIRECTION('',(0.,0.,1.));
#4894=DIRECTION('center_axis',(1.,3.34692565371595E-17,0.));
#4895=DIRECTION('ref_axis',(0.,0.,1.));
#4896=DIRECTION('',(3.34692565371595E-17,-1.,0.));
#4897=DIRECTION('center_axis',(0.,0.,-1.));
#4898=DIRECTION('ref_axis',(-1.,3.38999396832109E-16,0.));
#4899=DIRECTION('',(0.,0.,1.));
#4900=DIRECTION('center_axis',(0.,0.,1.));
#4901=DIRECTION('ref_axis',(-1.,3.38999396832109E-16,0.));
#4902=DIRECTION('center_axis',(9.52609488173553E-17,-1.,0.));
#4903=DIRECTION('ref_axis',(-1.,-9.52609488173553E-17,0.));
#4904=DIRECTION('',(0.,0.,1.));
#4905=DIRECTION('',(1.,9.52609488173553E-17,0.));
#4906=DIRECTION('center_axis',(-9.52609488173553E-17,1.,0.));
#4907=DIRECTION('ref_axis',(1.,0.,3.83867150574434E-15));
#4908=DIRECTION('',(0.,0.,-1.));
#4909=DIRECTION('center_axis',(-9.52609488173553E-17,1.,0.));
#4910=DIRECTION('ref_axis',(0.,0.,-1.));
#4911=DIRECTION('',(-1.,-9.52609488173553E-17,1.58255633726576E-16));
#4912=DIRECTION('center_axis',(-9.52609488173553E-17,1.,0.));
#4913=DIRECTION('ref_axis',(-1.,0.,-3.48970136885849E-15));
#4914=DIRECTION('',(0.,0.,1.));
#4915=DIRECTION('center_axis',(-9.52609488173553E-17,1.,0.));
#4916=DIRECTION('ref_axis',(0.,0.,1.));
#4917=DIRECTION('',(1.,9.52609488173553E-17,0.));
#4918=DIRECTION('',(0.,0.,-1.));
#4919=DIRECTION('',(-1.,-9.52609488173553E-17,4.42908130372594E-17));
#4920=DIRECTION('',(0.,0.,1.));
#4921=DIRECTION('',(1.,9.52609488173553E-17,0.));
#4922=DIRECTION('',(0.,0.,-1.));
#4923=DIRECTION('',(-1.,-9.52609488173553E-17,4.42908130372594E-17));
#4924=DIRECTION('',(0.,0.,1.));
#4925=DIRECTION('',(1.,9.52609488173553E-17,0.));
#4926=DIRECTION('center_axis',(-9.52609488173553E-17,1.,0.));
#4927=DIRECTION('ref_axis',(1.,0.,0.));
#4928=DIRECTION('',(1.,9.52609488173553E-17,0.));
#4929=DIRECTION('',(0.,0.,-1.));
#4930=DIRECTION('',(-1.,-9.52609488173553E-17,4.42908130372595E-17));
#4931=DIRECTION('',(0.,0.,1.));
#4932=DIRECTION('',(1.,9.52609488173553E-17,0.));
#4933=DIRECTION('',(0.,0.,-1.));
#4934=DIRECTION('',(-1.,-9.52609488173553E-17,4.42908130372595E-17));
#4935=DIRECTION('',(0.,0.,1.));
#4936=DIRECTION('',(1.,9.52609488173553E-17,0.));
#4937=DIRECTION('',(0.,0.,-1.));
#4938=DIRECTION('',(-1.,-9.52609488173553E-17,4.42908130372595E-17));
#4939=DIRECTION('',(0.,0.,1.));
#4940=DIRECTION('',(1.,9.52609488173553E-17,0.));
#4941=DIRECTION('center_axis',(1.,0.,0.));
#4942=DIRECTION('ref_axis',(0.,0.,-1.));
#4943=DIRECTION('',(1.,0.,0.));
#4944=DIRECTION('center_axis',(-1.,-4.06412400808365E-17,0.));
#4945=DIRECTION('ref_axis',(0.,0.,-1.));
#4946=DIRECTION('center_axis',(0.,1.,0.));
#4947=DIRECTION('ref_axis',(0.,0.,-1.));
#4948=DIRECTION('',(-1.,0.,0.));
#4949=DIRECTION('',(-1.,0.,0.));
#4950=DIRECTION('center_axis',(-1.,0.,0.));
#4951=DIRECTION('ref_axis',(0.,1.,-7.93016446160833E-16));
#4952=DIRECTION('',(1.,0.,0.));
#4953=DIRECTION('center_axis',(0.,-1.,0.));
#4954=DIRECTION('ref_axis',(0.,0.,1.));
#4955=DIRECTION('',(-1.,0.,0.));
#4956=DIRECTION('',(-1.,0.,0.));
#4957=DIRECTION('center_axis',(-1.,0.,0.));
#4958=DIRECTION('ref_axis',(0.,-1.,1.38777878078146E-15));
#4959=DIRECTION('',(-1.,0.,0.));
#4960=DIRECTION('center_axis',(0.,1.15648229721279E-17,-1.));
#4961=DIRECTION('ref_axis',(0.,-1.,-1.15648229721279E-17));
#4962=DIRECTION('',(-1.,0.,0.));
#4963=DIRECTION('center_axis',(-1.,0.,0.));
#4964=DIRECTION('ref_axis',(0.,0.,-1.));
#4965=DIRECTION('center_axis',(-1.,0.,0.));
#4966=DIRECTION('ref_axis',(0.,0.,1.));
#4967=DIRECTION('center_axis',(0.,0.,1.));
#4968=DIRECTION('ref_axis',(1.,0.,0.));
#4969=DIRECTION('center_axis',(0.,0.,-1.));
#4970=DIRECTION('ref_axis',(-7.79103876929934E-16,-1.,0.));
#4971=DIRECTION('',(-1.,-7.36107331770473E-17,0.));
#4972=DIRECTION('',(0.,-1.,0.));
#4973=DIRECTION('center_axis',(0.,0.,1.));
#4974=DIRECTION('ref_axis',(-6.77998793664218E-16,-1.,0.));
#4975=DIRECTION('center_axis',(0.,0.,1.));
#4976=DIRECTION('ref_axis',(1.,0.,0.));
#4977=DIRECTION('center_axis',(0.,0.,1.));
#4978=DIRECTION('ref_axis',(1.,-3.22973970800046E-15,0.));
#4979=DIRECTION('',(-1.,2.24004651022667E-16,0.));
#4980=DIRECTION('',(0.,-1.,0.));
#4981=DIRECTION('',(1.,-2.24004651022667E-16,0.));
#4982=DIRECTION('center_axis',(0.,0.,-1.));
#4983=DIRECTION('ref_axis',(1.,-4.67462326157962E-15,0.));
#4984=DIRECTION('center_axis',(1.,0.,0.));
#4985=DIRECTION('ref_axis',(0.,0.,1.));
#4986=DIRECTION('',(1.,0.,0.));
#4987=DIRECTION('',(1.,0.,0.));
#4988=DIRECTION('center_axis',(-1.,-4.06412400808365E-17,0.));
#4989=DIRECTION('ref_axis',(0.,0.,1.));
#4990=DIRECTION('center_axis',(0.,1.,0.));
#4991=DIRECTION('ref_axis',(0.,0.,1.));
#4992=DIRECTION('',(0.,0.,-1.));
#4993=DIRECTION('',(1.,0.,0.));
#4994=DIRECTION('center_axis',(1.,0.,0.));
#4995=DIRECTION('ref_axis',(0.,1.,-6.12432809779637E-15));
#4996=DIRECTION('center_axis',(-1.,-4.06412400808365E-17,0.));
#4997=DIRECTION('ref_axis',(0.,1.,-6.12432809779637E-15));
#4998=DIRECTION('center_axis',(0.,-1.,0.));
#4999=DIRECTION('ref_axis',(0.,0.,-1.));
#5000=DIRECTION('',(0.,0.,1.));
#5001=DIRECTION('',(1.,0.,0.));
#5002=DIRECTION('center_axis',(1.,0.,0.));
#5003=DIRECTION('ref_axis',(0.,-1.,5.79246795456602E-15));
#5004=DIRECTION('',(-1.,0.,0.));
#5005=DIRECTION('center_axis',(-1.,-4.06412400808365E-17,0.));
#5006=DIRECTION('ref_axis',(0.,-1.,5.79246795456602E-15));
#5007=DIRECTION('center_axis',(0.,-1.,-9.17326188127235E-16));
#5008=DIRECTION('ref_axis',(0.,9.17326188127235E-16,-1.));
#5009=DIRECTION('',(3.72812738441176E-32,-9.17326188127235E-16,1.));
#5010=DIRECTION('',(1.,0.,0.));
#5011=DIRECTION('',(-1.,0.,0.));
#5012=DIRECTION('center_axis',(0.,3.8728703860587E-16,-1.));
#5013=DIRECTION('ref_axis',(0.,1.,3.8728703860587E-16));
#5014=DIRECTION('',(4.06412400808365E-17,-1.,-3.8728703860587E-16));
#5015=DIRECTION('',(1.,0.,0.));
#5016=DIRECTION('',(1.,0.,0.));
#5017=DIRECTION('center_axis',(1.,0.,0.));
#5018=DIRECTION('ref_axis',(0.,7.40148683083442E-15,-1.));
#5019=DIRECTION('center_axis',(-1.,-4.06412400808365E-17,0.));
#5020=DIRECTION('ref_axis',(0.,7.40148683083442E-15,-1.));
#5021=DIRECTION('center_axis',(0.,1.,0.));
#5022=DIRECTION('ref_axis',(0.,0.,1.));
#5023=DIRECTION('',(0.,0.,-1.));
#5024=DIRECTION('',(1.,0.,0.));
#5025=DIRECTION('',(1.,0.,0.));
#5026=DIRECTION('center_axis',(1.,0.,0.));
#5027=DIRECTION('ref_axis',(0.,1.,6.47630097698017E-15));
#5028=DIRECTION('center_axis',(-1.,-4.06412400808365E-17,0.));
#5029=DIRECTION('ref_axis',(0.,1.,6.47630097698017E-15));
#5030=DIRECTION('center_axis',(0.,-1.,-9.17326188127235E-16));
#5031=DIRECTION('ref_axis',(0.,9.17326188127235E-16,-1.));
#5032=DIRECTION('',(3.72812738441176E-32,-9.17326188127235E-16,1.));
#5033=DIRECTION('',(1.,0.,0.));
#5034=DIRECTION('',(-1.,0.,0.));
#5035=DIRECTION('center_axis',(0.,1.,-9.17326188127237E-16));
#5036=DIRECTION('ref_axis',(0.,9.17326188127237E-16,1.));
#5037=DIRECTION('',(3.72812738441177E-32,-9.17326188127237E-16,-1.));
#5038=DIRECTION('',(1.,0.,0.));
#5039=DIRECTION('',(1.,0.,0.));
#5040=DIRECTION('center_axis',(1.,0.,0.));
#5041=DIRECTION('ref_axis',(0.,1.,6.47630097698017E-15));
#5042=DIRECTION('center_axis',(-1.,-4.06412400808365E-17,0.));
#5043=DIRECTION('ref_axis',(0.,1.,6.47630097698017E-15));
#5044=DIRECTION('',(1.,0.,0.));
#5045=DIRECTION('center_axis',(0.,3.8728703860587E-16,-1.));
#5046=DIRECTION('ref_axis',(0.,1.,3.8728703860587E-16));
#5047=DIRECTION('',(4.06412400808365E-17,-1.,-3.8728703860587E-16));
#5048=DIRECTION('',(1.,0.,0.));
#5049=DIRECTION('center_axis',(1.,0.,0.));
#5050=DIRECTION('ref_axis',(0.,7.40148683083442E-15,-1.));
#5051=DIRECTION('center_axis',(-1.,-4.06412400808365E-17,0.));
#5052=DIRECTION('ref_axis',(0.,7.40148683083442E-15,-1.));
#5053=DIRECTION('center_axis',(1.,4.06412400808365E-17,0.));
#5054=DIRECTION('ref_axis',(-4.06412400808365E-17,1.,0.));
#5055=DIRECTION('',(0.,0.,1.));
#5056=DIRECTION('',(-4.06412400808365E-17,1.,0.));
#5057=DIRECTION('center_axis',(0.,0.,1.));
#5058=DIRECTION('ref_axis',(1.,0.,0.));
#5059=DIRECTION('',(0.,1.,0.));
#5060=DIRECTION('',(-1.,-7.36107331770473E-17,0.));
#5061=DIRECTION('center_axis',(0.,0.,-1.));
#5062=DIRECTION('ref_axis',(-1.,3.89551938464968E-16,0.));
#5063=DIRECTION('',(-4.06412400808365E-17,1.,0.));
#5064=DIRECTION('center_axis',(0.,0.,1.));
#5065=DIRECTION('ref_axis',(1.,0.,0.));
#5066=DIRECTION('',(-4.06412400808365E-17,1.,0.));
#5067=DIRECTION('center_axis',(0.,0.,1.));
#5068=DIRECTION('ref_axis',(1.,0.,0.));
#5069=DIRECTION('center_axis',(0.,0.,-1.));
#5070=DIRECTION('ref_axis',(-1.75298372309236E-15,1.,0.));
#5071=DIRECTION('',(1.,-2.24004651022667E-16,0.));
#5072=DIRECTION('',(0.,1.,0.));
#5073=DIRECTION('',(-1.,2.24004651022667E-16,0.));
#5074=DIRECTION('center_axis',(0.,0.,1.));
#5075=DIRECTION('ref_axis',(1.,0.,0.));
#5076=DIRECTION('',(-4.06412400808365E-17,1.,0.));
#5077=DIRECTION('center_axis',(-4.42908130372594E-17,0.,-1.));
#5078=DIRECTION('ref_axis',(-1.,0.,4.42908130372594E-17));
#5079=DIRECTION('',(1.,7.36107331770473E-17,-4.42908130372594E-17));
#5080=DIRECTION('',(0.,1.,0.));
#5081=DIRECTION('',(0.,1.,0.));
#5082=DIRECTION('center_axis',(1.,0.,0.));
#5083=DIRECTION('ref_axis',(0.,0.,-1.));
#5084=DIRECTION('',(0.,0.,1.));
#5085=DIRECTION('',(0.,-1.,0.));
#5086=DIRECTION('center_axis',(-1.,0.,0.));
#5087=DIRECTION('ref_axis',(0.,0.,1.));
#5088=DIRECTION('',(0.,0.,-1.));
#5089=DIRECTION('',(0.,1.,0.));
#5090=DIRECTION('center_axis',(-4.42908130372595E-17,0.,-1.));
#5091=DIRECTION('ref_axis',(-1.,0.,4.42908130372595E-17));
#5092=DIRECTION('',(1.,7.36107331770473E-17,-4.42908130372595E-17));
#5093=DIRECTION('',(0.,1.,0.));
#5094=DIRECTION('',(0.,1.,0.));
#5095=DIRECTION('center_axis',(1.,0.,0.));
#5096=DIRECTION('ref_axis',(0.,0.,-1.));
#5097=DIRECTION('',(0.,0.,1.));
#5098=DIRECTION('',(0.,-1.,0.));
#5099=DIRECTION('center_axis',(-1.,0.,0.));
#5100=DIRECTION('ref_axis',(0.,0.,1.));
#5101=DIRECTION('',(0.,0.,-1.));
#5102=DIRECTION('center_axis',(0.,1.,0.));
#5103=DIRECTION('ref_axis',(6.12323399573677E-17,0.,-1.));
#5104=DIRECTION('',(0.,-1.,0.));
#5105=DIRECTION('center_axis',(7.36107331770473E-17,-1.,0.));
#5106=DIRECTION('ref_axis',(1.,0.,0.));
#5107=DIRECTION('',(0.,1.,0.));
#5108=DIRECTION('center_axis',(-4.42908130372594E-17,0.,-1.));
#5109=DIRECTION('ref_axis',(-1.,0.,4.42908130372594E-17));
#5110=DIRECTION('',(1.,7.36107331770473E-17,-4.42908130372594E-17));
#5111=DIRECTION('',(0.,1.,0.));
#5112=DIRECTION('',(0.,1.,0.));
#5113=DIRECTION('center_axis',(1.,0.,0.));
#5114=DIRECTION('ref_axis',(0.,0.,-1.));
#5115=DIRECTION('',(0.,0.,1.));
#5116=DIRECTION('',(0.,-1.,0.));
#5117=DIRECTION('center_axis',(-1.,0.,0.));
#5118=DIRECTION('ref_axis',(0.,0.,1.));
#5119=DIRECTION('',(0.,0.,-1.));
#5120=DIRECTION('',(0.,1.,0.));
#5121=DIRECTION('center_axis',(-4.42908130372595E-17,0.,-1.));
#5122=DIRECTION('ref_axis',(-1.,0.,4.42908130372595E-17));
#5123=DIRECTION('',(1.,7.36107331770473E-17,-4.42908130372595E-17));
#5124=DIRECTION('',(0.,1.,0.));
#5125=DIRECTION('',(0.,1.,0.));
#5126=DIRECTION('center_axis',(1.,0.,0.));
#5127=DIRECTION('ref_axis',(0.,0.,-1.));
#5128=DIRECTION('',(0.,0.,1.));
#5129=DIRECTION('',(0.,-1.,0.));
#5130=DIRECTION('center_axis',(-1.,0.,0.));
#5131=DIRECTION('ref_axis',(0.,0.,1.));
#5132=DIRECTION('',(0.,0.,-1.));
#5133=DIRECTION('',(0.,1.,0.));
#5134=DIRECTION('center_axis',(-4.42908130372595E-17,0.,-1.));
#5135=DIRECTION('ref_axis',(-1.,0.,4.42908130372595E-17));
#5136=DIRECTION('',(1.,7.36107331770473E-17,-4.42908130372595E-17));
#5137=DIRECTION('',(0.,1.,0.));
#5138=DIRECTION('',(0.,1.,0.));
#5139=DIRECTION('center_axis',(1.,0.,0.));
#5140=DIRECTION('ref_axis',(0.,0.,-1.));
#5141=DIRECTION('',(0.,0.,1.));
#5142=DIRECTION('',(0.,-1.,0.));
#5143=DIRECTION('center_axis',(-1.,0.,0.));
#5144=DIRECTION('ref_axis',(0.,0.,1.));
#5145=DIRECTION('',(0.,0.,-1.));
#5146=DIRECTION('',(0.,1.,0.));
#5147=DIRECTION('center_axis',(1.,0.,0.));
#5148=DIRECTION('ref_axis',(0.,0.,-1.));
#5149=DIRECTION('',(0.,0.,1.));
#5150=DIRECTION('',(0.,1.,0.));
#5151=DIRECTION('',(0.,1.,0.));
#5152=DIRECTION('center_axis',(0.,1.,0.));
#5153=DIRECTION('ref_axis',(1.,0.,3.83867150574434E-15));
#5154=DIRECTION('center_axis',(7.36107331770473E-17,-1.,0.));
#5155=DIRECTION('ref_axis',(1.,0.,3.83867150574434E-15));
#5156=DIRECTION('center_axis',(0.,1.,0.));
#5157=DIRECTION('ref_axis',(0.,0.,1.));
#5158=DIRECTION('center_axis',(7.36107331770473E-17,-1.,0.));
#5159=DIRECTION('ref_axis',(0.,0.,1.));
#5160=DIRECTION('',(0.,1.,0.));
#5161=DIRECTION('',(0.,1.,0.));
#5162=DIRECTION('center_axis',(-1.,0.,0.));
#5163=DIRECTION('ref_axis',(0.,0.,1.));
#5164=DIRECTION('',(0.,0.,-1.));
#5165=DIRECTION('',(0.,1.,0.));
#5166=DIRECTION('center_axis',(0.,1.,0.));
#5167=DIRECTION('ref_axis',(-1.,0.,-3.48970136885849E-15));
#5168=DIRECTION('center_axis',(7.36107331770473E-17,-1.,0.));
#5169=DIRECTION('ref_axis',(-1.,0.,-3.48970136885849E-15));
#5170=DIRECTION('',(0.,1.,0.));
#5171=DIRECTION('center_axis',(-1.58255633726576E-16,0.,-1.));
#5172=DIRECTION('ref_axis',(-1.,0.,1.58255633726576E-16));
#5173=DIRECTION('',(1.,7.36107331770473E-17,-1.58255633726576E-16));
#5174=DIRECTION('',(0.,1.,0.));
#5175=DIRECTION('center_axis',(0.,1.,0.));
#5176=DIRECTION('ref_axis',(0.,0.,-1.));
#5177=DIRECTION('center_axis',(7.36107331770473E-17,-1.,0.));
#5178=DIRECTION('ref_axis',(0.,0.,-1.));
#5179=DIRECTION('center_axis',(-7.36107331770473E-17,1.,0.));
#5180=DIRECTION('ref_axis',(-1.,-7.36107331770473E-17,0.));
#5181=DIRECTION('',(-1.,-7.36107331770473E-17,0.));
#5182=DIRECTION('',(-1.,-7.36107331770473E-17,0.));
#5183=DIRECTION('',(0.,0.,1.));
#5184=DIRECTION('',(0.,0.,1.));
#5185=DIRECTION('',(-1.,-7.36107331770473E-17,0.));
#5186=DIRECTION('',(-1.,-7.36107331770473E-17,0.));
#5187=DIRECTION('',(-1.,-7.36107331770473E-17,0.));
#5188=DIRECTION('',(-1.,-7.36107331770473E-17,0.));
#5189=DIRECTION('center_axis',(0.,0.,1.));
#5190=DIRECTION('ref_axis',(1.,0.,0.));
#5191=DIRECTION('center_axis',(0.,0.,1.));
#5192=DIRECTION('ref_axis',(1.,0.,0.));
#5193=DIRECTION('center_axis',(0.,0.,1.));
#5194=DIRECTION('ref_axis',(1.,0.,0.));
#5195=DIRECTION('center_axis',(0.,0.,1.));
#5196=DIRECTION('ref_axis',(1.,0.,0.));
#5197=DIRECTION('center_axis',(0.,0.,1.));
#5198=DIRECTION('ref_axis',(1.,0.,0.));
#5199=DIRECTION('center_axis',(-1.,0.,0.));
#5200=DIRECTION('ref_axis',(0.,0.,1.));
#5201=DIRECTION('',(0.,0.,1.));
#5202=DIRECTION('',(0.,-1.,0.));
#5203=DIRECTION('',(0.,0.,1.));
#5204=DIRECTION('center_axis',(0.,-1.,0.));
#5205=DIRECTION('ref_axis',(0.,0.,1.));
#5206=DIRECTION('',(0.,0.,-1.));
#5207=DIRECTION('',(-1.,0.,0.));
#5208=DIRECTION('center_axis',(-1.,-2.22044604925031E-17,0.));
#5209=DIRECTION('ref_axis',(-2.22044604925031E-17,1.,0.));
#5210=DIRECTION('',(2.22044604925031E-17,-1.,0.));
#5211=DIRECTION('',(0.,0.,1.));
#5212=DIRECTION('',(0.,0.,-1.));
#5213=DIRECTION('',(2.22044604925031E-17,-1.,0.));
#5214=DIRECTION('',(0.,0.,1.));
#5215=DIRECTION('',(0.,0.,-1.));
#5216=DIRECTION('',(0.,0.,-1.));
#5217=DIRECTION('',(0.,0.,-1.));
#5218=DIRECTION('center_axis',(-1.,0.,0.));
#5219=DIRECTION('ref_axis',(0.,0.,1.));
#5220=DIRECTION('',(0.,0.,1.));
#5221=DIRECTION('',(0.,-1.,0.));
#5222=DIRECTION('',(0.,0.,1.));
#5223=DIRECTION('center_axis',(0.,-1.,0.));
#5224=DIRECTION('ref_axis',(0.,0.,1.));
#5225=DIRECTION('',(0.,0.,-1.));
#5226=DIRECTION('',(-1.,0.,0.));
#5227=DIRECTION('center_axis',(1.,0.,0.));
#5228=DIRECTION('ref_axis',(0.,0.,1.));
#5229=DIRECTION('',(0.,0.,-1.));
#5230=DIRECTION('',(0.,0.,1.));
#5231=DIRECTION('',(0.,-1.,0.));
#5232=DIRECTION('center_axis',(0.,-1.,0.));
#5233=DIRECTION('ref_axis',(0.,0.,-1.));
#5234=DIRECTION('',(-1.,0.,0.));
#5235=DIRECTION('center_axis',(0.,-1.,0.));
#5236=DIRECTION('ref_axis',(0.,0.,1.));
#5237=DIRECTION('',(-1.,0.,0.));
#5238=DIRECTION('',(0.,0.,-1.));
#5239=DIRECTION('center_axis',(1.,0.,0.));
#5240=DIRECTION('ref_axis',(0.,0.,1.));
#5241=DIRECTION('',(0.,0.,1.));
#5242=DIRECTION('',(0.,-1.,0.));
#5243=DIRECTION('center_axis',(0.,-1.,0.));
#5244=DIRECTION('ref_axis',(0.,0.,-1.));
#5245=DIRECTION('',(-1.,0.,0.));
#5246=DIRECTION('center_axis',(1.,0.,0.));
#5247=DIRECTION('ref_axis',(0.,0.,1.));
#5248=DIRECTION('',(0.,0.,1.));
#5249=DIRECTION('',(0.,-1.,0.));
#5250=DIRECTION('center_axis',(0.,-1.,0.));
#5251=DIRECTION('ref_axis',(0.,0.,-1.));
#5252=DIRECTION('',(-1.,0.,0.));
#5253=DIRECTION('center_axis',(0.,0.,-1.));
#5254=DIRECTION('ref_axis',(0.,-1.,0.));
#5255=DIRECTION('',(0.,-1.,0.));
#5256=DIRECTION('',(-1.,0.,0.));
#5257=DIRECTION('',(-1.,0.,0.));
#5258=DIRECTION('center_axis',(0.,1.,0.));
#5259=DIRECTION('ref_axis',(0.,0.,1.));
#5260=DIRECTION('',(0.,0.,1.));
#5261=DIRECTION('center_axis',(0.,1.,0.));
#5262=DIRECTION('ref_axis',(0.,0.,1.));
#5263=DIRECTION('',(0.,0.,1.));
#5264=DIRECTION('',(-1.,0.,0.));
#5265=DIRECTION('',(0.,0.,1.));
#5266=DIRECTION('',(1.,0.,0.));
#5267=DIRECTION('',(0.,0.,1.));
#5268=DIRECTION('',(-1.,0.,0.));
#5269=DIRECTION('',(0.,0.,1.));
#5270=DIRECTION('',(1.,0.,0.));
#5271=DIRECTION('',(0.,0.,1.));
#5272=DIRECTION('',(0.,0.,1.));
#5273=DIRECTION('',(-1.,0.,0.));
#5274=DIRECTION('center_axis',(0.,-1.,0.));
#5275=DIRECTION('ref_axis',(0.,0.,1.));
#5276=DIRECTION('',(0.,0.,1.));
#5277=DIRECTION('center_axis',(1.,0.,0.));
#5278=DIRECTION('ref_axis',(0.,-1.,0.));
#5279=DIRECTION('',(0.,0.,1.));
#5280=DIRECTION('',(0.,0.,-1.));
#5281=DIRECTION('',(0.,0.,-1.));
#5282=DIRECTION('',(0.,0.,-1.));
#5283=DIRECTION('',(0.,1.,0.));
#5284=DIRECTION('',(0.,0.,1.));
#5285=DIRECTION('',(0.,0.,-1.));
#5286=DIRECTION('',(0.,1.,0.));
#5287=DIRECTION('',(0.,1.,0.));
#5288=DIRECTION('center_axis',(0.,0.,1.));
#5289=DIRECTION('ref_axis',(1.,0.,0.));
#5290=DIRECTION('',(0.,1.,0.));
#5291=DIRECTION('',(0.,-1.,0.));
#5292=DIRECTION('',(1.,0.,0.));
#5293=DIRECTION('center_axis',(0.,0.,1.));
#5294=DIRECTION('ref_axis',(1.,0.,0.));
#5295=DIRECTION('',(0.,-1.,0.));
#5296=DIRECTION('',(1.,0.,0.));
#5297=DIRECTION('',(0.,1.,0.));
#5298=DIRECTION('center_axis',(1.,0.,0.));
#5299=DIRECTION('ref_axis',(0.,-1.,0.));
#5300=DIRECTION('',(0.,-1.,0.));
#5301=DIRECTION('',(0.,0.,-1.));
#5302=DIRECTION('center_axis',(-1.,0.,0.));
#5303=DIRECTION('ref_axis',(0.,1.,0.));
#5304=DIRECTION('',(0.,0.,1.));
#5305=DIRECTION('',(0.,1.,0.));
#5306=DIRECTION('center_axis',(0.,0.,-1.));
#5307=DIRECTION('ref_axis',(-1.,0.,0.));
#5308=DIRECTION('',(-1.,0.,0.));
#5309=DIRECTION('center_axis',(1.,0.,0.));
#5310=DIRECTION('ref_axis',(0.,-1.,0.));
#5311=DIRECTION('',(0.,1.,0.));
#5312=DIRECTION('',(0.,0.,-1.));
#5313=DIRECTION('center_axis',(-1.,0.,0.));
#5314=DIRECTION('ref_axis',(0.,1.,0.));
#5315=DIRECTION('center_axis',(1.,0.,0.));
#5316=DIRECTION('ref_axis',(0.,-1.,0.));
#5317=DIRECTION('',(0.,-1.,0.));
#5318=DIRECTION('',(0.,0.,-1.));
#5319=DIRECTION('center_axis',(-1.,0.,0.));
#5320=DIRECTION('ref_axis',(0.,1.,0.));
#5321=DIRECTION('',(0.,0.,1.));
#5322=DIRECTION('',(0.,1.,0.));
#5323=DIRECTION('center_axis',(0.,0.,-1.));
#5324=DIRECTION('ref_axis',(-1.,0.,0.));
#5325=DIRECTION('',(-1.,0.,0.));
#5326=DIRECTION('center_axis',(0.,-1.,0.));
#5327=DIRECTION('ref_axis',(0.,0.,1.));
#5328=DIRECTION('',(-1.,0.,0.));
#5329=DIRECTION('center_axis',(0.,0.,-1.));
#5330=DIRECTION('ref_axis',(0.,-1.,0.));
#5331=DIRECTION('center_axis',(0.,0.,-1.));
#5332=DIRECTION('ref_axis',(0.,-1.,0.));
#5333=DIRECTION('',(-1.,0.,0.));
#5334=DIRECTION('center_axis',(0.,1.,0.));
#5335=DIRECTION('ref_axis',(0.,0.,-1.));
#5336=DIRECTION('center_axis',(0.,-1.,0.));
#5337=DIRECTION('ref_axis',(0.,0.,-1.));
#5338=DIRECTION('',(0.,0.,1.));
#5339=DIRECTION('',(0.,0.,-1.));
#5340=DIRECTION('center_axis',(0.,0.,-1.));
#5341=DIRECTION('ref_axis',(1.,0.,0.));
#5342=DIRECTION('',(0.,0.,-1.));
#5343=DIRECTION('center_axis',(0.,0.,-1.));
#5344=DIRECTION('ref_axis',(1.,0.,0.));
#5345=DIRECTION('',(0.,0.,-1.));
#5346=DIRECTION('center_axis',(0.,1.,0.));
#5347=DIRECTION('ref_axis',(1.,0.,0.));
#5348=DIRECTION('',(0.,0.,-1.));
#5349=DIRECTION('center_axis',(-1.,0.,0.));
#5350=DIRECTION('ref_axis',(0.,1.,0.));
#5351=DIRECTION('center_axis',(1.,0.,0.));
#5352=DIRECTION('ref_axis',(0.,-1.,0.));
#5353=DIRECTION('center_axis',(0.,0.,1.));
#5354=DIRECTION('ref_axis',(1.,0.,0.));
#5355=DIRECTION('center_axis',(0.,0.,1.));
#5356=DIRECTION('ref_axis',(1.,0.,0.));
#5357=DIRECTION('',(0.,-1.,0.));
#5358=DIRECTION('',(1.,-2.24004651022667E-16,0.));
#5359=DIRECTION('',(0.,1.,0.));
#5360=DIRECTION('',(-1.,2.24004651022667E-16,0.));
#5361=DIRECTION('center_axis',(0.,0.,1.));
#5362=DIRECTION('ref_axis',(1.,0.,0.));
#5363=DIRECTION('',(0.,-1.,0.));
#5364=DIRECTION('',(1.,-2.24004651022667E-16,0.));
#5365=DIRECTION('',(0.,1.,0.));
#5366=DIRECTION('',(-1.,2.24004651022667E-16,0.));
#5367=DIRECTION('center_axis',(0.,0.,1.));
#5368=DIRECTION('ref_axis',(1.,0.,0.));
#5369=DIRECTION('',(0.,1.,0.));
#5370=DIRECTION('',(-1.,2.24004651022667E-16,0.));
#5371=DIRECTION('',(0.,-1.,0.));
#5372=DIRECTION('',(1.,-2.24004651022667E-16,0.));
#5373=DIRECTION('center_axis',(-2.24004651022667E-16,-1.,0.));
#5374=DIRECTION('ref_axis',(1.,-2.24004651022667E-16,0.));
#5375=DIRECTION('',(0.,0.,-1.));
#5376=DIRECTION('',(0.,0.,1.));
#5377=DIRECTION('center_axis',(-2.24004651022667E-16,-1.,0.));
#5378=DIRECTION('ref_axis',(1.,-2.24004651022667E-16,0.));
#5379=DIRECTION('',(0.,0.,-1.));
#5380=DIRECTION('',(-1.,2.24004651022667E-16,0.));
#5381=DIRECTION('',(0.,0.,1.));
#5382=DIRECTION('center_axis',(-2.24004651022667E-16,-1.,0.));
#5383=DIRECTION('ref_axis',(1.,-2.24004651022667E-16,0.));
#5384=DIRECTION('',(0.,0.,-1.));
#5385=DIRECTION('',(-1.,2.24004651022667E-16,0.));
#5386=DIRECTION('',(0.,0.,1.));
#5387=DIRECTION('center_axis',(-2.24004651022667E-16,-1.,0.));
#5388=DIRECTION('ref_axis',(1.,-2.24004651022667E-16,0.));
#5389=DIRECTION('',(0.,0.,1.));
#5390=DIRECTION('',(0.,0.,1.));
#5391=DIRECTION('center_axis',(0.,0.,1.));
#5392=DIRECTION('ref_axis',(-7.79103876929934E-16,-1.,0.));
#5393=DIRECTION('center_axis',(0.,0.,1.));
#5394=DIRECTION('ref_axis',(1.,-4.67462326157962E-15,0.));
#5395=DIRECTION('center_axis',(-2.24004651022667E-16,-1.,0.));
#5396=DIRECTION('ref_axis',(1.,-2.24004651022667E-16,0.));
#5397=DIRECTION('',(0.,0.,1.));
#5398=DIRECTION('',(0.,0.,-1.));
#5399=DIRECTION('',(-1.,2.24004651022667E-16,0.));
#5400=DIRECTION('center_axis',(0.,0.,1.));
#5401=DIRECTION('ref_axis',(-1.75298372309236E-15,1.,0.));
#5402=DIRECTION('center_axis',(1.,4.06412400808365E-17,0.));
#5403=DIRECTION('ref_axis',(-4.06412400808365E-17,1.,0.));
#5404=DIRECTION('',(0.,0.,1.));
#5405=DIRECTION('center_axis',(0.,0.,1.));
#5406=DIRECTION('ref_axis',(-1.,3.89551938464968E-16,0.));
#5407=DIRECTION('center_axis',(0.,0.,1.));
#5408=DIRECTION('ref_axis',(1.,0.,0.));
#5409=DIRECTION('center_axis',(0.,0.,1.));
#5410=DIRECTION('ref_axis',(1.,0.,0.));
#5411=DIRECTION('',(0.,0.,1.));
#5412=DIRECTION('center_axis',(0.,0.,-1.));
#5413=DIRECTION('ref_axis',(1.,0.,0.));
#5414=DIRECTION('center_axis',(0.,0.,1.));
#5415=DIRECTION('ref_axis',(1.,0.,0.));
#5416=DIRECTION('center_axis',(0.,0.,1.));
#5417=DIRECTION('ref_axis',(1.,0.,0.));
#5418=DIRECTION('',(0.,0.,1.));
#5419=DIRECTION('center_axis',(0.,0.,1.));
#5420=DIRECTION('ref_axis',(1.,0.,0.));
#5421=DIRECTION('center_axis',(0.,0.,1.));
#5422=DIRECTION('ref_axis',(1.,0.,0.));
#5423=DIRECTION('',(0.,0.,1.));
#5424=DIRECTION('center_axis',(0.,0.,1.));
#5425=DIRECTION('ref_axis',(1.,0.,0.));
#5426=DIRECTION('center_axis',(0.,0.,1.));
#5427=DIRECTION('ref_axis',(1.,0.,0.));
#5428=DIRECTION('',(0.,0.,1.));
#5429=DIRECTION('center_axis',(0.,0.,-1.));
#5430=DIRECTION('ref_axis',(1.,0.,0.));
#5431=DIRECTION('',(-1.,0.,0.));
#5432=DIRECTION('',(0.,-1.,0.));
#5433=DIRECTION('',(1.,-2.24004651022667E-16,0.));
#5434=DIRECTION('',(0.,-1.,0.));
#5435=DIRECTION('center_axis',(-1.,0.,0.));
#5436=DIRECTION('ref_axis',(0.,0.,-1.));
#5437=DIRECTION('',(0.,0.,1.));
#5438=DIRECTION('',(0.,0.,-1.));
#5439=DIRECTION('',(0.,1.,0.));
#5440=DIRECTION('center_axis',(1.,0.,0.));
#5441=DIRECTION('ref_axis',(0.,0.,1.));
#5442=DIRECTION('',(0.,0.,-1.));
#5443=DIRECTION('',(0.,0.,1.));
#5444=DIRECTION('center_axis',(-1.,0.,0.));
#5445=DIRECTION('ref_axis',(0.,0.,-1.));
#5446=DIRECTION('',(0.,0.,1.));
#5447=DIRECTION('',(0.,-1.,0.));
#5448=DIRECTION('',(0.,0.,-1.));
#5449=DIRECTION('',(0.,1.,0.));
#5450=DIRECTION('center_axis',(1.,0.,0.));
#5451=DIRECTION('ref_axis',(0.,0.,1.));
#5452=DIRECTION('',(0.,0.,-1.));
#5453=DIRECTION('',(0.,-1.,0.));
#5454=DIRECTION('',(0.,0.,1.));
#5455=DIRECTION('',(0.,-1.,0.));
#5456=DIRECTION('center_axis',(0.,0.,-1.));
#5457=DIRECTION('ref_axis',(1.,0.,0.));
#5458=DIRECTION('',(-1.,0.,0.));
#5459=DIRECTION('',(1.,-2.24004651022667E-16,0.));
#5460=DIRECTION('center_axis',(0.,0.,-1.));
#5461=DIRECTION('ref_axis',(1.,0.,0.));
#5462=DIRECTION('',(-1.,0.,0.));
#5463=DIRECTION('',(0.,-1.,0.));
#5464=DIRECTION('',(1.,-2.24004651022667E-16,0.));
#5465=DIRECTION('',(0.,-1.,0.));
#5466=DIRECTION('center_axis',(-1.,0.,0.));
#5467=DIRECTION('ref_axis',(0.,0.,-1.));
#5468=DIRECTION('',(0.,0.,1.));
#5469=DIRECTION('',(0.,0.,-1.));
#5470=DIRECTION('',(0.,1.,0.));
#5471=DIRECTION('center_axis',(1.,0.,0.));
#5472=DIRECTION('ref_axis',(0.,0.,1.));
#5473=DIRECTION('',(0.,0.,-1.));
#5474=DIRECTION('',(0.,-1.,0.));
#5475=DIRECTION('',(0.,0.,1.));
#5476=DIRECTION('center_axis',(0.,0.,-1.));
#5477=DIRECTION('ref_axis',(1.,0.,0.));
#5478=DIRECTION('',(-1.,0.,0.));
#5479=DIRECTION('',(0.,-1.,0.));
#5480=DIRECTION('',(1.,-2.24004651022667E-16,0.));
#5481=DIRECTION('',(0.,-1.,0.));
#5482=DIRECTION('center_axis',(-1.,0.,0.));
#5483=DIRECTION('ref_axis',(0.,0.,-1.));
#5484=DIRECTION('',(0.,0.,1.));
#5485=DIRECTION('',(0.,0.,-1.));
#5486=DIRECTION('center_axis',(1.,0.,0.));
#5487=DIRECTION('ref_axis',(0.,0.,1.));
#5488=DIRECTION('',(0.,0.,-1.));
#5489=DIRECTION('',(0.,-1.,0.));
#5490=DIRECTION('',(0.,0.,1.));
#5491=DIRECTION('center_axis',(0.,1.,0.));
#5492=DIRECTION('ref_axis',(1.,0.,0.));
#5493=DIRECTION('',(1.,0.,0.));
#5494=DIRECTION('',(1.,0.,0.));
#5495=DIRECTION('',(1.,0.,0.));
#5496=DIRECTION('center_axis',(0.,0.,1.));
#5497=DIRECTION('ref_axis',(1.,0.,0.));
#5498=DIRECTION('center_axis',(0.,0.,1.));
#5499=DIRECTION('ref_axis',(1.,0.,0.));
#5500=DIRECTION('center_axis',(0.,0.,1.));
#5501=DIRECTION('ref_axis',(1.,0.,0.));
#5502=DIRECTION('center_axis',(0.,0.,1.));
#5503=DIRECTION('ref_axis',(1.,0.,0.));
#5504=DIRECTION('',(0.,0.,1.));
#5505=DIRECTION('center_axis',(0.,0.,1.));
#5506=DIRECTION('ref_axis',(1.,0.,0.));
#5507=DIRECTION('center_axis',(0.,0.,1.));
#5508=DIRECTION('ref_axis',(1.,0.,0.));
#5509=DIRECTION('center_axis',(0.,0.,1.));
#5510=DIRECTION('ref_axis',(1.,0.,0.));
#5511=DIRECTION('',(0.,0.,1.));
#5512=DIRECTION('center_axis',(0.,0.,1.));
#5513=DIRECTION('ref_axis',(1.,0.,0.));
#5514=DIRECTION('center_axis',(0.,0.,1.));
#5515=DIRECTION('ref_axis',(1.,0.,0.));
#5516=DIRECTION('center_axis',(-1.,0.,0.));
#5517=DIRECTION('ref_axis',(0.,1.,0.));
#5518=DIRECTION('',(0.,0.,1.));
#5519=DIRECTION('',(0.,1.,0.));
#5520=DIRECTION('',(0.,0.,-1.));
#5521=DIRECTION('center_axis',(1.,0.,0.));
#5522=DIRECTION('ref_axis',(0.,-1.,0.));
#5523=DIRECTION('',(0.,-1.,0.));
#5524=DIRECTION('',(0.,0.,-1.));
#5525=DIRECTION('',(0.,0.,1.));
#5526=DIRECTION('center_axis',(0.,0.,-1.));
#5527=DIRECTION('ref_axis',(-1.,0.,0.));
#5528=DIRECTION('',(-1.,0.,0.));
#5529=DIRECTION('',(1.,0.,0.));
#5530=DIRECTION('center_axis',(0.,-1.,0.));
#5531=DIRECTION('ref_axis',(-1.,0.,0.));
#5532=DIRECTION('',(0.,0.,-1.));
#5533=DIRECTION('',(0.,0.,-1.));
#5534=DIRECTION('center_axis',(0.,0.,1.));
#5535=DIRECTION('ref_axis',(1.,0.,0.));
#5536=DIRECTION('',(0.,0.,1.));
#5537=DIRECTION('center_axis',(0.,0.,1.));
#5538=DIRECTION('ref_axis',(1.,0.,0.));
#5539=DIRECTION('center_axis',(0.,0.,1.));
#5540=DIRECTION('ref_axis',(1.,0.,0.));
#5541=DIRECTION('center_axis',(0.,0.,1.));
#5542=DIRECTION('ref_axis',(1.,0.,0.));
#5543=DIRECTION('',(0.,0.,1.));
#5544=DIRECTION('center_axis',(0.,0.,1.));
#5545=DIRECTION('ref_axis',(1.,0.,0.));
#5546=DIRECTION('center_axis',(0.,0.,1.));
#5547=DIRECTION('ref_axis',(1.,0.,0.));
#5548=DIRECTION('center_axis',(0.,0.,-1.));
#5549=DIRECTION('ref_axis',(1.,0.,0.));
#5550=DIRECTION('center_axis',(0.,0.,-1.));
#5551=DIRECTION('ref_axis',(1.,0.,0.));
#5552=DIRECTION('center_axis',(0.,0.,1.));
#5553=DIRECTION('ref_axis',(1.,0.,0.));
#5554=DIRECTION('center_axis',(1.,0.,0.));
#5555=DIRECTION('ref_axis',(0.,-1.,0.));
#5556=DIRECTION('',(0.,0.,-1.));
#5557=DIRECTION('center_axis',(0.,1.,0.));
#5558=DIRECTION('ref_axis',(1.,0.,0.));
#5559=DIRECTION('',(0.,0.,-1.));
#5560=DIRECTION('center_axis',(-1.,0.,0.));
#5561=DIRECTION('ref_axis',(0.,1.,0.));
#5562=DIRECTION('center_axis',(0.,-1.,0.));
#5563=DIRECTION('ref_axis',(-1.,0.,0.));
#5564=DIRECTION('center_axis',(0.,1.,0.));
#5565=DIRECTION('ref_axis',(1.,0.,0.));
#5566=DIRECTION('center_axis',(2.24004651022667E-16,1.,0.));
#5567=DIRECTION('ref_axis',(1.,-2.24004651022667E-16,0.));
#5568=DIRECTION('',(0.,0.,1.));
#5569=DIRECTION('center_axis',(0.,0.,-1.));
#5570=DIRECTION('ref_axis',(-6.77998793664218E-16,-1.,0.));
#5571=DIRECTION('center_axis',(0.,0.,-1.));
#5572=DIRECTION('ref_axis',(1.,-3.22973970800046E-15,0.));
#5573=CARTESIAN_POINT('',(0.,0.,0.));
#5574=CARTESIAN_POINT('Origin',(88.2999980710447,36.9903759058373,0.191760397611076));
#5575=CARTESIAN_POINT('',(86.5999980710447,36.9903759058373,4.1));
#5576=CARTESIAN_POINT('',(86.5999980710447,36.9903759058373,0.191760397611076));
#5577=CARTESIAN_POINT('',(86.5999980710447,36.9903759058373,0.095880198805538));
#5578=CARTESIAN_POINT('',(88.2999980710447,36.9903759058373,4.1));
#5579=CARTESIAN_POINT('',(65.7249985532835,36.9903759058373,4.1));
#5580=CARTESIAN_POINT('',(88.2999980710447,36.9903759058373,0.191760397611076));
#5581=CARTESIAN_POINT('',(88.2999980710447,36.9903759058373,0.095880198805538));
#5582=CARTESIAN_POINT('',(88.2999980710447,36.9903759058373,0.191760397611076));
#5583=CARTESIAN_POINT('Origin',(88.2999980710447,127.199997078627,0.));
#5584=CARTESIAN_POINT('',(88.2999980710447,46.1556902348258,0.191760397611076));
#5585=CARTESIAN_POINT('',(88.2999980710447,82.5951864922323,0.191760397611076));
#5586=CARTESIAN_POINT('',(88.2999980710447,11.1,4.1));
#5587=CARTESIAN_POINT('',(88.2999980710447,96.2749978089705,4.1));
#5588=CARTESIAN_POINT('',(88.2999980710447,11.1,-4.));
#5589=CARTESIAN_POINT('',(88.2999980710447,11.1,0.));
#5590=CARTESIAN_POINT('',(88.2999980710447,127.199997078627,-4.));
#5591=CARTESIAN_POINT('',(88.2999980710447,96.2749978089705,-4.));
#5592=CARTESIAN_POINT('',(88.2999980710447,127.199997078627,4.1));
#5593=CARTESIAN_POINT('',(88.2999980710447,127.199997078627,0.));
#5594=CARTESIAN_POINT('',(88.2999980710447,109.396425633939,4.1));
#5595=CARTESIAN_POINT('',(88.2999980710447,96.2749978089705,4.1));
#5596=CARTESIAN_POINT('',(88.2999980710447,109.400001624227,4.00000007450581));
#5597=CARTESIAN_POINT('Origin',(88.2999980710447,108.000001624227,4.00000007450581));
#5598=CARTESIAN_POINT('',(88.2999980710447,109.400001624227,2.00000001490116));
#5599=CARTESIAN_POINT('',(88.2999980710447,109.400001624227,2.0000000372529));
#5600=CARTESIAN_POINT('',(88.2999980710447,108.000001624227,0.600000014901163));
#5601=CARTESIAN_POINT('Origin',(88.2999980710447,108.000001624227,2.00000001490116));
#5602=CARTESIAN_POINT('',(88.2999980710447,96.0000014156103,0.600000014901163));
#5603=CARTESIAN_POINT('',(88.2999980710447,117.599999351427,0.600000014901163));
#5604=CARTESIAN_POINT('',(88.2999980710447,94.6000014156103,2.00000001490116));
#5605=CARTESIAN_POINT('Origin',(88.2999980710447,96.0000014156103,2.00000001490116));
#5606=CARTESIAN_POINT('',(88.2999980710447,94.6000014156103,4.00000007450581));
#5607=CARTESIAN_POINT('',(88.2999980710447,94.6000014156103,1.00000000745058));
#5608=CARTESIAN_POINT('',(88.2999980710447,94.6035774058979,4.1));
#5609=CARTESIAN_POINT('Origin',(88.2999980710447,96.0000014156103,4.00000007450581));
#5610=CARTESIAN_POINT('',(88.2999980710447,46.1556902348258,4.1));
#5611=CARTESIAN_POINT('',(88.2999980710447,96.2749978089705,4.1));
#5612=CARTESIAN_POINT('',(88.2999980710447,46.1556902348258,2.05));
#5613=CARTESIAN_POINT('Origin',(88.2999980710447,46.1556902348258,4.1));
#5614=CARTESIAN_POINT('',(86.5999980710447,46.1556902348258,0.191760397611076));
#5615=CARTESIAN_POINT('',(86.5999980710447,46.1556902348258,4.1));
#5616=CARTESIAN_POINT('',(86.5999980710447,46.1556902348258,2.05));
#5617=CARTESIAN_POINT('',(88.2999980710447,46.1556902348258,0.191760397611076));
#5618=CARTESIAN_POINT('',(65.7249985532835,46.1556902348258,4.1));
#5619=CARTESIAN_POINT('Origin',(43.1499990355223,65.3499985393137,4.1));
#5620=CARTESIAN_POINT('',(86.5999980710447,94.6035774058979,4.1));
#5621=CARTESIAN_POINT('',(88.2999980710447,94.6035774058979,4.1));
#5622=CARTESIAN_POINT('',(86.5999980710447,96.2749978089705,4.1));
#5623=CARTESIAN_POINT('Origin',(11.826034941875,38.0953847932361,-5.4));
#5624=CARTESIAN_POINT('',(15.0049046053213,14.8346000300347,-4.8));
#5625=CARTESIAN_POINT('',(15.0239367459547,14.662690327473,-4.8));
#5626=CARTESIAN_POINT('',(12.4223913834697,38.1614074754637,-4.8));
#5627=CARTESIAN_POINT('',(13.8385090983053,14.4648403486605,-6.));
#5628=CARTESIAN_POINT('',(15.0239367459547,14.662690327473,-4.8));
#5629=CARTESIAN_POINT('',(13.8049046053213,14.7683762727007,-6.));
#5630=CARTESIAN_POINT('',(11.2296785002803,38.0293621110085,-6.));
#5631=CARTESIAN_POINT('',(13.8049046053213,14.7683762727007,-6.));
#5632=CARTESIAN_POINT('Origin',(9.80019970384506,35.2252535427224,-5.4));
#5633=CARTESIAN_POINT('',(15.219509181834,13.7901363827805,-4.8));
#5634=CARTESIAN_POINT('',(10.3856734500547,35.3564804168728,-4.8));
#5635=CARTESIAN_POINT('',(14.0485616894148,13.5276826344797,-6.));
#5636=CARTESIAN_POINT('',(15.219509181834,13.7901363827805,-4.8));
#5637=CARTESIAN_POINT('',(9.21472595763546,35.0940266685719,-6.));
#5638=CARTESIAN_POINT('Origin',(20.8487642162418,15.0518659594581,-5.4));
#5639=CARTESIAN_POINT('',(16.3682650526731,9.71416828543548,-6.));
#5640=CARTESIAN_POINT('Origin',(20.8487642162418,15.0518659594581,-6.));
#5641=CARTESIAN_POINT('',(17.0703585864129,10.6924939102353,-4.8));
#5642=CARTESIAN_POINT('Origin',(20.8487642162418,15.0518659594581,-4.8));
#5643=CARTESIAN_POINT('Ctrl Pts',(17.0703585864129,10.6924939102353,-4.8));
#5644=CARTESIAN_POINT('Ctrl Pts',(16.8366205774424,10.3683671221724,-5.19801991261321));
#5645=CARTESIAN_POINT('Ctrl Pts',(16.6003003240919,10.0388646866782,-5.60212431329071));
#5646=CARTESIAN_POINT('Ctrl Pts',(16.3682650526731,9.71416828543548,-6.));
#5647=CARTESIAN_POINT('Origin',(23.8522915551136,22.1252015529856,-5.4));
#5648=CARTESIAN_POINT('',(23.8522915551136,8.83229296093728,-4.8));
#5649=CARTESIAN_POINT('Origin',(23.8522915551136,22.1252015529856,-4.8));
#5650=CARTESIAN_POINT('',(23.8522915551136,7.63229296093728,-6.));
#5651=CARTESIAN_POINT('',(23.8522915551136,8.83229296093728,-4.8));
#5652=CARTESIAN_POINT('Origin',(23.8522915551136,22.1252015529856,-6.));
#5653=CARTESIAN_POINT('Origin',(52.9419013763592,8.23229296093729,-5.4));
#5654=CARTESIAN_POINT('',(62.7764888302498,7.63229296093729,-6.));
#5655=CARTESIAN_POINT('',(52.9419013763592,7.63229296093729,-6.));
#5656=CARTESIAN_POINT('',(62.7338037171961,8.83229296093729,-4.8));
#5657=CARTESIAN_POINT('',(52.9419013763592,8.83229296093729,-4.8));
#5658=CARTESIAN_POINT('Ctrl Pts',(62.7338037171961,8.83229296093729,-4.8));
#5659=CARTESIAN_POINT('Ctrl Pts',(62.7482566808912,8.43242222740166,-5.19987073353563));
#5660=CARTESIAN_POINT('Ctrl Pts',(62.7624868530353,8.03217054051911,-5.60012242041818));
#5661=CARTESIAN_POINT('Ctrl Pts',(62.7764888302498,7.63229296093729,-6.));
#5662=CARTESIAN_POINT('Origin',(61.4092668249432,27.1313638666844,-5.4));
#5663=CARTESIAN_POINT('',(68.3479987481998,10.1471243108586,-4.8));
#5664=CARTESIAN_POINT('Origin',(61.4092668249432,27.1313638666844,-4.8));
#5665=CARTESIAN_POINT('',(68.8018333385816,9.03625340720997,-6.));
#5666=CARTESIAN_POINT('',(68.3479987481998,10.1471243108586,-4.8));
#5667=CARTESIAN_POINT('Origin',(61.4092668249432,27.1313638666844,-6.));
#5668=CARTESIAN_POINT('Origin',(66.6470042650005,14.3107233813117,-5.4));
#5669=CARTESIAN_POINT('',(71.0968062686623,13.656352248421,-4.8));
#5670=CARTESIAN_POINT('',(72.2840376733246,13.4817624669807,-6.));
#5671=CARTESIAN_POINT('',(71.0968062686623,13.656352248421,-4.8));
#5672=CARTESIAN_POINT('Origin',(66.6470042650005,14.3107233813117,-6.));
#5673=CARTESIAN_POINT('Origin',(66.6470042650005,14.3107233813117,-4.8));
#5674=CARTESIAN_POINT('Origin',(75.2017496522624,37.4465057448275,-5.4));
#5675=CARTESIAN_POINT('',(72.4700749523129,14.7468382247404,-6.));
#5676=CARTESIAN_POINT('',(75.7953653545936,37.3592108541073,-6.));
#5677=CARTESIAN_POINT('',(71.2700749523129,14.8346000300347,-4.8));
#5678=CARTESIAN_POINT('',(74.6081339499312,37.5338006355477,-4.8));
#5679=CARTESIAN_POINT('',(71.2700749523129,14.8346000300347,-4.8));
#5680=CARTESIAN_POINT('Origin',(71.8700749523129,40.0922992846742,-5.4));
#5681=CARTESIAN_POINT('',(71.2700749523129,15.5346000300348,-4.8));
#5682=CARTESIAN_POINT('',(71.2700749523129,40.0922992846742,-4.8));
#5683=CARTESIAN_POINT('',(72.4700749523129,15.5346000300347,-6.));
#5684=CARTESIAN_POINT('',(72.0219461786385,15.5346000300348,-5.55187122632559));
#5685=CARTESIAN_POINT('',(72.4700749523129,40.0922992846742,-6.));
#5686=CARTESIAN_POINT('Origin',(14.4049046053213,40.0922992846742,-5.4));
#5687=CARTESIAN_POINT('',(13.8049046053213,15.5346000300347,-6.));
#5688=CARTESIAN_POINT('',(13.8049046053213,40.0922992846742,-6.));
#5689=CARTESIAN_POINT('',(15.0049046053213,15.5346000300347,-4.8));
#5690=CARTESIAN_POINT('',(15.9049046053213,15.5346000300347,-3.9));
#5691=CARTESIAN_POINT('',(15.0049046053213,40.0922992846742,-4.8));
#5692=CARTESIAN_POINT('Origin',(77.8775598576153,15.5346000300348,0.));
#5693=CARTESIAN_POINT('',(71.2700749523129,15.5346000300348,-4.));
#5694=CARTESIAN_POINT('',(71.2700749523129,15.5346000300348,0.));
#5695=CARTESIAN_POINT('',(74.9921989679384,15.5346000300348,-4.));
#5696=CARTESIAN_POINT('',(60.4633174219153,15.5346000300348,-4.));
#5697=CARTESIAN_POINT('',(74.9921989679384,15.5346000300348,0.));
#5698=CARTESIAN_POINT('',(74.9921989679384,15.5346000300348,0.));
#5699=CARTESIAN_POINT('',(77.8775598576153,15.5346000300348,0.));
#5700=CARTESIAN_POINT('',(75.2921989679384,15.5346000300348,0.));
#5701=CARTESIAN_POINT('',(77.8775598576153,15.5346000300348,-4.8));
#5702=CARTESIAN_POINT('',(77.8775598576153,15.5346000300348,0.));
#5703=CARTESIAN_POINT('',(79.0775598576153,15.5346000300348,-6.));
#5704=CARTESIAN_POINT('',(76.9775598576153,15.5346000300348,-3.9));
#5705=CARTESIAN_POINT('',(60.5137794465688,15.5346000300347,-6.));
#5706=CARTESIAN_POINT('Origin',(71.2700749523129,14.8346000300347,-6.));
#5707=CARTESIAN_POINT('',(71.2700749523129,14.8346000300347,-4.));
#5708=CARTESIAN_POINT('',(71.2700749523129,14.8346000300347,0.));
#5709=CARTESIAN_POINT('',(71.2700749523129,14.8346000300347,-4.));
#5710=CARTESIAN_POINT('Origin',(71.2700749523129,14.8346000300347,0.));
#5711=CARTESIAN_POINT('',(71.0968062686623,13.656352248421,-4.));
#5712=CARTESIAN_POINT('',(71.0968062686623,13.656352248421,0.));
#5713=CARTESIAN_POINT('',(70.549949675709,9.93766198118767,-4.));
#5714=CARTESIAN_POINT('Origin',(66.6470042650005,14.3107233813117,0.));
#5715=CARTESIAN_POINT('',(68.3479987481998,10.1471243108586,-4.));
#5716=CARTESIAN_POINT('',(68.3479987481998,10.1471243108586,0.));
#5717=CARTESIAN_POINT('Origin',(66.6470042650005,14.3107233813117,-4.));
#5718=CARTESIAN_POINT('Origin',(61.4092668249432,27.1313638666844,0.));
#5719=CARTESIAN_POINT('',(62.7338037171961,8.83229296093729,-4.));
#5720=CARTESIAN_POINT('',(62.7338037171961,8.83229296093729,0.));
#5721=CARTESIAN_POINT('Origin',(61.4092668249432,27.1313638666844,-4.));
#5722=CARTESIAN_POINT('Origin',(62.7338037171961,8.83229296093729,0.));
#5723=CARTESIAN_POINT('',(23.8522915551136,8.83229296093728,-4.));
#5724=CARTESIAN_POINT('',(23.8522915551136,8.83229296093728,0.));
#5725=CARTESIAN_POINT('',(52.8914393517057,8.83229296093729,-4.));
#5726=CARTESIAN_POINT('Origin',(23.8522915551136,22.1252015529856,0.));
#5727=CARTESIAN_POINT('',(17.0703585864129,10.6924939102353,-4.));
#5728=CARTESIAN_POINT('',(17.0703585864129,10.6924939102353,0.));
#5729=CARTESIAN_POINT('Origin',(23.8522915551136,22.1252015529856,-4.));
#5730=CARTESIAN_POINT('Origin',(20.8487642162418,15.0518659594581,0.));
#5731=CARTESIAN_POINT('',(15.219509181834,13.7901363827805,-4.));
#5732=CARTESIAN_POINT('',(15.219509181834,13.7901363827805,0.));
#5733=CARTESIAN_POINT('Origin',(20.8487642162418,15.0518659594581,-4.));
#5734=CARTESIAN_POINT('Origin',(15.219509181834,13.7901363827805,0.));
#5735=CARTESIAN_POINT('',(15.0239367459547,14.662690327473,-4.));
#5736=CARTESIAN_POINT('',(15.0239367459547,14.662690327473,0.));
#5737=CARTESIAN_POINT('',(16.3985062597487,8.52999557362271,-4.));
#5738=CARTESIAN_POINT('Origin',(15.0239367459547,14.662690327473,0.));
#5739=CARTESIAN_POINT('',(15.0049046053213,14.8346000300347,-4.));
#5740=CARTESIAN_POINT('',(15.0049046053213,14.8346000300347,0.));
#5741=CARTESIAN_POINT('',(15.5044168209415,10.322706277925,-4.));
#5742=CARTESIAN_POINT('Origin',(78.4775598576153,57.3927120636826,-5.4));
#5743=CARTESIAN_POINT('',(79.0775598576153,50.6354255880514,-6.));
#5744=CARTESIAN_POINT('',(79.0775598576153,57.3927120636826,-6.));
#5745=CARTESIAN_POINT('',(77.8775598576153,49.4354255880514,-4.8));
#5746=CARTESIAN_POINT('',(77.8775598576153,57.3927120636826,-4.8));
#5747=CARTESIAN_POINT('',(77.8775598576153,49.4354255880514,-4.8));
#5748=CARTESIAN_POINT('Origin',(25.7243259088755,50.0354255880514,-5.4));
#5749=CARTESIAN_POINT('',(7.09865278222856,50.6354255880514,-6.));
#5750=CARTESIAN_POINT('',(25.7243259088755,50.6354255880514,-6.));
#5751=CARTESIAN_POINT('',(8.29865278222857,49.4354255880514,-4.8));
#5752=CARTESIAN_POINT('',(25.7243259088755,49.4354255880514,-4.8));
#5753=CARTESIAN_POINT('',(8.29865278222857,49.4354255880514,-4.8));
#5754=CARTESIAN_POINT('Origin',(7.69865278222857,40.0922992846742,-5.4));
#5755=CARTESIAN_POINT('',(8.29865278222857,15.5346000300348,-4.8));
#5756=CARTESIAN_POINT('',(8.29865278222857,40.0922992846742,-4.8));
#5757=CARTESIAN_POINT('',(7.09865278222857,15.5346000300348,-6.));
#5758=CARTESIAN_POINT('',(10.8752157380017,15.5346000300347,-2.22343704422683));
#5759=CARTESIAN_POINT('',(7.09865278222857,40.0922992846742,-6.));
#5760=CARTESIAN_POINT('Origin',(43.1499990355223,65.3499985393137,-6.));
#5761=CARTESIAN_POINT('',(11.1,4.30211422042248E-15,-6.));
#5762=CARTESIAN_POINT('',(75.1999980710447,1.04083408558608E-14,-6.));
#5763=CARTESIAN_POINT('',(59.1749985532835,8.88178419700125E-15,-6.));
#5764=CARTESIAN_POINT('',(2.22044604925031E-15,11.1,-6.));
#5765=CARTESIAN_POINT('Origin',(11.1,11.1,-6.));
#5766=CARTESIAN_POINT('',(-2.97792702706164E-15,127.199997078627,-6.));
#5767=CARTESIAN_POINT('',(0.,38.2249992696568,-6.));
#5768=CARTESIAN_POINT('',(3.49999999999999,130.699997078627,-6.));
#5769=CARTESIAN_POINT('Origin',(3.49999999999999,127.199997078627,-6.));
#5770=CARTESIAN_POINT('',(82.7999980710447,130.699997078627,-6.));
#5771=CARTESIAN_POINT('',(23.3249995177612,130.699997078627,-6.));
#5772=CARTESIAN_POINT('',(86.2999980710447,127.199997078627,-6.));
#5773=CARTESIAN_POINT('Origin',(82.7999980710447,127.199997078627,-6.));
#5774=CARTESIAN_POINT('',(86.2999980710447,11.1,-6.));
#5775=CARTESIAN_POINT('',(86.2999980710447,96.2749978089705,-6.));
#5776=CARTESIAN_POINT('Origin',(75.1999980710447,11.1,-6.));
#5777=CARTESIAN_POINT('',(29.0774518204218,15.5346000300347,-6.));
#5778=CARTESIAN_POINT('',(4.84765750044578,124.089336945607,-6.));
#5779=CARTESIAN_POINT('',(4.84765750044578,74.0893369456069,-6.));
#5780=CARTESIAN_POINT('',(4.84765750044578,69.7196677424603,-6.));
#5781=CARTESIAN_POINT('',(81.533315505355,74.0893369456069,-6.));
#5782=CARTESIAN_POINT('',(62.3416572704387,74.0893369456069,-6.));
#5783=CARTESIAN_POINT('',(81.533315505355,124.089336945607,-6.));
#5784=CARTESIAN_POINT('',(81.533315505355,94.7196677424603,-6.));
#5785=CARTESIAN_POINT('',(23.9988282679841,124.089336945607,-6.));
#5786=CARTESIAN_POINT('',(81.5256341960518,72.4348231799694,-6.));
#5787=CARTESIAN_POINT('',(18.0256341960518,72.4348231799694,-6.));
#5788=CARTESIAN_POINT('',(30.5878166157871,72.4348231799694,-6.));
#5789=CARTESIAN_POINT('',(18.0256341960518,54.1962950300899,-6.));
#5790=CARTESIAN_POINT('',(18.0256341960518,59.7731467847018,-6.));
#5791=CARTESIAN_POINT('',(81.5256341960518,54.1962950300899,-6.));
#5792=CARTESIAN_POINT('',(62.3378166157871,54.1962950300899,-6.));
#5793=CARTESIAN_POINT('',(81.5256341960518,68.8924108596416,-6.));
#5794=CARTESIAN_POINT('',(21.6999994590878,126.59999717027,-6.));
#5795=CARTESIAN_POINT('Origin',(24.1999994590879,126.59999717027,-6.));
#5796=CARTESIAN_POINT('',(79.6999981626868,126.599997170269,-6.));
#5797=CARTESIAN_POINT('Origin',(82.1999981626868,126.599997170269,-6.));
#5798=CARTESIAN_POINT('',(75.599998254329,12.0999997295439,-6.));
#5799=CARTESIAN_POINT('Origin',(78.099998254329,12.0999997295439,-6.));
#5800=CARTESIAN_POINT('',(5.69999981671573,12.0999997295439,-6.));
#5801=CARTESIAN_POINT('Origin',(8.19999981671573,12.0999997295439,-6.));
#5802=CARTESIAN_POINT('',(75.650001142174,5.00000007450581,-6.));
#5803=CARTESIAN_POINT('Origin',(76.400001142174,5.00000007450581,-6.));
#5804=CARTESIAN_POINT('',(71.5499983839693,4.9999998882413,-6.));
#5805=CARTESIAN_POINT('Origin',(72.2999983839693,4.9999998882413,-6.));
#5806=CARTESIAN_POINT('Origin',(11.3059510044923,3.12340023790119,0.));
#5807=CARTESIAN_POINT('',(11.3059510044922,15.5346000300347,0.));
#5808=CARTESIAN_POINT('',(11.3059510044923,3.12340023790119,0.));
#5809=CARTESIAN_POINT('',(11.3059510044922,14.8346000300347,0.));
#5810=CARTESIAN_POINT('',(11.3059510044923,3.12340023790119,-4.));
#5811=CARTESIAN_POINT('',(11.3059510044922,3.12340023790119,0.));
#5812=CARTESIAN_POINT('',(11.3059510044922,15.5346000300347,-4.));
#5813=CARTESIAN_POINT('',(11.3059510044922,6.05120018593458,-4.));
#5814=CARTESIAN_POINT('',(11.3059510044923,15.5346000300347,0.));
#5815=CARTESIAN_POINT('Origin',(43.0490749862153,8.97900013396797,-4.));
#5816=CARTESIAN_POINT('',(70.6597528644164,3.12340023790119,-4.));
#5817=CARTESIAN_POINT('',(10.3059510044922,3.12340023790119,-4.));
#5818=CARTESIAN_POINT('',(70.6597528644164,2.4361249416999,-4.));
#5819=CARTESIAN_POINT('',(70.6597528644164,6.8562368325253,-4.));
#5820=CARTESIAN_POINT('',(77.7587790196507,2.4361249416999,-4.));
#5821=CARTESIAN_POINT('',(70.6597528644164,2.4361249416999,-4.));
#5822=CARTESIAN_POINT('',(77.7587790196507,6.8562368325253,-4.));
#5823=CARTESIAN_POINT('',(77.7587790196507,2.9361249416999,-4.));
#5824=CARTESIAN_POINT('',(74.9921989679384,6.8562368325253,-4.));
#5825=CARTESIAN_POINT('',(59.1706369770769,6.8562368325253,-4.));
#5826=CARTESIAN_POINT('',(74.9921989679384,11.9068000820014,-4.));
#5827=CARTESIAN_POINT('',(15.0049046053213,15.5346000300347,-4.));
#5828=CARTESIAN_POINT('',(15.0049046053213,14.8346000300347,-4.));
#5829=CARTESIAN_POINT('',(29.0269897957683,15.5346000300347,-4.));
#5830=CARTESIAN_POINT('',(75.650001142174,5.00000007450581,-4.));
#5831=CARTESIAN_POINT('Origin',(76.400001142174,5.00000007450581,-4.));
#5832=CARTESIAN_POINT('',(71.5499983839693,4.9999998882413,-4.));
#5833=CARTESIAN_POINT('Origin',(72.2999983839693,4.9999998882413,-4.));
#5834=CARTESIAN_POINT('Origin',(75.7921989679384,3.12340023790119,0.));
#5835=CARTESIAN_POINT('',(70.6597528644164,3.1234002379012,0.));
#5836=CARTESIAN_POINT('',(59.4710990017304,3.1234002379012,0.));
#5837=CARTESIAN_POINT('',(70.6597528644164,3.12340023790119,0.));
#5838=CARTESIAN_POINT('Origin',(74.9921989679384,14.8346000300347,0.));
#5839=CARTESIAN_POINT('',(74.9921989679384,6.85623683252531,0.));
#5840=CARTESIAN_POINT('',(74.9921989679384,6.8562368325253,0.));
#5841=CARTESIAN_POINT('',(74.9921989679384,40.0922992846742,0.));
#5842=CARTESIAN_POINT('Origin',(15.0049046053213,14.8346000300347,-4.));
#5843=CARTESIAN_POINT('',(15.0049046053213,15.5346000300347,0.));
#5844=CARTESIAN_POINT('Origin',(15.0049046053213,15.5346000300347,0.));
#5845=CARTESIAN_POINT('',(8.29865278222857,15.5346000300347,0.));
#5846=CARTESIAN_POINT('',(8.29865278222857,15.5346000300348,0.));
#5847=CARTESIAN_POINT('',(29.0774518204218,15.5346000300347,0.));
#5848=CARTESIAN_POINT('Origin',(8.29865278222857,14.8346000300347,0.));
#5849=CARTESIAN_POINT('',(8.29865278222857,49.4354255880514,0.));
#5850=CARTESIAN_POINT('',(8.29865278222857,49.4354255880514,0.));
#5851=CARTESIAN_POINT('',(8.29865278222857,40.0922992846742,0.));
#5852=CARTESIAN_POINT('Origin',(77.8775598576153,49.4354255880514,0.));
#5853=CARTESIAN_POINT('',(77.8775598576153,49.4354255880514,0.));
#5854=CARTESIAN_POINT('',(77.8775598576153,57.3927120636826,0.));
#5855=CARTESIAN_POINT('',(77.8775598576153,49.4354255880514,0.));
#5856=CARTESIAN_POINT('Origin',(88.2999980710447,45.1556902348258,0.191760397611076));
#5857=CARTESIAN_POINT('',(86.5999980710447,82.5951864922323,0.191760397611076));
#5858=CARTESIAN_POINT('Origin',(86.5999980710447,127.199997078627,0.));
#5859=CARTESIAN_POINT('',(86.5999980710447,94.6000014156103,4.00000007450581));
#5860=CARTESIAN_POINT('Origin',(86.5999980710447,96.0000014156103,4.00000007450581));
#5861=CARTESIAN_POINT('',(86.5999980710447,94.6000014156103,2.00000001490116));
#5862=CARTESIAN_POINT('',(86.5999980710447,94.6000014156103,1.00000000745058));
#5863=CARTESIAN_POINT('',(86.5999980710447,96.0000014156103,0.600000014901163));
#5864=CARTESIAN_POINT('Origin',(86.5999980710447,96.0000014156103,2.00000001490116));
#5865=CARTESIAN_POINT('',(86.5999980710447,108.000001624227,0.600000014901163));
#5866=CARTESIAN_POINT('',(86.5999980710447,117.599999351427,0.600000014901163));
#5867=CARTESIAN_POINT('',(86.5999980710447,109.400001624227,2.00000001490116));
#5868=CARTESIAN_POINT('Origin',(86.5999980710447,108.000001624227,2.00000001490116));
#5869=CARTESIAN_POINT('',(86.5999980710447,109.400001624227,4.00000007450581));
#5870=CARTESIAN_POINT('',(86.5999980710447,109.400001624227,2.0000000372529));
#5871=CARTESIAN_POINT('',(86.5999980710447,109.396425633939,4.1));
#5872=CARTESIAN_POINT('Origin',(86.5999980710447,108.000001624227,4.00000007450581));
#5873=CARTESIAN_POINT('',(86.5999980710447,127.199997078627,4.1));
#5874=CARTESIAN_POINT('',(86.5999980710447,96.2749978089705,4.1));
#5875=CARTESIAN_POINT('',(86.5999980710447,127.199997078627,0.));
#5876=CARTESIAN_POINT('',(86.5999980710447,127.199997078627,4.));
#5877=CARTESIAN_POINT('',(86.5999980710447,11.1,0.));
#5878=CARTESIAN_POINT('',(86.5999980710447,96.2749978089705,0.));
#5879=CARTESIAN_POINT('',(86.5999980710447,11.1,4.1));
#5880=CARTESIAN_POINT('',(86.5999980710447,11.1,4.));
#5881=CARTESIAN_POINT('',(86.5999980710447,96.2749978089705,4.1));
#5882=CARTESIAN_POINT('Origin',(61.0000009387732,72.4348231799694,-3.));
#5883=CARTESIAN_POINT('',(61.0000009387732,72.4348231799694,0.));
#5884=CARTESIAN_POINT('',(61.0000009387732,72.4348231799694,-3.));
#5885=CARTESIAN_POINT('',(61.0000009387732,72.4348231799694,-1.5));
#5886=CARTESIAN_POINT('',(61.0000009387732,57.4348231799694,0.));
#5887=CARTESIAN_POINT('',(61.0000009387732,68.8924108596416,0.));
#5888=CARTESIAN_POINT('',(61.0000009387732,57.4348231799694,-3.));
#5889=CARTESIAN_POINT('',(61.0000009387732,57.4348231799694,-2.25));
#5890=CARTESIAN_POINT('',(61.0000009387732,72.4348231799694,-3.));
#5891=CARTESIAN_POINT('Origin',(33.0000004917383,72.4348231799694,-3.));
#5892=CARTESIAN_POINT('',(33.0000004917383,57.4348231799694,-3.));
#5893=CARTESIAN_POINT('',(33.0000004917383,57.4348231799694,-3.));
#5894=CARTESIAN_POINT('',(33.0000004917383,72.4348231799694,-3.));
#5895=CARTESIAN_POINT('',(33.0000004917383,72.4348231799694,-3.));
#5896=CARTESIAN_POINT('',(25.5128173438951,72.4348231799694,-3.));
#5897=CARTESIAN_POINT('Origin',(33.0000004917383,72.4348231799694,0.));
#5898=CARTESIAN_POINT('',(33.0000004917383,72.4348231799694,0.));
#5899=CARTESIAN_POINT('',(33.0000004917383,72.4348231799694,0.));
#5900=CARTESIAN_POINT('',(33.0000004917383,57.4348231799694,0.));
#5901=CARTESIAN_POINT('',(33.0000004917383,57.4348231799694,0.));
#5902=CARTESIAN_POINT('',(33.0000004917383,72.4348231799694,0.));
#5903=CARTESIAN_POINT('Origin',(48.0000007152557,57.4348231799694,-1.5));
#5904=CARTESIAN_POINT('',(63.0000009387732,57.4348231799694,0.));
#5905=CARTESIAN_POINT('Origin',(76.0000011324883,72.4348231799694,-3.));
#5906=CARTESIAN_POINT('',(76.0000011324883,54.1962950300899,-3.));
#5907=CARTESIAN_POINT('',(81.5256341960518,54.1962950300899,-3.));
#5908=CARTESIAN_POINT('',(78.76281766427,54.1962950300899,-3.));
#5909=CARTESIAN_POINT('',(76.0000011324883,72.4348231799694,-3.));
#5910=CARTESIAN_POINT('',(76.0000011324883,72.4348231799694,-3.));
#5911=CARTESIAN_POINT('',(81.5256341960518,72.4348231799694,-3.));
#5912=CARTESIAN_POINT('',(47.01281766427,72.4348231799694,-3.));
#5913=CARTESIAN_POINT('',(81.5256341960518,72.4348231799694,-3.));
#5914=CARTESIAN_POINT('Origin',(43.1499990355223,65.3499985393137,0.));
#5915=CARTESIAN_POINT('',(-0.299999999999995,63.5445550888301,0.));
#5916=CARTESIAN_POINT('',(-0.299999999999998,11.1,0.));
#5917=CARTESIAN_POINT('',(-0.299999999999994,38.2249992696568,0.));
#5918=CARTESIAN_POINT('',(11.1,-0.299999999999998,0.));
#5919=CARTESIAN_POINT('Origin',(11.1,11.1,0.));
#5920=CARTESIAN_POINT('',(75.1999980710447,-0.299999999999994,0.));
#5921=CARTESIAN_POINT('',(59.1749985532835,-0.299999999999994,0.));
#5922=CARTESIAN_POINT('Origin',(75.1999980710447,11.1,0.));
#5923=CARTESIAN_POINT('',(82.7999980710447,130.999997078627,0.));
#5924=CARTESIAN_POINT('Origin',(82.7999980710447,127.199997078627,0.));
#5925=CARTESIAN_POINT('',(78.3817406010063,130.999997078627,0.));
#5926=CARTESIAN_POINT('',(23.3249995177612,130.999997078627,0.));
#5927=CARTESIAN_POINT('',(78.3817406010063,124.089336945607,0.));
#5928=CARTESIAN_POINT('',(78.3817406010063,99.0249978089705,0.));
#5929=CARTESIAN_POINT('',(81.533315505355,124.089336945607,0.));
#5930=CARTESIAN_POINT('',(23.9988282679841,124.089336945607,0.));
#5931=CARTESIAN_POINT('',(81.533315505355,116.201357365421,-9.49949025691454E-10));
#5932=CARTESIAN_POINT('',(81.533315505355,94.7196677424603,0.));
#5933=CARTESIAN_POINT('',(4.84765750044578,116.201357365421,-9.49949025691454E-10));
#5934=CARTESIAN_POINT('',(81.533315505355,116.201357365421,-9.49949025691454E-10));
#5935=CARTESIAN_POINT('',(4.84765750044578,124.089336945607,0.));
#5936=CARTESIAN_POINT('',(4.84765750044578,69.7196677424603,0.));
#5937=CARTESIAN_POINT('',(4.88174060100627,124.089336945607,0.));
#5938=CARTESIAN_POINT('',(23.9988282679841,124.089336945607,0.));
#5939=CARTESIAN_POINT('',(4.88174060100627,130.999997078627,0.));
#5940=CARTESIAN_POINT('',(4.88174060100627,99.0249978089705,0.));
#5941=CARTESIAN_POINT('',(3.49999999999999,130.999997078627,0.));
#5942=CARTESIAN_POINT('',(23.3249995177612,130.999997078627,0.));
#5943=CARTESIAN_POINT('',(-0.300000000000002,127.199997078627,0.));
#5944=CARTESIAN_POINT('Origin',(3.49999999999999,127.199997078627,0.));
#5945=CARTESIAN_POINT('',(-0.299999999999995,71.0633955800439,0.));
#5946=CARTESIAN_POINT('',(-0.299999999999994,38.2249992696568,0.));
#5947=CARTESIAN_POINT('',(-2.,71.0633955800439,0.));
#5948=CARTESIAN_POINT('',(-2.,71.0633955800439,0.));
#5949=CARTESIAN_POINT('',(-2.,63.5445550888301,0.));
#5950=CARTESIAN_POINT('',(-2.,66.3269869368753,0.));
#5951=CARTESIAN_POINT('',(-2.,63.5445550888301,0.));
#5952=CARTESIAN_POINT('',(76.0000011324883,72.4348231799694,0.));
#5953=CARTESIAN_POINT('',(30.5878166157871,72.4348231799694,0.));
#5954=CARTESIAN_POINT('',(76.0000011324883,49.4354255880514,0.));
#5955=CARTESIAN_POINT('',(76.0000011324883,60.6749996868894,0.));
#5956=CARTESIAN_POINT('',(25.7243259088755,49.4354255880514,0.));
#5957=CARTESIAN_POINT('',(77.7587790196507,6.8562368325253,0.));
#5958=CARTESIAN_POINT('',(56.9048759499694,6.85623683252531,0.));
#5959=CARTESIAN_POINT('',(77.7587790196507,2.4361249416999,0.));
#5960=CARTESIAN_POINT('',(77.7587790196507,34.1430617405068,0.));
#5961=CARTESIAN_POINT('',(70.6597528644164,2.4361249416999,0.));
#5962=CARTESIAN_POINT('',(60.4543890275865,2.4361249416999,0.));
#5963=CARTESIAN_POINT('',(70.6597528644164,34.1430617405068,0.));
#5964=CARTESIAN_POINT('',(20.0000002980232,49.4354255880514,0.));
#5965=CARTESIAN_POINT('',(25.7243259088755,49.4354255880514,0.));
#5966=CARTESIAN_POINT('',(20.0000002980232,54.1962950300899,0.));
#5967=CARTESIAN_POINT('',(20.0000002980232,56.6749996272847,0.));
#5968=CARTESIAN_POINT('',(18.0256341960518,54.1962950300899,0.));
#5969=CARTESIAN_POINT('',(62.3378166157871,54.1962950300899,0.));
#5970=CARTESIAN_POINT('',(18.0256341960518,72.4348231799694,0.));
#5971=CARTESIAN_POINT('',(18.0256341960518,59.7731467847018,0.));
#5972=CARTESIAN_POINT('',(30.5878166157871,72.4348231799694,0.));
#5973=CARTESIAN_POINT('',(14.0000009536743,105.815477982903,0.));
#5974=CARTESIAN_POINT('',(4.84765750044578,105.815477982903,0.));
#5975=CARTESIAN_POINT('',(14.0000009536743,105.815477982903,0.));
#5976=CARTESIAN_POINT('',(14.0000009536743,111.815477982903,0.));
#5977=CARTESIAN_POINT('',(14.0000009536743,111.815477982903,0.));
#5978=CARTESIAN_POINT('',(25.5000008419156,111.815477982903,0.));
#5979=CARTESIAN_POINT('',(81.533315505355,111.815477982903,-9.49949025691454E-10));
#5980=CARTESIAN_POINT('',(25.5000008419156,105.815477982903,0.));
#5981=CARTESIAN_POINT('',(25.5000008419156,111.815477982903,0.));
#5982=CARTESIAN_POINT('',(39.0000009536743,105.815477982903,0.));
#5983=CARTESIAN_POINT('',(39.0000009536743,105.815477982903,0.));
#5984=CARTESIAN_POINT('',(39.0000009536743,111.815477982903,0.));
#5985=CARTESIAN_POINT('',(39.0000009536743,111.815477982903,0.));
#5986=CARTESIAN_POINT('',(50.0000008419156,111.815477982903,0.));
#5987=CARTESIAN_POINT('',(81.533315505355,111.815477982903,-9.49949025691454E-10));
#5988=CARTESIAN_POINT('',(50.0000008419156,105.815477982903,0.));
#5989=CARTESIAN_POINT('',(50.0000008419156,111.815477982903,0.));
#5990=CARTESIAN_POINT('',(64.0000009536743,105.815477982903,0.));
#5991=CARTESIAN_POINT('',(64.0000009536743,105.815477982903,0.));
#5992=CARTESIAN_POINT('',(64.0000009536743,111.815477982903,0.));
#5993=CARTESIAN_POINT('',(64.0000009536743,111.815477982903,0.));
#5994=CARTESIAN_POINT('',(81.533315505355,111.815477982903,-9.49949025691454E-10));
#5995=CARTESIAN_POINT('',(81.533315505355,111.815477982903,-9.49949025691454E-10));
#5996=CARTESIAN_POINT('',(81.533315505355,90.5000013411045,-9.49949025691454E-10));
#5997=CARTESIAN_POINT('',(81.533315505355,94.7196677424603,0.));
#5998=CARTESIAN_POINT('',(77.7867076956745,90.5000013411045,-9.49949025691454E-10));
#5999=CARTESIAN_POINT('',(81.533315505355,90.5000013411045,-9.49949025691454E-10));
#6000=CARTESIAN_POINT('',(77.7867076956745,80.405784177399,-9.49949025691454E-10));
#6001=CARTESIAN_POINT('',(77.7867076956745,85.9528910661073,-9.49949025691454E-10));
#6002=CARTESIAN_POINT('',(81.533315505355,80.405784177399,-9.49949025691454E-10));
#6003=CARTESIAN_POINT('',(81.533315505355,80.405784177399,-9.49949025691454E-10));
#6004=CARTESIAN_POINT('',(81.533315505355,80.0094658901914,0.));
#6005=CARTESIAN_POINT('',(81.533315505355,94.7196677424603,0.));
#6006=CARTESIAN_POINT('',(81.533315505355,75.1905306408182,0.));
#6007=CARTESIAN_POINT('Origin',(82.1999981626868,77.5999982655048,0.));
#6008=CARTESIAN_POINT('',(81.533315505355,74.0893369456069,0.));
#6009=CARTESIAN_POINT('',(81.533315505355,94.7196677424603,0.));
#6010=CARTESIAN_POINT('',(4.84765750044578,74.0893369456069,0.));
#6011=CARTESIAN_POINT('',(62.3416572704387,74.0893369456069,0.));
#6012=CARTESIAN_POINT('',(4.84765750044578,80.405784177399,-9.49949025691454E-10));
#6013=CARTESIAN_POINT('',(4.84765750044578,69.7196677424603,0.));
#6014=CARTESIAN_POINT('',(8.26110037084768,80.405784177399,-9.49949025691454E-10));
#6015=CARTESIAN_POINT('',(81.533315505355,80.405784177399,-9.49949025691454E-10));
#6016=CARTESIAN_POINT('',(8.26110037084768,90.5000013411045,-9.49949025691454E-10));
#6017=CARTESIAN_POINT('',(8.26110037084769,80.202892684746,-9.49949025691454E-10));
#6018=CARTESIAN_POINT('',(4.84765750044578,90.5000013411045,-9.49949025691454E-10));
#6019=CARTESIAN_POINT('',(81.533315505355,90.5000013411045,-9.49949025691454E-10));
#6020=CARTESIAN_POINT('',(4.84765750044578,69.7196677424603,0.));
#6021=CARTESIAN_POINT('',(6.69999981671573,12.0999997295439,0.));
#6022=CARTESIAN_POINT('Origin',(8.19999981671573,12.0999997295439,0.));
#6023=CARTESIAN_POINT('',(76.599998254329,12.0999997295439,0.));
#6024=CARTESIAN_POINT('Origin',(78.099998254329,12.0999997295439,0.));
#6025=CARTESIAN_POINT('',(80.6999981626868,126.599997170269,0.));
#6026=CARTESIAN_POINT('Origin',(82.1999981626868,126.599997170269,0.));
#6027=CARTESIAN_POINT('Origin',(59.1749985532835,-0.999999999999993,-5.));
#6028=CARTESIAN_POINT('',(11.1,-1.99999999999999,-4.));
#6029=CARTESIAN_POINT('',(11.1,-1.99999999999999,-4.));
#6030=CARTESIAN_POINT('',(75.1999980710447,-1.99999999999999,-4.));
#6031=CARTESIAN_POINT('',(75.1999980710447,1.04083408558608E-14,-6.));
#6032=CARTESIAN_POINT('',(59.1749985532835,-1.99999999999999,-4.));
#6033=CARTESIAN_POINT('Origin',(11.1,11.1,-5.));
#6034=CARTESIAN_POINT('',(-1.99999999999999,11.1,-4.));
#6035=CARTESIAN_POINT('',(-1.99999999999999,11.1,-4.));
#6036=CARTESIAN_POINT('Origin',(11.1,11.1,-4.));
#6037=CARTESIAN_POINT('Origin',(-0.999999999999999,38.2249992696568,-5.));
#6038=CARTESIAN_POINT('',(-2.00000000000001,127.199997078627,-4.));
#6039=CARTESIAN_POINT('',(-2.00000000000001,127.199997078627,-4.));
#6040=CARTESIAN_POINT('',(-2.,38.2249992696568,-4.));
#6041=CARTESIAN_POINT('Origin',(3.49999999999999,127.199997078627,-5.));
#6042=CARTESIAN_POINT('',(3.49999999999999,132.699997078627,-4.));
#6043=CARTESIAN_POINT('',(3.49999999999999,132.699997078627,-4.));
#6044=CARTESIAN_POINT('Origin',(3.49999999999999,127.199997078627,-4.));
#6045=CARTESIAN_POINT('Origin',(23.3249995177612,131.699997078627,-5.));
#6046=CARTESIAN_POINT('',(82.7999980710447,132.699997078627,-4.));
#6047=CARTESIAN_POINT('',(82.7999980710447,132.699997078627,-4.));
#6048=CARTESIAN_POINT('',(23.3249995177612,132.699997078627,-4.));
#6049=CARTESIAN_POINT('Origin',(82.7999980710447,127.199997078627,-5.));
#6050=CARTESIAN_POINT('',(88.2999980710447,127.199997078627,-4.));
#6051=CARTESIAN_POINT('Origin',(82.7999980710447,127.199997078627,-4.));
#6052=CARTESIAN_POINT('Origin',(87.2999980710447,96.2749978089705,-5.));
#6053=CARTESIAN_POINT('',(88.2999980710447,11.1,-4.));
#6054=CARTESIAN_POINT('Origin',(75.1999980710447,11.1,-5.));
#6055=CARTESIAN_POINT('Origin',(75.1999980710447,11.1,-4.));
#6056=CARTESIAN_POINT('Origin',(3.49999999999999,127.199997078627,0.));
#6057=CARTESIAN_POINT('',(-2.00000000000001,127.199997078627,4.1));
#6058=CARTESIAN_POINT('',(-2.00000000000001,127.199997078627,4.));
#6059=CARTESIAN_POINT('',(3.5,132.699997078627,4.1));
#6060=CARTESIAN_POINT('Origin',(3.49999999999999,127.199997078627,4.1));
#6061=CARTESIAN_POINT('',(3.49999999999999,132.699997078627,4.));
#6062=CARTESIAN_POINT('Origin',(-2.,11.1,0.));
#6063=CARTESIAN_POINT('',(-1.99999999999999,11.1,4.1));
#6064=CARTESIAN_POINT('',(-1.99999999999999,11.1,4.));
#6065=CARTESIAN_POINT('',(-2.,17.0408780779639,4.1));
#6066=CARTESIAN_POINT('',(-2.,38.2249992696568,4.1));
#6067=CARTESIAN_POINT('',(-2.,17.0408780779639,3.10793724477474));
#6068=CARTESIAN_POINT('',(-2.,17.0408780779639,3.97453186149369));
#6069=CARTESIAN_POINT('',(-2.,18.2408780779639,1.90793724477475));
#6070=CARTESIAN_POINT('Origin',(-2.,18.2408780779639,3.10793724477474));
#6071=CARTESIAN_POINT('',(-2.,30.4242133933984,1.90793724477475));
#6072=CARTESIAN_POINT('',(-2.,14.670439038982,1.90793724477474));
#6073=CARTESIAN_POINT('',(-2.,31.6242133933984,3.10793724477474));
#6074=CARTESIAN_POINT('Origin',(-2.,30.4242133933984,3.10793724477473));
#6075=CARTESIAN_POINT('',(-2.,31.6242133933984,4.1));
#6076=CARTESIAN_POINT('',(-2.,31.6242133933984,1.55396862238736));
#6077=CARTESIAN_POINT('',(-2.,39.0408780779639,4.1));
#6078=CARTESIAN_POINT('',(-2.,38.2249992696568,4.1));
#6079=CARTESIAN_POINT('',(-2.,39.0408780779639,3.10793724477474));
#6080=CARTESIAN_POINT('',(-2.,39.0408780779639,3.9745318614937));
#6081=CARTESIAN_POINT('',(-2.,40.2408780779639,1.90793724477475));
#6082=CARTESIAN_POINT('Origin',(-2.,40.2408780779639,3.10793724477474));
#6083=CARTESIAN_POINT('',(-2.,52.4242133933984,1.90793724477475));
#6084=CARTESIAN_POINT('',(-2.,25.670439038982,1.90793724477474));
#6085=CARTESIAN_POINT('',(-2.,53.6242133933984,3.10793724477474));
#6086=CARTESIAN_POINT('Origin',(-2.,52.4242133933984,3.10793724477473));
#6087=CARTESIAN_POINT('',(-2.,53.6242133933984,4.1));
#6088=CARTESIAN_POINT('',(-2.,53.6242133933984,1.55396862238737));
#6089=CARTESIAN_POINT('',(-2.,63.5445106239922,4.1));
#6090=CARTESIAN_POINT('',(-2.,38.2249992696568,4.1));
#6091=CARTESIAN_POINT('',(-2.,63.5444455846616,4.09135182099955));
#6092=CARTESIAN_POINT('Origin',(-2.,64.1194455846616,4.09135182099955));
#6093=CARTESIAN_POINT('',(-2.,63.5444455846616,0.0112213101991226));
#6094=CARTESIAN_POINT('',(-2.,63.5444455846616,2.04567591049978));
#6095=CARTESIAN_POINT('Origin',(-2.,64.1194455846616,0.0112213101991338));
#6096=CARTESIAN_POINT('',(-2.,71.0635050842124,0.0112213101991302));
#6097=CARTESIAN_POINT('Origin',(-2.,70.4885050842124,0.0112213101991338));
#6098=CARTESIAN_POINT('',(-2.,71.0635050842124,4.09135182099956));
#6099=CARTESIAN_POINT('',(-2.,71.0635050842124,0.00561065509956512));
#6100=CARTESIAN_POINT('',(-2.,71.0634400448818,4.1));
#6101=CARTESIAN_POINT('Origin',(-2.,70.4885050842124,4.09135182099955));
#6102=CARTESIAN_POINT('',(-2.,38.2249992696568,4.1));
#6103=CARTESIAN_POINT('Origin',(11.1,11.1,0.));
#6104=CARTESIAN_POINT('',(11.1,-1.99999999999999,4.1));
#6105=CARTESIAN_POINT('',(11.1,-1.99999999999999,4.));
#6106=CARTESIAN_POINT('Origin',(11.1,11.1,4.1));
#6107=CARTESIAN_POINT('Origin',(75.1999980710447,-1.99999999999999,0.));
#6108=CARTESIAN_POINT('',(75.1999980710447,-1.99999999999999,4.1));
#6109=CARTESIAN_POINT('',(75.1999980710447,-1.99999999999999,0.));
#6110=CARTESIAN_POINT('',(69.256514178432,-1.99999999999999,4.1));
#6111=CARTESIAN_POINT('',(59.1749985532835,-1.99999999999999,4.1));
#6112=CARTESIAN_POINT('',(69.2973828166357,-2.,3.74173983685998));
#6113=CARTESIAN_POINT('Origin',(67.7066693038225,-1.99999999999999,3.74173983685997));
#6114=CARTESIAN_POINT('',(69.2973828166357,-2.,2.45554856749374));
#6115=CARTESIAN_POINT('',(69.2973828166357,-1.99999999999999,1.87086991842999));
#6116=CARTESIAN_POINT('',(67.7066693038225,-2.,0.864835054680589));
#6117=CARTESIAN_POINT('Origin',(67.7066693038225,-1.99999999999999,2.45554856749375));
#6118=CARTESIAN_POINT('',(60.6912917246374,-2.,0.86483505468059));
#6119=CARTESIAN_POINT('',(71.4533336874336,-1.99999999999999,0.864835054680589));
#6120=CARTESIAN_POINT('',(59.1005782118242,-2.,2.45554856749374));
#6121=CARTESIAN_POINT('Origin',(60.6912917246374,-1.99999999999999,2.45554856749375));
#6122=CARTESIAN_POINT('',(59.1005782118242,-2.,3.74173983685998));
#6123=CARTESIAN_POINT('',(59.1005782118242,-2.,1.22777428374687));
#6124=CARTESIAN_POINT('',(59.1414468500279,-1.99999999999999,4.1));
#6125=CARTESIAN_POINT('Origin',(60.6912917246374,-1.99999999999999,3.74173983685997));
#6126=CARTESIAN_POINT('',(54.3499987907708,-2.,4.1));
#6127=CARTESIAN_POINT('',(59.1749985532835,-1.99999999999999,4.1));
#6128=CARTESIAN_POINT('',(54.3499987907708,-2.,0.449999984353781));
#6129=CARTESIAN_POINT('',(54.3499987907708,-2.,2.0810339821599));
#6130=CARTESIAN_POINT('',(49.6499988846481,-2.,0.449999984353781));
#6131=CARTESIAN_POINT('',(64.7749984309077,-1.99999999999999,0.44999998435378));
#6132=CARTESIAN_POINT('',(49.6499988846481,-2.,4.1));
#6133=CARTESIAN_POINT('',(49.6499988846481,-2.,0.22499999217689));
#6134=CARTESIAN_POINT('',(48.3499987907708,-2.,4.1));
#6135=CARTESIAN_POINT('',(59.1749985532835,-1.99999999999999,4.1));
#6136=CARTESIAN_POINT('',(48.3499987907708,-2.,0.449999984353781));
#6137=CARTESIAN_POINT('',(48.3499987907708,-2.,2.0810339821599));
#6138=CARTESIAN_POINT('',(43.6499988846481,-2.,0.449999984353781));
#6139=CARTESIAN_POINT('',(61.7749984309077,-1.99999999999999,0.44999998435378));
#6140=CARTESIAN_POINT('',(43.6499988846481,-2.,4.1));
#6141=CARTESIAN_POINT('',(43.6499988846481,-2.,0.22499999217689));
#6142=CARTESIAN_POINT('',(38.8254166058919,-1.99999999999999,4.1));
#6143=CARTESIAN_POINT('',(59.1749985532835,-1.99999999999999,4.1));
#6144=CARTESIAN_POINT('',(31.8256423389109,-1.99999999999999,4.1));
#6145=CARTESIAN_POINT('Origin',(35.3255294724014,-1.99999999999999,4.0718921216047));
#6146=CARTESIAN_POINT('',(28.0999987907708,-2.,4.1));
#6147=CARTESIAN_POINT('',(59.1749985532835,-1.99999999999999,4.1));
#6148=CARTESIAN_POINT('',(28.0999987907708,-2.,0.449999984353781));
#6149=CARTESIAN_POINT('',(28.0999987907708,-2.,2.0810339821599));
#6150=CARTESIAN_POINT('',(23.3999988846481,-2.,0.449999984353781));
#6151=CARTESIAN_POINT('',(51.6499984309077,-2.,0.449999984353779));
#6152=CARTESIAN_POINT('',(23.3999988846481,-2.,4.1));
#6153=CARTESIAN_POINT('',(23.3999988846481,-2.,0.22499999217689));
#6154=CARTESIAN_POINT('',(22.1499987907708,-2.,4.1));
#6155=CARTESIAN_POINT('',(59.1749985532835,-1.99999999999999,4.1));
#6156=CARTESIAN_POINT('',(22.1499987907708,-2.,0.449999984353781));
#6157=CARTESIAN_POINT('',(22.1499987907708,-2.,2.0810339821599));
#6158=CARTESIAN_POINT('',(17.4499988846481,-2.,0.449999984353781));
#6159=CARTESIAN_POINT('',(48.6749984309077,-2.,0.449999984353779));
#6160=CARTESIAN_POINT('',(17.4499988846481,-2.,4.1));
#6161=CARTESIAN_POINT('',(17.4499988846481,-2.,0.22499999217689));
#6162=CARTESIAN_POINT('',(16.3499987907708,-2.,4.1));
#6163=CARTESIAN_POINT('',(59.1749985532835,-1.99999999999999,4.1));
#6164=CARTESIAN_POINT('',(16.3499987907708,-2.,0.449999984353781));
#6165=CARTESIAN_POINT('',(16.3499987907708,-2.,2.0810339821599));
#6166=CARTESIAN_POINT('',(11.6499988846481,-2.,0.449999984353781));
#6167=CARTESIAN_POINT('',(45.7749984309077,-2.,0.449999984353779));
#6168=CARTESIAN_POINT('',(11.6499988846481,-2.,4.1));
#6169=CARTESIAN_POINT('',(11.6499988846481,-2.,0.22499999217689));
#6170=CARTESIAN_POINT('',(59.1749985532835,-1.99999999999999,4.1));
#6171=CARTESIAN_POINT('Origin',(-2.,64.1194455846616,0.0112213101991338));
#6172=CARTESIAN_POINT('',(-0.3,63.5444455846616,0.0112213101991226));
#6173=CARTESIAN_POINT('',(-2.,63.5444455846616,0.0112213101991226));
#6174=CARTESIAN_POINT('Origin',(-0.299999999999998,64.1194455846616,0.0112213101991338));
#6175=CARTESIAN_POINT('Origin',(88.2999980710447,109.400001624227,4.00000007450581));
#6176=CARTESIAN_POINT('',(88.2999980710447,109.400001624227,2.00000001490116));
#6177=CARTESIAN_POINT('',(88.2999980710447,109.400001624227,4.00000007450581));
#6178=CARTESIAN_POINT('Origin',(88.2999980710447,108.000001624227,4.00000007450581));
#6179=CARTESIAN_POINT('',(88.2999980710447,109.396425633939,4.1));
#6180=CARTESIAN_POINT('Origin',(88.2999980710447,94.6000014156103,2.00000001490116));
#6181=CARTESIAN_POINT('',(88.2999980710447,94.6000014156103,4.00000007450581));
#6182=CARTESIAN_POINT('',(88.2999980710447,94.6000014156103,2.00000001490116));
#6183=CARTESIAN_POINT('Origin',(88.2999980710447,96.0000014156103,2.00000001490116));
#6184=CARTESIAN_POINT('',(88.2999980710447,96.0000014156103,0.600000014901163));
#6185=CARTESIAN_POINT('Origin',(88.2999980710447,108.000001624227,0.600000014901163));
#6186=CARTESIAN_POINT('',(88.2999980710447,108.000001624227,0.600000014901163));
#6187=CARTESIAN_POINT('Origin',(88.2999980710447,108.000001624227,2.00000001490116));
#6188=CARTESIAN_POINT('Origin',(88.2999980710447,96.0000014156103,4.00000007450581));
#6189=CARTESIAN_POINT('Origin',(43.1499990355223,65.3499985393137,4.1));
#6190=CARTESIAN_POINT('',(75.1999980710447,-0.299999999999994,4.1));
#6191=CARTESIAN_POINT('Origin',(75.1999980710447,11.1,4.1));
#6192=CARTESIAN_POINT('',(69.256514178432,-0.299999999999993,4.1));
#6193=CARTESIAN_POINT('',(59.1749985532835,-0.299999999999994,4.1));
#6194=CARTESIAN_POINT('',(69.256514178432,-1.99999999999999,4.1));
#6195=CARTESIAN_POINT('Origin',(75.1999980710447,11.1,4.1));
#6196=CARTESIAN_POINT('Origin',(43.1499990355223,65.3499985393137,4.1));
#6197=CARTESIAN_POINT('',(82.7999980710447,132.699997078627,4.1));
#6198=CARTESIAN_POINT('Origin',(82.7999980710447,127.199997078627,4.1));
#6199=CARTESIAN_POINT('',(78.3817406010063,132.699997078627,4.1));
#6200=CARTESIAN_POINT('',(23.3249995177612,132.699997078627,4.1));
#6201=CARTESIAN_POINT('',(78.3817406010063,130.999997078627,4.1));
#6202=CARTESIAN_POINT('',(78.3817406010063,98.1749978089705,4.1));
#6203=CARTESIAN_POINT('',(82.7999980710447,130.999997078627,4.1));
#6204=CARTESIAN_POINT('',(23.3249995177612,130.999997078627,4.1));
#6205=CARTESIAN_POINT('Origin',(82.7999980710447,127.199997078627,4.1));
#6206=CARTESIAN_POINT('Origin',(-2.,70.4885050842124,4.09135182099955));
#6207=CARTESIAN_POINT('',(-0.299999999999999,71.0634400448818,4.1));
#6208=CARTESIAN_POINT('',(-2.,71.0634400448818,4.1));
#6209=CARTESIAN_POINT('',(-0.3,71.0635050842124,4.09135182099956));
#6210=CARTESIAN_POINT('',(-2.,71.0635050842124,4.09135182099956));
#6211=CARTESIAN_POINT('Origin',(-0.299999999999998,70.4885050842124,4.09135182099955));
#6212=CARTESIAN_POINT('Origin',(-2.,71.0635050842124,0.0112213101991302));
#6213=CARTESIAN_POINT('',(-0.3,71.0635050842124,0.0112213101991302));
#6214=CARTESIAN_POINT('',(-0.3,71.0635050842124,0.00561065509956512));
#6215=CARTESIAN_POINT('',(-2.,71.0635050842124,0.0112213101991302));
#6216=CARTESIAN_POINT('Origin',(-2.,70.4885050842124,0.0112213101991338));
#6217=CARTESIAN_POINT('Origin',(-0.299999999999998,70.4885050842124,0.0112213101991338));
#6218=CARTESIAN_POINT('Origin',(-2.,63.5444455846616,4.09135182099955));
#6219=CARTESIAN_POINT('',(-0.3,63.5444455846616,4.09135182099955));
#6220=CARTESIAN_POINT('',(-0.3,63.5444455846616,2.04567591049978));
#6221=CARTESIAN_POINT('',(-2.,63.5444455846616,4.09135182099955));
#6222=CARTESIAN_POINT('Origin',(-2.,64.1194455846616,4.09135182099955));
#6223=CARTESIAN_POINT('',(-0.299999999999999,63.5445106239922,4.1));
#6224=CARTESIAN_POINT('',(-2.,63.5445106239922,4.1));
#6225=CARTESIAN_POINT('Origin',(-0.299999999999998,64.1194455846616,4.09135182099955));
#6226=CARTESIAN_POINT('Origin',(-2.,39.0408780779639,7.94906372298738));
#6227=CARTESIAN_POINT('',(-0.299999999999999,39.0408780779639,3.10793724477474));
#6228=CARTESIAN_POINT('',(-0.299999999999998,39.0408780779639,4.1));
#6229=CARTESIAN_POINT('',(-0.299999999999999,39.0408780779639,3.9745318614937));
#6230=CARTESIAN_POINT('',(-2.,39.0408780779639,3.10793724477474));
#6231=CARTESIAN_POINT('',(20.5749995177612,39.0408780779639,4.1));
#6232=CARTESIAN_POINT('Origin',(-2.,40.2408780779639,1.90793724477475));
#6233=CARTESIAN_POINT('',(-0.299999999999999,52.4242133933984,1.90793724477475));
#6234=CARTESIAN_POINT('',(-0.299999999999999,40.2408780779639,1.90793724477475));
#6235=CARTESIAN_POINT('',(-0.299999999999998,25.670439038982,1.90793724477474));
#6236=CARTESIAN_POINT('',(-2.,52.4242133933984,1.90793724477475));
#6237=CARTESIAN_POINT('',(-2.,40.2408780779639,1.90793724477475));
#6238=CARTESIAN_POINT('Origin',(-2.,40.2408780779639,3.10793724477474));
#6239=CARTESIAN_POINT('Origin',(-0.299999999999998,40.2408780779639,3.10793724477474));
#6240=CARTESIAN_POINT('Origin',(-2.,53.6242133933984,3.10793724477474));
#6241=CARTESIAN_POINT('',(-0.299999999999999,53.6242133933984,4.1));
#6242=CARTESIAN_POINT('',(-0.299999999999999,53.6242133933984,3.10793724477474));
#6243=CARTESIAN_POINT('',(-0.299999999999999,53.6242133933984,1.55396862238737));
#6244=CARTESIAN_POINT('',(20.5749995177612,53.6242133933984,4.1));
#6245=CARTESIAN_POINT('',(-2.,53.6242133933984,3.10793724477474));
#6246=CARTESIAN_POINT('Origin',(-2.,52.4242133933984,3.10793724477473));
#6247=CARTESIAN_POINT('Origin',(-0.299999999999998,52.4242133933984,3.10793724477473));
#6248=CARTESIAN_POINT('Origin',(-2.,17.0408780779639,7.94906372298738));
#6249=CARTESIAN_POINT('',(-0.299999999999998,17.0408780779639,3.10793724477474));
#6250=CARTESIAN_POINT('',(-0.299999999999997,17.0408780779639,4.1));
#6251=CARTESIAN_POINT('',(-0.299999999999998,17.0408780779639,3.97453186149369));
#6252=CARTESIAN_POINT('',(-2.,17.0408780779639,3.10793724477474));
#6253=CARTESIAN_POINT('',(20.5749995177612,17.0408780779639,4.1));
#6254=CARTESIAN_POINT('Origin',(-2.,31.6242133933984,3.10793724477474));
#6255=CARTESIAN_POINT('',(-0.299999999999998,31.6242133933984,4.1));
#6256=CARTESIAN_POINT('',(-0.299999999999999,31.6242133933984,3.10793724477474));
#6257=CARTESIAN_POINT('',(-0.299999999999999,31.6242133933984,1.55396862238736));
#6258=CARTESIAN_POINT('',(20.5749995177612,31.6242133933984,4.1));
#6259=CARTESIAN_POINT('',(-2.,31.6242133933984,3.10793724477474));
#6260=CARTESIAN_POINT('Origin',(-2.,30.4242133933984,3.10793724477473));
#6261=CARTESIAN_POINT('',(-0.299999999999999,30.4242133933984,1.90793724477475));
#6262=CARTESIAN_POINT('Origin',(-0.299999999999998,30.4242133933984,3.10793724477473));
#6263=CARTESIAN_POINT('',(-2.,30.4242133933984,1.90793724477475));
#6264=CARTESIAN_POINT('Origin',(-2.,18.2408780779639,1.90793724477475));
#6265=CARTESIAN_POINT('',(-0.299999999999998,18.2408780779639,1.90793724477475));
#6266=CARTESIAN_POINT('',(-0.299999999999998,14.670439038982,1.90793724477474));
#6267=CARTESIAN_POINT('',(-2.,18.2408780779639,1.90793724477475));
#6268=CARTESIAN_POINT('Origin',(-2.,18.2408780779639,3.10793724477474));
#6269=CARTESIAN_POINT('Origin',(-0.299999999999998,18.2408780779639,3.10793724477474));
#6270=CARTESIAN_POINT('Origin',(-0.299999999999998,11.1,0.));
#6271=CARTESIAN_POINT('',(-0.299999999999994,127.199997078627,4.1));
#6272=CARTESIAN_POINT('',(-0.300000000000002,127.199997078627,0.));
#6273=CARTESIAN_POINT('',(-0.299999999999998,38.2249992696568,4.1));
#6274=CARTESIAN_POINT('Origin',(43.1499990355223,65.3499985393137,4.1));
#6275=CARTESIAN_POINT('',(11.6499988846481,-0.299999999999997,4.1));
#6276=CARTESIAN_POINT('',(11.6499988846481,31.6749992696568,4.1));
#6277=CARTESIAN_POINT('',(11.1,-0.299999999999994,4.1));
#6278=CARTESIAN_POINT('',(59.1749985532835,-0.299999999999994,4.1));
#6279=CARTESIAN_POINT('',(-0.299999999999994,11.1,4.1));
#6280=CARTESIAN_POINT('Origin',(11.1,11.1,4.1));
#6281=CARTESIAN_POINT('',(-0.299999999999998,38.2249992696568,4.1));
#6282=CARTESIAN_POINT('Origin',(43.1499990355223,65.3499985393137,4.1));
#6283=CARTESIAN_POINT('',(-0.299999999999998,38.2249992696568,4.1));
#6284=CARTESIAN_POINT('Origin',(43.1499990355223,65.3499985393137,4.1));
#6285=CARTESIAN_POINT('',(3.5,130.999997078627,4.1));
#6286=CARTESIAN_POINT('Origin',(3.49999999999999,127.199997078627,4.1));
#6287=CARTESIAN_POINT('',(4.88174060100627,130.999997078627,4.1));
#6288=CARTESIAN_POINT('',(23.3249995177612,130.999997078627,4.1));
#6289=CARTESIAN_POINT('',(4.88174060100627,132.699997078627,4.1));
#6290=CARTESIAN_POINT('',(4.88174060100627,99.0249978089705,4.1));
#6291=CARTESIAN_POINT('',(23.3249995177612,132.699997078627,4.1));
#6292=CARTESIAN_POINT('Origin',(43.1499990355223,65.3499985393137,4.1));
#6293=CARTESIAN_POINT('',(-0.299999999999998,38.2249992696568,4.1));
#6294=CARTESIAN_POINT('Origin',(48.3499987907708,-2.,0.449999984353781));
#6295=CARTESIAN_POINT('',(43.6499988846481,-0.299999999999996,0.449999984353781));
#6296=CARTESIAN_POINT('',(48.3499987907708,-0.299999999999995,0.449999984353781));
#6297=CARTESIAN_POINT('',(61.7749984309077,-0.299999999999994,0.44999998435378));
#6298=CARTESIAN_POINT('',(43.6499988846481,-2.,0.449999984353781));
#6299=CARTESIAN_POINT('',(48.3499987907708,-2.,0.449999984353781));
#6300=CARTESIAN_POINT('Origin',(48.3499987907708,-2.,4.16206796431981));
#6301=CARTESIAN_POINT('',(48.3499987907708,-0.299999999999994,4.1));
#6302=CARTESIAN_POINT('',(48.3499987907708,-0.299999999999995,2.0810339821599));
#6303=CARTESIAN_POINT('',(48.3499987907708,31.6749992696568,4.1));
#6304=CARTESIAN_POINT('Origin',(43.6499988846481,-2.,0.449999984353781));
#6305=CARTESIAN_POINT('',(43.6499988846481,-0.299999999999995,4.1));
#6306=CARTESIAN_POINT('',(43.6499988846481,-0.299999999999996,0.22499999217689));
#6307=CARTESIAN_POINT('',(43.6499988846481,31.6749992696568,4.1));
#6308=CARTESIAN_POINT('Origin',(16.3499987907708,-2.,0.449999984353781));
#6309=CARTESIAN_POINT('',(11.6499988846481,-0.299999999999998,0.449999984353781));
#6310=CARTESIAN_POINT('',(16.3499987907708,-0.299999999999998,0.449999984353781));
#6311=CARTESIAN_POINT('',(45.7749984309077,-0.299999999999996,0.449999984353779));
#6312=CARTESIAN_POINT('',(11.6499988846481,-2.,0.449999984353781));
#6313=CARTESIAN_POINT('',(16.3499987907708,-2.,0.449999984353781));
#6314=CARTESIAN_POINT('Origin',(16.3499987907708,-2.,4.16206796431981));
#6315=CARTESIAN_POINT('',(16.3499987907708,-0.299999999999997,4.1));
#6316=CARTESIAN_POINT('',(16.3499987907708,-0.299999999999998,2.0810339821599));
#6317=CARTESIAN_POINT('',(16.3499987907708,31.6749992696568,4.1));
#6318=CARTESIAN_POINT('Origin',(11.6499988846481,-2.,0.449999984353781));
#6319=CARTESIAN_POINT('',(11.6499988846481,-0.299999999999998,0.22499999217689));
#6320=CARTESIAN_POINT('Origin',(35.3255294724014,-2.,4.0718921216047));
#6321=CARTESIAN_POINT('',(38.8254166058919,-0.299999999999995,4.1));
#6322=CARTESIAN_POINT('',(38.8254166058919,-1.99999999999999,4.1));
#6323=CARTESIAN_POINT('',(31.8256423389109,-0.299999999999996,4.1));
#6324=CARTESIAN_POINT('Origin',(35.3255294724014,-0.299999999999993,4.0718921216047));
#6325=CARTESIAN_POINT('',(31.8256423389109,-1.99999999999999,4.1));
#6326=CARTESIAN_POINT('Origin',(54.3499987907708,-2.,0.449999984353781));
#6327=CARTESIAN_POINT('',(49.6499988846481,-0.299999999999995,0.449999984353781));
#6328=CARTESIAN_POINT('',(54.3499987907708,-0.299999999999995,0.449999984353781));
#6329=CARTESIAN_POINT('',(64.7749984309077,-0.299999999999994,0.44999998435378));
#6330=CARTESIAN_POINT('',(49.6499988846481,-2.,0.449999984353781));
#6331=CARTESIAN_POINT('',(54.3499987907708,-2.,0.449999984353781));
#6332=CARTESIAN_POINT('Origin',(54.3499987907708,-2.,4.16206796431981));
#6333=CARTESIAN_POINT('',(54.3499987907708,-0.299999999999994,4.1));
#6334=CARTESIAN_POINT('',(54.3499987907708,-0.299999999999995,2.0810339821599));
#6335=CARTESIAN_POINT('',(54.3499987907708,31.6749992696568,4.1));
#6336=CARTESIAN_POINT('Origin',(49.6499988846481,-2.,0.449999984353781));
#6337=CARTESIAN_POINT('',(49.6499988846481,-0.299999999999994,4.1));
#6338=CARTESIAN_POINT('',(49.6499988846481,-0.299999999999995,0.22499999217689));
#6339=CARTESIAN_POINT('',(49.6499988846481,31.6749992696568,4.1));
#6340=CARTESIAN_POINT('Origin',(22.1499987907708,-2.,0.449999984353781));
#6341=CARTESIAN_POINT('',(17.4499988846481,-0.299999999999997,0.449999984353781));
#6342=CARTESIAN_POINT('',(22.1499987907708,-0.299999999999997,0.449999984353781));
#6343=CARTESIAN_POINT('',(48.6749984309077,-0.299999999999995,0.449999984353779));
#6344=CARTESIAN_POINT('',(17.4499988846481,-2.,0.449999984353781));
#6345=CARTESIAN_POINT('',(22.1499987907708,-2.,0.449999984353781));
#6346=CARTESIAN_POINT('Origin',(22.1499987907708,-2.,4.16206796431981));
#6347=CARTESIAN_POINT('',(22.1499987907708,-0.299999999999996,4.1));
#6348=CARTESIAN_POINT('',(22.1499987907708,-0.299999999999997,2.0810339821599));
#6349=CARTESIAN_POINT('',(22.1499987907708,31.6749992696568,4.1));
#6350=CARTESIAN_POINT('Origin',(17.4499988846481,-2.,0.449999984353781));
#6351=CARTESIAN_POINT('',(17.4499988846481,-0.299999999999997,4.1));
#6352=CARTESIAN_POINT('',(17.4499988846481,-0.299999999999998,0.22499999217689));
#6353=CARTESIAN_POINT('',(17.4499988846481,31.6749992696568,4.1));
#6354=CARTESIAN_POINT('Origin',(28.0999987907708,-2.,0.449999984353781));
#6355=CARTESIAN_POINT('',(23.3999988846481,-0.299999999999997,0.449999984353781));
#6356=CARTESIAN_POINT('',(28.0999987907708,-0.299999999999997,0.449999984353781));
#6357=CARTESIAN_POINT('',(51.6499984309077,-0.299999999999995,0.449999984353779));
#6358=CARTESIAN_POINT('',(23.3999988846481,-2.,0.449999984353781));
#6359=CARTESIAN_POINT('',(28.0999987907708,-2.,0.449999984353781));
#6360=CARTESIAN_POINT('Origin',(28.0999987907708,-2.,4.16206796431981));
#6361=CARTESIAN_POINT('',(28.0999987907708,-0.299999999999996,4.1));
#6362=CARTESIAN_POINT('',(28.0999987907708,-0.299999999999997,2.0810339821599));
#6363=CARTESIAN_POINT('',(28.0999987907708,31.6749992696568,4.1));
#6364=CARTESIAN_POINT('Origin',(23.3999988846481,-2.,0.449999984353781));
#6365=CARTESIAN_POINT('',(23.3999988846481,-0.299999999999996,4.1));
#6366=CARTESIAN_POINT('',(23.3999988846481,-0.299999999999997,0.22499999217689));
#6367=CARTESIAN_POINT('',(23.3999988846481,31.6749992696568,4.1));
#6368=CARTESIAN_POINT('Origin',(69.2973828166357,-2.,3.74173983685998));
#6369=CARTESIAN_POINT('',(69.2973828166357,-0.299999999999994,2.45554856749374));
#6370=CARTESIAN_POINT('',(69.2973828166357,-0.299999999999994,3.74173983685998));
#6371=CARTESIAN_POINT('',(69.2973828166357,-0.299999999999994,1.87086991842999));
#6372=CARTESIAN_POINT('',(69.2973828166357,-2.,2.45554856749374));
#6373=CARTESIAN_POINT('',(69.2973828166357,-2.,3.74173983685998));
#6374=CARTESIAN_POINT('Origin',(67.7066693038225,-2.,3.74173983685997));
#6375=CARTESIAN_POINT('Origin',(67.7066693038225,-0.299999999999993,3.74173983685997));
#6376=CARTESIAN_POINT('Origin',(60.6912917246374,-2.,3.74173983685997));
#6377=CARTESIAN_POINT('',(59.1414468500279,-0.299999999999994,4.1));
#6378=CARTESIAN_POINT('',(59.1005782118242,-0.299999999999994,3.74173983685998));
#6379=CARTESIAN_POINT('Origin',(60.6912917246374,-0.299999999999993,3.74173983685997));
#6380=CARTESIAN_POINT('',(59.1414468500279,-1.99999999999999,4.1));
#6381=CARTESIAN_POINT('',(59.1005782118242,-2.,3.74173983685998));
#6382=CARTESIAN_POINT('Origin',(59.1005782118242,-2.,2.45554856749374));
#6383=CARTESIAN_POINT('',(59.1005782118242,-0.299999999999994,2.45554856749374));
#6384=CARTESIAN_POINT('',(59.1005782118242,-0.299999999999995,1.22777428374687));
#6385=CARTESIAN_POINT('',(59.1005782118242,-2.,2.45554856749374));
#6386=CARTESIAN_POINT('Origin',(60.6912917246374,-2.,2.45554856749375));
#6387=CARTESIAN_POINT('',(60.6912917246374,-0.299999999999994,0.86483505468059));
#6388=CARTESIAN_POINT('Origin',(60.6912917246374,-0.299999999999993,2.45554856749375));
#6389=CARTESIAN_POINT('',(60.6912917246374,-2.,0.86483505468059));
#6390=CARTESIAN_POINT('Origin',(67.7066693038225,-2.,0.864835054680589));
#6391=CARTESIAN_POINT('',(67.7066693038225,-0.299999999999994,0.864835054680589));
#6392=CARTESIAN_POINT('',(71.4533336874336,-0.299999999999994,0.864835054680589));
#6393=CARTESIAN_POINT('',(67.7066693038225,-2.,0.864835054680589));
#6394=CARTESIAN_POINT('Origin',(67.7066693038225,-2.,2.45554856749375));
#6395=CARTESIAN_POINT('Origin',(67.7066693038225,-0.299999999999993,2.45554856749375));
#6396=CARTESIAN_POINT('Origin',(75.1999980710447,-0.299999999999993,0.));
#6397=CARTESIAN_POINT('',(59.1749985532835,-0.299999999999994,4.1));
#6398=CARTESIAN_POINT('',(59.1749985532835,-0.299999999999994,4.1));
#6399=CARTESIAN_POINT('',(75.1999980710447,-0.299999999999994,4.));
#6400=CARTESIAN_POINT('',(11.1,-0.299999999999994,4.));
#6401=CARTESIAN_POINT('',(59.1749985532835,-0.299999999999994,4.1));
#6402=CARTESIAN_POINT('',(59.1749985532835,-0.299999999999994,4.1));
#6403=CARTESIAN_POINT('',(59.1749985532835,-0.299999999999994,4.1));
#6404=CARTESIAN_POINT('',(59.1749985532835,-0.299999999999994,4.1));
#6405=CARTESIAN_POINT('Origin',(43.1499990355223,65.3499985393137,4.1));
#6406=CARTESIAN_POINT('Origin',(43.1499990355223,65.3499985393137,4.1));
#6407=CARTESIAN_POINT('Origin',(43.1499990355223,65.3499985393137,4.1));
#6408=CARTESIAN_POINT('Origin',(43.1499990355223,65.3499985393137,4.1));
#6409=CARTESIAN_POINT('Origin',(43.1499990355223,65.3499985393137,4.1));
#6410=CARTESIAN_POINT('Origin',(50.0000008419156,111.815477982903,0.));
#6411=CARTESIAN_POINT('',(50.0000008419156,111.815477982903,-3.00000004470348));
#6412=CARTESIAN_POINT('',(50.0000008419156,111.815477982903,-1.50000002235174));
#6413=CARTESIAN_POINT('',(50.0000008419156,105.815477982903,-3.00000004470348));
#6414=CARTESIAN_POINT('',(50.0000008419156,111.815477982903,-3.00000004470348));
#6415=CARTESIAN_POINT('',(50.0000008419156,105.815477982903,0.));
#6416=CARTESIAN_POINT('Origin',(81.533315505355,111.815477982903,-3.00000004470348));
#6417=CARTESIAN_POINT('',(39.0000009536743,111.815477982903,-3.00000004470348));
#6418=CARTESIAN_POINT('',(39.0000009536743,111.815477982903,-3.00000004470348));
#6419=CARTESIAN_POINT('',(81.533315505355,111.815477982903,-3.00000004470348));
#6420=CARTESIAN_POINT('Origin',(4.84765750044578,74.0893369456069,0.));
#6421=CARTESIAN_POINT('',(4.84765750044578,116.201357365421,-3.00000004470348));
#6422=CARTESIAN_POINT('',(4.84765750044578,105.815477982903,-3.00000004470348));
#6423=CARTESIAN_POINT('',(4.84765750044578,95.1453471555141,-3.00000004470348));
#6424=CARTESIAN_POINT('',(4.84765750044578,105.815477982903,-1.50000002235174));
#6425=CARTESIAN_POINT('',(4.84765750044578,90.5000013411045,-3.00000004470348));
#6426=CARTESIAN_POINT('',(4.84765750044578,90.5000013411045,-0.0100000004749745));
#6427=CARTESIAN_POINT('',(4.84765750044578,80.405784177399,-3.00000004470348));
#6428=CARTESIAN_POINT('',(4.84765750044578,82.0446691433557,-3.00000004470348));
#6429=CARTESIAN_POINT('',(4.84765750044578,80.405784177399,-0.0100000004749745));
#6430=CARTESIAN_POINT('',(4.84765750044578,74.0893369456069,0.));
#6431=CARTESIAN_POINT('',(4.84765750044578,124.089336945607,0.));
#6432=CARTESIAN_POINT('',(4.84765750044578,116.201357365421,-0.0100000004749745));
#6433=CARTESIAN_POINT('Origin',(25.5000008419156,111.815477982903,0.));
#6434=CARTESIAN_POINT('',(25.5000008419156,111.815477982903,-3.00000004470348));
#6435=CARTESIAN_POINT('',(25.5000008419156,111.815477982903,-1.50000002235174));
#6436=CARTESIAN_POINT('',(25.5000008419156,105.815477982903,-3.00000004470348));
#6437=CARTESIAN_POINT('',(25.5000008419156,111.815477982903,-3.00000004470348));
#6438=CARTESIAN_POINT('',(25.5000008419156,105.815477982903,0.));
#6439=CARTESIAN_POINT('Origin',(81.533315505355,111.815477982903,-3.00000004470348));
#6440=CARTESIAN_POINT('',(14.0000009536743,111.815477982903,-3.00000004470348));
#6441=CARTESIAN_POINT('',(14.0000009536743,111.815477982903,-3.00000004470348));
#6442=CARTESIAN_POINT('',(81.533315505355,111.815477982903,-3.00000004470348));
#6443=CARTESIAN_POINT('Origin',(64.0000009536743,111.815477982903,-3.00000004470348));
#6444=CARTESIAN_POINT('',(64.0000009536743,111.815477982903,-3.00000004470348));
#6445=CARTESIAN_POINT('',(64.0000009536743,111.815477982903,-3.00000004470348));
#6446=CARTESIAN_POINT('',(64.0000009536743,105.815477982903,-3.00000004470348));
#6447=CARTESIAN_POINT('',(64.0000009536743,105.815477982903,-3.00000004470348));
#6448=CARTESIAN_POINT('',(64.0000009536743,111.815477982903,-3.00000004470348));
#6449=CARTESIAN_POINT('Origin',(60.250000897795,105.815477982903,-1.50000002235174));
#6450=CARTESIAN_POINT('',(56.5000008419156,105.815477982903,-3.00000004470348));
#6451=CARTESIAN_POINT('Origin',(81.533315505355,111.815477982903,-3.00000004470348));
#6452=CARTESIAN_POINT('',(81.533315505355,111.815477982903,-3.00000004470348));
#6453=CARTESIAN_POINT('',(81.533315505355,111.815477982903,-3.00000004470348));
#6454=CARTESIAN_POINT('',(81.533315505355,111.815477982903,-0.0100000004749745));
#6455=CARTESIAN_POINT('Origin',(39.0000009536743,111.815477982903,-3.00000004470348));
#6456=CARTESIAN_POINT('',(39.0000009536743,105.815477982903,-3.00000004470348));
#6457=CARTESIAN_POINT('',(39.0000009536743,105.815477982903,-3.00000004470348));
#6458=CARTESIAN_POINT('',(39.0000009536743,111.815477982903,-3.00000004470348));
#6459=CARTESIAN_POINT('Origin',(35.250000897795,105.815477982903,-1.50000002235174));
#6460=CARTESIAN_POINT('',(31.5000008419156,105.815477982903,-3.00000004470348));
#6461=CARTESIAN_POINT('Origin',(14.0000009536743,111.815477982903,-3.00000004470348));
#6462=CARTESIAN_POINT('',(14.0000009536743,105.815477982903,-3.00000004470348));
#6463=CARTESIAN_POINT('',(14.0000009536743,105.815477982903,-3.00000004470348));
#6464=CARTESIAN_POINT('',(14.0000009536743,111.815477982903,-3.00000004470348));
#6465=CARTESIAN_POINT('Origin',(10.250000897795,105.815477982903,-1.50000002235174));
#6466=CARTESIAN_POINT('',(6.50000084191561,105.815477982903,-3.00000004470348));
#6467=CARTESIAN_POINT('Origin',(81.533315505355,90.0000013411045,-3.00000004470348));
#6468=CARTESIAN_POINT('',(8.26110037084768,90.5000013411045,-3.00000004470348));
#6469=CARTESIAN_POINT('',(8.26110037084768,80.405784177399,-3.00000004470348));
#6470=CARTESIAN_POINT('',(8.26110037084769,85.2028927592518,-3.00000004470348));
#6471=CARTESIAN_POINT('',(81.533315505355,80.405784177399,-3.00000004470348));
#6472=CARTESIAN_POINT('',(81.533315505355,90.5000013411045,-3.00000004470348));
#6473=CARTESIAN_POINT('Origin',(81.533315505355,90.5000013411045,-0.020000000949949));
#6474=CARTESIAN_POINT('',(8.26110037084768,90.5000013411045,-0.020000000949949));
#6475=CARTESIAN_POINT('Origin',(81.533315505355,90.5000013411045,-0.020000000949949));
#6476=CARTESIAN_POINT('',(28.0000004172325,90.5000013411045,-3.00000004470348));
#6477=CARTESIAN_POINT('',(28.0000004172325,90.5000013411045,-9.49949025691454E-10));
#6478=CARTESIAN_POINT('',(28.0000004172325,90.5000013411045,-0.020000000949949));
#6479=CARTESIAN_POINT('',(33.6999992467463,90.5000013411045,-9.49949025691454E-10));
#6480=CARTESIAN_POINT('',(81.533315505355,90.5000013411045,-9.49949025691454E-10));
#6481=CARTESIAN_POINT('',(33.6999992467463,90.5000013411045,-1.52000000094995));
#6482=CARTESIAN_POINT('',(33.6999992467463,90.5000013411045,-0.020000000949949));
#6483=CARTESIAN_POINT('',(52.7702144212192,90.5000013411045,-1.52000000094995));
#6484=CARTESIAN_POINT('',(62.3842111696689,90.5000013411045,-1.52000000094995));
#6485=CARTESIAN_POINT('',(52.7702144212192,90.5000013411045,-9.49949025691454E-10));
#6486=CARTESIAN_POINT('',(52.7702144212192,90.5000013411045,-0.020000000949949));
#6487=CARTESIAN_POINT('',(58.5999986901879,90.5000013411045,-9.49949025691454E-10));
#6488=CARTESIAN_POINT('',(81.533315505355,90.5000013411045,-9.49949025691454E-10));
#6489=CARTESIAN_POINT('',(58.5999986901879,90.5000013411045,-1.52000000094995));
#6490=CARTESIAN_POINT('',(58.5999986901879,90.5000013411045,-0.020000000949949));
#6491=CARTESIAN_POINT('',(77.7867076956745,90.5000013411045,-1.52000000094995));
#6492=CARTESIAN_POINT('',(74.8633343491431,90.5000013411045,-1.52000000094995));
#6493=CARTESIAN_POINT('',(77.7867076956745,90.5000013411045,-0.020000000949949));
#6494=CARTESIAN_POINT('',(81.533315505355,90.5000013411045,-3.00000004470348));
#6495=CARTESIAN_POINT('',(81.533315505355,90.5000013411045,-0.0100000004749745));
#6496=CARTESIAN_POINT('',(81.533315505355,90.5000013411045,-3.00000004470348));
#6497=CARTESIAN_POINT('Origin',(81.533315505355,80.405784177399,-3.00000004470348));
#6498=CARTESIAN_POINT('',(8.26110037084768,80.405784177399,-0.020000000949949));
#6499=CARTESIAN_POINT('Origin',(81.533315505355,124.089336945607,0.));
#6500=CARTESIAN_POINT('',(81.533315505355,116.201357365421,-3.00000004470348));
#6501=CARTESIAN_POINT('',(81.533315505355,116.201357365421,-0.0100000004749745));
#6502=CARTESIAN_POINT('',(81.533315505355,124.089336945607,0.));
#6503=CARTESIAN_POINT('',(81.533315505355,74.0893369456069,0.));
#6504=CARTESIAN_POINT('',(81.533315505355,75.1905306408182,-2.));
#6505=CARTESIAN_POINT('',(81.533315505355,75.1905306408182,0.));
#6506=CARTESIAN_POINT('',(81.533315505355,80.0094658901914,-2.));
#6507=CARTESIAN_POINT('',(81.533315505355,100.844667605556,-2.));
#6508=CARTESIAN_POINT('',(81.533315505355,80.0094658901914,0.));
#6509=CARTESIAN_POINT('',(81.533315505355,80.405784177399,-3.00000004470348));
#6510=CARTESIAN_POINT('',(81.533315505355,80.405784177399,-0.0100000004749745));
#6511=CARTESIAN_POINT('',(81.533315505355,107.044669143356,-3.00000004470348));
#6512=CARTESIAN_POINT('',(81.533315505355,120.145347155514,-3.00000004470348));
#6513=CARTESIAN_POINT('Origin',(81.533315505355,80.405784177399,-9.49949025691454E-10));
#6514=CARTESIAN_POINT('',(33.6999992467463,80.405784177399,-9.49949025691454E-10));
#6515=CARTESIAN_POINT('',(33.6999992467463,79.9968264433264,-9.49949025691454E-10));
#6516=CARTESIAN_POINT('',(28.0000004172325,80.405784177399,-9.49949025691454E-10));
#6517=CARTESIAN_POINT('',(28.0000004172325,85.8612125997824,-9.49949025691454E-10));
#6518=CARTESIAN_POINT('',(81.533315505355,80.405784177399,-9.49949025691454E-10));
#6519=CARTESIAN_POINT('Origin',(81.533315505355,80.405784177399,-9.49949025691454E-10));
#6520=CARTESIAN_POINT('',(52.7702144212192,80.405784177399,-9.49949025691454E-10));
#6521=CARTESIAN_POINT('',(52.7702144212192,85.9528910661073,-9.49949025691454E-10));
#6522=CARTESIAN_POINT('',(58.5999986901879,80.405784177399,-9.49949025691454E-10));
#6523=CARTESIAN_POINT('',(81.533315505355,80.405784177399,-9.49949025691454E-10));
#6524=CARTESIAN_POINT('',(58.5999986901879,79.8468299969522,-9.49949025691454E-10));
#6525=CARTESIAN_POINT('Origin',(52.7702144212192,91.4999979548156,-0.020000000949949));
#6526=CARTESIAN_POINT('',(52.7702144212192,80.405784177399,-1.52000000094995));
#6527=CARTESIAN_POINT('',(52.7702144212192,91.4999979548156,-1.52000000094995));
#6528=CARTESIAN_POINT('',(52.7702144212192,80.405784177399,-1.51000002282672));
#6529=CARTESIAN_POINT('Origin',(33.6999992467463,79.5878687092538,-0.020000000949949));
#6530=CARTESIAN_POINT('',(33.6999992467463,80.405784177399,-1.52000000094995));
#6531=CARTESIAN_POINT('',(33.6999992467463,80.405784177399,-0.020000000949949));
#6532=CARTESIAN_POINT('',(33.6999992467463,79.5878687092538,-1.52000000094995));
#6533=CARTESIAN_POINT('Origin',(43.2351068339828,85.5439333320347,-1.52000000094995));
#6534=CARTESIAN_POINT('',(62.3842111696689,80.405784177399,-1.52000000094995));
#6535=CARTESIAN_POINT('Origin',(28.0000004172325,91.3166410221658,-0.020000000949949));
#6536=CARTESIAN_POINT('',(28.0000004172325,80.405784177399,-3.00000004470348));
#6537=CARTESIAN_POINT('',(28.0000004172325,90.2500013411045,-3.00000004470348));
#6538=CARTESIAN_POINT('',(28.0000004172325,80.405784177399,-1.51000002282672));
#6539=CARTESIAN_POINT('Origin',(8.26110037084768,80.0000011920929,-0.020000000949949));
#6540=CARTESIAN_POINT('Origin',(77.7867076956745,91.4999979548156,-0.020000000949949));
#6541=CARTESIAN_POINT('',(77.7867076956745,80.405784177399,-1.52000000094995));
#6542=CARTESIAN_POINT('',(77.7867076956745,91.4999979548156,-1.52000000094995));
#6543=CARTESIAN_POINT('',(77.7867076956745,80.405784177399,-1.51000002282672));
#6544=CARTESIAN_POINT('Origin',(58.5999986901879,79.2878758165055,-0.020000000949949));
#6545=CARTESIAN_POINT('',(58.5999986901879,80.405784177399,-1.52000000094995));
#6546=CARTESIAN_POINT('',(58.5999986901879,80.405784177399,-0.020000000949949));
#6547=CARTESIAN_POINT('',(58.5999986901879,79.2878758165055,-1.52000000094995));
#6548=CARTESIAN_POINT('Origin',(68.1933531929312,85.3939368856605,-1.52000000094995));
#6549=CARTESIAN_POINT('',(74.8633343491431,80.405784177399,-1.52000000094995));
#6550=CARTESIAN_POINT('Origin',(81.533315505355,80.405784177399,-3.00000004470348));
#6551=CARTESIAN_POINT('',(81.533315505355,80.405784177399,-3.00000004470348));
#6552=CARTESIAN_POINT('Origin',(81.533315505355,90.0000013411045,-3.00000004470348));
#6553=CARTESIAN_POINT('Origin',(81.533315505355,116.201357365421,-3.00000004470348));
#6554=CARTESIAN_POINT('',(81.533315505355,116.201357365421,-3.00000004470348));
#6555=CARTESIAN_POINT('Origin',(81.533315505355,116.201357365421,-0.020000000949949));
#6556=CARTESIAN_POINT('Origin',(77.7587790196507,2.4361249416999,0.));
#6557=CARTESIAN_POINT('',(77.7587790196507,2.4361249416999,0.));
#6558=CARTESIAN_POINT('',(70.6597528644164,2.4361249416999,-2.));
#6559=CARTESIAN_POINT('Origin',(72.2999983839693,4.9999998882413,0.));
#6560=CARTESIAN_POINT('',(71.5499983839693,4.9999998882413,0.));
#6561=CARTESIAN_POINT('Origin',(76.400001142174,5.00000007450581,0.));
#6562=CARTESIAN_POINT('',(75.650001142174,5.00000007450581,0.));
#6563=CARTESIAN_POINT('Origin',(70.6597528644164,6.8562368325253,0.));
#6564=CARTESIAN_POINT('',(77.7587790196507,6.8562368325253,0.));
#6565=CARTESIAN_POINT('Origin',(70.6597528644164,2.9361249416999,0.));
#6566=CARTESIAN_POINT('Origin',(77.7587790196507,6.8562368325253,0.));
#6567=CARTESIAN_POINT('Origin',(43.1499990355223,65.3499985393137,4.1));
#6568=CARTESIAN_POINT('Origin',(43.1499990355223,65.3499985393137,4.1));
#6569=CARTESIAN_POINT('',(20.4817406010063,132.699997078627,4.1));
#6570=CARTESIAN_POINT('',(20.4817406010063,130.999997078627,4.1));
#6571=CARTESIAN_POINT('',(20.4817406010063,98.1749978089705,4.1));
#6572=CARTESIAN_POINT('',(28.0817406010063,130.999997078627,4.1));
#6573=CARTESIAN_POINT('',(23.3249995177612,130.999997078627,4.1));
#6574=CARTESIAN_POINT('',(28.0817406010063,132.699997078627,4.1));
#6575=CARTESIAN_POINT('',(28.0817406010063,99.0249978089705,4.1));
#6576=CARTESIAN_POINT('',(23.3249995177612,132.699997078627,4.1));
#6577=CARTESIAN_POINT('Origin',(43.1499990355223,65.3499985393137,4.1));
#6578=CARTESIAN_POINT('',(61.1317406010063,132.699997078627,4.1));
#6579=CARTESIAN_POINT('',(61.1317406010063,130.999997078627,4.1));
#6580=CARTESIAN_POINT('',(61.1317406010063,98.1749978089705,4.1));
#6581=CARTESIAN_POINT('',(62.7817406010063,130.999997078627,4.1));
#6582=CARTESIAN_POINT('',(23.3249995177612,130.999997078627,4.1));
#6583=CARTESIAN_POINT('',(62.7817406010063,132.699997078627,4.1));
#6584=CARTESIAN_POINT('',(62.7817406010063,99.0249978089705,4.1));
#6585=CARTESIAN_POINT('',(23.3249995177612,132.699997078627,4.1));
#6586=CARTESIAN_POINT('Origin',(43.1499990355223,65.3499985393137,4.1));
#6587=CARTESIAN_POINT('',(45.5317406010063,130.999997078627,4.1));
#6588=CARTESIAN_POINT('',(45.5317406010063,132.699997078627,4.1));
#6589=CARTESIAN_POINT('',(45.5317406010063,99.0249978089705,4.1));
#6590=CARTESIAN_POINT('',(43.6817406010063,132.699997078627,4.1));
#6591=CARTESIAN_POINT('',(23.3249995177612,132.699997078627,4.1));
#6592=CARTESIAN_POINT('',(43.6817406010063,130.999997078627,4.1));
#6593=CARTESIAN_POINT('',(43.6817406010063,98.1749978089705,4.1));
#6594=CARTESIAN_POINT('',(23.3249995177612,130.999997078627,4.1));
#6595=CARTESIAN_POINT('Origin',(3.49999999999999,130.999997078627,0.));
#6596=CARTESIAN_POINT('',(78.3817406010063,130.999997078627,0.));
#6597=CARTESIAN_POINT('',(82.7999980710447,130.999997078627,0.));
#6598=CARTESIAN_POINT('Origin',(3.49999999999999,130.999997078627,0.));
#6599=CARTESIAN_POINT('',(61.1317406010063,130.999997078627,0.));
#6600=CARTESIAN_POINT('',(61.1317406010063,130.999997078627,0.));
#6601=CARTESIAN_POINT('',(62.7817406010063,130.999997078627,0.));
#6602=CARTESIAN_POINT('',(23.3249995177612,130.999997078627,0.));
#6603=CARTESIAN_POINT('',(62.7817406010063,130.999997078627,0.));
#6604=CARTESIAN_POINT('Origin',(3.49999999999999,130.999997078627,0.));
#6605=CARTESIAN_POINT('',(20.4817406010063,130.999997078627,0.));
#6606=CARTESIAN_POINT('',(20.4817406010063,130.999997078627,0.));
#6607=CARTESIAN_POINT('',(28.0817406010063,130.999997078627,0.));
#6608=CARTESIAN_POINT('',(23.3249995177612,130.999997078627,0.));
#6609=CARTESIAN_POINT('',(28.0817406010063,130.999997078627,0.));
#6610=CARTESIAN_POINT('Origin',(3.49999999999999,130.999997078627,0.));
#6611=CARTESIAN_POINT('',(4.88174060100627,130.999997078627,0.));
#6612=CARTESIAN_POINT('',(3.49999999999999,130.999997078627,0.));
#6613=CARTESIAN_POINT('Origin',(75.1999980710447,11.1,0.));
#6614=CARTESIAN_POINT('Origin',(82.7999980710447,127.199997078627,0.));
#6615=CARTESIAN_POINT('Origin',(3.49999999999999,130.999997078627,0.));
#6616=CARTESIAN_POINT('',(45.5317406010063,130.999997078627,0.));
#6617=CARTESIAN_POINT('',(45.5317406010063,130.999997078627,0.));
#6618=CARTESIAN_POINT('',(43.6817406010063,130.999997078627,0.));
#6619=CARTESIAN_POINT('',(43.6817406010063,130.999997078627,0.));
#6620=CARTESIAN_POINT('',(23.3249995177612,130.999997078627,0.));
#6621=CARTESIAN_POINT('Origin',(3.49999999999999,127.199997078627,0.));
#6622=CARTESIAN_POINT('Origin',(-0.299999999999998,11.1,0.));
#6623=CARTESIAN_POINT('',(-0.299999999999998,11.1,0.));
#6624=CARTESIAN_POINT('Origin',(11.1,11.1,0.));
#6625=CARTESIAN_POINT('Origin',(24.1999994590879,126.59999717027,-30.));
#6626=CARTESIAN_POINT('',(22.6999994590878,126.59999717027,-3.));
#6627=CARTESIAN_POINT('Origin',(24.1999994590879,126.59999717027,-3.));
#6628=CARTESIAN_POINT('',(22.6999994590878,126.59999717027,0.));
#6629=CARTESIAN_POINT('',(22.6999994590878,126.59999717027,-30.));
#6630=CARTESIAN_POINT('Origin',(24.1999994590879,126.59999717027,0.));
#6631=CARTESIAN_POINT('Origin',(8.19999981671573,12.0999997295439,-30.));
#6632=CARTESIAN_POINT('',(6.69999981671573,12.0999997295439,-3.));
#6633=CARTESIAN_POINT('Origin',(8.19999981671573,12.0999997295439,-3.));
#6634=CARTESIAN_POINT('',(6.69999981671573,12.0999997295439,-30.));
#6635=CARTESIAN_POINT('Origin',(78.099998254329,12.0999997295439,-30.));
#6636=CARTESIAN_POINT('',(76.599998254329,12.0999997295439,-3.));
#6637=CARTESIAN_POINT('Origin',(78.099998254329,12.0999997295439,-3.));
#6638=CARTESIAN_POINT('',(76.599998254329,12.0999997295439,-30.));
#6639=CARTESIAN_POINT('Origin',(82.1999981626868,126.599997170269,-30.));
#6640=CARTESIAN_POINT('',(80.6999981626868,126.599997170269,-3.));
#6641=CARTESIAN_POINT('Origin',(82.1999981626868,126.599997170269,-3.));
#6642=CARTESIAN_POINT('',(80.6999981626868,126.599997170269,-30.));
#6643=CARTESIAN_POINT('Origin',(62.7817406010063,132.699997078627,-2.5));
#6644=CARTESIAN_POINT('',(78.3817406010063,124.089336945607,-2.5));
#6645=CARTESIAN_POINT('',(62.7817406010063,124.089336945607,-2.5));
#6646=CARTESIAN_POINT('',(33.814699050726,124.089336945607,-2.5));
#6647=CARTESIAN_POINT('',(78.3817406010063,132.699997078627,-2.5));
#6648=CARTESIAN_POINT('',(78.3817406010063,132.699997078627,-2.5));
#6649=CARTESIAN_POINT('',(62.7817406010063,132.699997078627,-2.5));
#6650=CARTESIAN_POINT('',(33.1408703005031,132.699997078627,-2.5));
#6651=CARTESIAN_POINT('',(62.7817406010063,132.699997078627,-2.5));
#6652=CARTESIAN_POINT('Origin',(62.7817406010063,132.699997078627,0.));
#6653=CARTESIAN_POINT('',(62.7817406010063,124.089336945607,0.));
#6654=CARTESIAN_POINT('',(62.7817406010063,124.089336945607,0.));
#6655=CARTESIAN_POINT('',(62.7817406010063,132.699997078627,0.));
#6656=CARTESIAN_POINT('',(62.7817406010063,99.0249978089705,0.));
#6657=CARTESIAN_POINT('Origin',(78.3817406010063,132.699997078627,-2.5));
#6658=CARTESIAN_POINT('',(78.3817406010063,124.089336945607,-1.25));
#6659=CARTESIAN_POINT('',(78.3817406010063,132.699997078627,-1.25));
#6660=CARTESIAN_POINT('Origin',(28.0817406010063,132.699997078627,0.));
#6661=CARTESIAN_POINT('',(28.0817406010063,124.089336945607,-2.5));
#6662=CARTESIAN_POINT('',(28.0817406010063,124.089336945607,0.));
#6663=CARTESIAN_POINT('',(28.0817406010063,124.089336945607,0.));
#6664=CARTESIAN_POINT('',(28.0817406010063,132.699997078627,-2.5));
#6665=CARTESIAN_POINT('',(28.0817406010063,132.699997078627,-2.5));
#6666=CARTESIAN_POINT('',(28.0817406010063,132.699997078627,0.));
#6667=CARTESIAN_POINT('',(28.0817406010063,99.0249978089705,0.));
#6668=CARTESIAN_POINT('Origin',(43.6817406010063,132.699997078627,-2.5));
#6669=CARTESIAN_POINT('',(43.6817406010063,124.089336945607,0.));
#6670=CARTESIAN_POINT('',(43.6817406010063,124.089336945607,-2.5));
#6671=CARTESIAN_POINT('',(43.6817406010063,124.089336945607,-1.25));
#6672=CARTESIAN_POINT('',(43.6817406010063,99.0249978089705,0.));
#6673=CARTESIAN_POINT('',(43.6817406010063,132.699997078627,-2.5));
#6674=CARTESIAN_POINT('',(43.6817406010063,132.699997078627,-1.25));
#6675=CARTESIAN_POINT('',(43.6817406010063,132.699997078627,-2.5));
#6676=CARTESIAN_POINT('Origin',(28.0817406010063,132.699997078627,-2.5));
#6677=CARTESIAN_POINT('',(16.464699050726,124.089336945607,-2.5));
#6678=CARTESIAN_POINT('',(15.7908703005031,132.699997078627,-2.5));
#6679=CARTESIAN_POINT('Origin',(45.5317406010063,132.699997078627,-2.5));
#6680=CARTESIAN_POINT('',(61.1317406010063,124.089336945607,-2.5));
#6681=CARTESIAN_POINT('',(45.5317406010063,124.089336945607,-2.5));
#6682=CARTESIAN_POINT('',(25.189699050726,124.089336945607,-2.5));
#6683=CARTESIAN_POINT('',(61.1317406010063,132.699997078627,-2.5));
#6684=CARTESIAN_POINT('',(61.1317406010063,132.699997078627,-2.5));
#6685=CARTESIAN_POINT('',(45.5317406010063,132.699997078627,-2.5));
#6686=CARTESIAN_POINT('',(24.5158703005031,132.699997078627,-2.5));
#6687=CARTESIAN_POINT('',(45.5317406010063,132.699997078627,-2.5));
#6688=CARTESIAN_POINT('Origin',(45.5317406010063,132.699997078627,0.));
#6689=CARTESIAN_POINT('',(45.5317406010063,124.089336945607,0.));
#6690=CARTESIAN_POINT('',(45.5317406010063,124.089336945607,0.));
#6691=CARTESIAN_POINT('',(45.5317406010063,132.699997078627,0.));
#6692=CARTESIAN_POINT('',(45.5317406010063,99.0249978089705,0.));
#6693=CARTESIAN_POINT('Origin',(61.1317406010063,132.699997078627,-2.5));
#6694=CARTESIAN_POINT('',(61.1317406010063,124.089336945607,0.));
#6695=CARTESIAN_POINT('',(61.1317406010063,124.089336945607,-1.25));
#6696=CARTESIAN_POINT('',(61.1317406010063,99.0249978089705,0.));
#6697=CARTESIAN_POINT('',(61.1317406010063,132.699997078627,-1.25));
#6698=CARTESIAN_POINT('Origin',(4.88174060100627,132.699997078627,-2.5));
#6699=CARTESIAN_POINT('',(20.4817406010063,124.089336945607,-2.5));
#6700=CARTESIAN_POINT('',(4.88174060100627,124.089336945607,-2.5));
#6701=CARTESIAN_POINT('',(4.86469905072602,124.089336945607,-2.5));
#6702=CARTESIAN_POINT('',(20.4817406010063,132.699997078627,-2.5));
#6703=CARTESIAN_POINT('',(20.4817406010063,132.699997078627,-2.5));
#6704=CARTESIAN_POINT('',(4.88174060100627,132.699997078627,-2.5));
#6705=CARTESIAN_POINT('',(4.19087030050313,132.699997078627,-2.5));
#6706=CARTESIAN_POINT('',(4.88174060100627,132.699997078627,-2.5));
#6707=CARTESIAN_POINT('Origin',(4.88174060100627,132.699997078627,0.));
#6708=CARTESIAN_POINT('',(4.88174060100627,124.089336945607,0.));
#6709=CARTESIAN_POINT('',(4.88174060100627,132.699997078627,0.));
#6710=CARTESIAN_POINT('Origin',(20.4817406010063,132.699997078627,-2.5));
#6711=CARTESIAN_POINT('',(20.4817406010063,124.089336945607,0.));
#6712=CARTESIAN_POINT('',(20.4817406010063,124.089336945607,-1.25));
#6713=CARTESIAN_POINT('',(20.4817406010063,99.0249978089705,0.));
#6714=CARTESIAN_POINT('',(20.4817406010063,132.699997078627,-1.25));
#6715=CARTESIAN_POINT('Origin',(4.84765750044578,124.089336945607,0.));
#6716=CARTESIAN_POINT('',(23.9988282679841,124.089336945607,0.));
#6717=CARTESIAN_POINT('',(23.9988282679841,124.089336945607,0.));
#6718=CARTESIAN_POINT('',(23.9988282679841,124.089336945607,0.));
#6719=CARTESIAN_POINT('Origin',(43.1499990355223,65.3499985393137,0.));
#6720=CARTESIAN_POINT('Origin',(43.1499990355223,65.3499985393137,0.));
#6721=CARTESIAN_POINT('Origin',(43.1499990355223,65.3499985393137,0.));
#6722=CARTESIAN_POINT('Origin',(8.19999981671573,12.0999997295439,-14.));
#6723=CARTESIAN_POINT('',(5.69999981671573,12.0999997295439,-3.));
#6724=CARTESIAN_POINT('',(5.69999981671573,12.0999997295439,-14.));
#6725=CARTESIAN_POINT('Origin',(8.19999981671573,12.0999997295439,-3.));
#6726=CARTESIAN_POINT('Origin',(8.19999981671573,12.0999997295439,-3.));
#6727=CARTESIAN_POINT('Origin',(78.099998254329,12.0999997295439,-14.));
#6728=CARTESIAN_POINT('',(75.599998254329,12.0999997295439,-3.));
#6729=CARTESIAN_POINT('',(75.599998254329,12.0999997295439,-14.));
#6730=CARTESIAN_POINT('Origin',(78.099998254329,12.0999997295439,-3.));
#6731=CARTESIAN_POINT('Origin',(78.099998254329,12.0999997295439,-3.));
#6732=CARTESIAN_POINT('Origin',(20.0000002980232,48.0000007152557,0.));
#6733=CARTESIAN_POINT('',(20.0000002980232,49.4354255880514,-3.));
#6734=CARTESIAN_POINT('',(20.0000002980232,49.4354255880514,0.));
#6735=CARTESIAN_POINT('',(20.0000002980232,54.1962950300899,-3.));
#6736=CARTESIAN_POINT('',(20.0000002980232,48.0000007152557,-3.));
#6737=CARTESIAN_POINT('',(20.0000002980232,54.1962950300899,0.));
#6738=CARTESIAN_POINT('Origin',(76.0000011324883,56.000000834465,0.));
#6739=CARTESIAN_POINT('',(76.0000011324883,49.4354255880514,-3.));
#6740=CARTESIAN_POINT('',(76.0000011324883,56.000000834465,-3.));
#6741=CARTESIAN_POINT('',(76.0000011324883,49.4354255880514,0.));
#6742=CARTESIAN_POINT('',(76.0000011324883,72.4348231799694,0.));
#6743=CARTESIAN_POINT('Origin',(48.0000007152557,52.0000007748604,-3.));
#6744=CARTESIAN_POINT('',(28.1493267487422,49.4354255880514,-3.));
#6745=CARTESIAN_POINT('',(64.7628174556538,54.1962950300899,-3.));
#6746=CARTESIAN_POINT('Origin',(81.5256341960518,54.1962950300899,0.));
#6747=CARTESIAN_POINT('',(81.5256341960518,54.1962950300899,0.));
#6748=CARTESIAN_POINT('',(18.0256341960518,54.1962950300899,0.));
#6749=CARTESIAN_POINT('Origin',(24.1999994590879,126.59999717027,-16.));
#6750=CARTESIAN_POINT('',(21.6999994590878,126.59999717027,-3.));
#6751=CARTESIAN_POINT('',(21.6999994590878,126.59999717027,-16.));
#6752=CARTESIAN_POINT('Origin',(24.1999994590879,126.59999717027,-3.));
#6753=CARTESIAN_POINT('Origin',(24.1999994590879,126.59999717027,-3.));
#6754=CARTESIAN_POINT('Origin',(82.1999981626868,126.599997170269,-16.));
#6755=CARTESIAN_POINT('',(79.6999981626868,126.599997170269,-3.));
#6756=CARTESIAN_POINT('',(79.6999981626868,126.599997170269,-16.));
#6757=CARTESIAN_POINT('Origin',(82.1999981626868,126.599997170269,-3.));
#6758=CARTESIAN_POINT('Origin',(82.1999981626868,126.599997170269,-3.));
#6759=CARTESIAN_POINT('Origin',(82.1999981626868,77.5999982655048,0.));
#6760=CARTESIAN_POINT('Origin',(82.1999981626868,77.5999982655048,-2.));
#6761=CARTESIAN_POINT('Origin',(83.1166568340209,77.5999982655048,-2.));
#6762=CARTESIAN_POINT('Origin',(81.5256341960518,72.4348231799694,0.));
#6763=CARTESIAN_POINT('',(81.5256341960518,72.4348231799694,0.));
#6764=CARTESIAN_POINT('Origin',(18.0256341960518,72.4348231799694,0.));
#6765=CARTESIAN_POINT('',(18.0256341960518,72.4348231799694,0.));
#6766=CARTESIAN_POINT('Origin',(18.0256341960518,54.1962950300899,0.));
#6767=CARTESIAN_POINT('Origin',(81.533315505355,74.0893369456069,0.));
#6768=CARTESIAN_POINT('Origin',(8.29865278222857,49.4354255880514,0.));
#6769=CARTESIAN_POINT('Origin',(3.49999999999999,132.699997078627,0.));
#6770=CARTESIAN_POINT('',(82.7999980710447,132.699997078627,0.));
#6771=CARTESIAN_POINT('Origin',(75.1999980710447,11.1,0.));
#6772=CARTESIAN_POINT('Origin',(82.7999980710447,127.199997078627,0.));
#6773=UNCERTAINTY_MEASURE_WITH_UNIT(LENGTH_MEASURE(0.01),#6777,
'DISTANCE_ACCURACY_VALUE',
'Maximum model space distance between geometric entities at asserted c
onnectivities');
#6774=UNCERTAINTY_MEASURE_WITH_UNIT(LENGTH_MEASURE(0.01),#6777,
'DISTANCE_ACCURACY_VALUE',
'Maximum model space distance between geometric entities at asserted c
onnectivities');
#6775=(
GEOMETRIC_REPRESENTATION_CONTEXT(3)
GLOBAL_UNCERTAINTY_ASSIGNED_CONTEXT((#6773))
GLOBAL_UNIT_ASSIGNED_CONTEXT((#6777,#6779,#6780))
REPRESENTATION_CONTEXT('','3D')
);
#6776=(
GEOMETRIC_REPRESENTATION_CONTEXT(3)
GLOBAL_UNCERTAINTY_ASSIGNED_CONTEXT((#6774))
GLOBAL_UNIT_ASSIGNED_CONTEXT((#6777,#6779,#6780))
REPRESENTATION_CONTEXT('','3D')
);
#6777=(
LENGTH_UNIT()
NAMED_UNIT(*)
SI_UNIT(.MILLI.,.METRE.)
);
#6778=(
LENGTH_UNIT()
NAMED_UNIT(*)
SI_UNIT($,.METRE.)
);
#6779=(
NAMED_UNIT(*)
PLANE_ANGLE_UNIT()
SI_UNIT($,.RADIAN.)
);
#6780=(
NAMED_UNIT(*)
SI_UNIT($,.STERADIAN.)
SOLID_ANGLE_UNIT()
);
#6781=SHAPE_DEFINITION_REPRESENTATION(#6782,#6783);
#6782=PRODUCT_DEFINITION_SHAPE('',$,#6785);
#6783=SHAPE_REPRESENTATION('',(#4177),#6775);
#6784=PRODUCT_DEFINITION_CONTEXT('part definition',#6789,'design');
#6785=PRODUCT_DEFINITION('2026-08-11-15-44-13-634','FusionComponent',#6786,
#6784);
#6786=PRODUCT_DEFINITION_FORMATION('',$,#6791);
#6787=PRODUCT_RELATED_PRODUCT_CATEGORY('FusionComponent',
'FusionComponent',(#6791));
#6788=APPLICATION_PROTOCOL_DEFINITION('international standard',
'automotive_design',2009,#6789);
#6789=APPLICATION_CONTEXT(
'Core Data for Automotive Mechanical Design Process');
#6790=PRODUCT_CONTEXT('part definition',#6789,'mechanical');
#6791=PRODUCT('2026-08-11-15-44-13-634','FusionComponent',$,(#6790));
#6792=PRESENTATION_STYLE_ASSIGNMENT((#6793));
#6793=SURFACE_STYLE_USAGE(.BOTH.,#6794);
#6794=SURFACE_SIDE_STYLE('',(#6795));
#6795=SURFACE_STYLE_FILL_AREA(#6796);
#6796=FILL_AREA_STYLE('Steel - Satin',(#6797));
#6797=FILL_AREA_STYLE_COLOUR('Steel - Satin',#6798);
#6798=COLOUR_RGB('Steel - Satin',0.627450980392157,0.627450980392157,0.627450980392157);
ENDSEC;
END-ISO-10303-21;
